id,target,feature_id,browser,regime,hard,unseen_category,target_date
Q000001,5.0,F01345,oculus,engine_blink,yes,no,2018-07-01
Q000002,1.5,F10065,samsunginternet_android,derivative1,no,no,2013-09-25
Q000003,5.0,F08893,oculus,subtree_engine,yes,no,2018-07-01
Q000004,7,F00638,webview_ios,derivative1,no,yes,2013-09-18
Q000005,8.0,F15674,samsunginternet_android,subtree_engine,yes,no,2018-07-18
Q000006,12,F04156,edge,engine_blink,yes,no,2015-07-29
Q000007,86,F18176,chrome_android,subtree_engine,yes,no,2020-10-20
Q000008,18,F16833,chrome_android,engine_blink,yes,no,2012-06-27
Q000009,39,F02129,chrome,random2,no,no,2014-11-18
Q000010,39,F04413,oculus,subtree_engine,yes,no,2025-06-25
Q000011,1.0,F09069,samsunginternet_android,engine_blink,yes,no,2013-04-27
Q000012,12,F09282,edge,engine_blink,yes,no,2015-07-29
Q000013,5.0,F03512,oculus,subtree_engine,yes,no,2018-07-01
Q000014,61,F04096,chrome_android,engine_blink,yes,no,2017-09-05
Q000015,false,F13765,firefox,lineage_pair,no,no,none
Q000016,false,F12576,safari,subtree_engine,yes,no,none
Q000017,59,F13786,chrome_android,engine_blink,yes,no,2017-06-06
Q000018,12.1,F12870,opera,engine_blink,yes,no,2012-11-20
Q000019,84,F13642,webview_android,engine_blink,yes,no,2020-07-27
Q000020,11,F03490,webview_ios,random2,no,yes,2017-09-19
Q000021,14.5,F06633,webview_ios,random2,no,no,2021-04-26
Q000022,130,F13555,webview_android,engine_blink,yes,yes,2024-10-15
Q000023,8.0,F10813,samsunginternet_android,subtree_engine,yes,no,2018-07-18
Q000024,7,F05105,safari,engine_webkit,no,no,2013-10-22
Q000025,13.1,F10474,safari,engine_webkit,no,no,2020-03-24
Q000026,68,F13129,opera,subtree_engine,yes,no,2020-04-22
Q000027,79,F10872,edge,engine_blink,yes,no,2020-01-15
Q000028,false,F04818,safari,random2,no,no,none
Q000029,88,F13152,opera,lineage_pair,no,no,2022-06-08
Q000030,26,F14200,safari,engine_webkit,no,no,2025-09-15
Q000031,false,F05214,oculus,random2,no,no,none
Q000032,31,F08465,chrome,engine_blink,yes,no,2013-11-12
Q000033,13.4,F09435,webview_ios,engine_webkit,no,no,2020-03-24
Q000034,10,F12666,webview_ios,lineage_pair,no,no,2016-09-13
Q000035,48,F00990,firefox,subtree_engine,yes,no,2016-08-02
Q000036,43,F04389,chrome,engine_blink,yes,no,2015-05-19
Q000037,42,F16813,opera,derivative1,no,no,2016-12-13
Q000038,5.0,F17495,oculus,random2,no,no,2018-07-01
Q000039,false,F02678,opera_android,engine_blink,yes,no,none
Q000040,29,F12416,firefox,source1,no,no,2014-04-29
Q000041,18,F09464,chrome_android,subtree_engine,yes,no,2012-06-27
Q000042,99,F06102,chrome,engine_blink,yes,no,2022-03-01
Q000043,111,F04459,webview_android,engine_blink,yes,no,2023-03-01
Q000044,10.5,F12550,opera,engine_blink,yes,no,2010-03-02
Q000045,32,F14123,opera_android,engine_blink,yes,no,2015-09-23
Q000046,10.1,F06257,opera_android,engine_blink,yes,no,2010-11-09
Q000047,9.0,F05329,oculus,subtree_engine,yes,no,2020-04-24
Q000048,108,F05987,chrome,random2,no,no,2022-11-29
Q000049,18,F14763,chrome_android,engine_blink,yes,no,2012-06-27
Q000050,12.0,F03700,oculus,engine_blink,yes,no,2020-11-03
Q000051,false,F17722,webview_android,engine_blink,yes,no,none
Q000052,1.0,F17539,samsunginternet_android,engine_blink,yes,no,2013-04-27
Q000053,3,F13981,webview_ios,engine_webkit,no,no,2009-06-17
Q000054,60,F15674,webview_android,subtree_engine,yes,no,2017-08-01
Q000055,false,F16925,opera,engine_blink,yes,yes,none
Q000056,77,F17405,opera,engine_blink,yes,yes,2021-06-09
Q000057,1,F11280,safari_ios,derivative1,no,no,2007-06-29
Q000058,20.0,F04674,samsunginternet_android,subtree_engine,yes,no,2023-02-10
Q000059,133,F18284,opera,engine_blink,yes,no,2026-06-29
Q000060,60,F07932,opera_android,engine_blink,yes,no,2020-09-23
Q000061,false,F02927,firefox,lineage_pair,no,no,none
Q000062,15,F13887,opera,subtree_engine,yes,no,2013-07-02
Q000063,64,F13111,opera_android,engine_blink,yes,yes,2021-05-25
Q000064,26.2,F02837,safari_ios,engine_webkit,no,no,2025-12-12
Q000065,84,F14808,chrome_android,subtree_engine,yes,no,2020-07-27
Q000066,69,F00958,chrome,lineage_pair,no,yes,2018-09-04
Q000067,134,F00201,chrome,engine_blink,yes,no,2025-03-04
Q000068,16.4,F06891,webview_ios,engine_webkit,no,no,2023-03-27
Q000069,5.1,F08103,safari,lineage_pair,no,no,2011-07-20
Q000070,10.3,F10994,webview_ios,random2,no,no,2017-03-27
Q000071,4.4,F10644,webview_android,engine_blink,yes,no,2013-12-09
Q000072,false,F12034,webview_ios,subtree_engine,yes,no,none
Q000073,31,F12387,chrome,lineage_pair,no,no,2013-11-12
Q000074,29,F08488,opera_android,engine_blink,yes,no,2015-04-28
Q000075,7,F02588,webview_ios,lineage_pair,no,no,2013-09-18
Q000076,43,F04211,opera,subtree_engine,yes,no,2017-02-07
Q000077,153,F15418,firefox_android,subtree_engine,yes,no,2026-07-21
Q000078,14,F07746,safari_ios,engine_webkit,no,no,2020-09-16
Q000079,16,F15240,webview_ios,subtree_engine,yes,no,2022-09-12
Q000080,false,F14008,opera,engine_blink,yes,no,none
Q000081,69,F11715,chrome,engine_blink,yes,no,2018-09-04
Q000082,10,F00587,safari,engine_webkit,no,no,2016-09-20
Q000083,66,F13876,chrome,lineage_pair,no,no,2018-04-17
Q000084,4,F09812,firefox_android,lineage_pair,no,no,2011-03-29
Q000085,125,F06196,edge,engine_blink,yes,no,2024-05-17
Q000086,26,F14510,chrome_android,engine_blink,yes,no,2013-04-03
Q000087,12.2,F15868,safari_ios,engine_webkit,no,no,2019-03-25
Q000088,129,F10236,chrome,engine_blink,yes,no,2024-09-17
Q000089,48,F13234,opera,engine_blink,yes,no,2017-09-27
Q000090,10,F07493,safari,lineage_pair,no,no,2016-09-20
Q000091,1.5,F05431,samsunginternet_android,engine_blink,yes,no,2013-09-25
Q000092,56,F13662,chrome,subtree_engine,yes,no,2017-01-25
Q000093,4.4,F09418,webview_android,engine_blink,yes,no,2013-12-09
Q000094,79,F03269,edge,subtree_engine,yes,no,2020-01-15
Q000095,15,F16837,webview_ios,engine_webkit,no,no,2021-09-20
Q000096,false,F00272,opera_android,engine_blink,yes,no,none
Q000097,5.0,F15268,oculus,engine_blink,yes,no,2018-07-01
Q000098,4.4,F07432,webview_android,engine_blink,yes,no,2013-12-09
Q000099,14.1,F12975,safari,source1,no,no,2021-04-26
Q000100,16.0,F11836,samsunginternet_android,engine_blink,yes,yes,2021-11-25
Q000101,10.3,F02529,safari_ios,engine_webkit,no,no,2017-03-27
Q000102,false,F11347,firefox_android,lineage_pair,no,no,none
Q000103,74,F08709,opera_android,random2,no,yes,2023-03-13
Q000104,13.0,F01608,samsunginternet_android,engine_blink,yes,no,2020-12-02
Q000105,110,F18500,webview_android,engine_blink,yes,no,2023-02-07
Q000106,32,F11624,oculus,engine_blink,yes,no,2024-02-27
Q000107,false,F01248,webview_android,subtree_engine,yes,yes,none
Q000108,5.0,F08888,oculus,engine_blink,yes,yes,2018-07-01
Q000109,18.2,F10047,safari,engine_webkit,no,no,2024-12-11
Q000110,false,F07114,safari,engine_webkit,no,yes,none
Q000111,62,F11698,opera,subtree_engine,yes,no,2019-06-27
Q000112,129,F17426,edge,engine_blink,yes,no,2024-09-19
Q000113,139,F13689,chrome_android,engine_blink,yes,no,2025-08-05
Q000114,4.4,F16930,webview_android,engine_blink,yes,no,2013-12-09
Q000115,10.3,F08559,safari_ios,engine_webkit,no,no,2017-03-27
Q000116,18,F17744,chrome_android,lineage_pair,no,no,2012-06-27
Q000117,false,F10903,safari_ios,subtree_engine,yes,no,none
Q000118,84,F15015,webview_android,engine_blink,yes,no,2020-07-27
Q000119,75,F00609,chrome_android,subtree_engine,yes,no,2019-06-04
Q000120,129,F04397,chrome_android,engine_blink,yes,no,2024-09-17
Q000121,false,F07680,safari_ios,engine_webkit,no,no,none
Q000122,131,F11902,chrome_android,random2,no,no,2024-11-12
Q000123,12.1,F02873,opera,engine_blink,yes,no,2012-11-20
Q000124,4.4.3,F08620,webview_android,engine_blink,yes,no,2014-06-02
Q000125,5.0,F02483,samsunginternet_android,engine_blink,yes,no,2016-12-15
Q000126,15,F13610,opera,engine_blink,yes,no,2013-07-02
Q000127,3.5,F07226,opera,engine_blink,yes,no,1998-11-18
Q000128,4,F15136,firefox,lineage_pair,no,no,2011-03-22
Q000129,17.4,F11983,webview_ios,engine_webkit,no,no,2024-03-05
Q000130,79,F04020,opera_android,engine_blink,yes,no,2023-12-06
Q000131,116,F12475,opera,engine_blink,yes,no,2025-01-08
Q000132,26,F15644,webview_ios,engine_webkit,no,no,2025-09-15
Q000133,101,F06760,opera,engine_blink,yes,no,2023-07-26
Q000134,false,F07240,safari_ios,engine_webkit,no,no,none
Q000135,7.0,F06545,oculus,engine_blink,yes,yes,2019-12-10
Q000136,15.4,F16250,safari,random2,no,no,2022-03-14
Q000137,7,F09735,webview_ios,random2,no,no,2013-09-18
Q000138,4.4,F14509,webview_android,engine_blink,yes,no,2013-12-09
Q000139,1.0,F00261,samsunginternet_android,engine_blink,yes,no,2013-04-27
Q000140,4.4,F10877,webview_android,engine_blink,yes,no,2013-12-09
Q000141,77,F04322,opera,engine_blink,yes,yes,2021-06-09
Q000142,false,F02228,oculus,engine_blink,yes,no,none
Q000143,61,F10611,chrome,engine_blink,yes,no,2017-09-05
Q000144,31.2,F12566,oculus,random2,no,no,2024-01-15
Q000145,false,F07766,webview_android,engine_blink,yes,yes,none
Q000146,1,F12103,safari,source1,no,no,2003-06-23
Q000147,false,F16688,opera,engine_blink,yes,no,none
Q000148,4,F05708,webview_android,random2,no,no,2011-10-18
Q000149,145,F14794,chrome_android,random2,no,no,2026-02-10
Q000150,120,F01437,chrome,lineage_pair,no,no,2023-12-05
Q000151,false,F17456,webview_ios,engine_webkit,no,no,none
Q000152,79,F15361,chrome_android,subtree_engine,yes,no,2019-12-17
Q000153,false,F11388,webview_ios,subtree_engine,yes,no,none
Q000154,3,F14111,safari,subtree_engine,yes,no,2007-10-26
Q000155,false,F11087,safari,lineage_pair,no,no,none
Q000156,false,F11150,safari_ios,engine_webkit,no,yes,none
Q000157,77,F07498,opera,engine_blink,yes,yes,2021-06-09
Q000158,25,F10090,firefox,source1,no,no,2013-10-29
Q000159,4.4,F06530,webview_android,engine_blink,yes,no,2013-12-09
Q000160,false,F05919,oculus,engine_blink,yes,no,none
Q000161,79,F02494,edge,subtree_engine,yes,no,2020-01-15
Q000162,2,F07301,webview_ios,lineage_pair,no,no,2008-07-11
Q000163,14.0,F15015,samsunginternet_android,engine_blink,yes,no,2021-04-17
Q000164,72,F15503,opera,engine_blink,yes,yes,2020-10-21
Q000165,4,F07654,safari,lineage_pair,no,no,2009-06-08
Q000166,false,F11581,webview_ios,engine_webkit,no,no,none
Q000167,8,F15853,safari_ios,engine_webkit,no,no,2014-09-17
Q000168,90,F08588,opera_android,subtree_engine,yes,no,2025-06-18
Q000169,4.4,F09384,webview_android,engine_blink,yes,no,2013-12-09
Q000170,false,F14599,edge,engine_blink,yes,no,none
Q000171,11,F00995,safari,lineage_pair,no,no,2017-09-19
Q000172,147,F16085,firefox,lineage_pair,no,no,2026-01-13
Q000173,16.4,F12226,webview_ios,engine_webkit,no,yes,2023-03-27
Q000174,false,F17105,oculus,engine_blink,yes,no,none
Q000175,86,F11485,webview_android,subtree_engine,yes,no,2020-10-20
Q000176,94,F07640,edge,engine_blink,yes,no,2021-09-24
Q000177,3,F17905,chrome,lineage_pair,no,no,2009-09-15
Q000178,56,F06113,chrome,subtree_engine,yes,no,2017-01-25
Q000179,129,F00917,edge,engine_blink,yes,no,2024-09-19
Q000180,12,F06280,edge,engine_blink,yes,no,2015-07-29
Q000181,11,F03490,safari,random2,no,yes,2017-09-19
Q000182,14,F09075,opera_android,engine_blink,yes,no,2013-05-21
Q000183,94,F11587,chrome,engine_blink,yes,no,2021-09-21
Q000184,false,F17722,chrome_android,engine_blink,yes,no,none
Q000185,22.0,F10241,oculus,engine_blink,yes,no,2022-06-06
Q000186,27,F16692,safari,engine_webkit,no,no,2026-09-14
Q000187,1,F11645,chrome,source1,no,no,2008-12-11
Q000188,10,F02015,safari_ios,engine_webkit,no,no,2016-09-13
Q000189,false,F07975,chrome_android,engine_blink,yes,no,none
Q000190,58,F12544,chrome_android,subtree_engine,yes,no,2017-04-25
Q000191,5.0,F15751,oculus,subtree_engine,yes,no,2018-07-01
Q000192,1,F10216,chrome,engine_blink,yes,no,2008-12-11
Q000193,111,F09902,firefox,source1,no,no,2023-03-14
Q000194,1.0,F15006,samsunginternet_android,engine_blink,yes,no,2013-04-27
Q000195,43,F15994,opera,subtree_engine,yes,no,2017-02-07
Q000196,5.0,F02863,oculus,subtree_engine,yes,no,2018-07-01
Q000197,15.4,F15479,safari_ios,random2,no,no,2022-03-14
Q000198,false,F09227,firefox_android,lineage_pair,no,no,none
Q000199,5.0,F14280,oculus,random2,no,no,2018-07-01
Q000200,6,F08017,webview_ios,engine_webkit,no,no,2012-09-10
Q000201,34,F03515,opera,engine_blink,yes,no,2015-12-08
Q000202,60,F01527,webview_android,engine_blink,yes,no,2017-08-01
Q000203,4.4,F06611,webview_android,random2,no,no,2013-12-09
Q000204,14,F13610,opera_android,engine_blink,yes,no,2013-05-21
Q000205,44,F10813,opera_android,subtree_engine,yes,no,2017-12-11
Q000206,99,F17703,opera_android,lineage_pair,no,no,2026-06-10
Q000207,94,F06537,webview_android,engine_blink,yes,no,2021-09-21
Q000208,14,F14871,opera_android,engine_blink,yes,no,2013-05-21
Q000209,79,F09738,edge,engine_blink,yes,no,2020-01-15
Q000210,5.0,F09075,oculus,engine_blink,yes,no,2018-07-01
Q000211,79,F17390,edge,random2,no,no,2020-01-15
Q000212,false,F14599,oculus,engine_blink,yes,no,none
Q000213,11,F06044,safari,lineage_pair,no,no,2017-09-19
Q000214,false,F16598,chrome,engine_blink,yes,no,none
Q000215,11,F00452,safari_ios,engine_webkit,no,no,2017-09-19
Q000216,false,F07012,safari,subtree_engine,yes,no,none
Q000217,4,F13710,safari,engine_webkit,no,no,2009-06-08
Q000218,89,F12831,opera,random2,no,no,2022-07-07
Q000219,58,F01039,webview_android,engine_blink,yes,no,2017-04-25
Q000220,14.0,F15503,samsunginternet_android,engine_blink,yes,yes,2021-04-17
Q000221,91,F09224,edge,random2,no,yes,2021-05-27
Q000222,13.4,F13024,safari_ios,engine_webkit,no,no,2020-03-24
Q000223,80,F05245,edge,subtree_engine,yes,no,2020-02-07
Q000224,false,F01189,webview_ios,lineage_pair,no,no,none
Q000225,12,F08465,edge,engine_blink,yes,no,2015-07-29
Q000226,43,F07045,webview_android,engine_blink,yes,no,2015-05-27
Q000227,4,F08190,opera,engine_blink,yes,no,2000-06-28
Q000228,false,F15822,firefox,lineage_pair,no,no,none
Q000229,125,F11355,webview_android,derivative1,no,no,2024-05-14
Q000230,1.0,F02522,samsunginternet_android,engine_blink,yes,no,2013-04-27
Q000231,1.2,F02186,safari,subtree_engine,yes,no,2004-02-02
Q000232,44,F05055,opera,engine_blink,yes,yes,2017-03-21
Q000233,142,F01227,chrome,lineage_pair,no,no,2025-10-28
Q000234,9.3,F08792,safari_ios,engine_webkit,no,no,2016-03-21
Q000235,16.4,F13357,safari,source1,no,yes,2023-03-27
Q000236,15,F02884,opera,engine_blink,yes,no,2013-07-02
Q000237,14,F12820,opera_android,subtree_engine,yes,no,2013-05-21
Q000238,5.0,F00113,oculus,random2,no,no,2018-07-01
Q000239,false,F10015,firefox,lineage_pair,no,no,none
Q000240,false,F15227,edge,engine_blink,yes,no,none
Q000241,false,F02900,firefox,lineage_pair,no,no,none
Q000242,150,F14243,chrome,engine_blink,yes,no,2026-06-30
Q000243,16.4,F12437,safari,lineage_pair,no,yes,2023-03-27
Q000244,false,F05425,chrome,random2,no,no,none
Q000245,144,F03018,chrome,source1,no,no,2026-01-13
Q000246,5.0,F12428,oculus,engine_blink,yes,no,2018-07-01
Q000247,26,F03556,safari_ios,derivative1,no,no,2025-09-15
Q000248,136,F11452,edge,derivative1,no,no,2025-05-01
Q000249,82,F10137,opera,engine_blink,yes,yes,2021-12-02
Q000250,60,F11278,webview_android,subtree_engine,yes,no,2017-08-01
Q000251,3,F02404,safari,engine_webkit,no,no,2007-10-26
Q000252,11,F14292,webview_ios,lineage_pair,no,yes,2017-09-19
Q000253,18,F06779,chrome_android,engine_blink,yes,no,2012-06-27
Q000254,false,F06101,webview_android,engine_blink,yes,no,none
Q000255,10.1,F09159,safari,lineage_pair,no,no,2017-03-27
Q000256,61,F11046,opera_android,subtree_engine,yes,no,2020-12-07
Q000257,38,F17933,opera,engine_blink,yes,no,2016-06-08
Q000258,1,F07027,webview_ios,subtree_engine,yes,no,2007-06-29
Q000259,5.0,F17216,oculus,random2,no,no,2018-07-01
Q000260,false,F16598,edge,engine_blink,yes,no,none
Q000261,false,F03247,oculus,engine_blink,yes,no,none
Q000262,5.0,F07843,oculus,engine_blink,yes,no,2018-07-01
Q000263,8,F12749,webview_ios,engine_webkit,no,no,2014-09-17
Q000264,57,F04989,chrome_android,engine_blink,yes,yes,2017-03-16
Q000265,114,F05442,webview_android,random2,no,no,2023-05-30
Q000266,10,F09948,safari_ios,derivative1,no,no,2016-09-13
Q000267,17.0,F02024,samsunginternet_android,engine_blink,yes,no,2022-05-04
Q000268,false,F13645,safari_ios,engine_webkit,no,no,none
Q000269,4.0,F07045,samsunginternet_android,engine_blink,yes,no,2016-03-11
Q000270,105,F02421,chrome_android,subtree_engine,yes,no,2022-09-02
Q000271,false,F05498,firefox,random2,no,no,none
Q000272,26,F13040,safari_ios,lineage_pair,no,no,2025-09-15
Q000273,12,F08474,edge,engine_blink,yes,no,2015-07-29
Q000274,11,F15085,webview_ios,engine_webkit,no,yes,2017-09-19
Q000275,124,F06821,chrome,engine_blink,yes,no,2024-04-16
Q000276,73,F07185,opera,derivative1,no,no,2020-12-09
Q000277,13.0,F04889,samsunginternet_android,subtree_engine,yes,no,2020-12-02
Q000278,4.4,F03029,webview_android,engine_blink,yes,no,2013-12-09
Q000279,18,F06117,chrome_android,lineage_pair,no,no,2012-06-27
Q000280,87,F03995,webview_android,lineage_pair,no,no,2020-11-17
Q000281,false,F06653,firefox_android,subtree_engine,yes,no,none
Q000282,48,F04096,opera,engine_blink,yes,no,2017-09-27
Q000283,12,F09660,edge,engine_blink,yes,no,2015-07-29
Q000284,16.4,F06392,safari,engine_webkit,no,no,2023-03-27
Q000285,8,F17622,firefox,subtree_engine,yes,no,2011-11-08
Q000286,26,F18417,webview_ios,engine_webkit,no,no,2025-09-15
Q000287,12,F05209,opera_android,engine_blink,yes,no,2012-02-25
Q000288,95,F14522,opera,engine_blink,yes,yes,2023-02-01
Q000289,57,F13668,webview_android,engine_blink,yes,no,2017-03-16
Q000290,8.0,F10147,samsunginternet_android,random2,no,no,2018-07-18
Q000291,86,F02444,webview_android,subtree_engine,yes,no,2020-10-20
Q000292,16.4,F12226,safari_ios,engine_webkit,no,yes,2023-03-27
Q000293,104,F04020,opera,engine_blink,yes,no,2023-10-23
Q000294,1,F05485,chrome,random2,no,no,2008-12-11
Q000295,false,F15661,chrome_android,subtree_engine,yes,no,none
Q000296,false,F07835,opera,derivative1,no,no,none
Q000297,1.0,F07844,samsunginternet_android,engine_blink,yes,no,2013-04-27
Q000298,32,F06936,oculus,engine_blink,yes,no,2024-02-27
Q000299,10,F10983,safari_ios,engine_webkit,no,yes,2016-09-13
Q000300,false,F03943,oculus,engine_blink,yes,no,none
Q000301,77,F08500,chrome,source1,no,no,2019-09-10
Q000302,false,F13720,webview_ios,engine_webkit,no,no,none
Q000303,75,F00609,chrome,subtree_engine,yes,no,2019-06-04
Q000304,49,F07388,firefox,lineage_pair,no,no,2016-09-20
Q000305,5.0,F00261,oculus,engine_blink,yes,no,2018-07-01
Q000306,7,F13604,webview_ios,subtree_engine,yes,no,2013-09-18
Q000307,31.2,F02450,oculus,engine_blink,yes,no,2024-01-15
Q000308,12,F03117,edge,engine_blink,yes,no,2015-07-29
Q000309,89,F06654,firefox_android,lineage_pair,no,yes,2021-06-01
Q000310,56,F10811,opera,engine_blink,yes,no,2018-09-25
Q000311,139,F12293,chrome,engine_blink,yes,no,2025-08-05
Q000312,false,F15236,firefox,source1,no,no,none
Q000313,34,F12028,oculus,engine_blink,yes,no,2024-06-26
Q000314,4,F03538,firefox_android,lineage_pair,no,no,2011-03-29
Q000315,57,F08222,opera_android,subtree_engine,yes,no,2020-03-30
Q000316,17,F01761,safari_ios,engine_webkit,no,no,2023-09-18
Q000317,7,F15785,safari,source1,no,no,2013-10-22
Q000318,26.0,F17767,samsunginternet_android,engine_blink,yes,no,2024-06-07
Q000319,15,F17799,opera,engine_blink,yes,no,2013-07-02
Q000320,66,F10668,opera_android,engine_blink,yes,no,2021-12-15
Q000321,1,F10457,safari,source1,no,no,2003-06-23
Q000322,false,F08367,chrome,engine_blink,yes,yes,none
Q000323,false,F08027,safari_ios,engine_webkit,no,yes,none
Q000324,1.0,F15602,samsunginternet_android,engine_blink,yes,no,2013-04-27
Q000325,6.0,F14942,samsunginternet_android,derivative1,no,no,2017-08-23
Q000326,1.0,F08059,samsunginternet_android,engine_blink,yes,no,2013-04-27
Q000327,56,F12764,opera,engine_blink,yes,no,2018-09-25
Q000328,false,F15295,safari,engine_webkit,no,no,none
Q000329,56,F09407,chrome,subtree_engine,yes,no,2017-01-25
Q000330,18,F16930,chrome_android,engine_blink,yes,no,2012-06-27
Q000331,43,F12489,opera,subtree_engine,yes,no,2017-02-07
Q000332,false,F04102,safari_ios,engine_webkit,no,no,none
Q000333,39,F10523,opera,engine_blink,yes,no,2016-08-02
Q000334,36,F09296,oculus,subtree_engine,yes,no,2024-11-06
Q000335,5.0,F12653,oculus,engine_blink,yes,no,2018-07-01
Q000336,22,F14535,chrome,engine_blink,yes,no,2012-09-25
Q000337,1,F04599,chrome,engine_blink,yes,no,2008-12-11
Q000338,17,F08454,safari_ios,engine_webkit,no,no,2023-09-18
Q000339,120,F00540,chrome,subtree_engine,yes,no,2023-12-05
Q000340,40,F18509,chrome_android,engine_blink,yes,no,2015-01-21
Q000341,5.0,F11362,oculus,engine_blink,yes,no,2018-07-01
Q000342,53,F04962,opera,engine_blink,yes,no,2018-05-10
Q000343,16.4,F13289,safari,random2,no,no,2023-03-27
Q000344,12,F09556,edge,derivative1,no,no,2015-07-29
Q000345,75,F08799,firefox,subtree_engine,yes,no,2020-04-07
Q000346,14.5,F18122,safari_ios,subtree_engine,yes,no,2021-04-26
Q000347,25,F17137,chrome,engine_blink,yes,no,2013-02-21
Q000348,1.0,F15664,samsunginternet_android,engine_blink,yes,no,2013-04-27
Q000349,24,F04580,chrome,lineage_pair,no,no,2013-01-10
Q000350,63,F04466,chrome_android,engine_blink,yes,no,2017-12-05
Q000351,43,F15994,opera_android,subtree_engine,yes,no,2017-09-27
Q000352,66,F13727,chrome_android,engine_blink,yes,no,2018-04-17
Q000353,91,F03254,chrome_android,lineage_pair,no,no,2021-05-25
Q000354,50,F03582,chrome,subtree_engine,yes,no,2016-04-13
Q000355,53,F17726,opera_android,lineage_pair,no,no,2019-07-11
Q000356,60,F10679,chrome,engine_blink,yes,no,2017-07-25
Q000357,5.1,F11109,safari,engine_webkit,no,no,2011-07-20
Q000358,false,F04649,chrome,engine_blink,yes,no,none
Q000359,false,F03925,opera_android,derivative1,no,no,none
Q000360,60,F04440,opera,engine_blink,yes,no,2019-04-09
Q000361,44,F03595,opera_android,subtree_engine,yes,no,2017-12-11
Q000362,47,F14576,opera,subtree_engine,yes,no,2017-08-09
Q000363,94,F06822,firefox,random2,no,no,2021-11-02
Q000364,37,F10495,webview_android,engine_blink,yes,no,2014-09-03
Q000365,3.2,F06240,safari_ios,lineage_pair,no,no,2010-04-03
Q000366,86,F18176,edge,subtree_engine,yes,no,2020-10-09
Q000367,10.1,F14979,opera_android,subtree_engine,yes,no,2010-11-09
Q000368,false,F01820,webview_ios,engine_webkit,no,no,none
Q000369,14.5,F12047,safari_ios,engine_webkit,no,no,2021-04-26
Q000370,4,F04430,safari,engine_webkit,no,no,2009-06-08
Q000371,1,F13326,chrome,source1,no,no,2008-12-11
Q000372,26.2,F03664,safari_ios,subtree_engine,yes,no,2025-12-12
Q000373,44,F13213,opera,engine_blink,yes,yes,2017-03-21
Q000374,83,F11812,webview_android,subtree_engine,yes,no,2020-05-19
Q000375,56,F01035,opera,engine_blink,yes,yes,2018-09-25
Q000376,66,F03912,chrome_android,subtree_engine,yes,no,2018-04-17
Q000377,5,F16864,chrome,engine_blink,yes,no,2010-05-25
Q000378,false,F02724,safari,subtree_engine,yes,no,none
Q000379,12.1,F07121,opera_android,derivative1,no,no,2012-10-09
Q000380,64,F15332,opera_android,engine_blink,yes,no,2021-05-25
Q000381,142,F14941,webview_android,random2,no,no,2025-10-28
Q000382,99,F00020,chrome,lineage_pair,no,no,2022-03-01
Q000383,15,F09418,opera,engine_blink,yes,no,2013-07-02
Q000384,28.0,F00509,samsunginternet_android,engine_blink,yes,no,2025-04-02
Q000385,56,F02451,opera,engine_blink,yes,no,2018-09-25
Q000386,46,F16190,firefox_android,lineage_pair,no,no,2016-04-26
Q000387,5.0,F03450,samsunginternet_android,derivative1,no,no,2016-12-15
Q000388,141,F11822,webview_android,subtree_engine,yes,no,2025-09-30
Q000389,1,F08717,safari,engine_webkit,no,no,2003-06-23
Q000390,false,F04423,safari_ios,engine_webkit,no,no,none
Q000391,52,F03792,webview_android,subtree_engine,yes,no,2016-07-27
Q000392,4.2,F03295,webview_ios,subtree_engine,yes,no,2010-11-22
Q000393,14.5,F01332,webview_ios,random2,no,no,2021-04-26
Q000394,9,F16228,safari_ios,engine_webkit,no,no,2015-09-16
Q000395,false,F07766,chrome_android,engine_blink,yes,yes,none
Q000396,false,F06014,webview_ios,engine_webkit,no,no,none
Q000397,59,F07419,chrome_android,derivative1,no,no,2017-06-06
Q000398,11.0,F14700,samsunginternet_android,random2,no,no,2019-12-05
Q000399,18,F10360,chrome_android,lineage_pair,no,no,2012-06-27
Q000400,1.2,F05261,safari,subtree_engine,yes,no,2004-02-02
Q000401,91,F16499,edge,random2,no,yes,2021-05-27
Q000402,false,F09204,samsunginternet_android,lineage_pair,no,no,none
Q000403,56,F09734,chrome,subtree_engine,yes,no,2017-01-25
Q000404,30.0,F13771,samsunginternet_android,random2,no,no,2026-05-11
Q000405,false,F08130,safari_ios,engine_webkit,no,no,none
Q000406,91,F02154,chrome,source1,no,yes,2021-05-25
Q000407,false,F08529,webview_ios,lineage_pair,no,no,none
Q000408,66,F08222,opera,subtree_engine,yes,no,2020-01-07
Q000409,1,F02094,safari,lineage_pair,no,no,2003-06-23
Q000410,12,F11970,edge,subtree_engine,yes,no,2015-07-29
Q000411,3.0,F01617,samsunginternet_android,derivative1,no,no,2015-04-10
Q000412,75,F11698,chrome_android,subtree_engine,yes,no,2019-06-04
Q000413,5,F04846,safari,source1,no,no,2010-06-07
Q000414,6,F16337,safari,engine_webkit,no,no,2012-07-25
Q000415,16.4,F09749,safari,engine_webkit,no,yes,2023-03-27
Q000416,false,F07035,webview_ios,subtree_engine,yes,no,none
Q000417,77,F10596,opera,engine_blink,yes,yes,2021-06-09
Q000418,5.0,F02324,oculus,engine_blink,yes,no,2018-07-01
Q000419,46,F01684,webview_android,engine_blink,yes,no,2015-10-14
Q000420,4,F00547,firefox_android,random2,no,no,2011-03-29
Q000421,138,F13971,edge,engine_blink,yes,no,2025-06-26
Q000422,31,F14534,firefox,lineage_pair,no,no,2014-07-22
Q000423,84,F00779,opera_android,engine_blink,yes,no,2024-08-26
Q000424,16.4,F16763,safari,engine_webkit,no,yes,2023-03-27
Q000425,11,F06530,opera_android,engine_blink,yes,no,2011-03-22
Q000426,47,F10736,opera_android,subtree_engine,yes,no,2018-07-23
Q000427,14,F10872,opera_android,engine_blink,yes,no,2013-05-21
Q000428,52,F13312,firefox,lineage_pair,no,no,2017-03-07
Q000429,6,F14897,firefox_android,subtree_engine,yes,no,2011-08-16
Q000430,39,F06943,opera,subtree_engine,yes,no,2016-08-02
Q000431,false,F02678,chrome_android,engine_blink,yes,no,none
Q000432,79,F08552,edge,engine_blink,yes,no,2020-01-15
Q000433,65,F16444,webview_android,engine_blink,yes,no,2018-03-06
Q000434,16,F08998,webview_ios,engine_webkit,no,no,2022-09-12
Q000435,9,F13878,safari,subtree_engine,yes,no,2015-09-30
Q000436,109,F03498,edge,engine_blink,yes,no,2023-01-12
Q000437,3,F08071,safari,source1,no,no,2007-10-26
Q000438,false,F11061,chrome_android,engine_blink,yes,no,none
Q000439,3.2,F17037,webview_ios,random2,no,no,2010-04-03
Q000440,1,F08947,chrome,engine_blink,yes,no,2008-12-11
Q000441,1.0,F07186,samsunginternet_android,engine_blink,yes,no,2013-04-27
Q000442,26,F10592,safari,source1,no,no,2025-09-15
Q000443,46,F14814,opera_android,subtree_engine,yes,no,2018-05-14
Q000444,33,F03299,firefox,random2,no,no,2014-10-14
Q000445,false,F02538,webview_android,engine_blink,yes,no,none
Q000446,115,F10707,opera,engine_blink,yes,no,2024-11-27
Q000447,26.2,F15575,webview_ios,engine_webkit,no,no,2025-12-12
Q000448,10,F00587,safari_ios,engine_webkit,no,no,2016-09-13
Q000449,115,F00917,opera,engine_blink,yes,no,2024-11-27
Q000450,79,F04387,edge,engine_blink,yes,no,2020-01-15
Q000451,7.0,F10164,samsunginternet_android,subtree_engine,yes,no,2018-03-16
Q000452,86,F02130,opera_android,random2,no,no,2024-12-02
Q000453,148,F17201,chrome_android,engine_blink,yes,no,2026-05-05
Q000454,95,F17787,firefox,source1,no,no,2021-12-07
Q000455,139,F11949,chrome_android,random2,no,no,2025-08-05
Q000456,3.2,F05945,safari_ios,engine_webkit,no,no,2010-04-03
Q000457,1,F01525,safari_ios,lineage_pair,no,no,2007-06-29
Q000458,41,F05854,opera,engine_blink,yes,no,2016-10-25
Q000459,42.0,F03093,oculus,engine_blink,yes,no,2026-01-26
Q000460,105,F16707,webview_android,engine_blink,yes,no,2022-09-02
Q000461,26,F12820,chrome_android,subtree_engine,yes,no,2013-04-03
Q000462,10.3,F09169,webview_ios,engine_webkit,no,no,2017-03-27
Q000463,14.5,F08287,safari_ios,engine_webkit,no,no,2021-04-26
Q000464,9.0,F08373,samsunginternet_android,random2,no,no,2018-09-15
Q000465,16.4,F04949,safari,engine_webkit,no,no,2023-03-27
Q000466,14,F04941,safari_ios,engine_webkit,no,no,2020-09-16
Q000467,10.0,F04881,samsunginternet_android,engine_blink,yes,no,2019-08-22
Q000468,12.1,F14491,safari,engine_webkit,no,no,2019-03-25
Q000469,11,F02077,safari,source1,no,no,2017-09-19
Q000470,54,F00609,opera_android,subtree_engine,yes,no,2019-10-18
Q000471,37,F17292,opera,subtree_engine,yes,no,2016-05-04
Q000472,18,F02884,chrome_android,engine_blink,yes,no,2012-06-27
Q000473,2,F11179,chrome,source1,no,no,2009-05-21
Q000474,false,F09280,firefox_android,subtree_engine,yes,no,none
Q000475,4.0,F15058,samsunginternet_android,engine_blink,yes,no,2016-03-11
Q000476,false,F06577,safari,lineage_pair,no,no,none
Q000477,4.4,F08682,webview_android,engine_blink,yes,no,2013-12-09
Q000478,43,F12544,opera_android,subtree_engine,yes,no,2017-09-27
Q000479,4.4,F08552,webview_android,engine_blink,yes,no,2013-12-09
Q000480,16,F10614,safari_ios,engine_webkit,no,no,2022-09-12
Q000481,false,F12482,chrome,engine_blink,yes,no,none
Q000482,4.4,F13834,webview_android,engine_blink,yes,no,2013-12-09
Q000483,false,F15562,chrome_android,engine_blink,yes,no,none
Q000484,97,F14754,opera,derivative1,no,no,2023-03-22
Q000485,4.4,F09464,webview_android,subtree_engine,yes,no,2013-12-09
Q000486,1.0,F00988,samsunginternet_android,random2,no,no,2013-04-27
Q000487,104,F04674,chrome,subtree_engine,yes,no,2022-08-02
Q000488,5,F06879,safari,source1,no,no,2010-06-07
Q000489,5.0,F11959,oculus,subtree_engine,yes,no,2018-07-01
Q000490,7.0,F02591,samsunginternet_android,engine_blink,yes,no,2018-03-16
Q000491,16.4,F12517,webview_ios,engine_webkit,no,yes,2023-03-27
Q000492,128,F06721,chrome,lineage_pair,no,no,2024-08-20
Q000493,11,F04461,webview_ios,engine_webkit,no,yes,2017-09-19
Q000494,1,F06590,firefox,random2,no,no,2004-11-09
Q000495,5.0,F06247,oculus,engine_blink,yes,no,2018-07-01
Q000496,17,F00887,safari_ios,random2,no,no,2023-09-18
Q000497,58,F01799,chrome_android,subtree_engine,yes,no,2017-04-25
Q000498,10.0,F02451,samsunginternet_android,engine_blink,yes,no,2019-08-22
Q000499,43,F10769,opera,subtree_engine,yes,no,2017-02-07
Q000500,12,F12237,edge,engine_blink,yes,no,2015-07-29
Q000501,12,F17041,edge,subtree_engine,yes,no,2015-07-29
Q000502,50,F03582,chrome_android,subtree_engine,yes,no,2016-04-13
Q000503,12,F05299,edge,subtree_engine,yes,no,2015-07-29
Q000504,17,F16685,opera,engine_blink,yes,no,2013-10-08
Q000505,37,F05471,chrome_android,engine_blink,yes,no,2014-09-03
Q000506,51,F17933,webview_android,engine_blink,yes,no,2016-06-08
Q000507,7.0,F07193,samsunginternet_android,engine_blink,yes,yes,2018-03-16
Q000508,8,F12083,firefox,subtree_engine,yes,no,2011-11-08
Q000509,95,F07021,webview_android,subtree_engine,yes,no,2021-10-19
Q000510,86,F09296,opera_android,subtree_engine,yes,no,2024-12-02
Q000511,26,F08701,safari,lineage_pair,no,no,2025-09-15
Q000512,false,F13818,webview_ios,engine_webkit,no,no,none
Q000513,91,F17555,chrome_android,engine_blink,yes,yes,2021-05-25
Q000514,14.1,F06288,safari,engine_webkit,no,no,2021-04-26
Q000515,27.0,F12028,samsunginternet_android,engine_blink,yes,no,2024-11-06
Q000516,false,F12868,webview_ios,engine_webkit,no,yes,none
Q000517,24,F18234,chrome,source1,no,no,2013-01-10
Q000518,139,F12293,edge,engine_blink,yes,no,2025-08-07
Q000519,5.0,F08474,oculus,engine_blink,yes,no,2018-07-01
Q000520,false,F01854,webview_android,random2,no,no,none
Q000521,26,F03956,webview_ios,derivative1,no,no,2025-09-15
Q000522,43,F11283,opera,subtree_engine,yes,no,2017-02-07
Q000523,2,F07830,webview_ios,derivative1,no,no,2008-07-11
Q000524,57,F15639,chrome,engine_blink,yes,yes,2017-03-09
Q000525,1,F09642,chrome,lineage_pair,no,no,2008-12-11
Q000526,12,F08089,edge,engine_blink,yes,no,2015-07-29
Q000527,1,F00386,chrome,lineage_pair,no,no,2008-12-11
Q000528,125,F11106,edge,derivative1,no,no,2024-05-17
Q000529,8,F02031,safari,engine_webkit,no,no,2014-10-16
Q000530,95,F18199,opera_android,random2,no,no,2026-02-11
Q000531,18,F01035,edge,engine_blink,yes,yes,2018-10-02
Q000532,3,F05081,safari,subtree_engine,yes,no,2007-10-26
Q000533,86,F07567,chrome_android,subtree_engine,yes,no,2020-10-20
Q000534,66,F02538,opera,engine_blink,yes,no,2020-01-07
Q000535,4.4,F06779,webview_android,engine_blink,yes,no,2013-12-09
Q000536,false,F03601,opera,engine_blink,yes,no,none
Q000537,55,F03300,opera_android,derivative1,no,no,2019-12-03
Q000538,1.0,F12605,samsunginternet_android,engine_blink,yes,no,2013-04-27
Q000539,16.4,F04431,webview_ios,engine_webkit,no,yes,2023-03-27
Q000540,60,F12127,webview_android,subtree_engine,yes,no,2017-08-01
Q000541,3.6,F09812,firefox,lineage_pair,no,no,2010-01-21
Q000542,21.0,F13984,samsunginternet_android,engine_blink,yes,yes,2023-05-19
Q000543,130,F00694,opera,engine_blink,yes,no,2026-04-08
Q000544,10.1,F14849,opera_android,subtree_engine,yes,no,2010-11-09
Q000545,1,F08682,chrome,engine_blink,yes,no,2008-12-11
Q000546,16.0,F08334,samsunginternet_android,subtree_engine,yes,no,2021-11-25
Q000547,false,F18403,safari,lineage_pair,no,no,none
Q000548,9,F00142,webview_ios,engine_webkit,no,no,2015-09-16
Q000549,56,F02854,chrome,subtree_engine,yes,no,2017-01-25
Q000550,69,F11192,chrome,engine_blink,yes,no,2018-09-04
Q000551,false,F16719,webview_android,engine_blink,yes,no,none
Q000552,87,F04639,chrome,source1,no,no,2020-11-17
Q000553,5.0,F06672,oculus,engine_blink,yes,no,2018-07-01
Q000554,6.0,F09714,samsunginternet_android,engine_blink,yes,no,2017-08-23
Q000555,1,F15089,firefox,source1,no,no,2004-11-09
Q000556,false,F07523,safari,lineage_pair,no,no,none
Q000557,57,F09530,chrome_android,random2,no,yes,2017-03-16
Q000558,11.1,F13987,safari,source1,no,no,2018-04-12
Q000559,false,F03440,oculus,random2,no,no,none
Q000560,33,F17632,oculus,engine_blink,yes,no,2024-04-24
Q000561,false,F03580,safari_ios,engine_webkit,no,no,none
Q000562,101,F15020,chrome,source1,no,no,2022-04-26
Q000563,35,F10533,oculus,engine_blink,yes,no,2024-09-13
Q000564,73,F01083,opera,engine_blink,yes,no,2020-12-09
Q000565,false,F09374,webview_ios,derivative1,no,no,none
Q000566,11.6,F04156,opera,engine_blink,yes,no,2011-12-06
Q000567,29.0,F17719,samsunginternet_android,engine_blink,yes,no,2025-10-25
Q000568,139,F07404,edge,derivative1,no,no,2025-08-07
Q000569,50,F04420,firefox,subtree_engine,yes,no,2016-11-15
Q000570,94,F10668,chrome_android,engine_blink,yes,no,2021-09-21
Q000571,9.3,F08419,webview_ios,engine_webkit,no,no,2016-03-21
Q000572,80,F07456,chrome,subtree_engine,yes,no,2020-02-04
Q000573,6,F02349,safari,engine_webkit,no,no,2012-07-25
Q000574,58,F17834,webview_android,subtree_engine,yes,no,2017-04-25
Q000575,4.4,F05048,webview_android,derivative1,no,no,2013-12-09
Q000576,129,F10745,edge,random2,no,no,2024-09-19
Q000577,18,F01286,safari_ios,engine_webkit,no,no,2024-09-16
Q000578,false,F17754,safari,source1,no,no,none
Q000579,26,F09046,safari_ios,engine_webkit,no,no,2025-09-15
Q000580,27,F10453,webview_ios,engine_webkit,no,no,2026-09-14
Q000581,52,F00585,firefox,source1,no,no,2017-03-07
Q000582,false,F08904,chrome,source1,no,no,none
Q000583,55,F07263,firefox_android,lineage_pair,no,no,2017-08-08
Q000584,5.0,F11970,oculus,subtree_engine,yes,no,2018-07-01
Q000585,5.0,F14726,oculus,random2,no,no,2018-07-01
Q000586,7.0,F00531,samsunginternet_android,engine_blink,yes,no,2018-03-16
Q000587,5.0,F15103,oculus,engine_blink,yes,no,2018-07-01
Q000588,false,F07012,webview_ios,subtree_engine,yes,no,none
Q000589,false,F15140,safari_ios,random2,no,no,none
Q000590,135,F06320,edge,engine_blink,yes,no,2025-04-04
Q000591,5.0,F04466,oculus,engine_blink,yes,no,2018-07-01
Q000592,5.0,F05243,oculus,subtree_engine,yes,no,2018-07-01
Q000593,91,F04270,chrome,source1,no,yes,2021-05-25
Q000594,11,F16402,webview_ios,engine_webkit,no,yes,2017-09-19
Q000595,73,F16649,opera,random2,no,no,2020-12-09
Q000596,false,F16688,chrome,engine_blink,yes,no,none
Q000597,52,F02469,firefox,subtree_engine,yes,no,2017-03-07
Q000598,5.0,F11869,oculus,engine_blink,yes,no,2018-07-01
Q000599,5.0,F07107,oculus,engine_blink,yes,no,2018-07-01
Q000600,131,F17719,chrome,engine_blink,yes,no,2024-11-12
Q000601,52,F00058,firefox_android,lineage_pair,no,yes,2017-03-07
Q000602,false,F00874,firefox_android,subtree_engine,yes,no,none
Q000603,5.1,F16700,safari,lineage_pair,no,no,2011-07-20
Q000604,1.0,F01204,samsunginternet_android,engine_blink,yes,no,2013-04-27
Q000605,87,F11937,edge,random2,no,no,2020-11-19
Q000606,20.0,F01036,samsunginternet_android,subtree_engine,yes,no,2023-02-10
Q000607,38,F14740,opera,engine_blink,yes,no,2016-06-08
Q000608,false,F01460,webview_android,engine_blink,yes,yes,none
Q000609,69,F03333,chrome,random2,no,no,2018-09-04
Q000610,12,F06963,edge,engine_blink,yes,no,2015-07-29
Q000611,14.0,F11046,samsunginternet_android,subtree_engine,yes,no,2021-04-17
Q000612,12.2,F01677,safari_ios,engine_webkit,no,no,2019-03-25
Q000613,15.2,F09389,webview_ios,derivative1,no,yes,2021-12-13
Q000614,false,F10335,webview_android,engine_blink,yes,yes,none
Q000615,5.0,F05431,oculus,engine_blink,yes,no,2018-07-01
Q000616,12.1,F16791,opera,engine_blink,yes,no,2012-11-20
Q000617,79,F08115,firefox_android,subtree_engine,yes,no,2020-07-28
Q000618,4.4,F03991,webview_android,random2,no,no,2013-12-09
Q000619,60,F08979,chrome_android,subtree_engine,yes,no,2017-08-01
Q000620,5.0,F05122,oculus,subtree_engine,yes,no,2018-07-01
Q000621,16.4,F03081,safari,engine_webkit,no,yes,2023-03-27
Q000622,42,F01851,chrome,engine_blink,yes,no,2015-04-14
Q000623,6,F09801,safari_ios,engine_webkit,no,yes,2012-09-10
Q000624,1,F17056,firefox,lineage_pair,no,yes,2004-11-09
Q000625,119,F04403,edge,derivative1,no,no,2023-11-02
Q000626,77,F17555,opera,engine_blink,yes,yes,2021-06-09
Q000627,56,F11437,chrome,subtree_engine,yes,no,2017-01-25
Q000628,25.0,F00540,samsunginternet_android,subtree_engine,yes,no,2024-04-24
Q000629,false,F18025,chrome_android,subtree_engine,yes,no,none
Q000630,false,F17618,safari,source1,no,no,none
Q000631,111,F04459,edge,engine_blink,yes,no,2023-03-13
Q000632,false,F08625,webview_ios,engine_webkit,no,no,none
Q000633,1.0,F13887,samsunginternet_android,subtree_engine,yes,no,2013-04-27
Q000634,79,F05120,firefox_android,derivative1,no,no,2020-07-28
Q000635,147,F10652,firefox,source1,no,no,2026-01-13
Q000636,7,F10941,safari,engine_webkit,no,no,2013-10-22
Q000637,11.3,F12375,safari_ios,engine_webkit,no,no,2018-03-29
Q000638,6,F09767,safari,engine_webkit,no,no,2012-07-25
Q000639,15.4,F17623,webview_ios,engine_webkit,no,no,2022-03-14
Q000640,3,F10930,chrome,engine_blink,yes,no,2009-09-15
Q000641,8,F03549,firefox_android,subtree_engine,yes,no,2011-11-08
Q000642,18,F06977,chrome_android,engine_blink,yes,no,2012-06-27
Q000643,30,F16685,chrome_android,engine_blink,yes,no,2013-10-02
Q000644,6.0,F08874,samsunginternet_android,engine_blink,yes,no,2017-08-23
Q000645,false,F07987,firefox,random2,no,no,none
Q000646,50,F02590,chrome,engine_blink,yes,no,2016-04-13
Q000647,false,F08563,chrome_android,derivative1,no,yes,none
Q000648,5.0,F00913,oculus,engine_blink,yes,no,2018-07-01
Q000649,27.0,F05890,samsunginternet_android,engine_blink,yes,no,2024-11-06
Q000650,6,F05051,safari,engine_webkit,no,yes,2012-07-25
Q000651,86,F11046,chrome_android,subtree_engine,yes,no,2020-10-20
Q000652,25,F04312,chrome_android,subtree_engine,yes,no,2013-02-27
Q000653,5.0,F14240,oculus,engine_blink,yes,no,2018-07-01
Q000654,4,F05572,firefox,source1,no,no,2011-03-22
Q000655,20,F07700,opera_android,lineage_pair,no,no,2014-03-06
Q000656,56,F12997,chrome,subtree_engine,yes,no,2017-01-25
Q000657,14,F15274,safari,engine_webkit,no,no,2020-09-16
Q000658,16.4,F10658,safari,engine_webkit,no,yes,2023-03-27
Q000659,1,F07511,safari_ios,engine_webkit,no,no,2007-06-29
Q000660,16.4,F12226,safari,engine_webkit,no,yes,2023-03-27
Q000661,74,F04999,opera_android,engine_blink,yes,yes,2023-03-13
Q000662,135,F06320,chrome_android,engine_blink,yes,no,2025-04-01
Q000663,false,F09365,oculus,random2,no,no,none
Q000664,79,F10760,edge,derivative1,no,yes,2020-01-15
Q000665,26,F06408,chrome,lineage_pair,no,no,2013-03-26
Q000666,86,F15503,webview_android,engine_blink,yes,yes,2020-10-20
Q000667,43,F10890,opera_android,engine_blink,yes,no,2017-09-27
Q000668,false,F08338,safari,engine_webkit,no,no,none
Q000669,11,F01645,webview_ios,engine_webkit,no,yes,2017-09-19
Q000670,141,F11822,edge,subtree_engine,yes,no,2025-10-03
Q000671,91,F13971,opera_android,engine_blink,yes,no,2025-08-19
Q000672,84,F13642,chrome,engine_blink,yes,no,2020-07-27
Q000673,108,F05953,edge,engine_blink,yes,no,2022-12-05
Q000674,7,F03661,chrome,lineage_pair,no,no,2010-10-19
Q000675,false,F07429,safari_ios,derivative1,no,no,none
Q000676,18,F06934,safari_ios,random2,no,no,2024-09-16
Q000677,false,F16229,safari_ios,lineage_pair,no,no,none
Q000678,1,F01938,safari_ios,engine_webkit,no,no,2007-06-29
Q000679,52,F10523,webview_android,engine_blink,yes,no,2016-07-27
Q000680,79,F18289,edge,subtree_engine,yes,no,2020-01-15
Q000681,12.1,F03286,opera,engine_blink,yes,no,2012-11-20
Q000682,6.0,F04722,oculus,engine_blink,yes,no,2019-08-12
Q000683,69,F11715,chrome_android,engine_blink,yes,no,2018-09-04
Q000684,18,F10644,chrome_android,engine_blink,yes,no,2012-06-27
Q000685,127,F00045,firefox,subtree_engine,yes,no,2024-06-11
Q000686,3.2,F03947,safari_ios,engine_webkit,no,no,2010-04-03
Q000687,33,F00426,oculus,engine_blink,yes,no,2024-04-24
Q000688,false,F13849,safari_ios,engine_webkit,no,yes,none
Q000689,10.1,F08824,opera_android,lineage_pair,no,no,2010-11-09
Q000690,39,F08588,oculus,subtree_engine,yes,no,2025-06-25
Q000691,12,F00106,edge,engine_blink,yes,no,2015-07-29
Q000692,26,F17737,safari_ios,engine_webkit,no,no,2025-09-15
Q000693,4,F09199,firefox,random2,no,no,2011-03-22
Q000694,43,F10769,opera_android,subtree_engine,yes,no,2017-09-27
Q000695,5,F01336,webview_ios,engine_webkit,no,yes,2011-10-12
Q000696,89,F10897,opera_android,engine_blink,yes,no,2025-04-29
Q000697,10.3,F15872,webview_ios,engine_webkit,no,no,2017-03-27
Q000698,4.4,F15780,webview_android,engine_blink,yes,no,2013-12-09
Q000699,30,F02654,opera,random2,no,no,2015-06-09
Q000700,14,F09403,opera_android,engine_blink,yes,no,2013-05-21
Q000701,148,F03169,firefox,source1,no,no,2026-02-24
Q000702,false,F00504,opera,engine_blink,yes,no,none
Q000703,4.4,F02549,webview_android,lineage_pair,no,no,2013-12-09
Q000704,16.4,F15623,webview_ios,engine_webkit,no,no,2023-03-27
Q000705,62,F13329,opera_android,engine_blink,yes,no,2021-02-16
Q000706,false,F17825,safari,lineage_pair,no,no,none
Q000707,5,F13925,safari_ios,engine_webkit,no,no,2011-10-12
Q000708,135,F06320,chrome,engine_blink,yes,no,2025-04-01
Q000709,43,F06599,opera_android,subtree_engine,yes,no,2017-09-27
Q000710,1,F01656,firefox,source1,no,no,2004-11-09
Q000711,26,F15058,opera,engine_blink,yes,no,2014-12-03
Q000712,9.0,F07340,oculus,random2,no,no,2020-04-24
Q000713,false,F01154,safari,engine_webkit,no,no,none
Q000714,134,F05553,chrome,engine_blink,yes,no,2025-03-04
Q000715,5.0,F12870,oculus,engine_blink,yes,no,2018-07-01
Q000716,15.1,F16118,safari,engine_webkit,no,yes,2021-10-25
Q000717,91,F03271,chrome_android,engine_blink,yes,yes,2021-05-25
Q000718,25,F02624,chrome_android,lineage_pair,no,no,2013-02-27
Q000719,12.1,F17491,opera_android,engine_blink,yes,no,2012-10-09
Q000720,117,F16205,edge,engine_blink,yes,no,2023-09-15
Q000721,26,F15058,opera_android,engine_blink,yes,no,2014-12-02
Q000722,10.1,F02529,safari,engine_webkit,no,no,2017-03-27
Q000723,16.0,F17192,oculus,lineage_pair,no,yes,2021-06-07
Q000724,67,F14822,opera,engine_blink,yes,no,2020-03-03
Q000725,10.1,F14183,safari,source1,no,no,2017-03-27
Q000726,12,F04156,opera_android,engine_blink,yes,no,2012-02-25
Q000727,false,F07135,safari_ios,engine_webkit,no,no,none
Q000728,14.0,F00241,samsunginternet_android,subtree_engine,yes,no,2021-04-17
Q000729,1.5,F17996,samsunginternet_android,engine_blink,yes,no,2013-09-25
Q000730,56,F08158,firefox,lineage_pair,no,no,2017-09-28
Q000731,3,F10930,opera,engine_blink,yes,no,1997-12-01
Q000732,false,F02756,firefox_android,lineage_pair,no,no,none
Q000733,3.5,F18328,opera,engine_blink,yes,no,1998-11-18
Q000734,18.4,F10759,safari_ios,subtree_engine,yes,yes,2025-03-31
Q000735,135,F06320,webview_android,engine_blink,yes,no,2025-04-01
Q000736,18,F17041,chrome_android,subtree_engine,yes,no,2012-06-27
Q000737,4,F11381,safari_ios,engine_webkit,no,no,2010-06-21
Q000738,3,F07894,firefox,source1,no,no,2008-06-17
Q000739,14.5,F09274,webview_ios,subtree_engine,yes,no,2021-04-26
Q000740,false,F12212,samsunginternet_android,engine_blink,yes,no,none
Q000741,110,F05077,firefox,source1,no,no,2023-02-14
Q000742,7.0,F07427,oculus,engine_blink,yes,no,2019-12-10
Q000743,121,F10199,webview_android,engine_blink,yes,no,2024-01-23
Q000744,4.4,F02522,webview_android,engine_blink,yes,no,2013-12-09
Q000745,50,F00510,chrome,subtree_engine,yes,no,2016-04-13
Q000746,16.4,F17293,webview_ios,engine_webkit,no,yes,2023-03-27
Q000747,14,F04941,safari,engine_webkit,no,no,2020-09-16
Q000748,12,F13657,edge,lineage_pair,no,no,2015-07-29
Q000749,5.0,F01062,oculus,random2,no,no,2018-07-01
Q000750,6,F15582,webview_ios,engine_webkit,no,no,2012-09-10
Q000751,25,F04491,chrome_android,subtree_engine,yes,no,2013-02-27
Q000752,129,F14191,firefox_android,subtree_engine,yes,no,2024-08-06
Q000753,44,F16970,opera_android,subtree_engine,yes,no,2017-12-11
Q000754,8,F04242,firefox_android,subtree_engine,yes,no,2011-11-08
Q000755,false,F06528,safari_ios,engine_webkit,no,no,none
Q000756,66,F15361,opera,subtree_engine,yes,no,2020-01-07
Q000757,85,F10533,opera_android,engine_blink,yes,no,2024-10-29
Q000758,11,F12394,webview_ios,engine_webkit,no,no,2017-09-19
Q000759,89,F08082,firefox,lineage_pair,no,yes,2021-06-01
Q000760,12,F02873,edge,engine_blink,yes,no,2015-07-29
Q000761,108,F05953,webview_android,engine_blink,yes,no,2022-11-29
Q000762,94,F12048,edge,engine_blink,yes,no,2021-09-24
Q000763,7.0,F04449,samsunginternet_android,subtree_engine,yes,no,2018-03-16
Q000764,false,F14389,safari_ios,engine_webkit,no,no,none
Q000765,5,F17591,chrome,source1,no,no,2010-05-25
Q000766,9,F08821,chrome,lineage_pair,no,no,2011-02-03
Q000767,63,F05701,firefox,subtree_engine,yes,no,2018-10-23
Q000768,7.0,F05636,samsunginternet_android,engine_blink,yes,no,2018-03-16
Q000769,50,F02483,chrome,engine_blink,yes,no,2016-04-13
Q000770,3,F14832,safari,subtree_engine,yes,no,2007-10-26
Q000771,1,F17410,chrome,subtree_engine,yes,no,2008-12-11
Q000772,89,F05062,firefox_android,lineage_pair,no,yes,2021-06-01
Q000773,126,F13815,edge,engine_blink,yes,no,2024-06-13
Q000774,11.3,F04576,safari_ios,derivative1,no,no,2018-03-29
Q000775,3.1,F12958,safari,engine_webkit,no,no,2008-03-18
Q000776,1.0,F18021,samsunginternet_android,subtree_engine,yes,no,2013-04-27
Q000777,14.1,F06633,safari,random2,no,no,2021-04-26
Q000778,4.4,F15103,webview_android,engine_blink,yes,no,2013-12-09
Q000779,12.0,F00241,oculus,subtree_engine,yes,no,2020-11-03
Q000780,12.2,F12521,webview_ios,engine_webkit,no,no,2019-03-25
Q000781,1,F15175,chrome,source1,no,no,2008-12-11
Q000782,15.4,F17623,safari,engine_webkit,no,no,2022-03-14
Q000783,5.0,F03595,oculus,subtree_engine,yes,no,2018-07-01
Q000784,false,F08356,edge,engine_blink,yes,no,none
Q000785,116,F00915,chrome_android,engine_blink,yes,no,2023-08-15
Q000786,false,F10990,webview_android,derivative1,no,no,none
Q000787,false,F17304,safari_ios,random2,no,no,none
Q000788,8,F17410,opera,subtree_engine,yes,no,2005-04-19
Q000789,80,F05529,chrome,subtree_engine,yes,no,2020-02-04
Q000790,11,F15088,webview_ios,derivative1,no,yes,2017-09-19
Q000791,1.0,F02544,samsunginternet_android,engine_blink,yes,no,2013-04-27
Q000792,26,F08701,safari_ios,lineage_pair,no,no,2025-09-15
Q000793,74,F07002,opera_android,engine_blink,yes,no,2023-03-13
Q000794,6,F04584,webview_ios,engine_webkit,no,no,2012-09-10
Q000795,79,F14994,firefox,lineage_pair,no,yes,2020-07-28
Q000796,136,F18121,firefox,lineage_pair,no,no,2025-03-04
Q000797,37,F06052,webview_android,engine_blink,yes,no,2014-09-03
Q000798,58,F14132,chrome,random2,no,no,2017-04-19
Q000799,15,F05712,webview_ios,engine_webkit,no,no,2021-09-20
Q000800,false,F14925,opera_android,random2,no,yes,none
Q000801,false,F15227,chrome_android,engine_blink,yes,no,none
Q000802,13.4,F09308,safari_ios,lineage_pair,no,no,2020-03-24
Q000803,false,F14520,chrome_android,engine_blink,yes,no,none
Q000804,false,F02263,safari_ios,random2,no,no,none
Q000805,128,F10533,chrome,engine_blink,yes,no,2024-08-20
Q000806,45,F00106,chrome,engine_blink,yes,no,2015-09-01
Q000807,57,F15364,opera_android,random2,no,no,2020-03-30
Q000808,52,F14774,chrome,subtree_engine,yes,no,2016-07-20
Q000809,false,F16808,webview_android,random2,no,no,none
Q000810,61,F17465,firefox,lineage_pair,no,no,2018-06-26
Q000811,false,F11694,firefox,lineage_pair,no,no,none
Q000812,12,F12972,edge,subtree_engine,yes,no,2015-07-29
Q000813,58,F13778,webview_android,subtree_engine,yes,no,2017-04-25
Q000814,6,F02190,safari_ios,random2,no,no,2012-09-10
Q000815,116,F06955,opera,derivative1,no,no,2025-01-08
Q000816,31.2,F07221,oculus,lineage_pair,no,yes,2024-01-15
Q000817,147,F11546,firefox_android,lineage_pair,no,no,2026-01-13
Q000818,43,F04225,opera_android,engine_blink,yes,no,2017-09-27
Q000819,false,F06101,opera,engine_blink,yes,no,none
Q000820,3,F16902,webview_ios,engine_webkit,no,no,2009-06-17
Q000821,12,F05431,edge,engine_blink,yes,no,2015-07-29
Q000822,false,F04388,opera,subtree_engine,yes,no,none
Q000823,117,F10607,chrome,random2,no,no,2023-09-12
Q000824,false,F15227,webview_android,engine_blink,yes,no,none
Q000825,12.1,F02324,opera,engine_blink,yes,no,2012-11-20
Q000826,false,F02811,webview_android,subtree_engine,yes,no,none
Q000827,6.0,F03939,oculus,subtree_engine,yes,no,2019-08-12
Q000828,15,F02544,chrome,engine_blink,yes,no,2011-10-25
Q000829,5,F12367,webview_ios,engine_webkit,no,yes,2011-10-12
Q000830,97,F16549,opera,random2,no,no,2023-03-22
Q000831,5.0,F08270,oculus,engine_blink,yes,no,2018-07-01
Q000832,12,F10367,edge,lineage_pair,no,no,2015-07-29
Q000833,12.2,F09353,safari_ios,engine_webkit,no,no,2019-03-25
Q000834,10.3,F00338,webview_ios,engine_webkit,no,no,2017-03-27
Q000835,false,F04836,chrome_android,random2,no,no,none
Q000836,7,F01183,safari_ios,lineage_pair,no,no,2013-09-18
Q000837,91,F08695,chrome,source1,no,yes,2021-05-25
Q000838,false,F03256,safari_ios,engine_webkit,no,no,none
Q000839,1.5,F10805,samsunginternet_android,engine_blink,yes,no,2013-09-25
Q000840,2,F17710,safari,random2,no,no,2005-04-29
Q000841,false,F14706,safari_ios,engine_webkit,no,no,none
Q000842,false,F08258,chrome_android,subtree_engine,yes,no,none
Q000843,136,F08588,chrome,subtree_engine,yes,no,2025-04-29
Q000844,79,F08874,edge,engine_blink,yes,no,2020-01-15
Q000845,12.1,F08232,opera,engine_blink,yes,no,2012-11-20
Q000846,120,F10503,chrome_android,engine_blink,yes,yes,2023-12-05
Q000847,145,F05919,webview_android,engine_blink,yes,no,2026-02-10
Q000848,26,F02685,safari,engine_webkit,no,no,2025-09-15
Q000849,25,F17072,opera,engine_blink,yes,no,2014-10-15
Q000850,5.0,F04594,oculus,engine_blink,yes,no,2018-07-01
Q000851,57,F01331,chrome_android,derivative1,no,yes,2017-03-16
Q000852,false,F08765,firefox,lineage_pair,no,no,none
Q000853,false,F16486,chrome,engine_blink,yes,no,none
Q000854,false,F10762,firefox,source1,no,no,none
Q000855,61,F06672,webview_android,engine_blink,yes,no,2017-09-05
Q000856,false,F02823,firefox,source1,no,no,none
Q000857,false,F09832,chrome,subtree_engine,yes,yes,none
Q000858,43,F08893,opera,subtree_engine,yes,no,2017-02-07
Q000859,1,F06530,chrome,engine_blink,yes,no,2008-12-11
Q000860,1.5,F10904,firefox,source1,no,no,2005-11-29
Q000861,false,F12868,safari,engine_webkit,no,yes,none
Q000862,34,F06196,oculus,engine_blink,yes,no,2024-06-26
Q000863,4.4,F07182,webview_android,engine_blink,yes,no,2013-12-09
Q000864,8,F15853,safari,engine_webkit,no,no,2014-10-16
Q000865,5.0,F07325,oculus,engine_blink,yes,no,2018-07-01
Q000866,79,F17827,edge,subtree_engine,yes,no,2020-01-15
Q000867,18,F00871,edge,lineage_pair,no,yes,2018-10-02
Q000868,false,F16756,firefox,source1,no,no,none
Q000869,56,F05508,chrome,lineage_pair,no,no,2017-01-25
Q000870,138,F16638,edge,engine_blink,yes,no,2025-06-26
Q000871,9.3,F14220,safari_ios,lineage_pair,no,no,2016-03-21
Q000872,86,F00639,chrome,subtree_engine,yes,no,2020-10-20
Q000873,16.1,F16945,webview_ios,engine_webkit,no,no,2022-10-24
Q000874,80,F14822,edge,engine_blink,yes,no,2020-02-07
Q000875,96,F02721,edge,lineage_pair,no,no,2021-11-19
Q000876,3,F02809,safari,subtree_engine,yes,no,2007-10-26
Q000877,false,F08481,opera_android,engine_blink,yes,no,none
Q000878,58,F08893,chrome_android,subtree_engine,yes,no,2017-04-25
Q000879,15,F18513,opera,engine_blink,yes,no,2013-07-02
Q000880,146,F00694,chrome,engine_blink,yes,no,2026-03-10
Q000881,16.4,F04621,safari,random2,no,yes,2023-03-27
Q000882,14,F13661,opera_android,derivative1,no,no,2013-05-21
Q000883,14.1,F00156,safari,engine_webkit,no,no,2021-04-26
Q000884,3.2,F13522,webview_ios,engine_webkit,no,no,2010-04-03
Q000885,16.4,F16210,safari_ios,engine_webkit,no,no,2023-03-27
Q000886,15,F12352,opera,lineage_pair,no,no,2013-07-02
Q000887,false,F03857,webview_ios,lineage_pair,no,no,none
Q000888,105,F01876,webview_android,subtree_engine,yes,no,2022-09-02
Q000889,1.0,F09282,samsunginternet_android,engine_blink,yes,no,2013-04-27
Q000890,5.0,F17445,oculus,engine_blink,yes,no,2018-07-01
Q000891,16.4,F10870,safari_ios,engine_webkit,no,yes,2023-03-27
Q000892,84,F14808,chrome,subtree_engine,yes,no,2020-07-27
Q000893,12.1,F00376,safari,engine_webkit,no,no,2019-03-25
Q000894,false,F09832,webview_android,subtree_engine,yes,yes,none
Q000895,10.1,F00338,safari,engine_webkit,no,no,2017-03-27
Q000896,41,F10679,opera_android,engine_blink,yes,no,2016-10-25
Q000897,66,F04995,chrome_android,subtree_engine,yes,no,2018-04-17
Q000898,57,F05744,chrome_android,engine_blink,yes,yes,2017-03-16
Q000899,15,F16930,opera,engine_blink,yes,no,2013-07-02
Q000900,1,F07182,chrome,engine_blink,yes,no,2008-12-11
Q000901,false,F13966,firefox,subtree_engine,yes,no,none
Q000902,103,F01036,webview_android,subtree_engine,yes,no,2022-06-21
Q000903,false,F06713,webview_ios,random2,no,no,none
Q000904,12.1,F03286,opera_android,engine_blink,yes,no,2012-10-09
Q000905,1.5,F17137,samsunginternet_android,engine_blink,yes,no,2013-09-25
Q000906,1,F04759,safari,source1,no,no,2003-06-23
Q000907,16,F10887,edge,random2,no,yes,2017-10-17
Q000908,false,F04664,webview_ios,engine_webkit,no,no,none
Q000909,106,F11221,webview_android,engine_blink,yes,no,2022-09-27
Q000910,76,F14081,webview_android,subtree_engine,yes,no,2019-07-30
Q000911,34,F08994,firefox,source1,no,no,2014-12-01
Q000912,14.1,F10251,safari,random2,no,no,2021-04-26
Q000913,11.1,F14739,safari,engine_webkit,no,no,2018-04-12
Q000914,4,F03746,chrome,source1,no,no,2010-01-25
Q000915,93,F07444,chrome,engine_blink,yes,no,2021-08-31
Q000916,83,F08968,opera_android,engine_blink,yes,no,2024-06-25
Q000917,4,F10542,safari,engine_webkit,no,no,2009-06-08
Q000918,70,F14901,firefox,lineage_pair,no,no,2019-10-22
Q000919,88,F02894,opera_android,random2,no,no,2025-03-19
Q000920,18,F07242,chrome_android,engine_blink,yes,no,2012-06-27
Q000921,91,F04322,chrome,engine_blink,yes,yes,2021-05-25
Q000922,false,F10586,webview_android,engine_blink,yes,no,none
Q000923,18,F07072,chrome_android,engine_blink,yes,no,2012-06-27
Q000924,16,F08903,safari,subtree_engine,yes,no,2022-09-12
Q000925,10.1,F07075,safari,engine_webkit,no,no,2017-03-27
Q000926,72,F07042,opera,subtree_engine,yes,no,2020-10-21
Q000927,79,F01365,edge,subtree_engine,yes,no,2020-01-15
Q000928,72,F09106,opera,subtree_engine,yes,no,2020-10-21
Q000929,11,F17558,safari_ios,random2,no,yes,2017-09-19
Q000930,false,F02809,webview_ios,subtree_engine,yes,no,none
Q000931,21.0,F18500,samsunginternet_android,engine_blink,yes,no,2023-05-19
Q000932,12,F16241,edge,derivative1,no,no,2015-07-29
Q000933,9,F04565,safari_ios,lineage_pair,no,no,2015-09-16
Q000934,97,F07913,chrome,engine_blink,yes,no,2022-01-04
Q000935,7,F04434,firefox_android,derivative1,no,no,2011-09-27
Q000936,91,F15189,chrome_android,derivative1,no,yes,2021-05-25
Q000937,55,F09714,chrome_android,engine_blink,yes,no,2016-12-06
Q000938,61,F12925,chrome,lineage_pair,no,no,2017-09-05
Q000939,4,F09587,firefox_android,random2,no,no,2011-03-29
Q000940,57,F02591,chrome,engine_blink,yes,no,2017-03-09
Q000941,false,F00694,samsunginternet_android,engine_blink,yes,no,none
Q000942,123,F13689,opera,engine_blink,yes,no,2025-10-28
Q000943,6,F11396,firefox_android,lineage_pair,no,no,2011-08-16
Q000944,24,F18272,chrome,subtree_engine,yes,no,2013-01-10
Q000945,5.0,F04271,oculus,random2,no,no,2018-07-01
Q000946,86,F07042,chrome,subtree_engine,yes,no,2020-10-20
Q000947,18,F03413,chrome_android,engine_blink,yes,no,2012-06-27
Q000948,26,F15574,webview_ios,engine_webkit,no,no,2025-09-15
Q000949,4.2,F07278,webview_ios,engine_webkit,no,no,2010-11-22
Q000950,58,F01799,webview_android,subtree_engine,yes,no,2017-04-25
Q000951,14,F16811,opera_android,derivative1,no,no,2013-05-21
Q000952,12.1,F12605,opera_android,engine_blink,yes,no,2012-10-09
Q000953,126,F13623,chrome,engine_blink,yes,no,2024-06-11
Q000954,97,F16975,firefox,source1,no,no,2022-02-08
Q000955,12,F15568,edge,random2,no,no,2015-07-29
Q000956,30,F06268,opera,engine_blink,yes,no,2015-06-09
Q000957,75,F06545,webview_android,engine_blink,yes,yes,2019-06-04
Q000958,false,F10903,webview_ios,subtree_engine,yes,no,none
Q000959,10,F01004,safari,engine_webkit,no,no,2016-09-20
Q000960,16,F16820,safari_ios,subtree_engine,yes,no,2022-09-12
Q000961,false,F06523,safari_ios,engine_webkit,no,no,none
Q000962,18,F10275,chrome_android,random2,no,no,2012-06-27
Q000963,60,F08979,chrome,subtree_engine,yes,no,2017-07-25
Q000964,14,F08089,opera_android,engine_blink,yes,no,2013-05-21
Q000965,27.0,F09549,samsunginternet_android,subtree_engine,yes,no,2024-11-06
Q000966,76,F05698,webview_android,engine_blink,yes,no,2019-07-30
Q000967,96,F08518,chrome,lineage_pair,no,no,2021-11-15
Q000968,1,F10872,chrome,engine_blink,yes,no,2008-12-11
Q000969,1.5,F03638,samsunginternet_android,random2,no,no,2013-09-25
Q000970,86,F06418,chrome,subtree_engine,yes,no,2020-10-20
Q000971,15.4,F08104,safari,subtree_engine,yes,no,2022-03-14
Q000972,12.1,F17996,opera_android,engine_blink,yes,no,2012-10-09
Q000973,false,F10664,opera,subtree_engine,yes,no,none
Q000974,26,F01009,webview_ios,engine_webkit,no,no,2025-09-15
Q000975,1,F00945,webview_ios,engine_webkit,no,no,2007-06-29
Q000976,58,F12484,chrome_android,subtree_engine,yes,no,2017-04-25
Q000977,false,F15490,firefox_android,subtree_engine,yes,no,none
Q000978,126,F14345,chrome,engine_blink,yes,no,2024-06-11
Q000979,52,F14175,webview_android,subtree_engine,yes,no,2016-07-27
Q000980,8,F16700,webview_ios,lineage_pair,no,no,2014-09-17
Q000981,5.0,F09662,oculus,derivative1,no,no,2018-07-01
Q000982,4.4,F17799,webview_android,engine_blink,yes,no,2013-12-09
Q000983,47,F15674,opera,subtree_engine,yes,no,2017-08-09
Q000984,3,F13416,safari_ios,engine_webkit,no,no,2009-06-17
Q000985,94,F11587,edge,engine_blink,yes,no,2021-09-24
Q000986,false,F01796,safari_ios,subtree_engine,yes,no,none
Q000987,89,F15043,firefox_android,lineage_pair,no,yes,2021-06-01
Q000988,5.0,F05235,oculus,subtree_engine,yes,no,2018-07-01
Q000989,false,F05892,firefox,source1,no,no,none
Q000990,109,F07381,chrome,engine_blink,yes,yes,2023-01-10
Q000991,113,F00779,opera,engine_blink,yes,no,2024-08-22
Q000992,30.0,F10567,samsunginternet_android,engine_blink,yes,no,2026-05-11
Q000993,16.4,F01501,safari,engine_webkit,no,no,2023-03-27
Q000994,false,F15562,chrome,engine_blink,yes,no,none
Q000995,96,F10137,edge,engine_blink,yes,yes,2021-11-19
Q000996,false,F04423,webview_ios,engine_webkit,no,no,none
Q000997,143,F00365,edge,engine_blink,yes,no,2025-12-05
Q000998,115,F05604,firefox_android,random2,no,no,2023-07-04
Q000999,16.4,F05121,safari,random2,no,yes,2023-03-27
Q001000,94,F05953,opera,engine_blink,yes,no,2022-12-15
Q001001,64,F15807,opera_android,lineage_pair,no,yes,2021-05-25
Q001002,60,F09954,opera_android,engine_blink,yes,yes,2020-09-23
Q001003,20.0,F12563,samsunginternet_android,derivative1,no,no,2023-02-10
Q001004,8,F03520,firefox,subtree_engine,yes,no,2011-11-08
Q001005,129,F17687,edge,engine_blink,yes,no,2024-09-19
Q001006,16,F17933,edge,engine_blink,yes,no,2017-10-17
Q001007,80,F16336,chrome,subtree_engine,yes,no,2020-02-04
Q001008,129,F16222,chrome,engine_blink,yes,no,2024-09-17
Q001009,70,F11599,opera,random2,no,no,2020-07-27
Q001010,false,F05441,safari,lineage_pair,no,no,none
Q001011,72,F03266,opera,subtree_engine,yes,no,2020-10-21
Q001012,1,F03850,chrome,random2,no,no,2008-12-11
Q001013,131,F06043,opera,subtree_engine,yes,no,2026-04-29
Q001014,79,F04170,edge,engine_blink,yes,no,2020-01-15
Q001015,109,F14522,webview_android,engine_blink,yes,yes,2023-01-10
Q001016,18.4,F12658,safari,subtree_engine,yes,yes,2025-03-31
Q001017,58,F11437,webview_android,subtree_engine,yes,no,2017-04-25
Q001018,9,F12506,safari_ios,engine_webkit,no,no,2015-09-16
Q001019,69,F08952,firefox,lineage_pair,no,no,2019-09-03
Q001020,16,F10219,firefox,subtree_engine,yes,no,2012-10-09
Q001021,18,F02748,chrome_android,engine_blink,yes,no,2012-06-27
Q001022,5.0,F08243,oculus,derivative1,no,no,2018-07-01
Q001023,8,F14889,safari_ios,engine_webkit,no,no,2014-09-17
Q001024,4.4,F06280,webview_android,engine_blink,yes,no,2013-12-09
Q001025,false,F15472,safari_ios,engine_webkit,no,no,none
Q001026,26,F11255,firefox_android,lineage_pair,no,no,2013-12-10
Q001027,102,F13152,chrome,lineage_pair,no,no,2022-05-24
Q001028,9,F13230,safari,subtree_engine,yes,no,2015-09-30
Q001029,127,F07981,firefox,subtree_engine,yes,no,2024-06-11
Q001030,79,F11278,edge,subtree_engine,yes,no,2020-01-15
Q001031,137,F00738,edge,random2,no,no,2025-05-29
Q001032,false,F09130,opera,random2,no,yes,none
Q001033,127,F02849,firefox,subtree_engine,yes,no,2024-06-11
Q001034,26,F07416,webview_ios,random2,no,no,2025-09-15
Q001035,88,F07717,opera,random2,no,no,2022-06-08
Q001036,58,F17498,chrome_android,subtree_engine,yes,no,2017-04-25
Q001037,1,F12203,webview_ios,engine_webkit,no,no,2007-06-29
Q001038,125,F01829,chrome_android,engine_blink,yes,no,2024-05-14
Q001039,false,F02259,safari_ios,engine_webkit,no,no,none
Q001040,5.0,F08947,oculus,engine_blink,yes,no,2018-07-01
Q001041,5.0,F13976,oculus,engine_blink,yes,no,2018-07-01
Q001042,18,F01204,chrome_android,engine_blink,yes,no,2012-06-27
Q001043,1.0,F13775,samsunginternet_android,random2,no,no,2013-04-27
Q001044,45,F00106,chrome_android,engine_blink,yes,no,2015-09-01
Q001045,1,F15757,webview_ios,engine_webkit,no,no,2007-06-29
Q001046,56,F18210,chrome,subtree_engine,yes,no,2017-01-25
Q001047,5.0,F13758,oculus,engine_blink,yes,no,2018-07-01
Q001048,false,F02052,oculus,derivative1,no,no,none
Q001049,80,F18074,chrome_android,engine_blink,yes,no,2020-02-04
Q001050,85,F00765,edge,engine_blink,yes,no,2020-08-27
Q001051,58,F13562,webview_android,subtree_engine,yes,no,2017-04-25
Q001052,5.0,F08124,oculus,engine_blink,yes,no,2018-07-01
Q001053,4.4,F00302,webview_android,engine_blink,yes,no,2013-12-09
Q001054,15,F13772,edge,engine_blink,yes,no,2017-04-05
Q001055,5,F14898,webview_ios,engine_webkit,no,no,2011-10-12
Q001056,15.4,F08230,safari_ios,lineage_pair,no,no,2022-03-14
Q001057,14.5,F00208,webview_ios,engine_webkit,no,no,2021-04-26
Q001058,83,F13815,opera_android,engine_blink,yes,no,2024-06-25
Q001059,9.0,F06083,oculus,engine_blink,yes,no,2020-04-24
Q001060,116,F00915,edge,engine_blink,yes,no,2023-08-21
Q001061,5,F04820,firefox,source1,no,no,2011-06-21
Q001062,9.5,F06709,opera,subtree_engine,yes,no,2008-06-12
Q001063,false,F01904,edge,engine_blink,yes,no,none
Q001064,27,F10141,safari,source1,no,no,2026-09-14
Q001065,false,F15472,safari,engine_webkit,no,no,none
Q001066,48,F11493,chrome,engine_blink,yes,no,2016-01-20
Q001067,1,F04394,safari_ios,engine_webkit,no,no,2007-06-29
Q001068,false,F06853,webview_ios,engine_webkit,no,no,none
Q001069,116,F04878,chrome,lineage_pair,no,no,2023-08-15
Q001070,26.2,F17058,safari,engine_webkit,no,no,2025-12-12
Q001071,89,F02061,chrome_android,random2,no,no,2021-03-02
Q001072,12.2,F11111,safari_ios,lineage_pair,no,no,2019-03-25
Q001073,32,F13755,opera,lineage_pair,no,no,2015-09-15
Q001074,46,F18187,chrome_android,engine_blink,yes,no,2015-10-14
Q001075,1,F00537,safari_ios,engine_webkit,no,no,2007-06-29
Q001076,26,F08517,safari_ios,engine_webkit,no,no,2025-09-15
Q001077,68,F08086,webview_android,engine_blink,yes,no,2018-07-24
Q001078,5.0,F08748,oculus,engine_blink,yes,no,2018-07-01
Q001079,153,F06478,firefox,subtree_engine,yes,no,2026-07-21
Q001080,13,F16317,safari_ios,subtree_engine,yes,no,2019-09-19
Q001081,133,F04971,webview_android,engine_blink,yes,no,2025-02-04
Q001082,10.1,F05285,opera_android,lineage_pair,no,no,2010-11-09
Q001083,91,F13398,chrome_android,subtree_engine,yes,no,2021-05-25
Q001084,16.4,F01644,safari,engine_webkit,no,no,2023-03-27
Q001085,26,F13133,safari_ios,engine_webkit,no,no,2025-09-15
Q001086,21.0,F05586,samsunginternet_android,engine_blink,yes,no,2023-05-19
Q001087,58,F13778,chrome_android,subtree_engine,yes,no,2017-04-25
Q001088,18,F07808,chrome_android,engine_blink,yes,no,2012-06-27
Q001089,4.4,F17196,webview_android,engine_blink,yes,no,2013-12-09
Q001090,6.0,F11715,oculus,engine_blink,yes,no,2019-08-12
Q001091,67,F05864,chrome,lineage_pair,no,no,2018-05-29
Q001092,18,F15527,edge,engine_blink,yes,no,2018-10-02
Q001093,false,F13047,webview_ios,engine_webkit,no,no,none
Q001094,1.2,F05799,safari,subtree_engine,yes,no,2004-02-02
Q001095,13.1,F17685,safari,random2,no,no,2020-03-24
Q001096,17.0,F00878,samsunginternet_android,random2,no,no,2022-05-04
Q001097,23,F17996,chrome,engine_blink,yes,no,2012-11-06
Q001098,1.0,F07242,samsunginternet_android,engine_blink,yes,no,2013-04-27
Q001099,13.0,F11974,samsunginternet_android,subtree_engine,yes,no,2020-12-02
Q001100,79,F17834,edge,subtree_engine,yes,no,2020-01-15
Q001101,false,F03639,chrome_android,engine_blink,yes,no,none
Q001102,false,F01620,safari,engine_webkit,no,no,none
Q001103,false,F03639,samsunginternet_android,engine_blink,yes,no,none
Q001104,3.2,F16547,safari_ios,engine_webkit,no,no,2010-04-03
Q001105,false,F17776,chrome_android,engine_blink,yes,yes,none
Q001106,64,F01430,opera_android,lineage_pair,no,yes,2021-05-25
Q001107,false,F08027,safari,engine_webkit,no,yes,none
Q001108,58,F14413,opera_android,random2,no,no,2020-05-13
Q001109,80,F10229,webview_android,subtree_engine,yes,no,2020-02-04
Q001110,98,F06043,opera_android,subtree_engine,yes,no,2026-05-05
Q001111,10.3,F10160,safari_ios,derivative1,no,no,2017-03-27
Q001112,false,F13080,safari_ios,subtree_engine,yes,no,none
Q001113,4.4,F11738,webview_android,derivative1,no,no,2013-12-09
Q001114,17.2,F15699,webview_ios,lineage_pair,no,no,2023-12-11
Q001115,3,F17487,safari,source1,no,no,2007-10-26
Q001116,94,F10116,edge,engine_blink,yes,no,2021-09-24
Q001117,8.0,F06672,samsunginternet_android,engine_blink,yes,no,2018-07-18
Q001118,79,F02890,edge,engine_blink,yes,no,2020-01-15
Q001119,14,F09512,opera_android,engine_blink,yes,no,2013-05-21
Q001120,16.4,F13993,safari_ios,engine_webkit,no,no,2023-03-27
Q001121,26,F10325,safari,lineage_pair,no,no,2025-09-15
Q001122,2,F06617,safari,engine_webkit,no,no,2005-04-29
Q001123,1,F02404,webview_ios,engine_webkit,no,no,2007-06-29
Q001124,8.0,F18495,oculus,engine_blink,yes,no,2020-02-10
Q001125,5.0,F10180,oculus,random2,no,no,2018-07-01
Q001126,33,F06821,oculus,engine_blink,yes,no,2024-04-24
Q001127,15,F04929,firefox,lineage_pair,no,no,2012-08-28
Q001128,125,F01454,chrome,source1,no,no,2024-05-14
Q001129,14.0,F09106,samsunginternet_android,subtree_engine,yes,no,2021-04-17
Q001130,7.0,F05684,samsunginternet_android,engine_blink,yes,yes,2018-03-16
Q001131,16.4,F04190,safari,engine_webkit,no,no,2023-03-27
Q001132,151,F01762,edge,random2,no,no,2026-07-31
Q001133,15,F13931,opera,subtree_engine,yes,no,2013-07-02
Q001134,126,F06259,edge,engine_blink,yes,no,2024-06-13
Q001135,1.0,F11454,samsunginternet_android,engine_blink,yes,no,2013-04-27
Q001136,86,F00917,opera_android,engine_blink,yes,no,2024-12-02
Q001137,5,F02848,chrome,engine_blink,yes,no,2010-05-25
Q001138,12.1,F10486,opera_android,engine_blink,yes,no,2012-10-09
Q001139,79,F18495,chrome,engine_blink,yes,no,2019-12-10
Q001140,111,F01829,opera,engine_blink,yes,no,2024-06-12
Q001141,1,F07455,firefox,source1,no,no,2004-11-09
Q001142,false,F13986,webview_ios,engine_webkit,no,no,none
Q001143,12.1,F08552,opera_android,engine_blink,yes,no,2012-10-09
Q001144,26,F05758,webview_ios,engine_webkit,no,no,2025-09-15
Q001145,4,F17952,firefox_android,random2,no,no,2011-03-29
Q001146,66,F10736,chrome_android,subtree_engine,yes,no,2018-04-17
Q001147,26,F07910,safari,subtree_engine,yes,no,2025-09-15
Q001148,5.0,F09646,oculus,subtree_engine,yes,no,2018-07-01
Q001149,14.5,F12915,webview_ios,random2,no,no,2021-04-26
Q001150,11.1,F15620,safari,engine_webkit,no,no,2018-04-12
Q001151,56,F11461,chrome,subtree_engine,yes,no,2017-01-25
Q001152,3,F11658,webview_android,random2,no,no,2011-02-22
Q001153,1,F12777,chrome,engine_blink,yes,no,2008-12-11
Q001154,38,F10535,opera,random2,no,no,2016-06-08
Q001155,9,F01404,chrome,engine_blink,yes,no,2011-02-03
Q001156,12,F11274,edge,engine_blink,yes,no,2015-07-29
Q001157,false,F16333,webview_android,engine_blink,yes,no,none
Q001158,109,F13385,chrome,engine_blink,yes,yes,2023-01-10
Q001159,5.0,F17401,oculus,engine_blink,yes,no,2018-07-01
Q001160,91,F03426,chrome_android,random2,no,yes,2021-05-25
Q001161,29.0,F05308,samsunginternet_android,engine_blink,yes,no,2025-10-25
Q001162,1,F01938,webview_ios,engine_webkit,no,no,2007-06-29
Q001163,108,F13228,chrome,engine_blink,yes,no,2022-11-29
Q001164,133,F07628,chrome_android,engine_blink,yes,no,2025-02-04
Q001165,57,F17363,chrome_android,engine_blink,yes,no,2017-03-16
Q001166,12,F03378,edge,random2,no,no,2015-07-29
Q001167,14,F03730,opera_android,engine_blink,yes,no,2013-05-21
Q001168,40,F11157,chrome_android,engine_blink,yes,no,2015-01-21
Q001169,8,F01655,safari_ios,engine_webkit,no,no,2014-09-17
Q001170,60,F04761,chrome,subtree_engine,yes,no,2017-07-25
Q001171,4,F07138,firefox_android,lineage_pair,no,no,2011-03-29
Q001172,147,F06043,webview_android,subtree_engine,yes,no,2026-04-07
Q001173,4,F13582,safari,source1,no,no,2009-06-08
Q001174,14,F06481,safari_ios,engine_webkit,no,no,2020-09-16
Q001175,72,F01102,opera,subtree_engine,yes,no,2020-10-21
Q001176,1,F05622,safari,engine_webkit,no,no,2003-06-23
Q001177,5,F11109,webview_ios,engine_webkit,no,no,2011-10-12
Q001178,43,F01365,opera,subtree_engine,yes,no,2017-02-07
Q001179,false,F17774,firefox_android,lineage_pair,no,no,none
Q001180,5.0,F14298,oculus,engine_blink,yes,no,2018-07-01
Q001181,4,F01589,firefox_android,lineage_pair,no,no,2011-03-29
Q001182,28.0,F17838,samsunginternet_android,engine_blink,yes,no,2025-04-02
Q001183,1,F09536,safari_ios,lineage_pair,no,no,2007-06-29
Q001184,52,F14774,chrome_android,subtree_engine,yes,no,2016-07-27
Q001185,11,F11853,safari,source1,no,yes,2017-09-19
Q001186,13.0,F10229,samsunginternet_android,subtree_engine,yes,no,2020-12-02
Q001187,34,F00750,opera,derivative1,no,no,2015-12-08
Q001188,10,F08892,safari,engine_webkit,no,no,2016-09-20
Q001189,1.0,F12777,samsunginternet_android,engine_blink,yes,no,2013-04-27
Q001190,79,F14240,edge,engine_blink,yes,no,2020-01-15
Q001191,12.1,F10203,opera,random2,no,no,2012-11-20
Q001192,71,F08863,chrome,engine_blink,yes,no,2018-12-04
Q001193,4,F13147,firefox_android,derivative1,no,no,2011-03-29
Q001194,109,F01921,chrome,engine_blink,yes,yes,2023-01-10
Q001195,3,F08441,firefox,source1,no,no,2008-06-17
Q001196,6.0,F04170,oculus,engine_blink,yes,no,2019-08-12
Q001197,26,F16413,safari,source1,no,no,2025-09-15
Q001198,false,F07651,webview_android,derivative1,no,no,none
Q001199,11,F18017,safari,lineage_pair,no,yes,2017-09-19
Q001200,24,F04312,chrome,subtree_engine,yes,no,2013-01-10
Q001201,1,F11763,chrome,engine_blink,yes,no,2008-12-11
Q001202,false,F05879,chrome,engine_blink,yes,no,none
Q001203,false,F03101,firefox,subtree_engine,yes,no,none
Q001204,128,F02189,chrome,source1,no,no,2024-08-20
Q001205,48,F07977,opera_android,engine_blink,yes,no,2018-11-08
Q001206,6,F14371,safari,source1,no,no,2012-07-25
Q001207,87,F01411,chrome,lineage_pair,no,no,2020-11-17
Q001208,128,F11151,opera,random2,no,no,2026-02-26
Q001209,94,F01017,chrome_android,engine_blink,yes,no,2021-09-21
Q001210,false,F00272,oculus,engine_blink,yes,no,none
Q001211,4,F09174,safari,engine_webkit,no,no,2009-06-08
Q001212,79,F08222,chrome_android,subtree_engine,yes,no,2019-12-17
Q001213,3,F07047,safari,engine_webkit,no,no,2007-10-26
Q001214,92,F07801,webview_android,engine_blink,yes,no,2021-07-20
Q001215,16.0,F13551,samsunginternet_android,subtree_engine,yes,no,2021-11-25
Q001216,15,F06231,firefox_android,random2,no,no,2012-08-28
Q001217,52,F05419,chrome_android,engine_blink,yes,no,2016-07-27
Q001218,26,F09647,webview_ios,lineage_pair,no,no,2025-09-15
Q001219,1,F09938,safari,engine_webkit,no,no,2003-06-23
Q001220,false,F11960,chrome,lineage_pair,no,yes,none
Q001221,25,F13931,chrome_android,subtree_engine,yes,no,2013-02-27
Q001222,false,F15435,firefox_android,lineage_pair,no,no,none
Q001223,false,F15668,firefox,source1,no,no,none
Q001224,10,F10983,webview_ios,engine_webkit,no,yes,2016-09-13
Q001225,5,F01336,safari_ios,engine_webkit,no,yes,2011-10-12
Q001226,11,F04975,safari,lineage_pair,no,yes,2017-09-19
Q001227,18,F10486,chrome_android,engine_blink,yes,no,2012-06-27
Q001228,25,F09605,chrome_android,derivative1,no,no,2013-02-27
Q001229,58,F04741,webview_android,engine_blink,yes,no,2017-04-25
Q001230,28.0,F10533,samsunginternet_android,engine_blink,yes,no,2025-04-02
Q001231,57,F09277,opera_android,engine_blink,yes,no,2020-03-30
Q001232,false,F13986,safari_ios,engine_webkit,no,no,none
Q001233,false,F08747,safari,subtree_engine,yes,no,none
Q001234,15.0,F07025,samsunginternet_android,lineage_pair,no,no,2021-08-13
Q001235,56,F07606,firefox_android,lineage_pair,no,no,2017-09-28
Q001236,false,F05259,safari,lineage_pair,no,no,none
Q001237,1.0,F12985,samsunginternet_android,engine_blink,yes,no,2013-04-27
Q001238,66,F10116,opera_android,engine_blink,yes,no,2021-12-15
Q001239,85,F00765,webview_android,engine_blink,yes,no,2020-08-25
Q001240,43,F05684,opera_android,engine_blink,yes,yes,2017-09-27
Q001241,97,F04459,opera,engine_blink,yes,no,2023-03-22
Q001242,6,F07822,webview_ios,lineage_pair,no,no,2012-09-10
Q001243,58,F14132,webview_android,random2,no,no,2017-04-25
Q001244,11,F14051,safari_ios,engine_webkit,no,no,2017-09-19
Q001245,15,F03966,webview_ios,engine_webkit,no,no,2021-09-20
Q001246,134,F00201,webview_android,engine_blink,yes,no,2025-03-04
Q001247,1.0,F15613,samsunginternet_android,subtree_engine,yes,no,2013-04-27
Q001248,122,F17767,chrome_android,engine_blink,yes,no,2024-02-20
Q001249,15,F06655,safari,source1,no,no,2021-09-20
Q001250,false,F10667,safari,engine_webkit,no,no,none
Q001251,8,F10517,safari_ios,engine_webkit,no,no,2014-09-17
Q001252,113,F18110,opera,engine_blink,yes,no,2024-08-22
Q001253,57,F02811,opera_android,subtree_engine,yes,no,2020-03-30
Q001254,12.1,F08783,safari,lineage_pair,no,no,2019-03-25
Q001255,84,F09419,webview_android,engine_blink,yes,no,2020-07-27
Q001256,99,F16528,edge,derivative1,no,no,2022-03-03
Q001257,false,F02547,chrome,engine_blink,yes,no,none
Q001258,3,F08947,webview_android,engine_blink,yes,no,2011-02-22
Q001259,false,F06786,firefox,subtree_engine,yes,no,none
Q001260,1,F13525,webview_ios,engine_webkit,no,no,2007-06-29
Q001261,16,F04376,safari,engine_webkit,no,no,2022-09-12
Q001262,110,F03736,opera,engine_blink,yes,no,2024-05-14
Q001263,15,F11307,opera,lineage_pair,no,no,2013-07-02
Q001264,26,F17667,safari,subtree_engine,yes,no,2025-09-15
Q001265,false,F17055,safari_ios,subtree_engine,yes,no,none
Q001266,86,F07042,edge,subtree_engine,yes,no,2020-10-09
Q001267,148,F16824,firefox,lineage_pair,no,yes,2026-02-24
Q001268,3,F02981,chrome,source1,no,no,2009-09-15
Q001269,13.1,F08148,safari,engine_webkit,no,no,2020-03-24
Q001270,5.0,F03582,oculus,subtree_engine,yes,no,2018-07-01
Q001271,6.0,F03321,samsunginternet_android,engine_blink,yes,no,2017-08-23
Q001272,60,F03753,chrome_android,derivative1,no,yes,2017-08-01
Q001273,false,F02424,safari_ios,subtree_engine,yes,no,none
Q001274,109,F03611,chrome,source1,no,yes,2023-01-10
Q001275,95,F17402,firefox_android,lineage_pair,no,no,2021-12-07
Q001276,120,F18251,edge,engine_blink,yes,no,2023-12-07
Q001277,71,F05952,opera,engine_blink,yes,no,2020-09-15
Q001278,69,F10811,webview_android,engine_blink,yes,no,2018-09-04
Q001279,77,F09073,chrome,engine_blink,yes,no,2019-09-10
Q001280,false,F17722,oculus,engine_blink,yes,no,none
Q001281,8.0,F15319,samsunginternet_android,subtree_engine,yes,no,2018-07-18
Q001282,79,F11461,edge,subtree_engine,yes,no,2020-01-15
Q001283,false,F00504,edge,engine_blink,yes,no,none
Q001284,18,F06247,chrome_android,engine_blink,yes,no,2012-06-27
Q001285,79,F00666,edge,subtree_engine,yes,no,2020-01-15
Q001286,6,F17750,safari_ios,engine_webkit,no,no,2012-09-10
Q001287,16.4,F01501,safari_ios,engine_webkit,no,no,2023-03-27
Q001288,6,F16337,safari_ios,engine_webkit,no,no,2012-09-10
Q001289,51,F14405,chrome_android,random2,no,no,2016-06-08
Q001290,47,F16970,opera,subtree_engine,yes,no,2017-08-09
Q001291,96,F05919,opera_android,engine_blink,yes,no,2026-03-10
Q001292,false,F01154,webview_ios,engine_webkit,no,no,none
Q001293,18,F16689,chrome_android,lineage_pair,no,no,2012-06-27
Q001294,14.0,F06860,samsunginternet_android,engine_blink,yes,no,2021-04-17
Q001295,5.0,F13778,oculus,subtree_engine,yes,no,2018-07-01
Q001296,66,F12363,webview_android,derivative1,no,no,2018-04-17
Q001297,16.0,F16661,samsunginternet_android,subtree_engine,yes,no,2021-11-25
Q001298,143,F03247,edge,engine_blink,yes,no,2025-12-05
Q001299,69,F12569,chrome,engine_blink,yes,no,2018-09-04
Q001300,77,F09073,chrome_android,engine_blink,yes,no,2019-09-10
Q001301,7,F00076,webview_ios,engine_webkit,no,no,2013-09-18
Q001302,1,F11300,safari_ios,engine_webkit,no,no,2007-06-29
Q001303,4.2,F05937,webview_ios,engine_webkit,no,no,2010-11-22
Q001304,11.0,F12884,samsunginternet_android,derivative1,no,no,2019-12-05
Q001305,130,F13555,chrome_android,engine_blink,yes,yes,2024-10-15
Q001306,false,F11166,firefox_android,subtree_engine,yes,no,none
Q001307,6,F08758,webview_ios,engine_webkit,no,no,2012-09-10
Q001308,15,F11403,opera,engine_blink,yes,no,2013-07-02
Q001309,false,F03844,safari,engine_webkit,no,no,none
Q001310,68,F04481,firefox,source1,no,no,2019-07-09
Q001311,119,F10610,firefox_android,lineage_pair,no,no,2023-10-24
Q001312,12,F15178,edge,engine_blink,yes,no,2015-07-29
Q001313,false,F04624,safari_ios,subtree_engine,yes,no,none
Q001314,false,F08751,chrome,engine_blink,yes,no,none
Q001315,false,F09725,oculus,engine_blink,yes,yes,none
Q001316,26,F14510,chrome,engine_blink,yes,no,2013-03-26
Q001317,false,F16025,firefox,subtree_engine,yes,no,none
Q001318,4,F17056,firefox_android,lineage_pair,no,yes,2011-03-29
Q001319,12.0,F01102,oculus,subtree_engine,yes,no,2020-11-03
Q001320,33,F03299,firefox_android,random2,no,no,2014-10-14
Q001321,false,F07828,webview_ios,lineage_pair,no,no,none
Q001322,43,F06996,opera,subtree_engine,yes,no,2017-02-07
Q001323,64,F06329,opera_android,engine_blink,yes,yes,2021-05-25
Q001324,79,F16452,firefox_android,random2,no,no,2020-07-28
Q001325,3,F09548,firefox,lineage_pair,no,no,2008-06-17
Q001326,false,F09583,firefox,subtree_engine,yes,no,none
Q001327,78,F15131,opera_android,lineage_pair,no,yes,2023-10-23
Q001328,142,F06795,webview_android,engine_blink,yes,no,2025-10-28
Q001329,false,F12686,safari_ios,subtree_engine,yes,no,none
Q001330,153,F01664,firefox_android,subtree_engine,yes,no,2026-07-21
Q001331,false,F12482,chrome_android,engine_blink,yes,no,none
Q001332,15,F02757,opera,random2,no,no,2013-07-02
Q001333,74,F07381,opera_android,engine_blink,yes,yes,2023-03-13
Q001334,14,F17401,opera_android,engine_blink,yes,no,2013-05-21
Q001335,66,F09741,chrome_android,subtree_engine,yes,no,2018-04-17
Q001336,26.4,F15289,safari,lineage_pair,no,no,2026-03-24
Q001337,50,F11917,chrome,subtree_engine,yes,no,2016-04-13
Q001338,5.1,F13334,safari,source1,no,no,2011-07-20
Q001339,false,F13814,firefox,lineage_pair,no,no,none
Q001340,9,F03759,firefox_android,subtree_engine,yes,no,2011-12-21
Q001341,4,F03977,firefox_android,lineage_pair,no,yes,2011-03-29
Q001342,143,F00365,chrome,engine_blink,yes,no,2025-12-02
Q001343,18,F09235,safari_ios,engine_webkit,no,no,2024-09-16
Q001344,5.0,F14979,oculus,subtree_engine,yes,no,2018-07-01
Q001345,13.4,F14283,webview_ios,subtree_engine,yes,no,2020-03-24
Q001346,117,F15903,chrome,engine_blink,yes,no,2023-09-12
Q001347,25.0,F18251,samsunginternet_android,engine_blink,yes,no,2024-04-24
Q001348,5,F10174,webview_ios,engine_webkit,no,no,2011-10-12
Q001349,12,F12605,edge,engine_blink,yes,no,2015-07-29
Q001350,1.0,F01414,samsunginternet_android,random2,no,no,2013-04-27
Q001351,5.0,F05546,oculus,engine_blink,yes,no,2018-07-01
Q001352,79,F09416,edge,engine_blink,yes,no,2020-01-15
Q001353,85,F07932,edge,engine_blink,yes,no,2020-08-27
Q001354,1,F10135,webview_ios,engine_webkit,no,no,2007-06-29
Q001355,5,F01272,webview_ios,lineage_pair,no,no,2011-10-12
Q001356,121,F10856,chrome,lineage_pair,no,no,2024-01-23
Q001357,52,F04874,firefox,source1,no,yes,2017-03-07
Q001358,98,F08161,opera_android,engine_blink,yes,no,2026-05-05
Q001359,24,F07325,chrome,engine_blink,yes,no,2013-01-10
Q001360,false,F03601,edge,engine_blink,yes,no,none
Q001361,false,F14257,oculus,engine_blink,yes,no,none
Q001362,6,F00994,safari,source1,no,no,2012-07-25
Q001363,6,F17245,webview_ios,random2,no,yes,2012-09-10
Q001364,3,F11300,safari,engine_webkit,no,no,2007-10-26
Q001365,60,F03595,chrome_android,subtree_engine,yes,no,2017-08-01
Q001366,44,F01527,opera_android,engine_blink,yes,no,2017-12-11
Q001367,87,F00593,firefox,lineage_pair,no,no,2021-03-23
Q001368,11,F15069,webview_ios,engine_webkit,no,yes,2017-09-19
Q001369,1.0,F06709,samsunginternet_android,subtree_engine,yes,no,2013-04-27
Q001370,7.0,F05468,samsunginternet_android,engine_blink,yes,yes,2018-03-16
Q001371,80,F18074,chrome,engine_blink,yes,no,2020-02-04
Q001372,31,F14166,firefox,subtree_engine,yes,no,2014-07-22
Q001373,61,F01102,opera_android,subtree_engine,yes,no,2020-12-07
Q001374,77,F16341,opera,engine_blink,yes,yes,2021-06-09
Q001375,false,F01802,samsunginternet_android,subtree_engine,yes,no,none
Q001376,5,F08702,safari_ios,random2,no,no,2011-10-12
Q001377,10.1,F08190,opera_android,engine_blink,yes,no,2010-11-09
Q001378,12,F15920,edge,engine_blink,yes,no,2015-07-29
Q001379,5,F16428,safari,engine_webkit,no,no,2010-06-07
Q001380,30,F11252,firefox,subtree_engine,yes,no,2014-06-10
Q001381,false,F07177,safari,source1,no,no,none
Q001382,1.2,F05640,safari,source1,no,no,2004-02-02
Q001383,9,F18242,chrome,random2,no,no,2011-02-03
Q001384,52,F02566,firefox_android,derivative1,no,yes,2017-03-07
Q001385,85,F09954,chrome_android,engine_blink,yes,yes,2020-08-25
Q001386,5.0,F10194,oculus,engine_blink,yes,no,2018-07-01
Q001387,false,F16925,chrome_android,engine_blink,yes,yes,none
Q001388,80,F00540,opera_android,subtree_engine,yes,no,2024-01-25
Q001389,12,F16984,edge,subtree_engine,yes,no,2015-07-29
Q001390,4.4,F04718,webview_android,random2,no,no,2013-12-09
Q001391,79,F16293,firefox_android,lineage_pair,no,no,2020-07-28
Q001392,3.2,F18511,webview_ios,subtree_engine,yes,no,2010-04-03
Q001393,135,F11948,webview_android,engine_blink,yes,no,2025-04-01
Q001394,27,F04529,opera_android,engine_blink,yes,no,2015-01-29
Q001395,14,F05299,opera_android,subtree_engine,yes,no,2013-05-21
Q001396,58,F15994,chrome_android,subtree_engine,yes,no,2017-04-25
Q001397,false,F01802,oculus,subtree_engine,yes,no,none
Q001398,4,F16428,safari_ios,engine_webkit,no,no,2010-06-21
Q001399,11,F17093,safari_ios,engine_webkit,no,no,2017-09-19
Q001400,15.2,F07887,safari,lineage_pair,no,yes,2021-12-13
Q001401,95,F11682,opera,subtree_engine,yes,yes,2023-02-01
Q001402,false,F05939,safari_ios,derivative1,no,no,none
Q001403,1,F01704,firefox,lineage_pair,no,no,2004-11-09
Q001404,12,F02544,edge,engine_blink,yes,no,2015-07-29
Q001405,false,F01802,opera,subtree_engine,yes,no,none
Q001406,4.4,F17329,webview_android,random2,no,no,2013-12-09
Q001407,1,F16500,firefox,lineage_pair,no,yes,2004-11-09
Q001408,17,F10007,edge,engine_blink,yes,no,2018-04-30
Q001409,27.0,F17632,samsunginternet_android,engine_blink,yes,no,2024-11-06
Q001410,false,F07975,oculus,engine_blink,yes,no,none
Q001411,13.1,F15845,safari,source1,no,no,2020-03-24
Q001412,48,F03563,firefox,subtree_engine,yes,no,2016-08-02
Q001413,3.2,F10542,safari_ios,engine_webkit,no,no,2010-04-03
Q001414,15,F03029,opera,engine_blink,yes,no,2013-07-02
Q001415,86,F15503,edge,engine_blink,yes,yes,2020-10-09
Q001416,69,F14167,opera,lineage_pair,no,no,2020-06-24
Q001417,32,F09846,opera,random2,no,no,2015-09-15
Q001418,false,F02604,firefox,subtree_engine,yes,no,none
Q001419,11,F18371,safari,engine_webkit,no,yes,2017-09-19
Q001420,43,F02854,opera,subtree_engine,yes,no,2017-02-07
Q001421,58,F13532,chrome_android,subtree_engine,yes,no,2017-04-25
Q001422,1,F10310,safari_ios,lineage_pair,no,no,2007-06-29
Q001423,4.2,F11746,safari_ios,engine_webkit,no,no,2010-11-22
Q001424,7,F03802,safari_ios,engine_webkit,no,no,2013-09-18
Q001425,9,F04558,webview_ios,engine_webkit,no,no,2015-09-16
Q001426,false,F04769,webview_ios,subtree_engine,yes,no,none
Q001427,57,F08720,opera,engine_blink,yes,no,2018-11-28
Q001428,false,F06816,safari,engine_webkit,no,no,none
Q001429,89,F02620,firefox_android,derivative1,no,yes,2021-06-01
Q001430,3,F06216,safari,lineage_pair,no,no,2007-10-26
Q001431,129,F00917,chrome,engine_blink,yes,no,2024-09-17
Q001432,18,F01286,webview_ios,engine_webkit,no,no,2024-09-16
Q001433,123,F12293,opera,engine_blink,yes,no,2025-10-28
Q001434,16.0,F04322,samsunginternet_android,engine_blink,yes,yes,2021-11-25
Q001435,80,F18251,opera_android,engine_blink,yes,no,2024-01-25
Q001436,26.2,F08437,safari_ios,engine_webkit,no,no,2025-12-12
Q001437,146,F17148,firefox_android,lineage_pair,no,no,2025-12-09
Q001438,13.0,F02480,samsunginternet_android,engine_blink,yes,no,2020-12-02
Q001439,69,F01035,chrome_android,engine_blink,yes,yes,2018-09-04
Q001440,12,F17164,edge,derivative1,no,no,2015-07-29
Q001441,7.2,F13834,opera,engine_blink,yes,no,2003-09-23
Q001442,26,F05156,safari,lineage_pair,no,no,2025-09-15
Q001443,91,F13689,opera_android,engine_blink,yes,no,2025-08-19
Q001444,115,F08937,firefox,lineage_pair,no,no,2023-07-04
Q001445,false,F07975,edge,engine_blink,yes,no,none
Q001446,31.2,F08989,oculus,derivative1,no,no,2024-01-15
Q001447,42,F08488,webview_android,engine_blink,yes,no,2015-04-15
Q001448,1,F17655,firefox,random2,no,no,2004-11-09
Q001449,5.0,F10877,oculus,engine_blink,yes,no,2018-07-01
Q001450,43,F01384,webview_android,random2,no,no,2015-05-27
Q001451,110,F18500,edge,engine_blink,yes,no,2023-02-09
Q001452,5.0,F12230,samsunginternet_android,derivative1,no,no,2016-12-15
Q001453,61,F00639,opera_android,subtree_engine,yes,no,2020-12-07
Q001454,false,F01460,edge,engine_blink,yes,yes,none
Q001455,61,F12780,chrome,source1,no,no,2017-09-05
Q001456,false,F08338,webview_ios,engine_webkit,no,no,none
Q001457,44,F12015,opera,random2,no,yes,2017-03-21
Q001458,24,F02805,chrome,engine_blink,yes,no,2013-01-10
Q001459,26,F05506,webview_ios,engine_webkit,no,no,2025-09-15
Q001460,101,F09615,opera_android,engine_blink,yes,no,2026-08-26
Q001461,16.4,F17293,safari,engine_webkit,no,yes,2023-03-27
Q001462,false,F05883,safari,engine_webkit,no,no,none
Q001463,16.0,F17555,samsunginternet_android,engine_blink,yes,yes,2021-11-25
Q001464,25,F11120,chrome_android,random2,no,no,2013-02-27
Q001465,61,F02444,opera_android,subtree_engine,yes,no,2020-12-07
Q001466,12,F06709,edge,subtree_engine,yes,no,2015-07-29
Q001467,12.1,F07186,opera,engine_blink,yes,no,2012-11-20
Q001468,95,F13385,opera,engine_blink,yes,yes,2023-02-01
Q001469,45,F05636,opera,engine_blink,yes,no,2017-05-10
Q001470,18,F15314,chrome_android,random2,no,no,2012-06-27
Q001471,77,F10290,opera,derivative1,no,yes,2021-06-09
Q001472,26.4,F04605,safari_ios,engine_webkit,no,no,2026-03-24
Q001473,3,F11248,firefox,source1,no,no,2008-06-17
Q001474,11,F01817,webview_ios,engine_webkit,no,no,2017-09-19
Q001475,9,F18270,safari,subtree_engine,yes,no,2015-09-30
Q001476,23,F14900,chrome,engine_blink,yes,no,2012-11-06
Q001477,110,F05586,chrome,engine_blink,yes,no,2023-02-07
Q001478,125,F06975,webview_android,engine_blink,yes,no,2024-05-14
Q001479,1.0,F11658,samsunginternet_android,random2,no,no,2013-04-27
Q001480,4,F15136,firefox_android,lineage_pair,no,no,2011-03-29
Q001481,26.2,F01245,safari_ios,lineage_pair,no,no,2025-12-12
Q001482,7,F13351,safari,engine_webkit,no,yes,2013-10-22
Q001483,56,F14540,chrome,subtree_engine,yes,no,2017-01-25
Q001484,16.4,F11020,safari_ios,engine_webkit,no,no,2023-03-27
Q001485,false,F03845,firefox_android,lineage_pair,no,no,none
Q001486,12,F12653,edge,engine_blink,yes,no,2015-07-29
Q001487,36,F07961,oculus,lineage_pair,no,no,2024-11-06
Q001488,15,F02805,opera,engine_blink,yes,no,2013-07-02
Q001489,1.0,F15541,samsunginternet_android,engine_blink,yes,no,2013-04-27
Q001490,13.0,F05529,samsunginternet_android,subtree_engine,yes,no,2020-12-02
Q001491,false,F04981,edge,engine_blink,yes,no,none
Q001492,109,F15813,chrome_android,engine_blink,yes,yes,2023-01-10
Q001493,16.0,F06482,samsunginternet_android,random2,no,yes,2021-11-25
Q001494,5.0,F13608,oculus,engine_blink,yes,no,2018-07-01
Q001495,9.3,F14643,safari_ios,engine_webkit,no,no,2016-03-21
Q001496,109,F13228,webview_android,engine_blink,yes,no,2023-01-10
Q001497,false,F10335,edge,engine_blink,yes,yes,none
Q001498,50,F10007,chrome_android,engine_blink,yes,no,2016-04-13
Q001499,15,F15251,opera,engine_blink,yes,no,2013-07-02
Q001500,5,F00363,safari,engine_webkit,no,no,2010-06-07
Q001501,false,F14594,safari_ios,lineage_pair,no,no,none
Q001502,112,F13623,opera,engine_blink,yes,no,2024-07-11
Q001503,147,F17467,chrome_android,subtree_engine,yes,no,2026-04-07
Q001504,82,F03736,opera_android,engine_blink,yes,no,2024-05-02
Q001505,7,F08157,webview_ios,engine_webkit,no,no,2013-09-18
Q001506,79,F01345,edge,engine_blink,yes,no,2020-01-15
Q001507,14.5,F15634,safari_ios,engine_webkit,no,no,2021-04-26
Q001508,4.4,F08089,webview_android,engine_blink,yes,no,2013-12-09
Q001509,18,F03377,chrome,engine_blink,yes,no,2012-03-28
Q001510,72,F15510,chrome,engine_blink,yes,no,2019-01-29
Q001511,false,F10152,firefox_android,subtree_engine,yes,no,none
Q001512,1,F00194,firefox,source1,no,no,2004-11-09
Q001513,false,F17723,chrome_android,random2,no,no,none
Q001514,70,F04387,chrome,engine_blink,yes,no,2018-10-16
Q001515,91,F17555,chrome,engine_blink,yes,yes,2021-05-25
Q001516,115,F01605,opera,engine_blink,yes,no,2024-11-27
Q001517,17.4,F11983,safari,engine_webkit,no,no,2024-03-05
Q001518,51,F02321,firefox,source1,no,no,2017-01-24
Q001519,80,F11402,chrome,subtree_engine,yes,no,2020-02-04
Q001520,16.4,F01501,webview_ios,engine_webkit,no,no,2023-03-27
Q001521,68,F17900,opera,engine_blink,yes,no,2020-04-22
Q001522,89,F06654,firefox,lineage_pair,no,yes,2021-06-01
Q001523,85,F05952,webview_android,engine_blink,yes,no,2020-08-25
Q001524,79,F18365,edge,derivative1,no,no,2020-01-15
Q001525,10,F04279,safari,lineage_pair,no,no,2016-09-20
Q001526,79,F07427,edge,engine_blink,yes,no,2020-01-15
Q001527,18,F07186,chrome_android,engine_blink,yes,no,2012-06-27
Q001528,1.0,F06461,samsunginternet_android,engine_blink,yes,no,2013-04-27
Q001529,7,F09263,safari_ios,engine_webkit,no,yes,2013-09-18
Q001530,17.2,F17636,safari,engine_webkit,no,no,2023-12-11
Q001531,false,F10664,chrome,subtree_engine,yes,no,none
Q001532,23.0,F01647,samsunginternet_android,engine_blink,yes,no,2023-10-18
Q001533,79,F16444,edge,engine_blink,yes,no,2020-01-15
Q001534,73,F07515,webview_android,subtree_engine,yes,no,2019-03-12
Q001535,58,F11833,webview_android,subtree_engine,yes,no,2017-04-25
Q001536,126,F08053,chrome_android,engine_blink,yes,no,2024-06-11
Q001537,15,F14871,opera,engine_blink,yes,no,2013-07-02
Q001538,false,F01802,opera_android,subtree_engine,yes,no,none
Q001539,16,F07275,firefox,subtree_engine,yes,no,2012-10-09
Q001540,3,F08001,safari_ios,random2,no,no,2009-06-17
Q001541,1.0,F08089,samsunginternet_android,engine_blink,yes,no,2013-04-27
Q001542,4.4,F04339,webview_android,engine_blink,yes,no,2013-12-09
Q001543,69,F14590,chrome,source1,no,no,2018-09-04
Q001544,97,F12629,chrome,source1,no,no,2022-01-04
Q001545,12,F17115,edge,derivative1,no,no,2015-07-29
Q001546,77,F13398,opera,subtree_engine,yes,no,2021-06-09
Q001547,false,F15661,chrome,subtree_engine,yes,no,none
Q001548,64,F09073,opera,engine_blink,yes,no,2019-10-07
Q001549,12,F02066,edge,random2,no,no,2015-07-29
Q001550,109,F13228,chrome_android,engine_blink,yes,no,2023-01-10
Q001551,79,F11362,edge,engine_blink,yes,no,2020-01-15
Q001552,12.1,F17196,opera,engine_blink,yes,no,2012-11-20
Q001553,9.1,F01283,safari,engine_webkit,no,no,2016-03-21
Q001554,12.2,F07756,webview_ios,engine_webkit,no,no,2019-03-25
Q001555,93,F07444,edge,engine_blink,yes,no,2021-09-02
Q001556,7.0,F08635,samsunginternet_android,subtree_engine,yes,no,2018-03-16
Q001557,56,F04449,chrome,subtree_engine,yes,no,2017-01-25
Q001558,16,F00623,firefox_android,subtree_engine,yes,no,2012-10-09
Q001559,15.4,F08663,safari_ios,engine_webkit,no,no,2022-03-14
Q001560,109,F07381,edge,engine_blink,yes,yes,2023-01-12
Q001561,1,F12305,chrome,source1,no,no,2008-12-11
Q001562,16.0,F09429,samsunginternet_android,engine_blink,yes,yes,2021-11-25
Q001563,43,F02591,opera_android,engine_blink,yes,no,2017-09-27
Q001564,40.0,F13971,oculus,engine_blink,yes,no,2025-08-07
Q001565,7,F13490,safari_ios,subtree_engine,yes,no,2013-09-18
Q001566,109,F12341,chrome,source1,no,no,2023-01-10
Q001567,6.0,F09781,samsunginternet_android,random2,no,no,2017-08-23
Q001568,12.1,F05485,opera,random2,no,no,2012-11-20
Q001569,61,F17217,firefox_android,derivative1,no,no,2018-06-26
Q001570,24,F15346,firefox_android,subtree_engine,yes,no,2013-09-17
Q001571,16.4,F13655,safari_ios,engine_webkit,no,yes,2023-03-27
Q001572,81,F17900,edge,engine_blink,yes,no,2020-04-13
Q001573,26,F00214,firefox,source1,no,no,2013-12-10
Q001574,13,F17186,safari_ios,subtree_engine,yes,no,2019-09-19
Q001575,7,F04503,safari,source1,no,no,2013-10-22
Q001576,1,F12537,webview_ios,engine_webkit,no,no,2007-06-29
Q001577,1,F15547,webview_ios,engine_webkit,no,no,2007-06-29
Q001578,1.5,F04871,samsunginternet_android,random2,no,no,2013-09-25
Q001579,1,F09464,chrome,subtree_engine,yes,no,2008-12-11
Q001580,3,F11009,safari_ios,engine_webkit,no,no,2009-06-17
Q001581,51,F07107,chrome,engine_blink,yes,no,2016-05-25
Q001582,4,F15103,chrome,engine_blink,yes,no,2010-01-25
Q001583,84,F15015,chrome,engine_blink,yes,no,2020-07-27
Q001584,false,F15647,oculus,random2,no,no,none
Q001585,false,F09227,firefox,lineage_pair,no,no,none
Q001586,11.0,F15510,samsunginternet_android,engine_blink,yes,no,2019-12-05
Q001587,18,F06545,edge,engine_blink,yes,yes,2018-10-02
Q001588,10.1,F06963,opera_android,engine_blink,yes,no,2010-11-09
Q001589,11,F01991,safari,engine_webkit,no,yes,2017-09-19
Q001590,56,F16280,chrome,subtree_engine,yes,no,2017-01-25
Q001591,5.0,F14763,oculus,engine_blink,yes,no,2018-07-01
Q001592,5.0,F18098,oculus,random2,no,no,2018-07-01
Q001593,false,F04830,safari,engine_webkit,no,no,none
Q001594,58,F01039,chrome_android,engine_blink,yes,no,2017-04-25
Q001595,79,F00510,edge,subtree_engine,yes,no,2020-01-15
Q001596,12,F08059,opera_android,engine_blink,yes,no,2012-02-25
Q001597,52,F06446,chrome_android,subtree_engine,yes,no,2016-07-27
Q001598,26,F11314,opera,engine_blink,yes,no,2014-12-03
Q001599,79,F00850,firefox_android,subtree_engine,yes,no,2020-07-28
Q001600,128,F04033,chrome,source1,no,no,2024-08-20
Q001601,10,F05682,webview_ios,engine_webkit,no,no,2016-09-13
Q001602,false,F11582,safari_ios,engine_webkit,no,no,none
Q001603,false,F08356,oculus,engine_blink,yes,no,none
Q001604,false,F09192,chrome_android,derivative1,no,no,none
Q001605,140,F18088,firefox,lineage_pair,no,no,2025-06-24
Q001606,32,F17767,oculus,engine_blink,yes,no,2024-02-27
Q001607,121,F00738,opera,random2,no,no,2025-08-27
Q001608,39,F14811,firefox,lineage_pair,no,no,2015-07-02
Q001609,10.0,F03501,samsunginternet_android,engine_blink,yes,no,2019-08-22
Q001610,110,F01287,opera,derivative1,no,no,2024-05-14
Q001611,144,F10315,edge,engine_blink,yes,no,2026-01-21
Q001612,false,F16013,webview_ios,engine_webkit,no,no,none
Q001613,9.0,F16298,oculus,subtree_engine,yes,no,2020-04-24
Q001614,4.4,F09072,webview_android,derivative1,no,no,2013-12-09
Q001615,43,F04255,opera,subtree_engine,yes,no,2017-02-07
Q001616,8.0,F15292,samsunginternet_android,subtree_engine,yes,no,2018-07-18
Q001617,false,F06982,safari_ios,engine_webkit,no,no,none
Q001618,14,F07480,safari,engine_webkit,no,no,2020-09-16
Q001619,77,F02963,opera,engine_blink,yes,yes,2021-06-09
Q001620,89,F10711,firefox_android,lineage_pair,no,yes,2021-06-01
Q001621,18,F17491,chrome_android,engine_blink,yes,no,2012-06-27
Q001622,16.4,F11523,safari,engine_webkit,no,no,2023-03-27
Q001623,false,F04738,oculus,subtree_engine,yes,no,none
Q001624,11,F15648,safari,lineage_pair,no,yes,2017-09-19
Q001625,33,F15984,oculus,engine_blink,yes,no,2024-04-24
Q001626,91,F10596,webview_android,engine_blink,yes,yes,2021-05-25
Q001627,75,F08087,firefox,subtree_engine,yes,no,2020-04-07
Q001628,false,F11422,safari_ios,engine_webkit,no,no,none
Q001629,2,F05843,safari_ios,engine_webkit,no,no,2008-07-11
Q001630,6,F05094,safari,engine_webkit,no,yes,2012-07-25
Q001631,14.5,F00156,safari_ios,engine_webkit,no,no,2021-04-26
Q001632,58,F00906,webview_android,subtree_engine,yes,no,2017-04-25
Q001633,6,F12862,webview_ios,engine_webkit,no,no,2012-09-10
Q001634,41,F18201,opera_android,random2,no,no,2016-10-25
Q001635,126,F08053,chrome,engine_blink,yes,no,2024-06-11
Q001636,43,F09407,opera,subtree_engine,yes,no,2017-02-07
Q001637,58,F02854,chrome_android,subtree_engine,yes,no,2017-04-25
Q001638,28.0,F13623,samsunginternet_android,engine_blink,yes,no,2025-04-02
Q001639,3,F16823,safari,engine_webkit,no,no,2007-10-26
Q001640,8,F08081,firefox_android,subtree_engine,yes,no,2011-11-08
Q001641,4,F11600,firefox_android,random2,no,no,2011-03-29
Q001642,43,F12153,chrome_android,engine_blink,yes,no,2015-05-27
Q001643,26,F01990,safari,engine_webkit,no,no,2025-09-15
Q001644,70,F08720,chrome_android,engine_blink,yes,no,2018-10-17
Q001645,false,F07609,firefox_android,random2,no,no,none
Q001646,21.0,F10901,samsunginternet_android,engine_blink,yes,no,2023-05-19
Q001647,6,F15502,safari,random2,no,yes,2012-07-25
Q001648,16.4,F00873,safari,engine_webkit,no,no,2023-03-27
Q001649,9.0,F14822,oculus,engine_blink,yes,no,2020-04-24
Q001650,108,F04916,webview_android,engine_blink,yes,no,2022-11-29
Q001651,false,F15332,webview_android,engine_blink,yes,no,none
Q001652,141,F05691,firefox,subtree_engine,yes,no,2025-07-22
Q001653,21,F15476,opera,engine_blink,yes,no,2014-05-06
Q001654,18,F06687,chrome_android,engine_blink,yes,no,2012-06-27
Q001655,false,F01396,samsunginternet_android,engine_blink,yes,yes,none
Q001656,93,F07801,chrome,engine_blink,yes,no,2021-08-31
Q001657,26,F05551,webview_ios,engine_webkit,no,no,2025-09-15
Q001658,139,F17399,chrome_android,engine_blink,yes,no,2025-08-05
Q001659,8,F06607,firefox,subtree_engine,yes,no,2011-11-08
Q001660,10.0,F07857,oculus,derivative1,no,no,2020-06-19
Q001661,56,F10164,chrome,subtree_engine,yes,no,2017-01-25
Q001662,79,F02515,edge,subtree_engine,yes,no,2020-01-15
Q001663,1,F08105,safari,lineage_pair,no,no,2003-06-23
Q001664,1.0,F02514,samsunginternet_android,derivative1,no,no,2013-04-27
Q001665,16.0,F15332,oculus,engine_blink,yes,no,2021-06-07
Q001666,false,F13238,safari,source1,no,no,none
Q001667,125,F17681,chrome_android,derivative1,no,no,2024-05-14
Q001668,1.2,F08326,safari,subtree_engine,yes,no,2004-02-02
Q001669,150,F17988,firefox_android,lineage_pair,no,no,2026-04-21
Q001670,4,F00644,firefox_android,subtree_engine,yes,no,2011-03-29
Q001671,45,F08468,chrome_android,engine_blink,yes,no,2015-09-01
Q001672,37,F16833,webview_android,engine_blink,yes,no,2014-09-03
Q001673,50,F04947,opera,subtree_engine,yes,no,2018-01-04
Q001674,12,F08232,edge,engine_blink,yes,no,2015-07-29
Q001675,10.1,F13834,opera_android,engine_blink,yes,no,2010-11-09
Q001676,false,F05441,safari_ios,lineage_pair,no,no,none
Q001677,false,F13720,safari_ios,engine_webkit,no,no,none
Q001678,79,F07439,edge,engine_blink,yes,no,2020-01-15
Q001679,41.0,F13689,oculus,engine_blink,yes,no,2025-10-21
Q001680,4.0,F01987,samsunginternet_android,random2,no,no,2016-03-11
Q001681,4.0,F17212,samsunginternet_android,engine_blink,yes,no,2016-03-11
Q001682,false,F13224,firefox_android,subtree_engine,yes,no,none
Q001683,18,F09069,chrome_android,engine_blink,yes,no,2012-06-27
Q001684,4.4,F01185,webview_android,random2,no,no,2013-12-09
Q001685,false,F05508,webview_android,lineage_pair,no,no,none
Q001686,49,F16498,chrome_android,engine_blink,yes,no,2016-03-09
Q001687,153,F12296,firefox_android,subtree_engine,yes,no,2026-07-21
Q001688,3,F09660,chrome,engine_blink,yes,no,2009-09-15
Q001689,26.2,F13394,webview_ios,subtree_engine,yes,no,2025-12-12
Q001690,18,F14249,chrome_android,random2,no,no,2012-06-27
Q001691,49,F14814,opera,subtree_engine,yes,no,2017-11-08
Q001692,89,F09187,firefox_android,lineage_pair,no,yes,2021-06-01
Q001693,16,F15639,edge,engine_blink,yes,yes,2017-10-17
Q001694,12.1,F11274,opera_android,engine_blink,yes,no,2012-10-09
Q001695,12.1,F00532,safari,lineage_pair,no,no,2019-03-25
Q001696,16.4,F13655,safari,engine_webkit,no,yes,2023-03-27
Q001697,68,F04333,chrome,source1,no,no,2018-07-24
Q001698,5,F02004,safari,random2,no,no,2010-06-07
Q001699,9,F13878,webview_ios,subtree_engine,yes,no,2015-09-16
Q001700,false,F15140,samsunginternet_android,random2,no,no,none
Q001701,139,F15986,chrome_android,engine_blink,yes,no,2025-08-05
Q001702,11,F12394,safari_ios,engine_webkit,no,no,2017-09-19
Q001703,false,F16598,opera_android,engine_blink,yes,no,none
Q001704,97,F17105,opera_android,engine_blink,yes,no,2026-04-16
Q001705,5.0,F18272,oculus,subtree_engine,yes,no,2018-07-01
Q001706,48,F06325,firefox_android,subtree_engine,yes,no,2016-08-02
Q001707,14.5,F02648,safari_ios,lineage_pair,no,no,2021-04-26
Q001708,43,F11708,opera_android,subtree_engine,yes,no,2017-09-27
Q001709,22.0,F01031,oculus,engine_blink,yes,no,2022-06-06
Q001710,5.0,F02515,oculus,subtree_engine,yes,no,2018-07-01
Q001711,4.2,F06524,webview_ios,lineage_pair,no,no,2010-11-22
Q001712,9,F15306,opera,subtree_engine,yes,no,2006-06-20
Q001713,31.2,F09727,oculus,derivative1,no,no,2024-01-15
Q001714,79,F01527,edge,engine_blink,yes,no,2020-01-15
Q001715,55,F00317,chrome,lineage_pair,no,no,2016-12-01
Q001716,16.4,F11964,safari_ios,engine_webkit,no,yes,2023-03-27
Q001717,48,F00666,chrome,subtree_engine,yes,no,2016-01-20
Q001718,4.4,F02884,webview_android,engine_blink,yes,no,2013-12-09
Q001719,127,F00045,firefox_android,subtree_engine,yes,no,2024-06-11
Q001720,false,F15348,webview_android,random2,no,no,none
Q001721,5,F11684,firefox_android,random2,no,no,2011-06-21
Q001722,41,F03792,opera_android,subtree_engine,yes,no,2016-10-25
Q001723,14.5,F08303,safari_ios,lineage_pair,no,no,2021-04-26
Q001724,108,F05347,chrome,source1,no,no,2022-11-29
Q001725,31.2,F18251,oculus,engine_blink,yes,no,2024-01-15
Q001726,4,F07852,firefox_android,subtree_engine,yes,no,2011-03-29
Q001727,50,F04057,firefox,source1,no,no,2016-11-15
Q001728,38,F10576,chrome_android,derivative1,no,no,2014-10-08
Q001729,43,F01345,opera,engine_blink,yes,no,2017-02-07
Q001730,14,F07746,webview_ios,engine_webkit,no,no,2020-09-16
Q001731,89,F10472,firefox_android,lineage_pair,no,no,2021-06-01
Q001732,71,F16665,chrome,source1,no,no,2018-12-04
Q001733,12,F06332,safari,engine_webkit,no,no,2018-09-17
Q001734,5.1,F06524,safari,lineage_pair,no,no,2011-07-20
Q001735,56,F06902,opera,subtree_engine,yes,no,2018-09-25
Q001736,75,F15981,opera,derivative1,no,no,2021-03-24
Q001737,13,F05505,safari,subtree_engine,yes,no,2019-09-19
Q001738,11.0,F02046,samsunginternet_android,subtree_engine,yes,no,2019-12-05
Q001739,126,F08053,edge,engine_blink,yes,no,2024-06-13
Q001740,134,F00201,edge,engine_blink,yes,no,2025-03-06
Q001741,1,F14979,chrome,subtree_engine,yes,no,2008-12-11
Q001742,26,F15002,safari,source1,no,no,2025-09-15
Q001743,22,F10238,opera,engine_blink,yes,no,2014-06-03
Q001744,86,F00343,opera_android,lineage_pair,no,no,2024-12-02
Q001745,130,F17105,opera,engine_blink,yes,no,2026-04-08
Q001746,138,F06304,webview_android,engine_blink,yes,no,2025-06-24
Q001747,16,F10219,firefox_android,subtree_engine,yes,no,2012-10-09
Q001748,1,F00999,chrome,lineage_pair,no,no,2008-12-11
Q001749,18,F07422,chrome_android,subtree_engine,yes,no,2012-06-27
Q001750,26.2,F08437,safari,engine_webkit,no,no,2025-12-12
Q001751,99,F06102,edge,engine_blink,yes,no,2022-03-03
Q001752,false,F15227,chrome,engine_blink,yes,no,none
Q001753,39,F06266,oculus,subtree_engine,yes,no,2025-06-25
Q001754,false,F15277,firefox,lineage_pair,no,no,none
Q001755,false,F15886,webview_ios,engine_webkit,no,no,none
Q001756,55,F09714,chrome,engine_blink,yes,no,2016-12-01
Q001757,false,F07257,chrome_android,engine_blink,yes,yes,none
Q001758,17.0,F07021,samsunginternet_android,subtree_engine,yes,no,2022-05-04
Q001759,51,F03335,chrome_android,derivative1,no,no,2016-06-08
Q001760,80,F14822,webview_android,engine_blink,yes,no,2020-02-04
Q001761,11,F14912,safari,random2,no,yes,2017-09-19
Q001762,9.0,F02480,oculus,engine_blink,yes,no,2020-04-24
Q001763,14.0,F02727,samsunginternet_android,lineage_pair,no,no,2021-04-17
Q001764,79,F11028,chrome_android,subtree_engine,yes,no,2019-12-17
Q001765,14.0,F07042,samsunginternet_android,subtree_engine,yes,no,2021-04-17
Q001766,12.0,F11046,oculus,subtree_engine,yes,no,2020-11-03
Q001767,5.0,F13122,oculus,engine_blink,yes,no,2018-07-01
Q001768,6.0,F14240,samsunginternet_android,engine_blink,yes,no,2017-08-23
Q001769,84,F06225,chrome_android,random2,no,no,2020-07-27
Q001770,29,F15434,firefox_android,lineage_pair,no,no,2014-04-29
Q001771,121,F15032,webview_android,random2,no,no,2024-01-23
Q001772,91,F17412,chrome,engine_blink,yes,yes,2021-05-25
Q001773,false,F04387,webview_android,engine_blink,yes,no,none
Q001774,16.4,F14800,safari,engine_webkit,no,yes,2023-03-27
Q001775,false,F15678,chrome_android,derivative1,no,yes,none
Q001776,false,F12401,firefox,lineage_pair,no,no,none
Q001777,68,F11399,firefox,source1,no,no,2019-07-09
Q001778,123,F05403,chrome,lineage_pair,no,no,2024-03-19
Q001779,96,F18500,opera,engine_blink,yes,no,2023-02-22
Q001780,8.0,F16655,oculus,subtree_engine,yes,no,2020-02-10
Q001781,61,F14570,chrome_android,engine_blink,yes,no,2017-09-05
Q001782,5.0,F07005,oculus,engine_blink,yes,no,2018-07-01
Q001783,22.0,F07858,samsunginternet_android,subtree_engine,yes,no,2023-07-14
Q001784,79,F17032,firefox_android,random2,no,no,2020-07-28
Q001785,1,F15757,safari_ios,engine_webkit,no,no,2007-06-29
Q001786,false,F03639,opera_android,engine_blink,yes,no,none
Q001787,3,F05163,safari,subtree_engine,yes,no,2007-10-26
Q001788,9.0,F02183,samsunginternet_android,engine_blink,yes,no,2018-09-15
Q001789,1,F01387,firefox,lineage_pair,no,no,2004-11-09
Q001790,false,F11694,firefox_android,lineage_pair,no,no,none
Q001791,5.0,F00832,oculus,engine_blink,yes,no,2018-07-01
Q001792,16,F07275,firefox_android,subtree_engine,yes,no,2012-10-09
Q001793,5,F09901,safari_ios,engine_webkit,no,no,2011-10-12
Q001794,91,F17955,webview_android,lineage_pair,no,yes,2021-05-25
Q001795,3.2,F17718,webview_ios,lineage_pair,no,no,2010-04-03
Q001796,149,F12453,webview_android,engine_blink,yes,no,2026-06-02
Q001797,1,F03413,chrome,engine_blink,yes,no,2008-12-11
Q001798,28.0,F06259,samsunginternet_android,engine_blink,yes,no,2025-04-02
Q001799,11,F10250,webview_ios,derivative1,no,yes,2017-09-19
Q001800,119,F17709,firefox,lineage_pair,no,no,2023-10-24
Q001801,18,F05301,chrome_android,engine_blink,yes,no,2012-06-27
Q001802,61,F16727,chrome,engine_blink,yes,no,2017-09-05
Q001803,126,F08053,webview_android,engine_blink,yes,no,2024-06-11
Q001804,52,F07683,firefox_android,lineage_pair,no,yes,2017-03-07
Q001805,149,F15302,firefox,subtree_engine,yes,no,2026-03-24
Q001806,48,F17267,opera_android,engine_blink,yes,no,2018-11-08
Q001807,14,F06803,opera_android,engine_blink,yes,no,2013-05-21
Q001808,58,F04521,chrome_android,subtree_engine,yes,no,2017-04-25
Q001809,12.1,F11973,opera_android,random2,no,no,2012-10-09
Q001810,67,F15764,opera,engine_blink,yes,no,2020-03-03
Q001811,53,F03912,opera,subtree_engine,yes,no,2018-05-10
Q001812,12,F06687,edge,engine_blink,yes,no,2015-07-29
Q001813,91,F03376,chrome,lineage_pair,no,yes,2021-05-25
Q001814,4,F17710,firefox_android,random2,no,no,2011-03-29
Q001815,16,F03511,safari_ios,lineage_pair,no,no,2022-09-12
Q001816,false,F11499,safari_ios,derivative1,no,no,none
Q001817,false,F14832,safari_ios,subtree_engine,yes,no,none
Q001818,4.4,F00912,webview_android,engine_blink,yes,no,2013-12-09
Q001819,125,F15924,edge,engine_blink,yes,no,2024-05-17
Q001820,14.5,F12089,safari_ios,engine_webkit,no,no,2021-04-26
Q001821,false,F10586,samsunginternet_android,engine_blink,yes,no,none
Q001822,37,F06405,opera,subtree_engine,yes,no,2016-05-04
Q001823,24,F06335,opera,engine_blink,yes,no,2014-09-02
Q001824,3,F13525,safari,engine_webkit,no,no,2007-10-26
Q001825,75,F04433,firefox,subtree_engine,yes,no,2020-04-07
Q001826,122,F16638,opera,engine_blink,yes,no,2025-09-11
Q001827,1,F12037,safari_ios,engine_webkit,no,no,2007-06-29
Q001828,56,F04387,chrome_android,engine_blink,yes,no,2017-02-01
Q001829,4,F12686,safari,subtree_engine,yes,no,2009-06-08
Q001830,false,F04096,webview_android,engine_blink,yes,no,none
Q001831,1.0,F11072,samsunginternet_android,random2,no,no,2013-04-27
Q001832,75,F11323,firefox,subtree_engine,yes,no,2020-04-07
Q001833,false,F02107,safari_ios,engine_webkit,no,no,none
Q001834,1.0,F18328,samsunginternet_android,engine_blink,yes,no,2013-04-27
Q001835,14,F06046,webview_ios,engine_webkit,no,no,2020-09-16
Q001836,79,F07872,edge,engine_blink,yes,no,2020-01-15
Q001837,80,F06083,chrome_android,engine_blink,yes,no,2020-02-04
Q001838,false,F08683,safari,engine_webkit,no,no,none
Q001839,4.4,F09759,webview_android,engine_blink,yes,no,2013-12-09
Q001840,55,F06395,opera_android,random2,no,no,2019-12-03
Q001841,68,F01608,opera,engine_blink,yes,no,2020-04-22
Q001842,33,F00347,opera,subtree_engine,yes,no,2015-10-27
Q001843,9,F18005,webview_ios,engine_webkit,no,no,2015-09-16
Q001844,80,F10277,chrome,engine_blink,yes,no,2020-02-04
Q001845,92,F08334,webview_android,subtree_engine,yes,no,2021-07-20
Q001846,58,F12489,webview_android,subtree_engine,yes,no,2017-04-25
Q001847,115,F17426,opera,engine_blink,yes,no,2024-11-27
Q001848,1,F07318,firefox,subtree_engine,yes,yes,2004-11-09
Q001849,66,F12268,webview_android,subtree_engine,yes,no,2018-04-17
Q001850,18.4,F12658,webview_ios,subtree_engine,yes,yes,2025-03-31
Q001851,86,F01605,opera_android,engine_blink,yes,no,2024-12-02
Q001852,72,F11046,opera,subtree_engine,yes,no,2020-10-21
Q001853,43,F05102,opera_android,engine_blink,yes,yes,2017-09-27
Q001854,5.0,F17565,oculus,subtree_engine,yes,no,2018-07-01
Q001855,7,F09191,firefox_android,lineage_pair,no,no,2011-09-27
Q001856,66,F16357,opera,subtree_engine,yes,no,2020-01-07
Q001857,57,F11677,chrome,random2,no,yes,2017-03-09
Q001858,61,F07567,opera_android,subtree_engine,yes,no,2020-12-07
Q001859,12.2,F00376,safari_ios,engine_webkit,no,no,2019-03-25
Q001860,80,F17871,opera_android,random2,no,yes,2024-01-25
Q001861,1.0,F02964,samsunginternet_android,engine_blink,yes,no,2013-04-27
Q001862,73,F13401,opera,engine_blink,yes,no,2020-12-09
Q001863,79,F04722,edge,engine_blink,yes,no,2020-01-15
Q001864,12,F12195,edge,engine_blink,yes,no,2015-07-29
Q001865,1.0,F08232,samsunginternet_android,engine_blink,yes,no,2013-04-27
Q001866,12.1,F08232,opera_android,engine_blink,yes,no,2012-10-09
Q001867,44,F10265,firefox,source1,no,no,2016-01-26
Q001868,55,F12920,firefox,lineage_pair,no,no,2017-08-08
Q001869,79,F15361,chrome,subtree_engine,yes,no,2019-12-10
Q001870,144,F04165,firefox,random2,no,no,2025-10-14
Q001871,4.4,F02805,webview_android,engine_blink,yes,no,2013-12-09
Q001872,3.1,F06649,safari,engine_webkit,no,no,2008-03-18
Q001873,1,F11362,chrome,engine_blink,yes,no,2008-12-11
Q001874,15,F13122,opera,engine_blink,yes,no,2013-07-02
Q001875,43,F03346,opera,subtree_engine,yes,no,2017-02-07
Q001876,95,F15813,opera,engine_blink,yes,yes,2023-02-01
Q001877,18,F00361,chrome_android,random2,no,no,2012-06-27
Q001878,4,F08658,firefox,random2,no,no,2011-03-22
Q001879,115,F09296,opera,subtree_engine,yes,no,2024-11-27
Q001880,15,F02964,opera,engine_blink,yes,no,2013-07-02
Q001881,51,F12890,chrome,source1,no,no,2016-05-25
Q001882,85,F17838,opera_android,engine_blink,yes,no,2024-10-29
Q001883,46,F17016,opera_android,engine_blink,yes,no,2018-05-14
Q001884,15,F08474,opera,engine_blink,yes,no,2013-07-02
Q001885,26,F13202,safari,engine_webkit,no,no,2025-09-15
Q001886,100,F01884,edge,engine_blink,yes,no,2022-04-01
Q001887,18,F12870,chrome_android,engine_blink,yes,no,2012-06-27
Q001888,41,F08532,opera_android,derivative1,no,no,2016-10-25
Q001889,1,F13027,chrome,subtree_engine,yes,no,2008-12-11
Q001890,12,F15103,edge,engine_blink,yes,no,2015-07-29
Q001891,5.0,F12313,oculus,engine_blink,yes,no,2018-07-01
Q001892,58,F15994,webview_android,subtree_engine,yes,no,2017-04-25
Q001893,7.0,F10379,samsunginternet_android,random2,no,yes,2018-03-16
Q001894,57,F09416,chrome_android,engine_blink,yes,no,2017-03-16
Q001895,80,F10277,chrome_android,engine_blink,yes,no,2020-02-04
Q001896,4.4,F07226,webview_android,engine_blink,yes,no,2013-12-09
Q001897,13.0,F18115,samsunginternet_android,engine_blink,yes,no,2020-12-02
Q001898,5.0,F03029,oculus,engine_blink,yes,no,2018-07-01
Q001899,103,F06579,opera,derivative1,no,no,2023-10-03
Q001900,94,F07640,chrome,engine_blink,yes,no,2021-09-21
Q001901,111,F00512,chrome,engine_blink,yes,no,2023-03-07
Q001902,5.0,F04962,oculus,engine_blink,yes,no,2018-07-01
Q001903,28.0,F00779,samsunginternet_android,engine_blink,yes,no,2025-04-02
Q001904,8.0,F09990,samsunginternet_android,random2,no,no,2018-07-18
Q001905,11,F07623,safari,random2,no,no,2017-09-19
Q001906,14,F08620,opera_android,engine_blink,yes,no,2013-05-21
Q001907,90,F15332,edge,engine_blink,yes,no,2021-04-15
Q001908,18.0,F01017,oculus,engine_blink,yes,no,2021-11-30
Q001909,12,F15541,edge,engine_blink,yes,no,2015-07-29
Q001910,5.0,F16498,samsunginternet_android,engine_blink,yes,no,2016-12-15
Q001911,59,F14004,chrome,lineage_pair,no,no,2017-06-05
Q001912,79,F05527,firefox,lineage_pair,no,yes,2020-07-28
Q001913,145,F05919,chrome_android,engine_blink,yes,no,2026-02-10
Q001914,6.0,F13085,oculus,subtree_engine,yes,no,2019-08-12
Q001915,5.0,F00386,oculus,lineage_pair,no,no,2018-07-01
Q001916,30.0,F06795,samsunginternet_android,engine_blink,yes,no,2026-05-11
Q001917,9.0,F16336,oculus,subtree_engine,yes,no,2020-04-24
Q001918,5.0,F05102,oculus,engine_blink,yes,yes,2018-07-01
Q001919,138,F06304,chrome_android,engine_blink,yes,no,2025-06-24
Q001920,false,F17899,firefox_android,lineage_pair,no,no,none
Q001921,12.1,F03773,opera_android,engine_blink,yes,no,2012-10-09
Q001922,120,F00240,webview_android,random2,no,no,2023-12-05
Q001923,5.0,F15007,oculus,engine_blink,yes,no,2018-07-01
Q001924,14.5,F08364,safari_ios,engine_webkit,no,no,2021-04-26
Q001925,103,F03631,opera,random2,no,no,2023-10-03
Q001926,5,F16039,safari,subtree_engine,yes,no,2010-06-07
Q001927,3,F08252,chrome,lineage_pair,no,no,2009-09-15
Q001928,49,F13806,opera,derivative1,no,no,2017-11-08
Q001929,1,F13064,firefox,lineage_pair,no,no,2004-11-09
Q001930,26,F10366,webview_ios,engine_webkit,no,no,2025-09-15
Q001931,false,F02295,webview_android,lineage_pair,no,no,none
Q001932,false,F15995,safari_ios,subtree_engine,yes,no,none
Q001933,46,F16190,firefox,lineage_pair,no,no,2016-04-26
Q001934,3.5,F11119,opera,engine_blink,yes,no,1998-11-18
Q001935,5.0,F02854,oculus,subtree_engine,yes,no,2018-07-01
Q001936,74,F10996,opera_android,lineage_pair,no,yes,2023-03-13
Q001937,false,F18104,firefox,subtree_engine,yes,no,none
Q001938,58,F05636,webview_android,engine_blink,yes,no,2017-04-25
Q001939,16,F05604,webview_ios,random2,no,no,2022-09-12
Q001940,32,F10199,oculus,engine_blink,yes,no,2024-02-27
Q001941,8,F02261,safari,engine_webkit,no,no,2014-10-16
Q001942,147,F17467,webview_android,subtree_engine,yes,no,2026-04-07
Q001943,4.4,F03117,webview_android,engine_blink,yes,no,2013-12-09
Q001944,16.4,F06966,safari,engine_webkit,no,yes,2023-03-27
Q001945,false,F12317,chrome,engine_blink,yes,no,none
Q001946,80,F09863,chrome,subtree_engine,yes,no,2020-02-04
Q001947,false,F10780,webview_ios,engine_webkit,no,no,none
Q001948,109,F01921,chrome_android,engine_blink,yes,yes,2023-01-10
Q001949,58,F09734,webview_android,subtree_engine,yes,no,2017-04-25
Q001950,32,F10205,firefox_android,derivative1,no,no,2014-09-02
Q001951,16.4,F06711,safari_ios,engine_webkit,no,no,2023-03-27
Q001952,16.4,F10870,safari,engine_webkit,no,yes,2023-03-27
Q001953,25,F11371,firefox_android,derivative1,no,no,2013-10-29
Q001954,4.0,F02440,samsunginternet_android,engine_blink,yes,no,2016-03-11
Q001955,91,F02963,edge,engine_blink,yes,yes,2021-05-27
Q001956,43,F08893,opera_android,subtree_engine,yes,no,2017-09-27
Q001957,16,F05854,edge,engine_blink,yes,no,2017-10-17
Q001958,11,F05715,safari,random2,no,yes,2017-09-19
Q001959,9,F06130,safari_ios,engine_webkit,no,no,2015-09-16
Q001960,49,F10078,firefox_android,subtree_engine,yes,no,2016-09-20
Q001961,25,F14900,chrome_android,engine_blink,yes,no,2013-02-27
Q001962,18,F05540,chrome_android,engine_blink,yes,no,2012-06-27
Q001963,31.2,F04020,oculus,engine_blink,yes,no,2024-01-15
Q001964,34,F17190,firefox_android,subtree_engine,yes,no,2014-12-01
Q001965,16.4,F05024,safari_ios,lineage_pair,no,yes,2023-03-27
Q001966,4,F18511,safari,subtree_engine,yes,no,2009-06-08
Q001967,109,F03498,webview_android,engine_blink,yes,no,2023-01-10
Q001968,15,F13027,opera,subtree_engine,yes,no,2013-07-02
Q001969,102,F01031,chrome,engine_blink,yes,no,2022-05-24
Q001970,39,F17488,oculus,lineage_pair,no,no,2025-06-25
Q001971,1,F15419,chrome,source1,no,no,2008-12-11
Q001972,false,F11555,opera_android,random2,no,no,none
Q001973,false,F18206,firefox,source1,no,no,none
Q001974,79,F04741,edge,engine_blink,yes,no,2020-01-15
Q001975,98,F04918,firefox_android,subtree_engine,yes,no,2022-03-08
Q001976,48,F18394,opera,random2,no,no,2017-09-27
Q001977,109,F11682,webview_android,subtree_engine,yes,yes,2023-01-10
Q001978,109,F11682,edge,subtree_engine,yes,yes,2023-01-12
Q001979,144,F04976,chrome,engine_blink,yes,no,2026-01-13
Q001980,120,F06320,opera,engine_blink,yes,no,2025-07-02
Q001981,16.0,F16480,samsunginternet_android,random2,no,yes,2021-11-25
Q001982,41,F17827,opera_android,subtree_engine,yes,no,2016-10-25
Q001983,5.0,F05684,oculus,engine_blink,yes,yes,2018-07-01
Q001984,3,F00040,webview_android,derivative1,no,no,2011-02-22
Q001985,1.0,F07315,samsunginternet_android,engine_blink,yes,no,2013-04-27
Q001986,9.0,F12268,samsunginternet_android,subtree_engine,yes,no,2018-09-15
Q001987,12.1,F03011,opera,derivative1,no,no,2012-11-20
Q001988,13.0,F12370,oculus,engine_blink,yes,no,2020-12-10
Q001989,125,F15924,chrome_android,engine_blink,yes,no,2024-05-14
Q001990,16,F13252,safari,lineage_pair,no,no,2022-09-12
Q001991,119,F06632,firefox,random2,no,no,2023-10-24
Q001992,2,F10443,safari_ios,engine_webkit,no,no,2008-07-11
Q001993,17.0,F02512,samsunginternet_android,subtree_engine,yes,no,2022-05-04
Q001994,138,F13971,webview_android,engine_blink,yes,no,2025-06-24
Q001995,53,F07761,opera,random2,no,no,2018-05-10
Q001996,10,F05682,safari_ios,engine_webkit,no,no,2016-09-13
Q001997,false,F02653,firefox_android,subtree_engine,yes,no,none
Q001998,18,F08947,chrome_android,engine_blink,yes,no,2012-06-27
Q001999,52,F01751,firefox,random2,no,yes,2017-03-07
Q002000,false,F02274,webview_android,engine_blink,yes,no,none
Q002001,20.0,F13760,samsunginternet_android,subtree_engine,yes,no,2023-02-10
Q002002,false,F05732,samsunginternet_android,lineage_pair,no,no,none
Q002003,5.0,F06803,oculus,engine_blink,yes,no,2018-07-01
Q002004,91,F16499,chrome,random2,no,yes,2021-05-25
Q002005,68,F06102,opera_android,engine_blink,yes,no,2022-03-30
Q002006,149,F00295,chrome,lineage_pair,no,no,2026-06-02
Q002007,3,F10445,safari,lineage_pair,no,no,2007-10-26
Q002008,false,F09515,firefox,source1,no,no,none
Q002009,5.0,F17491,oculus,engine_blink,yes,no,2018-07-01
Q002010,12.0,F09073,samsunginternet_android,engine_blink,yes,no,2020-06-19
Q002011,26,F08517,webview_ios,engine_webkit,no,no,2025-09-15
Q002012,false,F14591,samsunginternet_android,random2,no,no,none
Q002013,79,F02811,edge,subtree_engine,yes,no,2020-01-15
Q002014,12.0,F16655,samsunginternet_android,subtree_engine,yes,no,2020-06-19
Q002015,44,F07193,opera,engine_blink,yes,yes,2017-03-21
Q002016,12,F09084,edge,engine_blink,yes,no,2015-07-29
Q002017,111,F08968,opera,engine_blink,yes,no,2024-06-12
Q002018,14.5,F01985,safari_ios,random2,no,no,2021-04-26
Q002019,false,F16925,edge,engine_blink,yes,yes,none
Q002020,28.0,F00917,samsunginternet_android,engine_blink,yes,no,2025-04-02
Q002021,128,F10199,opera,engine_blink,yes,no,2026-02-26
Q002022,false,F13720,safari,engine_webkit,no,no,none
Q002023,6,F05398,webview_ios,lineage_pair,no,no,2012-09-10
Q002024,43,F07158,opera_android,random2,no,yes,2017-09-27
Q002025,18,F15103,chrome_android,engine_blink,yes,no,2012-06-27
Q002026,false,F07292,chrome_android,lineage_pair,no,no,none
Q002027,109,F02901,chrome,engine_blink,yes,yes,2023-01-10
Q002028,5.0,F10890,oculus,engine_blink,yes,no,2018-07-01
Q002029,10.0,F13085,samsunginternet_android,subtree_engine,yes,no,2019-08-22
Q002030,16.4,F15607,safari_ios,engine_webkit,no,yes,2023-03-27
Q002031,16,F16820,webview_ios,subtree_engine,yes,no,2022-09-12
Q002032,10.3,F04273,webview_ios,engine_webkit,no,no,2017-03-27
Q002033,57,F17363,webview_android,engine_blink,yes,no,2017-03-16
Q002034,false,F16818,firefox,subtree_engine,yes,no,none
Q002035,12.1,F14510,opera_android,engine_blink,yes,no,2012-10-09
Q002036,1,F09834,firefox,random2,no,yes,2004-11-09
Q002037,false,F04423,safari,engine_webkit,no,no,none
Q002038,94,F01017,chrome,engine_blink,yes,no,2021-09-21
Q002039,27,F16692,safari_ios,engine_webkit,no,no,2026-09-14
Q002040,108,F02139,edge,engine_blink,yes,no,2022-12-05
Q002041,69,F13085,webview_android,subtree_engine,yes,no,2018-09-04
Q002042,11,F18339,safari_ios,engine_webkit,no,no,2017-09-19
Q002043,15,F07490,opera,random2,no,no,2013-07-02
Q002044,false,F14196,webview_android,random2,no,no,none
Q002045,10,F08679,safari,engine_webkit,no,no,2016-09-20
Q002046,133,F04971,chrome_android,engine_blink,yes,no,2025-02-04
Q002047,15,F06052,chrome,engine_blink,yes,no,2011-10-25
Q002048,26,F05801,safari,subtree_engine,yes,no,2025-09-15
Q002049,14.5,F18122,webview_ios,subtree_engine,yes,no,2021-04-26
Q002050,4.4,F13772,webview_android,engine_blink,yes,no,2013-12-09
Q002051,25,F03851,firefox,random2,no,no,2013-10-29
Q002052,67,F15527,chrome,engine_blink,yes,no,2018-05-29
Q002053,1,F03042,safari,source1,no,no,2003-06-23
Q002054,26,F07646,safari_ios,random2,no,no,2025-09-15
Q002055,80,F05065,edge,subtree_engine,yes,no,2020-02-07
Q002056,79,F09825,chrome,source1,no,no,2019-12-10
Q002057,12,F18203,edge,engine_blink,yes,no,2015-07-29
Q002058,55,F13838,firefox,random2,no,no,2017-08-08
Q002059,86,F09106,chrome_android,subtree_engine,yes,no,2020-10-20
Q002060,8,F08459,firefox_android,subtree_engine,yes,no,2011-11-08
Q002061,6.0,F07107,samsunginternet_android,engine_blink,yes,no,2017-08-23
Q002062,5.0,F12240,oculus,derivative1,no,no,2018-07-01
Q002063,34,F17190,firefox,subtree_engine,yes,no,2014-12-01
Q002064,5.1,F08375,safari,lineage_pair,no,no,2011-07-20
Q002065,24,F02624,chrome,lineage_pair,no,no,2013-01-10
Q002066,5.0,F09636,oculus,subtree_engine,yes,no,2018-07-01
Q002067,12,F07005,edge,engine_blink,yes,no,2015-07-29
Q002068,12.1,F07451,opera,engine_blink,yes,no,2012-11-20
Q002069,8,F05532,firefox_android,subtree_engine,yes,no,2011-11-08
Q002070,false,F06853,safari,engine_webkit,no,no,none
Q002071,10,F04494,webview_ios,engine_webkit,no,yes,2016-09-13
Q002072,87,F11100,edge,engine_blink,yes,no,2020-11-19
Q002073,18,F11099,chrome_android,engine_blink,yes,no,2012-06-27
Q002074,125,F08968,chrome,engine_blink,yes,no,2024-05-14
Q002075,5.0,F16616,oculus,engine_blink,yes,no,2018-07-01
Q002076,84,F15956,firefox,subtree_engine,yes,no,2020-12-15
Q002077,1,F17209,safari_ios,lineage_pair,no,no,2007-06-29
Q002078,17.4,F11983,safari_ios,engine_webkit,no,no,2024-03-05
Q002079,5.0,F08133,oculus,derivative1,no,no,2018-07-01
Q002080,144,F15109,chrome,engine_blink,yes,yes,2026-01-13
Q002081,false,F14169,safari_ios,engine_webkit,no,no,none
Q002082,false,F10724,firefox,subtree_engine,yes,no,none
Q002083,147,F06043,chrome,subtree_engine,yes,no,2026-04-07
Q002084,15.4,F03752,safari,engine_webkit,no,no,2022-03-14
Q002085,false,F14520,opera,engine_blink,yes,no,none
Q002086,1,F06379,safari_ios,engine_webkit,no,no,2007-06-29
Q002087,4,F17916,firefox_android,derivative1,no,no,2011-03-29
Q002088,58,F10164,webview_android,subtree_engine,yes,no,2017-04-25
Q002089,12,F06779,edge,engine_blink,yes,no,2015-07-29
Q002090,16.4,F17293,safari_ios,engine_webkit,no,yes,2023-03-27
Q002091,16.4,F15256,safari_ios,lineage_pair,no,yes,2023-03-27
Q002092,91,F09094,chrome,engine_blink,yes,yes,2021-05-25
Q002093,57,F09724,chrome_android,engine_blink,yes,yes,2017-03-16
Q002094,14,F03151,opera_android,derivative1,no,no,2013-05-21
Q002095,149,F06997,firefox_android,subtree_engine,yes,no,2026-03-24
Q002096,15,F14900,opera,engine_blink,yes,no,2013-07-02
Q002097,false,F09342,safari,engine_webkit,no,no,none
Q002098,6.0,F03836,oculus,engine_blink,yes,no,2019-08-12
Q002099,false,F08456,webview_ios,lineage_pair,no,no,none
Q002100,11,F02913,webview_ios,engine_webkit,no,no,2017-09-19
Q002101,75,F06480,webview_android,random2,no,no,2019-06-04
Q002102,157,F11347,firefox,lineage_pair,no,no,2026-09-29
Q002103,false,F08481,samsunginternet_android,engine_blink,yes,no,none
Q002104,7,F13351,safari_ios,engine_webkit,no,yes,2013-09-18
Q002105,4.4,F13758,webview_android,engine_blink,yes,no,2013-12-09
Q002106,50,F02483,chrome_android,engine_blink,yes,no,2016-04-13
Q002107,126,F07232,webview_android,lineage_pair,no,no,2024-06-11
Q002108,false,F00767,safari_ios,engine_webkit,no,no,none
Q002109,false,F02071,webview_ios,subtree_engine,yes,no,none
Q002110,2,F00128,webview_ios,engine_webkit,no,no,2008-07-11
Q002111,141,F14046,firefox,lineage_pair,no,no,2025-07-22
Q002112,false,F02370,chrome_android,random2,no,no,none
Q002113,5.0,F07182,oculus,engine_blink,yes,no,2018-07-01
Q002114,124,F03736,chrome_android,engine_blink,yes,no,2024-04-16
Q002115,5.1,F11449,safari,lineage_pair,no,yes,2011-07-20
Q002116,false,F10262,firefox,source1,no,no,none
Q002117,false,F14022,firefox,subtree_engine,yes,no,none
Q002118,18,F11274,chrome_android,engine_blink,yes,no,2012-06-27
Q002119,47,F08979,opera,subtree_engine,yes,no,2017-08-09
Q002120,5,F14898,safari_ios,engine_webkit,no,no,2011-10-12
Q002121,13.4,F14283,safari_ios,subtree_engine,yes,no,2020-03-24
Q002122,5.0,F15994,oculus,subtree_engine,yes,no,2018-07-01
Q002123,3.2,F03236,safari_ios,engine_webkit,no,no,2010-04-03
Q002124,129,F10707,edge,engine_blink,yes,no,2024-09-19
Q002125,91,F05510,chrome,random2,no,yes,2021-05-25
Q002126,false,F10091,safari,random2,no,no,none
Q002127,86,F09845,firefox,subtree_engine,yes,no,2021-02-23
Q002128,4,F08335,firefox_android,lineage_pair,no,no,2011-03-29
Q002129,149,F07183,chrome,random2,no,no,2026-06-02
Q002130,65,F16444,chrome,engine_blink,yes,no,2018-03-06
Q002131,79,F03515,edge,engine_blink,yes,no,2020-01-15
Q002132,false,F09020,opera_android,engine_blink,yes,no,none
Q002133,75,F08847,firefox,subtree_engine,yes,no,2020-04-07
Q002134,false,F09743,firefox,source1,no,no,none
Q002135,43,F05288,opera_android,derivative1,no,yes,2017-09-27
Q002136,109,F15984,opera,engine_blink,yes,no,2024-03-27
Q002137,false,F13000,firefox,random2,no,no,none
Q002138,5.0,F01045,oculus,lineage_pair,no,no,2018-07-01
Q002139,54,F03321,chrome,engine_blink,yes,no,2016-10-12
Q002140,15.4,F08663,webview_ios,engine_webkit,no,no,2022-03-14
Q002141,12,F07242,edge,engine_blink,yes,no,2015-07-29
Q002142,3.1,F05341,safari,source1,no,no,2008-03-18
Q002143,14.0,F17335,samsunginternet_android,subtree_engine,yes,no,2021-04-17
Q002144,148,F09622,chrome,engine_blink,yes,no,2026-05-05
Q002145,105,F02421,webview_android,subtree_engine,yes,no,2022-09-02
Q002146,5.0,F04339,oculus,engine_blink,yes,no,2018-07-01
Q002147,1.0,F09660,samsunginternet_android,engine_blink,yes,no,2013-04-27
Q002148,47,F12268,opera_android,subtree_engine,yes,no,2018-07-23
Q002149,67,F10277,opera,engine_blink,yes,no,2020-03-03
Q002150,false,F01840,firefox,source1,no,no,none
Q002151,128,F02180,firefox,subtree_engine,yes,no,2024-07-09
Q002152,12,F05209,edge,engine_blink,yes,no,2015-07-29
Q002153,91,F09429,edge,engine_blink,yes,yes,2021-05-27
Q002154,34,F13136,oculus,derivative1,no,no,2024-06-26
Q002155,5,F10471,chrome,random2,no,no,2010-05-25
Q002156,11,F12272,safari_ios,derivative1,no,yes,2017-09-19
Q002157,16,F05102,edge,engine_blink,yes,yes,2017-10-17
Q002158,11,F06044,webview_ios,lineage_pair,no,no,2017-09-19
Q002159,16.4,F05073,webview_ios,engine_webkit,no,yes,2023-03-27
Q002160,14.1,F02648,safari,lineage_pair,no,no,2021-04-26
Q002161,14,F04089,opera_android,derivative1,no,no,2013-05-21
Q002162,false,F17980,webview_ios,engine_webkit,no,no,none
Q002163,false,F08353,webview_ios,subtree_engine,yes,no,none
Q002164,52,F14575,firefox_android,lineage_pair,no,yes,2017-03-07
Q002165,false,F16170,safari,lineage_pair,no,no,none
Q002166,60,F05326,chrome_android,engine_blink,yes,no,2017-08-01
Q002167,12.1,F09759,opera_android,engine_blink,yes,no,2012-10-09
Q002168,5,F02062,webview_ios,subtree_engine,yes,no,2011-10-12
Q002169,8,F10621,firefox_android,subtree_engine,yes,no,2011-11-08
Q002170,11,F15394,safari,engine_webkit,no,yes,2017-09-19
Q002171,1,F02324,chrome,engine_blink,yes,no,2008-12-11
Q002172,9,F03394,webview_ios,lineage_pair,no,no,2015-09-16
Q002173,false,F14706,safari,engine_webkit,no,no,none
Q002174,132,F12294,opera,engine_blink,yes,no,2026-05-28
Q002175,10.0,F10811,samsunginternet_android,engine_blink,yes,no,2019-08-22
Q002176,41,F14740,opera_android,engine_blink,yes,no,2016-10-25
Q002177,false,F03474,webview_ios,random2,no,no,none
Q002178,24,F13931,chrome,subtree_engine,yes,no,2013-01-10
Q002179,false,F12482,webview_android,engine_blink,yes,no,none
Q002180,false,F18466,chrome,source1,no,no,none
Q002181,82,F14367,firefox,subtree_engine,yes,no,2020-10-20
Q002182,1.5,F14510,samsunginternet_android,engine_blink,yes,no,2013-09-25
Q002183,false,F08356,webview_android,engine_blink,yes,no,none
Q002184,43,F10243,opera,subtree_engine,yes,no,2017-02-07
Q002185,12,F05540,opera_android,engine_blink,yes,no,2012-02-25
Q002186,47,F02515,opera_android,subtree_engine,yes,no,2018-07-23
Q002187,11,F08851,safari,source1,no,yes,2017-09-19
Q002188,133,F02666,opera,engine_blink,yes,no,2026-06-29
Q002189,30,F11262,firefox,subtree_engine,yes,no,2014-06-10
Q002190,1,F08349,webview_ios,engine_webkit,no,no,2007-06-29
Q002191,5,F10275,chrome,random2,no,no,2010-05-25
Q002192,144,F04007,firefox_android,derivative1,no,no,2025-10-14
Q002193,1.0,F07038,samsunginternet_android,engine_blink,yes,no,2013-04-27
Q002194,1.5,F04947,samsunginternet_android,subtree_engine,yes,no,2013-09-25
Q002195,false,F15427,webview_android,engine_blink,yes,yes,none
Q002196,5.0,F17072,oculus,engine_blink,yes,no,2018-07-01
Q002197,false,F08720,webview_android,engine_blink,yes,no,none
Q002198,69,F17267,chrome,engine_blink,yes,no,2018-09-04
Q002199,79,F10786,edge,engine_blink,yes,no,2020-01-15
Q002200,4.2,F02659,webview_ios,engine_webkit,no,no,2010-11-22
Q002201,12.1,F12798,safari,engine_webkit,no,no,2019-03-25
Q002202,26,F05551,safari,engine_webkit,no,no,2025-09-15
Q002203,1.0,F10028,samsunginternet_android,engine_blink,yes,no,2013-04-27
Q002204,false,F16027,safari,engine_webkit,no,no,none
Q002205,12.1,F16984,opera_android,subtree_engine,yes,no,2012-10-09
Q002206,14,F02457,opera_android,engine_blink,yes,no,2013-05-21
Q002207,54,F09610,webview_android,random2,no,no,2016-10-19
Q002208,58,F17562,chrome_android,engine_blink,yes,no,2017-04-25
Q002209,12.1,F05457,opera_android,engine_blink,yes,no,2012-10-09
Q002210,1,F11779,chrome,source1,no,no,2008-12-11
Q002211,16,F14780,edge,engine_blink,yes,yes,2017-10-17
Q002212,6,F02298,safari_ios,engine_webkit,no,yes,2012-09-10
Q002213,152,F12772,firefox,lineage_pair,no,no,2026-06-16
Q002214,12,F02320,chrome,source1,no,no,2011-06-07
Q002215,58,F04521,webview_android,subtree_engine,yes,no,2017-04-25
Q002216,10.3,F07075,safari_ios,engine_webkit,no,no,2017-03-27
Q002217,28.0,F04795,samsunginternet_android,derivative1,no,no,2025-04-02
Q002218,16,F18001,firefox,lineage_pair,no,no,2012-10-09
Q002219,16.4,F05072,safari,lineage_pair,no,yes,2023-03-27
Q002220,61,F13234,chrome_android,engine_blink,yes,no,2017-09-05
Q002221,14,F02190,opera_android,random2,no,no,2013-05-21
Q002222,14,F06775,opera_android,engine_blink,yes,no,2013-05-21
Q002223,13,F14001,safari_ios,subtree_engine,yes,no,2019-09-19
Q002224,56,F00986,chrome,subtree_engine,yes,no,2017-01-25
Q002225,false,F04314,opera,engine_blink,yes,yes,none
Q002226,3.2,F16690,webview_ios,engine_webkit,no,no,2010-04-03
Q002227,5.0,F16454,oculus,random2,no,no,2018-07-01
Q002228,8.0,F14576,samsunginternet_android,subtree_engine,yes,no,2018-07-18
Q002229,21,F09253,opera,engine_blink,yes,no,2014-05-06
Q002230,1,F03538,firefox,lineage_pair,no,no,2004-11-09
Q002231,16.4,F01197,safari,lineage_pair,no,no,2023-03-27
Q002232,14,F06613,opera_android,random2,no,no,2013-05-21
Q002233,76,F16761,chrome,source1,no,no,2019-07-30
Q002234,121,F11624,webview_android,engine_blink,yes,no,2024-01-23
Q002235,60,F17565,chrome_android,subtree_engine,yes,no,2017-08-01
Q002236,115,F01038,opera,engine_blink,yes,no,2024-11-27
Q002237,5.0,F15178,oculus,engine_blink,yes,no,2018-07-01
Q002238,5.0,F17933,oculus,engine_blink,yes,no,2018-07-01
Q002239,1.0,F07226,samsunginternet_android,engine_blink,yes,no,2013-04-27
Q002240,7.0,F10346,oculus,engine_blink,yes,no,2019-12-10
Q002241,79,F15542,edge,engine_blink,yes,no,2020-01-15
Q002242,79,F08748,edge,engine_blink,yes,no,2020-01-15
Q002243,7,F15190,safari,lineage_pair,no,yes,2013-10-22
Q002244,106,F18251,opera,engine_blink,yes,no,2023-12-19
Q002245,12.1,F12497,opera,engine_blink,yes,no,2012-11-20
Q002246,1,F07226,chrome,engine_blink,yes,no,2008-12-11
Q002247,false,F15413,safari,subtree_engine,yes,no,none
Q002248,false,F07114,safari_ios,engine_webkit,no,yes,none
Q002249,10.0,F16427,oculus,derivative1,no,no,2020-06-19
Q002250,106,F14593,chrome,random2,no,no,2022-09-27
Q002251,2,F02752,webview_ios,engine_webkit,no,no,2008-07-11
Q002252,109,F15687,chrome,engine_blink,yes,no,2023-01-10
Q002253,12.1,F17539,opera_android,engine_blink,yes,no,2012-10-09
Q002254,false,F08747,safari_ios,subtree_engine,yes,no,none
Q002255,12.1,F07984,safari,lineage_pair,no,no,2019-03-25
Q002256,14.1,F08303,safari,lineage_pair,no,no,2021-04-26
Q002257,1.5,F04491,samsunginternet_android,subtree_engine,yes,no,2013-09-25
Q002258,27,F10453,safari_ios,engine_webkit,no,no,2026-09-14
Q002259,141,F11158,chrome,subtree_engine,yes,no,2025-09-30
Q002260,1,F08824,chrome,lineage_pair,no,no,2008-12-11
Q002261,5.0,F02748,oculus,engine_blink,yes,no,2018-07-01
Q002262,16.4,F05257,safari_ios,random2,no,no,2023-03-27
Q002263,88,F01031,opera,engine_blink,yes,no,2022-06-08
Q002264,false,F07735,safari_ios,subtree_engine,yes,no,none
Q002265,false,F02840,webview_ios,subtree_engine,yes,no,none
Q002266,5.0,F03117,oculus,engine_blink,yes,no,2018-07-01
Q002267,28.0,F00223,samsunginternet_android,engine_blink,yes,no,2025-04-02
Q002268,80,F18268,webview_android,subtree_engine,yes,no,2020-02-04
Q002269,16.4,F11512,safari,engine_webkit,no,no,2023-03-27
Q002270,112,F13815,opera,engine_blink,yes,no,2024-07-11
Q002271,5,F12367,safari_ios,engine_webkit,no,yes,2011-10-12
Q002272,57,F09724,webview_android,engine_blink,yes,yes,2017-03-16
Q002273,14,F13772,opera_android,engine_blink,yes,no,2013-05-21
Q002274,48,F10831,opera_android,random2,no,yes,2018-11-08
Q002275,9,F02752,safari,engine_webkit,no,no,2015-09-30
Q002276,false,F00694,oculus,engine_blink,yes,no,none
Q002277,false,F04727,safari_ios,engine_webkit,no,no,none
Q002278,1,F04612,chrome,lineage_pair,no,no,2008-12-11
Q002279,8,F05210,safari_ios,random2,no,no,2014-09-17
Q002280,12,F13834,edge,engine_blink,yes,no,2015-07-29
Q002281,6,F06492,safari_ios,engine_webkit,no,no,2012-09-10
Q002282,14.0,F13093,samsunginternet_android,subtree_engine,yes,no,2021-04-17
Q002283,80,F02480,chrome,engine_blink,yes,no,2020-02-04
Q002284,153,F08056,firefox,source1,no,yes,2026-07-21
Q002285,false,F02604,firefox_android,subtree_engine,yes,no,none
Q002286,121,F03334,webview_android,engine_blink,yes,no,2024-01-23
Q002287,11,F02703,webview_ios,engine_webkit,no,no,2017-09-19
Q002288,26.2,F08437,webview_ios,engine_webkit,no,no,2025-12-12
Q002289,5.0,F08565,oculus,random2,no,no,2018-07-01
Q002290,false,F10693,opera_android,engine_blink,yes,no,none
Q002291,26,F01009,safari_ios,engine_webkit,no,no,2025-09-15
Q002292,false,F12375,webview_ios,engine_webkit,no,no,none
Q002293,11,F02381,webview_ios,engine_webkit,no,yes,2017-09-19
Q002294,79,F13562,edge,subtree_engine,yes,no,2020-01-15
Q002295,2,F14871,chrome,engine_blink,yes,no,2009-05-21
Q002296,118,F16234,webview_android,subtree_engine,yes,no,2023-10-10
Q002297,80,F11974,chrome_android,subtree_engine,yes,no,2020-02-04
Q002298,43,F17363,opera_android,engine_blink,yes,no,2017-09-27
Q002299,79,F13234,edge,engine_blink,yes,no,2020-01-15
Q002300,18,F12497,chrome_android,engine_blink,yes,no,2012-06-27
Q002301,11.2,F18495,samsunginternet_android,engine_blink,yes,no,2020-03-22
Q002302,27,F16552,opera_android,random2,no,no,2015-01-29
Q002303,9,F12404,opera,derivative1,no,no,2006-06-20
Q002304,16.0,F09429,oculus,engine_blink,yes,yes,2021-06-07
Q002305,5.0,F10611,oculus,engine_blink,yes,no,2018-07-01
Q002306,64,F02980,firefox,random2,no,yes,2018-12-11
Q002307,false,F09725,samsunginternet_android,engine_blink,yes,yes,none
Q002308,33,F09392,firefox_android,lineage_pair,no,no,2014-10-14
Q002309,false,F01248,edge,subtree_engine,yes,yes,none
Q002310,4,F06240,safari,lineage_pair,no,no,2009-06-08
Q002311,58,F06113,chrome_android,subtree_engine,yes,no,2017-04-25
Q002312,false,F13230,webview_ios,subtree_engine,yes,no,none
Q002313,false,F06013,webview_ios,subtree_engine,yes,no,none
Q002314,3.5,F01496,opera,derivative1,no,no,1998-11-18
Q002315,30.0,F16468,samsunginternet_android,engine_blink,yes,no,2026-05-11
Q002316,1,F10417,chrome,source1,no,no,2008-12-11
Q002317,4.4,F08780,webview_android,engine_blink,yes,no,2013-12-09
Q002318,14.0,F09277,samsunginternet_android,engine_blink,yes,no,2021-04-17
Q002319,38,F14425,chrome_android,engine_blink,yes,no,2014-10-08
Q002320,false,F16025,firefox_android,subtree_engine,yes,no,none
Q002321,16.0,F07498,samsunginternet_android,engine_blink,yes,yes,2021-11-25
Q002322,16,F14523,firefox,lineage_pair,no,no,2012-10-09
Q002323,17,F13789,safari,source1,no,no,2023-09-18
Q002324,12.2,F06915,safari_ios,random2,no,no,2019-03-25
Q002325,40,F17212,webview_android,engine_blink,yes,no,2015-01-21
Q002326,7.2,F14740,samsunginternet_android,engine_blink,yes,no,2018-06-20
Q002327,147,F05291,firefox,lineage_pair,no,no,2026-01-13
Q002328,false,F02756,firefox,lineage_pair,no,no,none
Q002329,6,F14777,safari,source1,no,no,2012-07-25
Q002330,43,F13668,opera_android,engine_blink,yes,no,2017-09-27
Q002331,1.5,F07422,samsunginternet_android,subtree_engine,yes,no,2013-09-25
Q002332,false,F06571,firefox,source1,no,no,none
Q002333,false,F02704,opera,engine_blink,yes,no,none
Q002334,false,F16678,opera,engine_blink,yes,no,none
Q002335,133,F07628,webview_android,engine_blink,yes,no,2025-02-04
Q002336,104,F05399,opera,engine_blink,yes,no,2023-10-23
Q002337,16.4,F06966,webview_ios,engine_webkit,no,yes,2023-03-27
Q002338,83,F11191,opera_android,engine_blink,yes,no,2024-06-25
Q002339,13.0,F11812,samsunginternet_android,subtree_engine,yes,no,2020-12-02
Q002340,8,F01624,firefox,subtree_engine,yes,no,2011-11-08
Q002341,9,F09789,firefox_android,subtree_engine,yes,no,2011-12-21
Q002342,69,F00871,chrome,lineage_pair,no,yes,2018-09-04
Q002343,69,F05994,chrome,subtree_engine,yes,no,2018-09-04
Q002344,14.5,F08287,webview_ios,engine_webkit,no,no,2021-04-26
Q002345,false,F18056,safari_ios,lineage_pair,no,yes,none
Q002346,11,F11096,safari,lineage_pair,no,no,2017-09-19
Q002347,false,F12317,chrome_android,engine_blink,yes,no,none
Q002348,6.0,F13796,oculus,derivative1,no,no,2019-08-12
Q002349,11,F13968,webview_ios,engine_webkit,no,yes,2017-09-19
Q002350,120,F02450,chrome_android,engine_blink,yes,no,2023-12-05
Q002351,false,F11061,opera_android,engine_blink,yes,no,none
Q002352,4.4,F00160,webview_android,random2,no,no,2013-12-09
Q002353,43,F13532,opera,subtree_engine,yes,no,2017-02-07
Q002354,67,F13345,firefox_android,subtree_engine,yes,no,2019-05-21
Q002355,5.0,F10028,oculus,engine_blink,yes,no,2018-07-01
Q002356,3.5,F09636,opera,subtree_engine,yes,no,1998-11-18
Q002357,4.2,F02659,safari_ios,engine_webkit,no,no,2010-11-22
Q002358,5.1,F15958,safari,engine_webkit,no,yes,2011-07-20
Q002359,14.1,F07217,safari,source1,no,no,2021-04-26
Q002360,false,F15264,safari_ios,engine_webkit,no,no,none
Q002361,12.1,F06687,opera,engine_blink,yes,no,2012-11-20
Q002362,25,F11970,chrome_android,subtree_engine,yes,no,2013-02-27
Q002363,false,F10664,oculus,subtree_engine,yes,no,none
Q002364,29,F07606,firefox,lineage_pair,no,no,2014-04-29
Q002365,25,F13610,chrome_android,engine_blink,yes,no,2013-02-27
Q002366,91,F16661,webview_android,subtree_engine,yes,no,2021-05-25
Q002367,129,F04052,edge,engine_blink,yes,no,2024-09-19
Q002368,13.4,F09435,safari_ios,engine_webkit,no,no,2020-03-24
Q002369,74,F06736,webview_android,engine_blink,yes,yes,2019-04-24
Q002370,57,F08888,webview_android,engine_blink,yes,yes,2017-03-16
Q002371,10,F04494,safari,engine_webkit,no,yes,2016-09-20
Q002372,126,F13623,edge,engine_blink,yes,no,2024-06-13
Q002373,89,F10974,firefox,random2,no,yes,2021-06-01
Q002374,33,F03736,oculus,engine_blink,yes,no,2024-04-24
Q002375,18,F08089,chrome_android,engine_blink,yes,no,2012-06-27
Q002376,86,F11485,edge,subtree_engine,yes,no,2020-10-09
Q002377,125,F08968,edge,engine_blink,yes,no,2024-05-17
Q002378,14.1,F10438,safari,engine_webkit,no,no,2021-04-26
Q002379,5,F18213,safari_ios,derivative1,no,no,2011-10-12
Q002380,15,F08620,opera,engine_blink,yes,no,2013-07-02
Q002381,57,F10890,chrome_android,engine_blink,yes,no,2017-03-16
Q002382,77,F00566,opera_android,derivative1,no,yes,2023-08-31
Q002383,false,F17980,safari,engine_webkit,no,no,none
Q002384,1,F09391,chrome,random2,no,no,2008-12-11
Q002385,79,F06730,chrome,engine_blink,yes,no,2019-12-10
Q002386,9,F02403,safari_ios,engine_webkit,no,no,2015-09-16
Q002387,false,F17201,oculus,engine_blink,yes,no,none
Q002388,59,F16370,chrome,lineage_pair,no,no,2017-06-05
Q002389,1,F08966,chrome,source1,no,no,2008-12-11
Q002390,8,F10101,webview_ios,random2,no,no,2014-09-17
Q002391,false,F04664,safari_ios,engine_webkit,no,no,none
Q002392,8,F17575,webview_ios,engine_webkit,no,no,2014-09-17
Q002393,1.0,F17445,samsunginternet_android,engine_blink,yes,no,2013-04-27
Q002394,16.4,F04364,webview_ios,engine_webkit,no,no,2023-03-27
Q002395,43,F01039,opera_android,engine_blink,yes,no,2017-09-27
Q002396,false,F16378,webview_android,engine_blink,yes,yes,none
Q002397,29.0,F04561,samsunginternet_android,engine_blink,yes,no,2025-10-25
Q002398,12,F07808,edge,engine_blink,yes,no,2015-07-29
Q002399,9.0,F05529,oculus,subtree_engine,yes,no,2020-04-24
Q002400,26,F18417,safari,engine_webkit,no,no,2025-09-15
Q002401,68,F00044,firefox_android,derivative1,no,no,2019-07-09
Q002402,79,F11833,edge,subtree_engine,yes,no,2020-01-15
Q002403,30.0,F09292,samsunginternet_android,engine_blink,yes,no,2026-05-11
Q002404,false,F17813,safari_ios,engine_webkit,no,no,none
Q002405,12,F14849,edge,subtree_engine,yes,no,2015-07-29
Q002406,16.4,F15933,webview_ios,engine_webkit,no,no,2023-03-27
Q002407,3,F04689,safari,source1,no,no,2007-10-26
Q002408,false,F15596,firefox_android,subtree_engine,yes,no,none
Q002409,false,F06564,firefox,source1,no,no,none
Q002410,32,F03334,oculus,engine_blink,yes,no,2024-02-27
Q002411,14.5,F06015,safari_ios,engine_webkit,no,no,2021-04-26
Q002412,79,F16357,chrome,subtree_engine,yes,no,2019-12-10
Q002413,109,F07002,chrome_android,engine_blink,yes,no,2023-01-10
Q002414,88,F00201,opera_android,engine_blink,yes,no,2025-03-19
Q002415,7,F05498,webview_ios,random2,no,no,2013-09-18
Q002416,14.0,F01083,samsunginternet_android,engine_blink,yes,no,2021-04-17
Q002417,false,F11388,safari_ios,subtree_engine,yes,no,none
Q002418,86,F00639,webview_android,subtree_engine,yes,no,2020-10-20
Q002419,26,F08760,safari_ios,derivative1,no,no,2025-09-15
Q002420,4.4,F05540,webview_android,engine_blink,yes,no,2013-12-09
Q002421,false,F17309,safari,engine_webkit,no,no,none
Q002422,28.0,F13815,samsunginternet_android,engine_blink,yes,no,2025-04-02
Q002423,4.4,F06408,webview_android,lineage_pair,no,no,2013-12-09
Q002424,97,F07858,opera,subtree_engine,yes,no,2023-03-22
Q002425,14.0,F05952,samsunginternet_android,engine_blink,yes,no,2021-04-17
Q002426,26.2,F02030,safari_ios,engine_webkit,no,no,2025-12-12
Q002427,66,F17176,chrome_android,random2,no,no,2018-04-17
Q002428,5.0,F10007,oculus,engine_blink,yes,no,2018-07-01
Q002429,14.0,F12370,samsunginternet_android,engine_blink,yes,no,2021-04-17
Q002430,95,F15109,opera_android,engine_blink,yes,yes,2026-02-11
Q002431,47,F04761,opera,subtree_engine,yes,no,2017-08-09
Q002432,78,F15903,opera_android,engine_blink,yes,no,2023-10-23
Q002433,3,F07203,chrome,source1,no,no,2009-09-15
Q002434,79,F06164,edge,engine_blink,yes,no,2020-01-15
Q002435,11.2,F06730,samsunginternet_android,engine_blink,yes,no,2020-03-22
Q002436,1,F08105,webview_ios,lineage_pair,no,no,2007-06-29
Q002437,42,F09714,opera_android,engine_blink,yes,no,2017-01-21
Q002438,8,F09589,firefox_android,subtree_engine,yes,no,2011-11-08
Q002439,10,F08134,safari,lineage_pair,no,no,2016-09-20
Q002440,14.5,F17077,safari_ios,lineage_pair,no,no,2021-04-26
Q002441,12,F09995,edge,engine_blink,yes,no,2015-07-29
Q002442,false,F14243,oculus,engine_blink,yes,no,none
Q002443,27,F02121,opera,derivative1,no,no,2015-01-27
Q002444,1.0,F01292,samsunginternet_android,random2,no,no,2013-04-27
Q002445,31.2,F05399,oculus,engine_blink,yes,no,2024-01-15
Q002446,11,F10379,safari,random2,no,yes,2017-09-19
Q002447,false,F13786,webview_android,engine_blink,yes,no,none
Q002448,80,F06767,chrome_android,subtree_engine,yes,no,2020-02-04
Q002449,false,F11999,firefox_android,lineage_pair,no,no,none
Q002450,15,F15006,opera,engine_blink,yes,no,2013-07-02
Q002451,7.0,F02854,samsunginternet_android,subtree_engine,yes,no,2018-03-16
Q002452,39,F11503,firefox_android,subtree_engine,yes,no,2015-07-02
Q002453,9.0,F06767,oculus,subtree_engine,yes,no,2020-04-24
Q002454,140,F01720,firefox_android,lineage_pair,no,no,2025-06-24
Q002455,16.4,F06392,safari_ios,engine_webkit,no,no,2023-03-27
Q002456,false,F12953,firefox_android,derivative1,no,no,none
Q002457,4.4,F03730,webview_android,engine_blink,yes,no,2013-12-09
Q002458,81,F01608,chrome_android,engine_blink,yes,no,2020-04-07
Q002459,16.1,F16945,safari,engine_webkit,no,no,2022-10-24
Q002460,84,F09419,chrome_android,engine_blink,yes,no,2020-07-27
Q002461,22.0,F04459,samsunginternet_android,engine_blink,yes,no,2023-07-14
Q002462,false,F00709,safari,lineage_pair,no,no,none
Q002463,69,F02451,webview_android,engine_blink,yes,no,2018-09-04
Q002464,4.0,F11314,samsunginternet_android,engine_blink,yes,no,2016-03-11
Q002465,12,F01193,edge,engine_blink,yes,no,2015-07-29
Q002466,26,F09693,webview_ios,engine_webkit,no,no,2025-09-15
Q002467,10.1,F01670,safari,lineage_pair,no,no,2017-03-27
Q002468,16.4,F11512,webview_ios,engine_webkit,no,no,2023-03-27
Q002469,false,F04769,safari,subtree_engine,yes,no,none
Q002470,false,F05771,chrome,subtree_engine,yes,no,none
Q002471,141,F11822,chrome_android,subtree_engine,yes,no,2025-09-30
Q002472,89,F09224,firefox_android,random2,no,yes,2021-06-01
Q002473,false,F16598,webview_android,engine_blink,yes,no,none
Q002474,127,F08203,firefox,subtree_engine,yes,no,2024-06-11
Q002475,91,F16661,chrome,subtree_engine,yes,no,2021-05-25
Q002476,18,F05265,chrome_android,random2,no,no,2012-06-27
Q002477,1.0,F05982,samsunginternet_android,engine_blink,yes,no,2013-04-27
Q002478,4.4,F09995,webview_android,engine_blink,yes,no,2013-12-09
Q002479,false,F16987,webview_ios,derivative1,no,no,none
Q002480,1,F12203,safari_ios,engine_webkit,no,no,2007-06-29
Q002481,10,F09810,safari_ios,engine_webkit,no,no,2016-09-13
Q002482,false,F14328,webview_android,random2,no,no,none
Q002483,125,F16982,firefox,source1,no,yes,2024-04-16
Q002484,false,F18495,webview_android,engine_blink,yes,no,none
Q002485,2,F12537,safari,engine_webkit,no,no,2005-04-29
Q002486,12,F02825,edge,engine_blink,yes,no,2015-07-29
Q002487,1,F05496,firefox,source1,no,yes,2004-11-09
Q002488,65,F06433,chrome,lineage_pair,no,no,2018-03-06
Q002489,75,F06545,chrome_android,engine_blink,yes,yes,2019-06-04
Q002490,30,F10194,opera,engine_blink,yes,no,2015-06-09
Q002491,false,F04738,webview_android,subtree_engine,yes,no,none
Q002492,52,F06446,webview_android,subtree_engine,yes,no,2016-07-27
Q002493,96,F10137,chrome,engine_blink,yes,yes,2021-11-15
Q002494,5.0,F11157,oculus,engine_blink,yes,no,2018-07-01
Q002495,5.0,F06461,oculus,engine_blink,yes,no,2018-07-01
Q002496,105,F16707,edge,engine_blink,yes,no,2022-09-01
Q002497,1,F08349,safari,engine_webkit,no,no,2003-06-23
Q002498,8.0,F11959,samsunginternet_android,subtree_engine,yes,no,2018-07-18
Q002499,80,F10277,edge,engine_blink,yes,no,2020-02-07
Q002500,18,F02621,chrome_android,derivative1,no,no,2012-06-27
Q002501,false,F02186,safari_ios,subtree_engine,yes,no,none
Q002502,false,F01620,webview_ios,engine_webkit,no,no,none
Q002503,4.0,F01851,samsunginternet_android,engine_blink,yes,no,2016-03-11
Q002504,22,F03655,firefox,lineage_pair,no,no,2013-06-25
Q002505,false,F14148,firefox_android,lineage_pair,no,no,none
Q002506,19,F10252,chrome,source1,no,no,2012-05-15
Q002507,119,F15586,firefox,source1,no,no,2023-10-24
Q002508,58,F04449,chrome_android,subtree_engine,yes,no,2017-04-25
Q002509,79,F06611,edge,random2,no,no,2020-01-15
Q002510,5.0,F12219,oculus,derivative1,no,no,2018-07-01
Q002511,130,F09296,webview_android,subtree_engine,yes,no,2024-10-15
Q002512,80,F11587,opera,engine_blink,yes,no,2021-10-05
Q002513,109,F10200,firefox,source1,no,no,2023-01-17
Q002514,false,F09261,safari,engine_webkit,no,no,none
Q002515,125,F03093,opera,engine_blink,yes,no,2025-12-04
Q002516,89,F00433,firefox_android,random2,no,yes,2021-06-01
Q002517,12.0,F05698,samsunginternet_android,engine_blink,yes,no,2020-06-19
Q002518,false,F04649,samsunginternet_android,engine_blink,yes,no,none
Q002519,63,F04947,webview_android,subtree_engine,yes,no,2017-12-05
Q002520,79,F08222,chrome,subtree_engine,yes,no,2019-12-10
Q002521,90,F15332,chrome_android,engine_blink,yes,no,2021-04-13
Q002522,85,F03700,chrome_android,engine_blink,yes,no,2020-08-25
Q002523,135,F04561,chrome,engine_blink,yes,no,2025-04-01
Q002524,106,F07845,chrome,random2,no,no,2022-09-27
Q002525,16,F14523,firefox_android,lineage_pair,no,no,2012-10-09
Q002526,16.4,F11512,safari_ios,engine_webkit,no,no,2023-03-27
Q002527,27,F17212,opera_android,engine_blink,yes,no,2015-01-29
Q002528,27,F17212,opera,engine_blink,yes,no,2015-01-27
Q002529,12,F06803,edge,engine_blink,yes,no,2015-07-29
Q002530,false,F01904,opera_android,engine_blink,yes,no,none
Q002531,15.1,F03064,safari_ios,engine_webkit,no,yes,2021-10-25
Q002532,75,F04912,chrome_android,engine_blink,yes,yes,2019-06-04
Q002533,12,F06014,safari,engine_webkit,no,no,2018-09-17
Q002534,8,F02261,webview_ios,engine_webkit,no,no,2014-09-17
Q002535,21.0,F01179,samsunginternet_android,engine_blink,yes,no,2023-05-19
Q002536,78,F08334,opera,subtree_engine,yes,no,2021-08-03
Q002537,152,F12772,firefox_android,lineage_pair,no,no,2026-06-16
Q002538,3.2,F12754,webview_ios,derivative1,no,no,2010-04-03
Q002539,105,F09237,edge,subtree_engine,yes,no,2022-09-01
Q002540,102,F01031,edge,engine_blink,yes,no,2022-05-31
Q002541,44,F05243,opera_android,subtree_engine,yes,no,2017-12-11
Q002542,51,F06382,firefox,lineage_pair,no,no,2017-01-24
Q002543,1.0,F06530,samsunginternet_android,engine_blink,yes,no,2013-04-27
Q002544,9.5,F16833,opera,engine_blink,yes,no,2008-06-12
Q002545,4.4,F09646,webview_android,subtree_engine,yes,no,2013-12-09
Q002546,5.0,F04211,oculus,subtree_engine,yes,no,2018-07-01
Q002547,53,F12268,opera,subtree_engine,yes,no,2018-05-10
Q002548,53,F04995,opera,subtree_engine,yes,no,2018-05-10
Q002549,18,F13887,chrome_android,subtree_engine,yes,no,2012-06-27
Q002550,false,F18476,safari,engine_webkit,no,no,none
Q002551,65,F07104,chrome,source1,no,no,2018-03-06
Q002552,87,F13401,edge,engine_blink,yes,no,2020-11-19
Q002553,45,F03305,chrome,engine_blink,yes,no,2015-09-01
Q002554,1,F02873,chrome,engine_blink,yes,no,2008-12-11
Q002555,44,F12195,chrome_android,engine_blink,yes,no,2015-07-29
Q002556,5.0,F16702,oculus,random2,no,yes,2018-07-01
Q002557,16.4,F06234,safari,lineage_pair,no,yes,2023-03-27
Q002558,79,F10495,edge,engine_blink,yes,no,2020-01-15
Q002559,91,F08763,chrome,engine_blink,yes,no,2021-05-25
Q002560,83,F18515,webview_android,random2,no,no,2020-05-19
Q002561,69,F07977,chrome_android,engine_blink,yes,no,2018-09-04
Q002562,57,F01831,chrome,source1,no,yes,2017-03-09
Q002563,77,F01206,opera,derivative1,no,yes,2021-06-09
Q002564,1,F12674,safari_ios,engine_webkit,no,no,2007-06-29
Q002565,false,F13480,webview_android,derivative1,no,no,none
Q002566,1,F10968,chrome,engine_blink,yes,no,2008-12-11
Q002567,42,F11325,chrome_android,random2,no,no,2015-04-15
Q002568,21,F04831,chrome,lineage_pair,no,no,2012-07-31
Q002569,29,F01384,opera,random2,no,no,2015-04-28
Q002570,79,F16280,edge,subtree_engine,yes,no,2020-01-15
Q002571,26,F04299,webview_ios,engine_webkit,no,no,2025-09-15
Q002572,16,F10614,webview_ios,engine_webkit,no,no,2022-09-12
Q002573,1,F16550,chrome,engine_blink,yes,no,2008-12-11
Q002574,111,F07858,chrome_android,subtree_engine,yes,no,2023-03-07
Q002575,127,F18110,webview_android,engine_blink,yes,no,2024-07-23
Q002576,1,F06685,safari_ios,derivative1,no,no,2007-06-29
Q002577,141,F02697,firefox,random2,no,no,2025-07-22
Q002578,18,F05301,edge,engine_blink,yes,no,2018-10-02
Q002579,62,F17016,chrome,engine_blink,yes,no,2017-10-17
Q002580,false,F03676,webview_ios,engine_webkit,no,no,none
Q002581,false,F12293,webview_android,engine_blink,yes,no,none
Q002582,7.0,F08893,samsunginternet_android,subtree_engine,yes,no,2018-03-16
Q002583,4.4,F14871,webview_android,engine_blink,yes,no,2013-12-09
Q002584,10.1,F11313,safari,engine_webkit,no,no,2017-03-27
Q002585,false,F01396,chrome_android,engine_blink,yes,yes,none
Q002586,128,F10533,webview_android,engine_blink,yes,no,2024-08-20
Q002587,1,F15800,chrome,source1,no,no,2008-12-11
Q002588,false,F03474,firefox_android,random2,no,no,none
Q002589,4.2,F12165,safari_ios,engine_webkit,no,no,2010-11-22
Q002590,3.2,F10256,webview_ios,lineage_pair,no,no,2010-04-03
Q002591,1,F02277,chrome,random2,no,no,2008-12-11
Q002592,false,F13455,safari_ios,subtree_engine,yes,no,none
Q002593,153,F12731,firefox_android,subtree_engine,yes,no,2026-07-21
Q002594,116,F00381,webview_android,engine_blink,yes,no,2023-08-15
Q002595,6.0,F05854,samsunginternet_android,engine_blink,yes,no,2017-08-23
Q002596,139,F05927,chrome,lineage_pair,no,no,2025-08-05
Q002597,false,F06829,firefox,random2,no,no,none
Q002598,57,F05102,webview_android,engine_blink,yes,yes,2017-03-16
Q002599,false,F16719,chrome,engine_blink,yes,no,none
Q002600,18,F09759,chrome_android,engine_blink,yes,no,2012-06-27
Q002601,1,F13457,chrome,subtree_engine,yes,no,2008-12-11
Q002602,false,F14706,webview_ios,engine_webkit,no,no,none
Q002603,41.0,F16468,oculus,engine_blink,yes,no,2025-10-21
Q002604,39,F10897,oculus,engine_blink,yes,no,2025-06-25
Q002605,false,F03219,chrome,source1,no,no,none
Q002606,false,F11859,webview_android,random2,no,no,none
Q002607,26.4,F07149,safari_ios,engine_webkit,no,no,2026-03-24
Q002608,10,F04716,safari_ios,engine_webkit,no,no,2016-09-13
Q002609,126,F06795,opera,engine_blink,yes,no,2026-01-08
Q002610,25,F07295,chrome_android,engine_blink,yes,no,2013-02-27
Q002611,6,F16666,firefox,subtree_engine,yes,no,2011-08-16
Q002612,false,F11421,firefox_android,subtree_engine,yes,no,none
Q002613,16,F16545,safari_ios,subtree_engine,yes,no,2022-09-12
Q002614,41,F05354,opera,engine_blink,yes,no,2016-10-25
Q002615,14,F04599,opera_android,engine_blink,yes,no,2013-05-21
Q002616,false,F00021,safari,source1,no,no,none
Q002617,10,F03920,firefox,source1,no,no,2012-01-31
Q002618,1,F11346,webview_ios,engine_webkit,no,no,2007-06-29
Q002619,4.4,F07325,webview_android,engine_blink,yes,no,2013-12-09
Q002620,8,F07795,firefox,subtree_engine,yes,no,2011-11-08
Q002621,9,F04994,firefox_android,subtree_engine,yes,no,2011-12-21
Q002622,13.0,F05065,samsunginternet_android,subtree_engine,yes,no,2020-12-02
Q002623,9.0,F03931,oculus,engine_blink,yes,no,2020-04-24
Q002624,37,F06405,opera_android,subtree_engine,yes,no,2016-06-16
Q002625,79,F09043,firefox_android,subtree_engine,yes,no,2020-07-28
Q002626,14,F03002,firefox_android,random2,no,no,2012-06-26
Q002627,7,F04676,safari,source1,no,no,2013-10-22
Q002628,16.4,F02743,safari,engine_webkit,no,yes,2023-03-27
Q002629,16.4,F09231,safari,lineage_pair,no,no,2023-03-27
Q002630,50,F02633,webview_android,subtree_engine,yes,no,2016-04-13
Q002631,21.0,F05953,samsunginternet_android,engine_blink,yes,no,2023-05-19
Q002632,21,F05876,opera_android,engine_blink,yes,no,2014-04-22
Q002633,91,F15986,opera_android,engine_blink,yes,no,2025-08-19
Q002634,24,F10778,chrome,subtree_engine,yes,no,2013-01-10
Q002635,1,F10390,firefox,subtree_engine,yes,yes,2004-11-09
Q002636,4.0,F04389,samsunginternet_android,engine_blink,yes,no,2016-03-11
Q002637,57,F13668,chrome_android,engine_blink,yes,no,2017-03-16
Q002638,14,F13611,opera_android,lineage_pair,no,no,2013-05-21
Q002639,8.0,F02911,samsunginternet_android,engine_blink,yes,no,2018-07-18
Q002640,79,F08086,edge,engine_blink,yes,no,2020-01-15
Q002641,15.4,F07993,webview_ios,derivative1,no,no,2022-03-14
Q002642,11,F15069,safari_ios,engine_webkit,no,yes,2017-09-19
Q002643,11,F01991,safari_ios,engine_webkit,no,yes,2017-09-19
Q002644,15.4,F03752,safari_ios,engine_webkit,no,no,2022-03-14
Q002645,26.2,F11703,webview_ios,engine_webkit,no,no,2025-12-12
Q002646,1,F11072,webview_ios,random2,no,no,2007-06-29
Q002647,12,F02005,edge,engine_blink,yes,no,2015-07-29
Q002648,10,F08892,webview_ios,engine_webkit,no,no,2016-09-13
Q002649,9,F01997,safari,source1,no,no,2015-09-30
Q002650,139,F10567,chrome_android,engine_blink,yes,no,2025-08-05
Q002651,false,F02150,safari,lineage_pair,no,no,none
Q002652,false,F16839,safari,engine_webkit,no,no,none
Q002653,false,F16597,safari_ios,engine_webkit,no,no,none
Q002654,34,F14345,oculus,engine_blink,yes,no,2024-06-26
Q002655,12.1,F07182,opera,engine_blink,yes,no,2012-11-20
Q002656,false,F17776,edge,engine_blink,yes,yes,none
Q002657,56,F00958,opera,lineage_pair,no,yes,2018-09-25
Q002658,120,F10503,webview_android,engine_blink,yes,yes,2023-12-05
Q002659,4,F09571,firefox_android,lineage_pair,no,no,2011-03-29
Q002660,12.1,F08821,opera,lineage_pair,no,no,2012-11-20
Q002661,79,F12777,edge,engine_blink,yes,no,2020-01-15
Q002662,56,F09490,chrome,subtree_engine,yes,no,2017-01-25
Q002663,48,F03928,opera_android,engine_blink,yes,no,2018-11-08
Q002664,false,F13275,firefox_android,derivative1,no,no,none
Q002665,94,F11587,chrome_android,engine_blink,yes,no,2021-09-21
Q002666,43,F16264,opera_android,subtree_engine,yes,no,2017-09-27
Q002667,91,F17405,chrome_android,engine_blink,yes,yes,2021-05-25
Q002668,12,F16930,edge,engine_blink,yes,no,2015-07-29
Q002669,false,F07283,safari,engine_webkit,no,no,none
Q002670,76,F02800,chrome,source1,no,no,2019-07-30
Q002671,5,F00363,webview_ios,engine_webkit,no,no,2011-10-12
Q002672,76,F14081,chrome_android,subtree_engine,yes,no,2019-07-30
Q002673,79,F18495,chrome_android,engine_blink,yes,no,2019-12-17
Q002674,139,F17399,edge,engine_blink,yes,no,2025-08-07
Q002675,15.4,F11524,safari,subtree_engine,yes,no,2022-03-14
Q002676,3.2,F06485,webview_ios,derivative1,no,no,2010-04-03
Q002677,14,F00187,opera_android,lineage_pair,no,no,2013-05-21
Q002678,false,F08258,edge,subtree_engine,yes,no,none
Q002679,false,F17055,webview_ios,subtree_engine,yes,no,none
Q002680,83,F07839,opera_android,engine_blink,yes,no,2024-06-25
Q002681,6,F15744,safari,source1,no,yes,2012-07-25
Q002682,34,F05876,chrome,engine_blink,yes,no,2014-04-08
Q002683,false,F01123,firefox,source1,no,no,none
Q002684,5,F02062,safari_ios,subtree_engine,yes,no,2011-10-12
Q002685,false,F03676,safari_ios,engine_webkit,no,no,none
Q002686,79,F02483,edge,engine_blink,yes,no,2020-01-15
Q002687,79,F15361,webview_android,subtree_engine,yes,no,2019-12-17
Q002688,3,F15268,chrome,engine_blink,yes,no,2009-09-15
Q002689,80,F12122,opera_android,engine_blink,yes,no,2024-01-25
Q002690,53,F15542,chrome_android,engine_blink,yes,no,2016-09-07
Q002691,57,F05684,chrome_android,engine_blink,yes,yes,2017-03-16
Q002692,14,F02635,opera_android,derivative1,no,no,2013-05-21
Q002693,5.0,F12497,oculus,engine_blink,yes,no,2018-07-01
Q002694,6,F10456,webview_ios,derivative1,no,no,2012-09-10
Q002695,12,F02041,edge,random2,no,no,2015-07-29
Q002696,30.0,F15986,samsunginternet_android,engine_blink,yes,no,2026-05-11
Q002697,57,F02480,opera_android,engine_blink,yes,no,2020-03-30
Q002698,4,F10233,firefox_android,subtree_engine,yes,no,2011-03-29
Q002699,87,F13329,chrome_android,engine_blink,yes,no,2020-11-17
Q002700,15,F18021,opera,subtree_engine,yes,no,2013-07-02
Q002701,139,F03502,edge,derivative1,no,no,2025-08-07
Q002702,6,F06231,webview_ios,random2,no,no,2012-09-10
Q002703,14.5,F09274,safari_ios,subtree_engine,yes,no,2021-04-26
Q002704,14,F06052,opera_android,engine_blink,yes,no,2013-05-21
Q002705,48,F10811,opera_android,engine_blink,yes,no,2018-11-08
Q002706,false,F02547,oculus,engine_blink,yes,no,none
Q002707,1,F04280,chrome,lineage_pair,no,no,2008-12-11
Q002708,16.0,F17412,oculus,engine_blink,yes,yes,2021-06-07
Q002709,12,F11763,edge,engine_blink,yes,no,2015-07-29
Q002710,89,F02061,webview_android,random2,no,no,2021-03-02
Q002711,12.1,F10378,opera,random2,no,no,2012-11-20
Q002712,false,F09725,chrome_android,engine_blink,yes,yes,none
Q002713,79,F04211,edge,subtree_engine,yes,no,2020-01-15
Q002714,false,F03987,firefox_android,subtree_engine,yes,no,none
Q002715,128,F06936,opera,engine_blink,yes,no,2026-02-26
Q002716,13.4,F13240,webview_ios,engine_webkit,no,no,2020-03-24
Q002717,136,F04413,chrome_android,subtree_engine,yes,no,2025-04-29
Q002718,13,F06061,webview_ios,subtree_engine,yes,no,2019-09-19
Q002719,133,F10911,chrome,engine_blink,yes,no,2025-02-04
Q002720,3,F02859,safari_ios,derivative1,no,no,2009-06-17
Q002721,127,F10237,firefox,lineage_pair,no,no,2024-06-11
Q002722,12,F07422,edge,subtree_engine,yes,no,2015-07-29
Q002723,4.4,F10986,webview_android,engine_blink,yes,no,2013-12-09
Q002724,18,F09075,chrome_android,engine_blink,yes,no,2012-06-27
Q002725,6.0,F05354,samsunginternet_android,engine_blink,yes,no,2017-08-23
Q002726,13.0,F06767,samsunginternet_android,subtree_engine,yes,no,2020-12-02
Q002727,18,F05457,chrome_android,engine_blink,yes,no,2012-06-27
Q002728,58,F04093,chrome_android,lineage_pair,no,no,2017-04-25
Q002729,3,F12298,safari,subtree_engine,yes,no,2007-10-26
Q002730,54,F16717,firefox,lineage_pair,no,no,2017-06-13
Q002731,73,F02139,opera_android,engine_blink,yes,no,2023-01-17
Q002732,4,F02674,firefox,source1,no,no,2011-03-22
Q002733,17,F08454,safari,engine_webkit,no,no,2023-09-18
Q002734,5.0,F14123,oculus,engine_blink,yes,no,2018-07-01
Q002735,4.2,F11746,webview_ios,engine_webkit,no,no,2010-11-22
Q002736,false,F04049,firefox_android,random2,no,no,none
Q002737,false,F12395,webview_ios,engine_webkit,no,no,none
Q002738,45,F01071,opera_android,engine_blink,yes,no,2018-02-15
Q002739,false,F15383,webview_ios,subtree_engine,yes,no,none
Q002740,12,F06530,edge,engine_blink,yes,no,2015-07-29
Q002741,43,F05744,opera_android,engine_blink,yes,yes,2017-09-27
Q002742,false,F03320,firefox,source1,no,no,none
Q002743,3,F04711,safari_ios,random2,no,no,2009-06-17
Q002744,5.0,F14576,oculus,subtree_engine,yes,no,2018-07-01
Q002745,18,F09084,chrome_android,engine_blink,yes,no,2012-06-27
Q002746,7.0,F01039,samsunginternet_android,engine_blink,yes,no,2018-03-16
Q002747,12,F11365,edge,engine_blink,yes,no,2015-07-29
Q002748,1,F13541,firefox,lineage_pair,no,no,2004-11-09
Q002749,67,F05065,opera,subtree_engine,yes,no,2020-03-03
Q002750,false,F15393,webview_ios,subtree_engine,yes,no,none
Q002751,43,F12139,opera_android,derivative1,no,no,2017-09-27
Q002752,false,F02228,chrome_android,engine_blink,yes,no,none
Q002753,62,F06860,opera_android,engine_blink,yes,no,2021-02-16
Q002754,12.1,F07243,opera_android,derivative1,no,no,2012-10-09
Q002755,15,F04491,opera,subtree_engine,yes,no,2013-07-02
Q002756,false,F03943,samsunginternet_android,engine_blink,yes,no,none
Q002757,82,F14099,firefox,subtree_engine,yes,no,2020-10-20
Q002758,37,F07843,webview_android,engine_blink,yes,no,2014-09-03
Q002759,57,F16655,opera_android,subtree_engine,yes,no,2020-03-30
Q002760,26,F05819,safari,engine_webkit,no,no,2025-09-15
Q002761,5.1,F02062,safari,subtree_engine,yes,no,2011-07-20
Q002762,26,F04467,safari_ios,subtree_engine,yes,no,2025-09-15
Q002763,57,F14780,chrome,engine_blink,yes,yes,2017-03-09
Q002764,21.0,F03245,samsunginternet_android,engine_blink,yes,yes,2023-05-19
Q002765,1,F00912,chrome,engine_blink,yes,no,2008-12-11
Q002766,27.0,F11191,samsunginternet_android,engine_blink,yes,no,2024-11-06
Q002767,16.4,F10479,safari_ios,engine_webkit,no,no,2023-03-27
Q002768,26.4,F05956,webview_ios,lineage_pair,no,no,2026-03-24
Q002769,14.5,F11608,webview_ios,derivative1,no,no,2021-04-26
Q002770,false,F11319,webview_ios,engine_webkit,no,no,none
Q002771,2,F12958,webview_ios,engine_webkit,no,no,2008-07-11
Q002772,14,F16930,opera_android,engine_blink,yes,no,2013-05-21
Q002773,140,F09292,chrome_android,engine_blink,yes,no,2025-09-02
Q002774,43,F06113,opera_android,subtree_engine,yes,no,2017-09-27
Q002775,10.1,F05950,safari,lineage_pair,no,no,2017-03-27
Q002776,118,F07484,edge,subtree_engine,yes,no,2023-10-13
Q002777,false,F07251,webview_ios,engine_webkit,no,no,none
Q002778,18,F08124,chrome_android,engine_blink,yes,no,2012-06-27
Q002779,91,F08763,edge,engine_blink,yes,no,2021-05-27
Q002780,1.0,F01284,samsunginternet_android,engine_blink,yes,no,2013-04-27
Q002781,false,F06024,safari,subtree_engine,yes,no,none
Q002782,29,F01851,opera,engine_blink,yes,no,2015-04-28
Q002783,1,F08474,chrome,engine_blink,yes,no,2008-12-11
Q002784,118,F05310,firefox,source1,no,no,2023-09-26
Q002785,7,F05225,chrome,engine_blink,yes,no,2010-10-19
Q002786,86,F03266,edge,subtree_engine,yes,no,2020-10-09
Q002787,31.2,F06760,oculus,engine_blink,yes,no,2024-01-15
Q002788,129,F04397,webview_android,engine_blink,yes,no,2024-09-17
Q002789,10,F15830,safari,source1,no,no,2016-09-20
Q002790,3,F13986,safari,engine_webkit,no,no,2007-10-26
Q002791,1.0,F13945,samsunginternet_android,engine_blink,yes,no,2013-04-27
Q002792,79,F08092,edge,subtree_engine,yes,no,2020-01-15
Q002793,26.2,F15820,webview_ios,derivative1,no,no,2025-12-12
Q002794,false,F12843,webview_ios,subtree_engine,yes,no,none
Q002795,false,F15325,firefox_android,random2,no,no,none
Q002796,18.4,F12658,safari_ios,subtree_engine,yes,yes,2025-03-31
Q002797,95,F00341,chrome,lineage_pair,no,no,2021-10-19
Q002798,99,F16000,chrome_android,lineage_pair,no,no,2022-03-01
Q002799,7,F16930,chrome,engine_blink,yes,no,2010-10-19
Q002800,117,F06146,edge,random2,no,no,2023-09-15
Q002801,1.2,F15995,safari,subtree_engine,yes,no,2004-02-02
Q002802,94,F09328,chrome_android,derivative1,no,no,2021-09-21
Q002803,11,F09344,webview_ios,lineage_pair,no,no,2017-09-19
Q002804,6.0,F10012,samsunginternet_android,derivative1,no,no,2017-08-23
Q002805,5.1,F01272,safari,lineage_pair,no,no,2011-07-20
Q002806,68,F08086,chrome_android,engine_blink,yes,no,2018-07-24
Q002807,4.4,F16685,webview_android,engine_blink,yes,no,2013-12-09
Q002808,20.0,F09237,samsunginternet_android,subtree_engine,yes,no,2023-02-10
Q002809,34,F00474,oculus,random2,no,no,2024-06-26
Q002810,5.0,F08328,oculus,engine_blink,yes,no,2018-07-01
Q002811,false,F10586,oculus,engine_blink,yes,no,none
Q002812,1.5,F09654,samsunginternet_android,engine_blink,yes,no,2013-09-25
Q002813,5.0,F06977,oculus,engine_blink,yes,no,2018-07-01
Q002814,false,F01884,webview_android,engine_blink,yes,no,none
Q002815,8,F10621,firefox,subtree_engine,yes,no,2011-11-08
Q002816,15,F15751,opera,subtree_engine,yes,no,2013-07-02
Q002817,40,F17212,chrome_android,engine_blink,yes,no,2015-01-21
Q002818,18.2,F11510,safari_ios,engine_webkit,no,no,2024-12-11
Q002819,12,F05209,opera,engine_blink,yes,no,2012-06-14
Q002820,15,F06803,opera,engine_blink,yes,no,2013-07-02
Q002821,121,F11624,chrome_android,engine_blink,yes,no,2024-01-23
Q002822,47,F12300,chrome,lineage_pair,no,no,2015-12-01
Q002823,97,F07913,edge,engine_blink,yes,no,2022-01-06
Q002824,147,F02130,firefox_android,random2,no,no,2026-01-13
Q002825,17.2,F16594,safari_ios,engine_webkit,no,no,2023-12-11
Q002826,11,F09851,webview_ios,engine_webkit,no,no,2017-09-19
Q002827,9,F18005,safari,engine_webkit,no,no,2015-09-30
Q002828,4,F12494,firefox_android,lineage_pair,no,no,2011-03-29
Q002829,14,F05301,opera_android,engine_blink,yes,no,2013-05-21
Q002830,12.1,F04726,opera,random2,no,no,2012-11-20
Q002831,71,F03700,opera,engine_blink,yes,no,2020-09-15
Q002832,105,F01876,chrome_android,subtree_engine,yes,no,2022-09-02
Q002833,10,F01208,webview_ios,engine_webkit,no,no,2016-09-13
Q002834,69,F13085,chrome_android,subtree_engine,yes,no,2018-09-04
Q002835,33,F18187,opera,engine_blink,yes,no,2015-10-27
Q002836,12,F10962,opera_android,engine_blink,yes,no,2012-02-25
Q002837,111,F12028,opera,engine_blink,yes,no,2024-06-12
Q002838,4.2,F12165,webview_ios,engine_webkit,no,no,2010-11-22
Q002839,94,F00027,webview_android,engine_blink,yes,no,2021-09-21
Q002840,18,F10986,chrome_android,engine_blink,yes,no,2012-06-27
Q002841,60,F13588,chrome_android,random2,no,no,2017-08-01
Q002842,4,F02916,safari_ios,random2,no,no,2010-06-21
Q002843,4,F15241,firefox,source1,no,no,2011-03-22
Q002844,14.1,F15634,safari,engine_webkit,no,no,2021-04-26
Q002845,153,F14890,firefox,subtree_engine,yes,no,2026-07-21
Q002846,35,F11493,opera_android,engine_blink,yes,no,2016-02-04
Q002847,1.0,F16833,samsunginternet_android,engine_blink,yes,no,2013-04-27
Q002848,1,F07451,chrome,engine_blink,yes,no,2008-12-11
Q002849,false,F05413,webview_ios,engine_webkit,no,no,none
Q002850,99,F06102,webview_android,engine_blink,yes,no,2022-03-01
Q002851,83,F07913,opera,engine_blink,yes,no,2022-01-19
Q002852,false,F01086,samsunginternet_android,engine_blink,yes,no,none
Q002853,4,F13945,opera,engine_blink,yes,no,2000-06-28
Q002854,12,F00092,edge,engine_blink,yes,no,2015-07-29
Q002855,84,F18110,opera_android,engine_blink,yes,no,2024-08-26
Q002856,false,F11651,safari_ios,lineage_pair,no,no,none
Q002857,111,F15924,opera,engine_blink,yes,no,2024-06-12
Q002858,false,F15040,safari,engine_webkit,no,no,none
Q002859,1.0,F09001,samsunginternet_android,derivative1,no,no,2013-04-27
Q002860,79,F03792,edge,subtree_engine,yes,no,2020-01-15
Q002861,15,F17346,safari,lineage_pair,no,no,2021-09-20
Q002862,117,F15903,chrome_android,engine_blink,yes,no,2023-09-12
Q002863,1,F00945,safari,engine_webkit,no,no,2003-06-23
Q002864,12,F16578,edge,engine_blink,yes,no,2015-07-29
Q002865,117,F01554,chrome_android,derivative1,no,no,2023-09-12
Q002866,43,F07193,opera_android,engine_blink,yes,yes,2017-09-27
Q002867,1,F17086,chrome,engine_blink,yes,no,2008-12-11
Q002868,10,F00655,webview_ios,random2,no,no,2016-09-13
Q002869,6.0,F08748,samsunginternet_android,engine_blink,yes,no,2017-08-23
Q002870,92,F07801,chrome_android,engine_blink,yes,no,2021-07-20
Q002871,79,F07073,edge,subtree_engine,yes,no,2020-01-15
Q002872,false,F03174,safari,source1,no,no,none
Q002873,20.0,F15310,oculus,engine_blink,yes,no,2022-03-14
Q002874,5.0,F06335,oculus,engine_blink,yes,no,2018-07-01
Q002875,11,F02424,safari,subtree_engine,yes,no,2017-09-19
Q002876,106,F02450,opera,engine_blink,yes,no,2023-12-19
Q002877,15,F11970,opera,subtree_engine,yes,no,2013-07-02
Q002878,16,F05468,edge,engine_blink,yes,yes,2017-10-17
Q002879,5.0,F06257,oculus,engine_blink,yes,no,2018-07-01
Q002880,9,F01004,webview_ios,engine_webkit,no,no,2015-09-16
Q002881,18,F13508,webview_ios,engine_webkit,no,no,2024-09-16
Q002882,4,F06828,firefox_android,lineage_pair,no,no,2011-03-29
Q002883,56,F11283,chrome,subtree_engine,yes,no,2017-01-25
Q002884,5.0,F17933,samsunginternet_android,engine_blink,yes,no,2016-12-15
Q002885,10.3,F07056,webview_ios,engine_webkit,no,no,2017-03-27
Q002886,66,F16655,opera,subtree_engine,yes,no,2020-01-07
Q002887,26.2,F15865,safari,source1,no,no,2025-12-12
Q002888,18,F08780,chrome_android,engine_blink,yes,no,2012-06-27
Q002889,43,F01365,opera_android,subtree_engine,yes,no,2017-09-27
Q002890,false,F13887,edge,subtree_engine,yes,no,none
Q002891,12,F10930,edge,engine_blink,yes,no,2015-07-29
Q002892,40.0,F13148,oculus,lineage_pair,no,no,2025-08-07
Q002893,133,F07628,chrome,engine_blink,yes,no,2025-02-04
Q002894,58,F10900,chrome_android,subtree_engine,yes,no,2017-04-25
Q002895,5,F13026,webview_ios,engine_webkit,no,no,2011-10-12
Q002896,17.2,F16594,webview_ios,engine_webkit,no,no,2023-12-11
Q002897,153,F10512,firefox_android,subtree_engine,yes,no,2026-07-21
Q002898,91,F10998,chrome_android,engine_blink,yes,yes,2021-05-25
Q002899,72,F13093,opera,subtree_engine,yes,no,2020-10-21
Q002900,4,F06175,chrome,random2,no,no,2010-01-25
Q002901,62,F12370,opera_android,engine_blink,yes,no,2021-02-16
Q002902,4.2,F05708,safari_ios,random2,no,no,2010-11-22
Q002903,17.0,F08334,oculus,subtree_engine,yes,no,2021-09-13
Q002904,12.1,F16479,opera,lineage_pair,no,no,2012-11-20
Q002905,1,F01924,firefox,subtree_engine,yes,no,2004-11-09
Q002906,12,F18163,edge,derivative1,no,no,2015-07-29
Q002907,100,F17873,opera_android,engine_blink,yes,no,2026-07-01
Q002908,94,F00365,opera_android,engine_blink,yes,no,2026-01-13
Q002909,false,F02547,edge,engine_blink,yes,no,none
Q002910,48,F11715,opera_android,engine_blink,yes,no,2018-11-08
Q002911,49,F16498,webview_android,engine_blink,yes,no,2016-03-09
Q002912,false,F08258,webview_android,subtree_engine,yes,no,none
Q002913,false,F16570,samsunginternet_android,subtree_engine,yes,no,none
Q002914,118,F05399,edge,engine_blink,yes,no,2023-10-13
Q002915,6.0,F05592,samsunginternet_android,subtree_engine,yes,no,2017-08-23
Q002916,4.4,F18021,webview_android,subtree_engine,yes,no,2013-12-09
Q002917,false,F02562,safari,engine_webkit,no,yes,none
Q002918,16.4,F04808,safari,engine_webkit,no,yes,2023-03-27
Q002919,8.0,F04761,samsunginternet_android,subtree_engine,yes,no,2018-07-18
Q002920,25,F07325,chrome_android,engine_blink,yes,no,2013-02-27
Q002921,51,F07107,chrome_android,engine_blink,yes,no,2016-06-08
Q002922,55,F08748,chrome,engine_blink,yes,no,2016-12-01
Q002923,12,F01404,opera_android,engine_blink,yes,no,2012-02-25
Q002924,3.5,F13344,firefox,subtree_engine,yes,no,2009-06-30
Q002925,53,F02515,opera,subtree_engine,yes,no,2018-05-10
Q002926,44,F05744,opera,engine_blink,yes,yes,2017-03-21
Q002927,4,F13064,firefox_android,lineage_pair,no,no,2011-03-29
Q002928,5.0,F17865,oculus,derivative1,no,yes,2018-07-01
Q002929,5.1,F08914,safari,subtree_engine,yes,no,2011-07-20
Q002930,48,F01115,opera_android,random2,no,no,2018-11-08
Q002931,19,F10790,opera_android,engine_blink,yes,no,2014-01-28
Q002932,12,F17137,edge,engine_blink,yes,no,2015-07-29
Q002933,false,F14599,chrome_android,engine_blink,yes,no,none
Q002934,26,F15644,safari,engine_webkit,no,no,2025-09-15
Q002935,20,F03365,opera,engine_blink,yes,no,2014-03-04
Q002936,148,F17201,webview_android,engine_blink,yes,no,2026-05-05
Q002937,false,F10021,samsunginternet_android,engine_blink,yes,yes,none
Q002938,1,F06461,chrome,engine_blink,yes,no,2008-12-11
Q002939,149,F18284,chrome,engine_blink,yes,no,2026-06-02
Q002940,63,F14620,webview_android,engine_blink,yes,no,2017-12-05
Q002941,81,F13409,chrome_android,derivative1,no,no,2020-04-07
Q002942,7,F00520,safari,engine_webkit,no,no,2013-10-22
Q002943,143,F00277,webview_android,engine_blink,yes,no,2025-12-02
Q002944,false,F00272,chrome_android,engine_blink,yes,no,none
Q002945,26,F15574,safari,engine_webkit,no,no,2025-09-15
Q002946,12,F01723,edge,derivative1,no,no,2015-07-29
Q002947,108,F04916,chrome_android,engine_blink,yes,no,2022-11-29
Q002948,7,F03536,safari_ios,engine_webkit,no,no,2013-09-18
Q002949,false,F15562,edge,engine_blink,yes,no,none
Q002950,12.2,F14491,safari_ios,engine_webkit,no,no,2019-03-25
Q002951,1,F09391,firefox,random2,no,no,2004-11-09
Q002952,61,F00241,opera_android,subtree_engine,yes,no,2020-12-07
Q002953,10.0,F03928,samsunginternet_android,engine_blink,yes,no,2019-08-22
Q002954,false,F15562,opera_android,engine_blink,yes,no,none
Q002955,6,F12595,safari_ios,engine_webkit,no,no,2012-09-10
Q002956,15,F10679,edge,engine_blink,yes,no,2017-04-05
Q002957,3,F14283,safari,subtree_engine,yes,no,2007-10-26
Q002958,6.0,F01345,samsunginternet_android,engine_blink,yes,no,2017-08-23
Q002959,false,F14761,safari_ios,subtree_engine,yes,no,none
Q002960,4.4,F05457,webview_android,engine_blink,yes,no,2013-12-09
Q002961,3,F05982,webview_android,engine_blink,yes,no,2011-02-22
Q002962,2,F11454,chrome,engine_blink,yes,no,2009-05-21
Q002963,5.0,F00716,oculus,derivative1,no,no,2018-07-01
Q002964,85,F03700,chrome,engine_blink,yes,no,2020-08-25
Q002965,6,F06492,safari,engine_webkit,no,no,2012-07-25
Q002966,139,F10691,chrome,source1,no,no,2025-08-05
Q002967,false,F15109,samsunginternet_android,engine_blink,yes,yes,none
Q002968,10,F02852,safari,engine_webkit,no,no,2016-09-20
Q002969,false,F10895,safari,engine_webkit,no,no,none
Q002970,11,F06303,safari,source1,no,no,2017-09-19
Q002971,4.4,F15470,webview_android,engine_blink,yes,no,2013-12-09
Q002972,19,F01402,chrome,random2,no,no,2012-05-15
Q002973,38,F14939,chrome,lineage_pair,no,no,2014-10-07
Q002974,4,F02602,firefox_android,lineage_pair,no,no,2011-03-29
Q002975,48,F01722,opera_android,random2,no,no,2018-11-08
Q002976,false,F08597,webview_ios,subtree_engine,yes,no,none
Q002977,false,F12761,safari_ios,engine_webkit,no,no,none
Q002978,72,F06418,opera,subtree_engine,yes,no,2020-10-21
Q002979,44,F05468,opera,engine_blink,yes,yes,2017-03-21
Q002980,150,F14243,webview_android,engine_blink,yes,no,2026-06-30
Q002981,103,F10840,firefox,source1,no,no,2022-07-26
Q002982,11,F00452,webview_ios,engine_webkit,no,no,2017-09-19
Q002983,7.0,F05744,samsunginternet_android,engine_blink,yes,yes,2018-03-16
Q002984,5.0,F02494,oculus,subtree_engine,yes,no,2018-07-01
Q002985,91,F07197,chrome,source1,no,yes,2021-05-25
Q002986,122,F17767,edge,engine_blink,yes,no,2024-02-23
Q002987,false,F00519,webview_ios,subtree_engine,yes,no,none
Q002988,52,F16444,opera,engine_blink,yes,no,2018-03-22
Q002989,7.0,F04225,samsunginternet_android,engine_blink,yes,no,2018-03-16
Q002990,69,F04310,chrome,source1,no,no,2018-09-04
Q002991,14,F18107,edge,derivative1,no,no,2016-08-02
Q002992,12.0,F06494,samsunginternet_android,subtree_engine,yes,no,2020-06-19
Q002993,13.4,F05112,safari_ios,engine_webkit,no,no,2020-03-24
Q002994,11.1,F14412,safari,engine_webkit,no,no,2018-04-12
Q002995,false,F12034,safari_ios,subtree_engine,yes,no,none
Q002996,111,F17157,firefox,source1,no,no,2023-03-14
Q002997,79,F08222,edge,subtree_engine,yes,no,2020-01-15
Q002998,24,F17953,chrome,subtree_engine,yes,no,2013-01-10
Q002999,97,F15910,opera_android,engine_blink,yes,no,2026-04-16
Q003000,12,F16616,edge,engine_blink,yes,no,2015-07-29
Q003001,false,F05741,safari_ios,engine_webkit,no,no,none
Q003002,67,F05329,opera,subtree_engine,yes,no,2020-03-03
Q003003,129,F07961,chrome,lineage_pair,no,no,2024-09-17
Q003004,43,F08246,chrome_android,engine_blink,yes,no,2015-05-27
Q003005,16.0,F11589,oculus,derivative1,no,no,2021-06-07
Q003006,1.0,F10962,samsunginternet_android,engine_blink,yes,no,2013-04-27
Q003007,4,F02335,firefox_android,subtree_engine,yes,no,2011-03-29
Q003008,31,F04215,chrome_android,subtree_engine,yes,no,2013-11-14
Q003009,false,F04083,opera_android,random2,no,yes,none
Q003010,91,F06329,edge,engine_blink,yes,yes,2021-05-27
Q003011,false,F16570,opera_android,subtree_engine,yes,no,none
Q003012,15,F02039,opera,engine_blink,yes,no,2013-07-02
Q003013,5.0,F13931,oculus,subtree_engine,yes,no,2018-07-01
Q003014,31.2,F06713,oculus,random2,no,no,2024-01-15
Q003015,11.1,F14338,safari,source1,no,no,2018-04-12
Q003016,25,F10101,chrome_android,random2,no,no,2013-02-27
Q003017,40,F04529,chrome_android,engine_blink,yes,no,2015-01-21
Q003018,13.4,F05799,webview_ios,subtree_engine,yes,no,2020-03-24
Q003019,8,F03520,firefox_android,subtree_engine,yes,no,2011-11-08
Q003020,8.0,F05243,samsunginternet_android,subtree_engine,yes,no,2018-07-18
Q003021,12,F08270,edge,engine_blink,yes,no,2015-07-29
Q003022,47,F15998,opera_android,engine_blink,yes,no,2018-07-23
Q003023,17.0,F10668,samsunginternet_android,engine_blink,yes,no,2022-05-04
Q003024,58,F00531,chrome,engine_blink,yes,no,2017-04-19
Q003025,8.0,F10611,samsunginternet_android,engine_blink,yes,no,2018-07-18
Q003026,13.0,F07672,samsunginternet_android,random2,no,no,2020-12-02
Q003027,99,F12294,opera_android,engine_blink,yes,no,2026-06-10
Q003028,87,F04464,webview_android,random2,no,no,2020-11-17
Q003029,53,F14240,webview_android,engine_blink,yes,no,2016-09-07
Q003030,12.1,F00092,opera_android,engine_blink,yes,no,2012-10-09
Q003031,1,F10450,chrome,lineage_pair,no,no,2008-12-11
Q003032,15.4,F10497,webview_ios,lineage_pair,no,no,2022-03-14
Q003033,1,F00141,safari_ios,lineage_pair,no,no,2007-06-29
Q003034,26,F16612,safari_ios,subtree_engine,yes,no,2025-09-15
Q003035,14,F12428,edge,engine_blink,yes,no,2016-08-02
Q003036,43,F06822,opera_android,random2,no,no,2017-09-27
Q003037,false,F04314,samsunginternet_android,engine_blink,yes,yes,none
Q003038,10,F08244,safari,source1,no,no,2016-09-20
Q003039,75,F06545,chrome,engine_blink,yes,yes,2019-06-04
Q003040,140,F09292,edge,engine_blink,yes,no,2025-09-05
Q003041,3,F04117,safari,engine_webkit,no,no,2007-10-26
Q003042,8,F05633,webview_ios,engine_webkit,no,no,2014-09-17
Q003043,false,F14895,safari,engine_webkit,no,no,none
Q003044,4.4,F07315,webview_android,engine_blink,yes,no,2013-12-09
Q003045,71,F08863,webview_android,engine_blink,yes,no,2018-12-04
Q003046,44,F05235,opera_android,subtree_engine,yes,no,2017-12-11
Q003047,18.2,F06872,safari,random2,no,yes,2024-12-11
Q003048,18,F15470,chrome_android,engine_blink,yes,no,2012-06-27
Q003049,15,F17346,webview_ios,lineage_pair,no,no,2021-09-20
Q003050,26,F15462,webview_ios,engine_webkit,no,no,2025-09-15
Q003051,12,F09131,edge,engine_blink,yes,no,2015-07-29
Q003052,86,F01884,opera,engine_blink,yes,no,2022-04-20
Q003053,15,F11362,opera,engine_blink,yes,no,2013-07-02
Q003054,10.1,F05852,opera_android,derivative1,no,no,2010-11-09
Q003055,24,F05471,opera_android,engine_blink,yes,no,2014-09-10
Q003056,69,F04881,chrome_android,engine_blink,yes,no,2018-09-04
Q003057,58,F09407,webview_android,subtree_engine,yes,no,2017-04-25
Q003058,1.0,F10216,samsunginternet_android,engine_blink,yes,no,2013-04-27
Q003059,1.1,F01993,safari,source1,no,no,2003-10-24
Q003060,10,F08134,webview_ios,lineage_pair,no,no,2016-09-13
Q003061,12.2,F14347,safari_ios,subtree_engine,yes,no,2019-03-25
Q003062,4,F05225,webview_android,engine_blink,yes,no,2011-10-18
Q003063,5.0,F06963,oculus,engine_blink,yes,no,2018-07-01
Q003064,18,F07515,edge,subtree_engine,yes,no,2018-10-02
Q003065,26,F11253,webview_ios,engine_webkit,no,no,2025-09-15
Q003066,57,F05245,opera_android,subtree_engine,yes,no,2020-03-30
Q003067,87,F06860,chrome_android,engine_blink,yes,no,2020-11-17
Q003068,1.0,F10930,samsunginternet_android,engine_blink,yes,no,2013-04-27
Q003069,56,F03501,opera,engine_blink,yes,no,2018-09-25
Q003070,5.0,F07064,oculus,random2,no,no,2018-07-01
Q003071,false,F01582,edge,random2,no,no,none
Q003072,91,F13551,webview_android,subtree_engine,yes,no,2021-05-25
Q003073,129,F11386,chrome,source1,no,no,2024-09-17
Q003074,36,F10236,oculus,engine_blink,yes,no,2024-11-06
Q003075,false,F12351,oculus,derivative1,no,no,none
Q003076,52,F03172,chrome,subtree_engine,yes,no,2016-07-20
Q003077,false,F14832,webview_ios,subtree_engine,yes,no,none
Q003078,8,F03960,firefox_android,subtree_engine,yes,no,2011-11-08
Q003079,1,F02717,webview_ios,lineage_pair,no,no,2007-06-29
Q003080,false,F14046,firefox_android,lineage_pair,no,no,none
Q003081,4,F05719,firefox_android,subtree_engine,yes,yes,2011-03-29
Q003082,7.0,F08888,samsunginternet_android,engine_blink,yes,yes,2018-03-16
Q003083,3.2,F05695,webview_ios,engine_webkit,no,no,2010-04-03
Q003084,5.0,F04989,oculus,engine_blink,yes,yes,2018-07-01
Q003085,32,F08468,opera,engine_blink,yes,no,2015-09-15
Q003086,7,F01898,safari_ios,random2,no,yes,2013-09-18
Q003087,132,F11178,firefox,random2,no,no,2024-10-29
Q003088,16,F12539,chrome,source1,no,no,2011-12-13
Q003089,125,F01829,webview_android,engine_blink,yes,no,2024-05-14
Q003090,5,F11365,chrome,engine_blink,yes,no,2010-05-25
Q003091,22,F10238,opera_android,engine_blink,yes,no,2014-06-17
Q003092,false,F12381,safari_ios,engine_webkit,no,no,none
Q003093,10,F01329,safari_ios,engine_webkit,no,no,2016-09-13
Q003094,1.0,F15268,samsunginternet_android,engine_blink,yes,no,2013-04-27
Q003095,false,F09492,safari_ios,subtree_engine,yes,no,none
Q003096,4.4,F16791,webview_android,engine_blink,yes,no,2013-12-09
Q003097,14,F08048,opera_android,derivative1,no,no,2013-05-21
Q003098,13,F05957,webview_ios,subtree_engine,yes,no,2019-09-19
Q003099,18.2,F01372,webview_ios,engine_webkit,no,no,2024-12-11
Q003100,7.0,F00906,samsunginternet_android,subtree_engine,yes,no,2018-03-16
Q003101,141,F11822,chrome,subtree_engine,yes,no,2025-09-30
Q003102,86,F01102,chrome,subtree_engine,yes,no,2020-10-20
Q003103,2,F07072,webview_android,engine_blink,yes,no,2009-10-26
Q003104,false,F08258,samsunginternet_android,subtree_engine,yes,no,none
Q003105,false,F05741,webview_ios,engine_webkit,no,no,none
Q003106,false,F16381,webview_ios,subtree_engine,yes,no,none
Q003107,16.4,F03054,safari,source1,no,no,2023-03-27
Q003108,26,F05588,safari_ios,engine_webkit,no,no,2025-09-15
Q003109,80,F05245,webview_android,subtree_engine,yes,no,2020-02-04
Q003110,6,F15582,safari,engine_webkit,no,no,2012-07-25
Q003111,false,F18025,oculus,subtree_engine,yes,no,none
Q003112,125,F01829,edge,engine_blink,yes,no,2024-05-17
Q003113,12,F13931,edge,subtree_engine,yes,no,2015-07-29
Q003114,8.2,F16624,samsunginternet_android,derivative1,no,no,2018-12-21
Q003115,false,F04738,opera_android,subtree_engine,yes,no,none
Q003116,16.4,F06711,safari,engine_webkit,no,no,2023-03-27
Q003117,6.0,F13781,samsunginternet_android,lineage_pair,no,no,2017-08-23
Q003118,12,F16791,edge,engine_blink,yes,no,2015-07-29
Q003119,63,F07427,opera,engine_blink,yes,no,2019-08-20
Q003120,false,F01904,chrome_android,engine_blink,yes,no,none
Q003121,4,F04682,firefox_android,subtree_engine,yes,yes,2011-03-29
Q003122,79,F11323,firefox_android,subtree_engine,yes,no,2020-07-28
Q003123,false,F09583,firefox_android,subtree_engine,yes,no,none
Q003124,18,F04792,chrome_android,engine_blink,yes,no,2012-06-27
Q003125,false,F10015,firefox_android,lineage_pair,no,no,none
Q003126,89,F00508,firefox,random2,no,yes,2021-06-01
Q003127,57,F05102,chrome,engine_blink,yes,yes,2017-03-09
Q003128,128,F06721,chrome_android,lineage_pair,no,no,2024-08-20
Q003129,43,F03596,chrome,source1,no,no,2015-05-19
Q003130,16.4,F18138,webview_ios,lineage_pair,no,yes,2023-03-27
Q003131,7,F08118,webview_ios,engine_webkit,no,no,2013-09-18
Q003132,12,F11679,edge,random2,no,no,2015-07-29
Q003133,9,F13758,chrome,engine_blink,yes,no,2011-02-03
Q003134,9.0,F17900,oculus,engine_blink,yes,no,2020-04-24
Q003135,13.4,F11976,webview_ios,subtree_engine,yes,no,2020-03-24
Q003136,5.0,F10679,oculus,engine_blink,yes,no,2018-07-01
Q003137,56,F06599,chrome,subtree_engine,yes,no,2017-01-25
Q003138,116,F14593,firefox,random2,no,no,2023-08-01
Q003139,62,F07875,webview_android,derivative1,no,no,2017-10-24
Q003140,11.1,F03439,safari,engine_webkit,no,no,2018-04-12
Q003141,42,F01985,opera_android,random2,no,no,2017-01-21
Q003142,79,F05864,edge,lineage_pair,no,no,2020-01-15
Q003143,68,F10602,firefox_android,derivative1,no,no,2019-07-09
Q003144,58,F13532,webview_android,subtree_engine,yes,no,2017-04-25
Q003145,36,F00917,oculus,engine_blink,yes,no,2024-11-06
Q003146,23,F03773,chrome,engine_blink,yes,no,2012-11-06
Q003147,77,F02707,webview_android,derivative1,no,no,2019-09-10
Q003148,6,F07851,webview_ios,lineage_pair,no,no,2012-09-10
Q003149,11,F10644,opera_android,engine_blink,yes,no,2011-03-22
Q003150,18,F10511,opera,random2,no,no,2013-11-19
Q003151,30.0,F11158,samsunginternet_android,subtree_engine,yes,no,2026-05-11
Q003152,false,F03256,safari,engine_webkit,no,no,none
Q003153,16,F05636,edge,engine_blink,yes,no,2017-10-17
Q003154,69,F06902,chrome,subtree_engine,yes,no,2018-09-04
Q003155,4,F03155,safari,engine_webkit,no,no,2009-06-08
Q003156,17.0,F07640,samsunginternet_android,engine_blink,yes,no,2022-05-04
Q003157,7.0,F00986,samsunginternet_android,subtree_engine,yes,no,2018-03-16
Q003158,13.0,F18268,samsunginternet_android,subtree_engine,yes,no,2020-12-02
Q003159,18,F05299,chrome_android,subtree_engine,yes,no,2012-06-27
Q003160,79,F07073,chrome_android,subtree_engine,yes,no,2019-12-17
Q003161,1.5,F10003,firefox,subtree_engine,yes,no,2005-11-29
Q003162,16.4,F09231,webview_ios,lineage_pair,no,no,2023-03-27
Q003163,15,F05526,opera,random2,no,no,2013-07-02
Q003164,5,F08914,webview_ios,subtree_engine,yes,no,2011-10-12
Q003165,4,F06700,firefox,random2,no,no,2011-03-22
Q003166,56,F04255,chrome,subtree_engine,yes,no,2017-01-25
Q003167,false,F01086,webview_android,engine_blink,yes,no,none
Q003168,43,F15639,opera_android,engine_blink,yes,yes,2017-09-27
Q003169,1,F15547,safari_ios,engine_webkit,no,no,2007-06-29
Q003170,4,F16560,safari,source1,no,no,2009-06-08
Q003171,5.0,F09995,oculus,engine_blink,yes,no,2018-07-01
Q003172,false,F13134,chrome,source1,no,no,none
Q003173,85,F07932,chrome_android,engine_blink,yes,no,2020-08-25
Q003174,50,F04466,opera,engine_blink,yes,no,2018-01-04
Q003175,4,F11359,firefox_android,derivative1,no,no,2011-03-29
Q003176,135,F04561,edge,engine_blink,yes,no,2025-04-04
Q003177,96,F02642,opera,engine_blink,yes,no,2023-02-22
Q003178,false,F11582,safari,engine_webkit,no,no,none
Q003179,false,F07012,safari_ios,subtree_engine,yes,no,none
Q003180,80,F05329,chrome_android,subtree_engine,yes,no,2020-02-04
Q003181,12.0,F16357,samsunginternet_android,subtree_engine,yes,no,2020-06-19
Q003182,80,F18074,webview_android,engine_blink,yes,no,2020-02-04
Q003183,12,F17539,edge,engine_blink,yes,no,2015-07-29
Q003184,36,F06090,chrome,engine_blink,yes,no,2014-07-16
Q003185,80,F06083,edge,engine_blink,yes,no,2020-02-07
Q003186,56,F14230,opera,engine_blink,yes,no,2018-09-25
Q003187,135,F05308,edge,engine_blink,yes,no,2025-04-04
Q003188,7,F13604,safari,subtree_engine,yes,no,2013-10-22
Q003189,5.0,F04599,oculus,engine_blink,yes,no,2018-07-01
Q003190,66,F00661,firefox,source1,no,no,2019-03-19
Q003191,3,F00769,safari,source1,no,no,2007-10-26
Q003192,24,F04799,chrome,source1,no,no,2013-01-10
Q003193,12.1,F05457,opera,engine_blink,yes,no,2012-11-20
Q003194,17.2,F08319,webview_ios,random2,no,no,2023-12-11
Q003195,6,F13997,safari_ios,engine_webkit,no,no,2012-09-10
Q003196,41,F03321,opera,engine_blink,yes,no,2016-10-25
Q003197,9,F11034,safari,source1,no,no,2015-09-30
Q003198,false,F12111,firefox_android,lineage_pair,no,no,none
Q003199,117,F15903,edge,engine_blink,yes,no,2023-09-15
Q003200,95,F03498,opera,engine_blink,yes,no,2023-02-01
Q003201,96,F00467,firefox_android,random2,no,no,2022-01-11
Q003202,68,F04233,opera,random2,no,no,2020-04-22
Q003203,77,F06760,opera_android,engine_blink,yes,no,2023-08-31
Q003204,27,F06491,webview_ios,engine_webkit,no,no,2026-09-14
Q003205,33,F03365,chrome_android,engine_blink,yes,no,2014-02-26
Q003206,42,F08748,opera_android,engine_blink,yes,no,2017-01-21
Q003207,4.4,F01193,webview_android,engine_blink,yes,no,2013-12-09
Q003208,5,F10501,webview_ios,subtree_engine,yes,no,2011-10-12
Q003209,43,F07045,chrome,engine_blink,yes,no,2015-05-19
Q003210,109,F07546,chrome_android,random2,no,yes,2023-01-10
Q003211,13,F01091,safari_ios,subtree_engine,yes,no,2019-09-19
Q003212,79,F14740,edge,engine_blink,yes,no,2020-01-15
Q003213,43,F13880,chrome_android,derivative1,no,no,2015-05-27
Q003214,45,F03305,webview_android,engine_blink,yes,no,2015-09-01
Q003215,13.0,F05329,samsunginternet_android,subtree_engine,yes,no,2020-12-02
Q003216,false,F08137,firefox_android,lineage_pair,no,no,none
Q003217,false,F16193,webview_android,lineage_pair,no,no,none
Q003218,4.4,F04156,webview_android,engine_blink,yes,no,2013-12-09
Q003219,14.1,F08240,safari,engine_webkit,no,no,2021-04-26
Q003220,39,F17298,chrome,subtree_engine,yes,no,2014-11-18
Q003221,7,F17849,chrome,random2,no,no,2010-10-19
Q003222,56,F02494,chrome,subtree_engine,yes,no,2017-01-25
Q003223,1.0,F05540,samsunginternet_android,engine_blink,yes,no,2013-04-27
Q003224,72,F13183,chrome,lineage_pair,no,no,2019-01-29
Q003225,56,F16109,chrome_android,random2,no,no,2017-02-01
Q003226,129,F00917,webview_android,engine_blink,yes,no,2024-09-17
Q003227,86,F07042,webview_android,subtree_engine,yes,no,2020-10-20
Q003228,27,F07153,safari,engine_webkit,no,no,2026-09-14
Q003229,42,F01851,chrome_android,engine_blink,yes,no,2015-04-15
Q003230,false,F07673,chrome,lineage_pair,no,yes,none
Q003231,117,F09151,chrome,lineage_pair,no,no,2023-09-12
Q003232,15,F03966,safari,engine_webkit,no,no,2021-09-20
Q003233,14,F15613,opera_android,subtree_engine,yes,no,2013-05-21
Q003234,49,F09854,firefox,subtree_engine,yes,no,2016-09-20
Q003235,14.5,F06288,safari_ios,engine_webkit,no,no,2021-04-26
Q003236,5.0,F04491,oculus,subtree_engine,yes,no,2018-07-01
Q003237,111,F01429,edge,derivative1,no,no,2023-03-13
Q003238,6,F12862,safari_ios,engine_webkit,no,no,2012-09-10
Q003239,1,F00187,chrome,lineage_pair,no,no,2008-12-11
Q003240,false,F12683,safari,source1,no,no,none
Q003241,15,F08089,opera,engine_blink,yes,no,2013-07-02
Q003242,1,F13705,chrome,source1,no,no,2008-12-11
Q003243,18,F12653,chrome_android,engine_blink,yes,no,2012-06-27
Q003244,18,F18150,chrome_android,lineage_pair,no,no,2012-06-27
Q003245,50,F10007,chrome,engine_blink,yes,no,2016-04-13
Q003246,69,F03501,chrome,engine_blink,yes,no,2018-09-04
Q003247,57,F04989,webview_android,engine_blink,yes,yes,2017-03-16
Q003248,5.0,F11580,oculus,engine_blink,yes,no,2018-07-01
Q003249,12.1,F11365,opera,engine_blink,yes,no,2012-11-20
Q003250,25.0,F12566,samsunginternet_android,random2,no,no,2024-04-24
Q003251,57,F13213,webview_android,engine_blink,yes,yes,2017-03-16
Q003252,53,F02830,chrome_android,random2,no,no,2016-09-07
Q003253,41,F14240,opera_android,engine_blink,yes,no,2016-10-25
Q003254,15,F06101,edge,engine_blink,yes,no,2017-04-05
Q003255,63,F03056,firefox_android,random2,no,no,2018-10-23
Q003256,false,F02397,webview_ios,engine_webkit,no,no,none
Q003257,2,F16481,chrome,lineage_pair,no,no,2009-05-21
Q003258,1,F15869,firefox,subtree_engine,yes,yes,2004-11-09
Q003259,16,F08903,safari_ios,subtree_engine,yes,no,2022-09-12
Q003260,57,F07970,webview_android,random2,no,yes,2017-03-16
Q003261,false,F04314,opera_android,engine_blink,yes,yes,none
Q003262,false,F04202,safari_ios,subtree_engine,yes,no,none
Q003263,false,F12957,firefox_android,lineage_pair,no,no,none
Q003264,86,F07042,chrome_android,subtree_engine,yes,no,2020-10-20
Q003265,4.4,F10872,webview_android,engine_blink,yes,no,2013-12-09
Q003266,1.0,F02528,samsunginternet_android,derivative1,no,no,2013-04-27
Q003267,1,F01219,firefox,lineage_pair,no,no,2004-11-09
Q003268,41,F13489,firefox_android,lineage_pair,no,no,2015-09-22
Q003269,119,F17709,firefox_android,lineage_pair,no,no,2023-10-24
Q003270,8,F14574,safari,source1,no,no,2014-10-16
Q003271,122,F02463,edge,derivative1,no,no,2024-02-23
Q003272,12.1,F09642,opera,lineage_pair,no,no,2012-11-20
Q003273,128,F02180,firefox_android,subtree_engine,yes,no,2024-07-09
Q003274,40,F11157,chrome,engine_blink,yes,no,2015-01-21
Q003275,129,F04052,chrome_android,engine_blink,yes,no,2024-09-17
Q003276,12,F07182,edge,engine_blink,yes,no,2015-07-29
Q003277,25,F05431,chrome_android,engine_blink,yes,no,2013-02-27
Q003278,1,F05906,webview_ios,engine_webkit,no,no,2007-06-29
Q003279,96,F08416,firefox,source1,no,no,2022-01-11
Q003280,8,F16808,safari,random2,no,no,2014-10-16
Q003281,12,F02324,edge,engine_blink,yes,no,2015-07-29
Q003282,135,F05308,webview_android,engine_blink,yes,no,2025-04-01
Q003283,7.0,F17834,samsunginternet_android,subtree_engine,yes,no,2018-03-16
Q003284,61,F04096,chrome,engine_blink,yes,no,2017-09-05
Q003285,5.0,F16444,oculus,engine_blink,yes,no,2018-07-01
Q003286,25,F00840,chrome_android,random2,no,no,2013-02-27
Q003287,9.0,F18216,oculus,subtree_engine,yes,no,2020-04-24
Q003288,12.1,F17539,opera,engine_blink,yes,no,2012-11-20
Q003289,127,F00365,opera,engine_blink,yes,no,2026-02-02
Q003290,138,F17065,chrome_android,derivative1,no,no,2025-06-24
Q003291,121,F03334,chrome_android,engine_blink,yes,no,2024-01-23
Q003292,1,F08717,safari_ios,engine_webkit,no,no,2007-06-29
Q003293,151,F01153,edge,derivative1,no,no,2026-07-31
Q003294,82,F15984,opera_android,engine_blink,yes,no,2024-05-02
Q003295,29.0,F04659,samsunginternet_android,engine_blink,yes,yes,2025-10-25
Q003296,129,F17687,chrome,engine_blink,yes,no,2024-09-17
Q003297,45,F04741,opera,engine_blink,yes,no,2017-05-10
Q003298,26,F08517,safari,engine_webkit,no,no,2025-09-15
Q003299,6.0,F10696,oculus,random2,no,no,2019-08-12
Q003300,12,F17491,edge,engine_blink,yes,no,2015-07-29
Q003301,1,F17491,chrome,engine_blink,yes,no,2008-12-11
Q003302,false,F13553,safari,random2,no,no,none
Q003303,32,F10790,chrome,engine_blink,yes,no,2014-01-14
Q003304,26,F01563,safari,engine_webkit,no,no,2025-09-15
Q003305,26,F05819,webview_ios,engine_webkit,no,no,2025-09-15
Q003306,false,F10724,firefox_android,subtree_engine,yes,no,none
Q003307,1,F11856,chrome,source1,no,no,2008-12-11
Q003308,43,F01385,opera,subtree_engine,yes,no,2017-02-07
Q003309,139,F10586,chrome,engine_blink,yes,no,2025-08-05
Q003310,4,F10953,firefox_android,lineage_pair,no,no,2011-03-29
Q003311,1.0,F06138,samsunginternet_android,engine_blink,yes,no,2013-04-27
Q003312,18,F15978,chrome_android,engine_blink,yes,no,2012-06-27
Q003313,9.0,F02515,samsunginternet_android,subtree_engine,yes,no,2018-09-15
Q003314,12,F11580,edge,engine_blink,yes,no,2015-07-29
Q003315,1,F06843,webview_ios,engine_webkit,no,no,2007-06-29
Q003316,43,F16264,opera,subtree_engine,yes,no,2017-02-07
Q003317,91,F16661,chrome_android,subtree_engine,yes,no,2021-05-25
Q003318,5.0,F05744,oculus,engine_blink,yes,yes,2018-07-01
Q003319,43,F00315,firefox_android,subtree_engine,yes,no,2015-12-15
Q003320,16.4,F04190,safari_ios,engine_webkit,no,no,2023-03-27
Q003321,5,F02440,chrome,engine_blink,yes,no,2010-05-25
Q003322,11,F00322,safari_ios,subtree_engine,yes,no,2017-09-19
Q003323,29.0,F12475,samsunginternet_android,engine_blink,yes,no,2025-10-25
Q003324,false,F17841,webview_ios,lineage_pair,no,no,none
Q003325,false,F07975,opera_android,engine_blink,yes,no,none
Q003326,11,F13968,safari_ios,engine_webkit,no,yes,2017-09-19
Q003327,26,F11102,safari_ios,engine_webkit,no,no,2025-09-15
Q003328,26,F07792,safari,subtree_engine,yes,no,2025-09-15
Q003329,89,F05550,firefox_android,lineage_pair,no,yes,2021-06-01
Q003330,26,F13040,safari,lineage_pair,no,no,2025-09-15
Q003331,8.0,F12127,samsunginternet_android,subtree_engine,yes,no,2018-07-18
Q003332,18,F04027,chrome_android,derivative1,no,no,2012-06-27
Q003333,1.0,F11099,samsunginternet_android,engine_blink,yes,no,2013-04-27
Q003334,12,F15664,edge,engine_blink,yes,no,2015-07-29
Q003335,1.0,F14083,samsunginternet_android,engine_blink,yes,no,2013-04-27
Q003336,5.0,F10805,oculus,engine_blink,yes,no,2018-07-01
Q003337,3.5,F03117,opera,engine_blink,yes,no,1998-11-18
Q003338,82,F03679,opera,random2,no,no,2021-12-02
Q003339,57,F05468,chrome,engine_blink,yes,yes,2017-03-09
Q003340,false,F03101,firefox_android,subtree_engine,yes,no,none
Q003341,117,F15904,edge,random2,no,yes,2023-09-15
Q003342,false,F17180,safari,subtree_engine,yes,no,none
Q003343,7,F03278,safari,source1,no,yes,2013-10-22
Q003344,79,F09175,edge,random2,no,no,2020-01-15
Q003345,79,F01402,edge,random2,no,no,2020-01-15
Q003346,false,F05472,safari_ios,subtree_engine,yes,no,none
Q003347,26,F17256,webview_ios,lineage_pair,no,no,2025-09-15
Q003348,1.0,F11763,samsunginternet_android,engine_blink,yes,no,2013-04-27
Q003349,1,F06257,chrome,engine_blink,yes,no,2008-12-11
Q003350,false,F04388,opera_android,subtree_engine,yes,no,none
Q003351,16,F01749,firefox_android,subtree_engine,yes,no,2012-10-09
Q003352,56,F10071,chrome,subtree_engine,yes,no,2017-01-25
Q003353,43,F13562,opera_android,subtree_engine,yes,no,2017-09-27
Q003354,false,F08258,chrome,subtree_engine,yes,no,none
Q003355,1,F02884,chrome,engine_blink,yes,no,2008-12-11
Q003356,false,F18292,firefox_android,random2,no,no,none
Q003357,5.0,F09131,oculus,engine_blink,yes,no,2018-07-01
Q003358,25,F09074,chrome_android,lineage_pair,no,no,2013-02-27
Q003359,66,F10193,chrome_android,subtree_engine,yes,no,2018-04-17
Q003360,false,F09027,firefox_android,derivative1,no,no,none
Q003361,12,F09069,edge,engine_blink,yes,no,2015-07-29
Q003362,11.6,F05225,opera,engine_blink,yes,no,2011-12-06
Q003363,6,F05094,safari_ios,engine_webkit,no,yes,2012-09-10
Q003364,109,F04999,webview_android,engine_blink,yes,yes,2023-01-10
Q003365,false,F05741,safari,engine_webkit,no,no,none
Q003366,18,F02825,chrome_android,engine_blink,yes,no,2012-06-27
Q003367,18,F06530,chrome_android,engine_blink,yes,no,2012-06-27
Q003368,false,F13894,oculus,subtree_engine,yes,yes,none
Q003369,74,F03928,chrome,engine_blink,yes,no,2019-04-23
Q003370,false,F08623,chrome,subtree_engine,yes,no,none
Q003371,18,F13082,firefox,source1,no,no,2013-01-08
Q003372,110,F05586,chrome_android,engine_blink,yes,no,2023-02-07
Q003373,13,F12496,safari,engine_webkit,no,no,2019-09-19
Q003374,31.2,F09237,oculus,subtree_engine,yes,no,2024-01-15
Q003375,30,F06268,opera_android,engine_blink,yes,no,2015-06-10
Q003376,1,F11300,webview_ios,engine_webkit,no,no,2007-06-29
Q003377,false,F09338,firefox_android,random2,no,no,none
Q003378,77,F17791,opera,random2,no,yes,2021-06-09
Q003379,12,F00977,edge,random2,no,no,2015-07-29
Q003380,13,F01091,webview_ios,subtree_engine,yes,no,2019-09-19
Q003381,5.0,F15476,oculus,engine_blink,yes,no,2018-07-01
Q003382,5.0,F02884,oculus,engine_blink,yes,no,2018-07-01
Q003383,5.0,F09416,oculus,engine_blink,yes,no,2018-07-01
Q003384,91,F17405,webview_android,engine_blink,yes,yes,2021-05-25
Q003385,47,F15998,opera,engine_blink,yes,no,2017-08-09
Q003386,14,F13887,opera_android,subtree_engine,yes,no,2013-05-21
Q003387,24,F05431,chrome,engine_blink,yes,no,2013-01-10
Q003388,12.1,F17466,opera_android,random2,no,no,2012-10-09
Q003389,79,F02822,firefox_android,lineage_pair,no,no,2020-07-28
Q003390,5,F00261,chrome,engine_blink,yes,no,2010-05-25
Q003391,false,F06501,safari,engine_webkit,no,no,none
Q003392,5.0,F06113,oculus,subtree_engine,yes,no,2018-07-01
Q003393,77,F10998,opera,engine_blink,yes,yes,2021-06-09
Q003394,17.0,F00027,samsunginternet_android,engine_blink,yes,no,2022-05-04
Q003395,11,F02913,safari,engine_webkit,no,no,2017-09-19
Q003396,57,F00323,chrome_android,derivative1,no,yes,2017-03-16
Q003397,86,F00241,webview_android,subtree_engine,yes,no,2020-10-20
Q003398,25,F08899,chrome_android,derivative1,no,no,2013-02-27
Q003399,1.0,F09464,samsunginternet_android,subtree_engine,yes,no,2013-04-27
Q003400,83,F12007,opera_android,random2,no,no,2024-06-25
Q003401,9,F11764,webview_ios,engine_webkit,no,no,2015-09-16
Q003402,117,F15903,webview_android,engine_blink,yes,no,2023-09-12
Q003403,126,F07232,chrome,lineage_pair,no,no,2024-06-11
Q003404,3,F14824,safari,engine_webkit,no,no,2007-10-26
Q003405,false,F17774,firefox,lineage_pair,no,no,none
Q003406,false,F13894,edge,subtree_engine,yes,yes,none
Q003407,false,F08481,chrome,engine_blink,yes,no,none
Q003408,95,F10901,opera,engine_blink,yes,no,2023-02-01
Q003409,87,F12370,chrome_android,engine_blink,yes,no,2020-11-17
Q003410,62,F07388,firefox_android,lineage_pair,no,no,2018-09-05
Q003411,14,F04583,firefox_android,lineage_pair,no,no,2012-06-26
Q003412,79,F11869,edge,engine_blink,yes,no,2020-01-15
Q003413,3.0,F06567,samsunginternet_android,engine_blink,yes,no,2015-04-10
Q003414,149,F02666,chrome_android,engine_blink,yes,no,2026-06-02
Q003415,47,F06164,chrome,engine_blink,yes,no,2015-12-01
Q003416,false,F13894,webview_android,subtree_engine,yes,yes,none
Q003417,109,F03982,firefox,source1,no,no,2023-01-17
Q003418,25.0,F12930,samsunginternet_android,engine_blink,yes,no,2024-04-24
Q003419,false,F09080,webview_android,derivative1,no,no,none
Q003420,false,F12428,webview_android,engine_blink,yes,no,none
Q003421,5.0,F13438,oculus,derivative1,no,no,2018-07-01
Q003422,12,F08780,edge,engine_blink,yes,no,2015-07-29
Q003423,80,F18115,webview_android,engine_blink,yes,no,2020-02-04
Q003424,76,F18289,chrome,subtree_engine,yes,no,2019-07-30
Q003425,4.4,F09403,webview_android,engine_blink,yes,no,2013-12-09
Q003426,false,F02666,oculus,engine_blink,yes,no,none
Q003427,5.0,F13727,oculus,engine_blink,yes,no,2018-07-01
Q003428,50,F07490,firefox_android,random2,no,no,2016-11-15
Q003429,4.4,F07808,webview_android,engine_blink,yes,no,2013-12-09
Q003430,12.0,F17335,oculus,subtree_engine,yes,no,2020-11-03
Q003431,45,F04096,opera_android,engine_blink,yes,no,2018-02-15
Q003432,147,F08161,edge,engine_blink,yes,no,2026-04-10
Q003433,9,F06130,webview_ios,engine_webkit,no,no,2015-09-16
Q003434,4.4,F12680,webview_android,random2,no,no,2013-12-09
Q003435,120,F12122,edge,engine_blink,yes,no,2023-12-07
Q003436,10.3,F01670,safari_ios,lineage_pair,no,no,2017-03-27
Q003437,false,F04738,samsunginternet_android,subtree_engine,yes,no,none
Q003438,12.1,F08124,opera,engine_blink,yes,no,2012-11-20
Q003439,86,F17335,chrome_android,subtree_engine,yes,no,2020-10-20
Q003440,8,F00458,safari,source1,no,no,2014-10-16
Q003441,false,F15264,webview_ios,engine_webkit,no,no,none
Q003442,12,F02884,edge,engine_blink,yes,no,2015-07-29
Q003443,131,F14676,chrome,source1,no,no,2024-11-12
Q003444,false,F03021,webview_android,derivative1,no,no,none
Q003445,4.4,F13608,webview_android,engine_blink,yes,no,2013-12-09
Q003446,58,F05636,chrome,engine_blink,yes,no,2017-04-19
Q003447,79,F09073,edge,engine_blink,yes,no,2020-01-15
Q003448,false,F07055,opera_android,engine_blink,yes,no,none
Q003449,3.2,F04430,webview_ios,engine_webkit,no,no,2010-04-03
Q003450,61,F06418,opera_android,subtree_engine,yes,no,2020-12-07
Q003451,6,F08017,safari,engine_webkit,no,no,2012-07-25
Q003452,57,F14822,opera_android,engine_blink,yes,no,2020-03-30
Q003453,57,F03632,chrome_android,engine_blink,yes,yes,2017-03-16
Q003454,1,F00988,webview_ios,random2,no,no,2007-06-29
Q003455,16.0,F13551,oculus,subtree_engine,yes,no,2021-06-07
Q003456,6.0,F03928,oculus,engine_blink,yes,no,2019-08-12
Q003457,8,F16418,webview_ios,engine_webkit,no,no,2014-09-17
Q003458,13.4,F17169,safari_ios,engine_webkit,no,yes,2020-03-24
Q003459,false,F18335,firefox,subtree_engine,yes,no,none
Q003460,false,F12464,firefox_android,random2,no,no,none
Q003461,14,F16481,opera_android,lineage_pair,no,no,2013-05-21
Q003462,4,F04961,safari,lineage_pair,no,no,2009-06-08
Q003463,48,F14230,opera_android,engine_blink,yes,no,2018-11-08
Q003464,120,F02450,chrome,engine_blink,yes,no,2023-12-05
Q003465,false,F02370,edge,random2,no,no,none
Q003466,9,F02403,webview_ios,engine_webkit,no,no,2015-09-16
Q003467,18.2,F09747,safari_ios,random2,no,no,2024-12-11
Q003468,4.4,F06803,webview_android,engine_blink,yes,no,2013-12-09
Q003469,5.0,F08059,oculus,engine_blink,yes,no,2018-07-01
Q003470,10,F04306,webview_ios,engine_webkit,no,no,2016-09-13
Q003471,144,F10230,firefox_android,lineage_pair,no,no,2025-10-14
Q003472,8.0,F05235,samsunginternet_android,subtree_engine,yes,no,2018-07-18
Q003473,8,F15853,webview_ios,engine_webkit,no,no,2014-09-17
Q003474,14,F04877,opera_android,derivative1,no,no,2013-05-21
Q003475,18,F01284,chrome_android,engine_blink,yes,no,2012-06-27
Q003476,86,F17335,edge,subtree_engine,yes,no,2020-10-09
Q003477,108,F14747,firefox,source1,no,no,2022-12-13
Q003478,false,F09261,webview_ios,engine_webkit,no,no,none
Q003479,false,F10335,opera,engine_blink,yes,yes,none
Q003480,2,F13333,webview_ios,random2,no,no,2008-07-11
Q003481,79,F06348,edge,engine_blink,yes,no,2020-01-15
Q003482,26,F02689,safari,source1,no,no,2025-09-15
Q003483,97,F00694,opera_android,engine_blink,yes,no,2026-04-16
Q003484,50,F02590,webview_android,engine_blink,yes,no,2016-04-13
Q003485,144,F14519,chrome,source1,no,no,2026-01-13
Q003486,17,F04215,opera,subtree_engine,yes,no,2013-10-08
Q003487,false,F09844,samsunginternet_android,engine_blink,yes,no,none
Q003488,12.1,F06527,safari,subtree_engine,yes,no,2019-03-25
Q003489,91,F02963,chrome,engine_blink,yes,yes,2021-05-25
Q003490,false,F04412,oculus,engine_blink,yes,no,none
Q003491,5.0,F14298,samsunginternet_android,engine_blink,yes,no,2016-12-15
Q003492,1,F12586,safari,engine_webkit,no,no,2003-06-23
Q003493,91,F03426,webview_android,random2,no,yes,2021-05-25
Q003494,50,F10535,firefox_android,random2,no,no,2016-11-15
Q003495,4,F16074,firefox_android,derivative1,no,no,2011-03-29
Q003496,3.0,F06335,samsunginternet_android,engine_blink,yes,no,2015-04-10
Q003497,5.0,F04255,oculus,subtree_engine,yes,no,2018-07-01
Q003498,false,F02228,webview_android,engine_blink,yes,no,none
Q003499,false,F05771,oculus,subtree_engine,yes,no,none
Q003500,1,F10317,webview_ios,engine_webkit,no,no,2007-06-29
Q003501,12,F00420,chrome,source1,no,no,2011-06-07
Q003502,14.5,F18098,webview_ios,random2,no,no,2021-04-26
Q003503,8,F01733,safari,engine_webkit,no,no,2014-10-16
Q003504,18.4,F14158,safari_ios,subtree_engine,yes,yes,2025-03-31
Q003505,25,F18312,chrome_android,random2,no,no,2013-02-27
Q003506,68,F13881,firefox_android,derivative1,no,no,2019-07-09
Q003507,12.1,F17229,opera,engine_blink,yes,no,2012-11-20
Q003508,1,F08649,webview_ios,engine_webkit,no,no,2007-06-29
Q003509,34,F13815,oculus,engine_blink,yes,no,2024-06-26
Q003510,false,F18270,safari_ios,subtree_engine,yes,no,none
Q003511,false,F14895,safari_ios,engine_webkit,no,no,none
Q003512,false,F14520,chrome,engine_blink,yes,no,none
Q003513,false,F04202,webview_ios,subtree_engine,yes,no,none
Q003514,3,F05980,webview_ios,lineage_pair,no,no,2009-06-17
Q003515,9,F01623,chrome,source1,no,no,2011-02-03
Q003516,84,F10776,webview_android,random2,no,no,2020-07-27
Q003517,false,F08972,chrome,source1,no,yes,none
Q003518,45,F14123,chrome_android,engine_blink,yes,no,2015-09-01
Q003519,139,F03225,chrome,source1,no,no,2025-08-05
Q003520,18,F14064,chrome_android,engine_blink,yes,no,2012-06-27
Q003521,26.2,F13394,safari,subtree_engine,yes,no,2025-12-12
Q003522,false,F07257,opera_android,engine_blink,yes,yes,none
Q003523,5.0,F06280,oculus,engine_blink,yes,no,2018-07-01
Q003524,53,F03377,chrome_android,engine_blink,yes,no,2016-09-07
Q003525,10.1,F06138,opera_android,engine_blink,yes,no,2010-11-09
Q003526,13,F06061,safari_ios,subtree_engine,yes,no,2019-09-19
Q003527,1,F09241,firefox,source1,no,no,2004-11-09
Q003528,1,F03301,webview_ios,engine_webkit,no,no,2007-06-29
Q003529,96,F12212,edge,engine_blink,yes,no,2021-11-19
Q003530,false,F01933,firefox,lineage_pair,no,no,none
Q003531,5.0,F16109,oculus,random2,no,no,2018-07-01
Q003532,11,F02913,safari_ios,engine_webkit,no,no,2017-09-19
Q003533,5.0,F09403,oculus,engine_blink,yes,no,2018-07-01
Q003534,137,F07331,webview_android,derivative1,no,no,2025-05-27
Q003535,109,F01921,webview_android,engine_blink,yes,yes,2023-01-10
Q003536,6,F09867,safari,source1,no,no,2012-07-25
Q003537,5.0,F15541,oculus,engine_blink,yes,no,2018-07-01
Q003538,false,F06013,safari_ios,subtree_engine,yes,no,none
Q003539,18,F11481,safari,engine_webkit,no,no,2024-09-16
Q003540,26,F17667,safari_ios,subtree_engine,yes,no,2025-09-15
Q003541,13,F12496,safari_ios,engine_webkit,no,no,2019-09-19
Q003542,14,F09384,opera_android,engine_blink,yes,no,2013-05-21
Q003543,125,F13060,firefox,source1,no,no,2024-04-16
Q003544,false,F06523,webview_ios,engine_webkit,no,no,none
Q003545,false,F11992,firefox,random2,no,no,none
Q003546,26,F01566,firefox,source1,no,no,2013-12-10
Q003547,116,F11505,chrome,engine_blink,yes,no,2023-08-15
Q003548,25.0,F04020,samsunginternet_android,engine_blink,yes,no,2024-04-24
Q003549,9,F01004,safari_ios,engine_webkit,no,no,2015-09-16
Q003550,11,F10943,firefox,source1,no,no,2012-03-13
Q003551,113,F00223,opera,engine_blink,yes,no,2024-08-22
Q003552,14,F01973,webview_ios,engine_webkit,no,no,2020-09-16
Q003553,15.4,F02089,safari,source1,no,no,2022-03-14
Q003554,12,F16864,edge,engine_blink,yes,no,2015-07-29
Q003555,false,F08326,safari_ios,subtree_engine,yes,no,none
Q003556,false,F15447,safari,source1,no,no,none
Q003557,64,F11312,opera_android,random2,no,yes,2021-05-25
Q003558,28.0,F15768,samsunginternet_android,random2,no,no,2025-04-02
Q003559,false,F15968,oculus,subtree_engine,yes,no,none
Q003560,121,F08588,opera,subtree_engine,yes,no,2025-08-27
Q003561,87,F13329,webview_android,engine_blink,yes,no,2020-11-17
Q003562,26,F16791,chrome,engine_blink,yes,no,2013-03-26
Q003563,18,F02920,chrome_android,derivative1,no,no,2012-06-27
Q003564,93,F11822,opera_android,subtree_engine,yes,no,2025-11-25
Q003565,12,F14509,edge,engine_blink,yes,no,2015-07-29
Q003566,48,F03524,opera_android,random2,no,no,2018-11-08
Q003567,4.4,F09654,webview_android,engine_blink,yes,no,2013-12-09
Q003568,3.1,F15636,safari,engine_webkit,no,no,2008-03-18
Q003569,86,F11046,chrome,subtree_engine,yes,no,2020-10-20
Q003570,false,F09832,opera,subtree_engine,yes,yes,none
Q003571,15,F14763,opera,engine_blink,yes,no,2013-07-02
Q003572,4,F13873,firefox_android,random2,no,no,2011-03-29
Q003573,false,F10335,chrome_android,engine_blink,yes,yes,none
Q003574,false,F08161,samsunginternet_android,engine_blink,yes,no,none
Q003575,4,F12606,firefox_android,random2,no,no,2011-03-29
Q003576,false,F15040,webview_ios,engine_webkit,no,no,none
Q003577,5.0,F03574,samsunginternet_android,subtree_engine,yes,no,2016-12-15
Q003578,6,F09801,safari,engine_webkit,no,yes,2012-07-25
Q003579,16,F15240,safari,subtree_engine,yes,no,2022-09-12
Q003580,5.0,F09862,oculus,random2,no,no,2018-07-01
Q003581,79,F08893,edge,subtree_engine,yes,no,2020-01-15
Q003582,7.0,F05570,samsunginternet_android,derivative1,no,yes,2018-03-16
Q003583,26,F00474,safari,random2,no,no,2025-09-15
Q003584,60,F11278,chrome,subtree_engine,yes,no,2017-07-25
Q003585,false,F08306,opera_android,engine_blink,yes,yes,none
Q003586,150,F09615,edge,engine_blink,yes,no,2026-07-02
Q003587,87,F12370,webview_android,engine_blink,yes,no,2020-11-17
Q003588,4,F07280,firefox_android,derivative1,no,no,2011-03-29
Q003589,18,F09646,chrome_android,subtree_engine,yes,no,2012-06-27
Q003590,4.0,F10194,samsunginternet_android,engine_blink,yes,no,2016-03-11
Q003591,48,F06325,firefox,subtree_engine,yes,no,2016-08-02
Q003592,1,F01015,webview_ios,lineage_pair,no,no,2007-06-29
Q003593,12.1,F09201,opera_android,derivative1,no,no,2012-10-09
Q003594,14.0,F03266,samsunginternet_android,subtree_engine,yes,no,2021-04-17
Q003595,46,F15698,firefox_android,subtree_engine,yes,no,2016-04-26
Q003596,61,F11485,opera_android,subtree_engine,yes,no,2020-12-07
Q003597,14.1,F08364,safari,engine_webkit,no,no,2021-04-26
Q003598,20,F04245,firefox_android,subtree_engine,yes,no,2013-04-02
Q003599,1.0,F13772,samsunginternet_android,engine_blink,yes,no,2013-04-27
Q003600,16,F09675,edge,derivative1,no,no,2017-10-17
Q003601,109,F02901,webview_android,engine_blink,yes,yes,2023-01-10
Q003602,12.1,F07808,opera,engine_blink,yes,no,2012-11-20
Q003603,10.0,F16003,samsunginternet_android,random2,no,no,2019-08-22
Q003604,76,F01647,opera_android,engine_blink,yes,no,2023-06-26
Q003605,37,F10238,webview_android,engine_blink,yes,no,2014-09-03
Q003606,1,F12052,safari_ios,derivative1,no,no,2007-06-29
Q003607,false,F01802,edge,subtree_engine,yes,no,none
Q003608,15.4,F05501,webview_ios,engine_webkit,no,no,2022-03-14
Q003609,false,F17776,opera_android,engine_blink,yes,yes,none
Q003610,false,F06244,webview_android,engine_blink,yes,no,none
Q003611,5.0,F01204,oculus,engine_blink,yes,no,2018-07-01
Q003612,12,F13231,edge,derivative1,no,no,2015-07-29
Q003613,129,F04397,chrome,engine_blink,yes,no,2024-09-17
Q003614,false,F16378,oculus,engine_blink,yes,yes,none
Q003615,28.0,F10236,samsunginternet_android,engine_blink,yes,no,2025-04-02
Q003616,91,F07498,chrome,engine_blink,yes,yes,2021-05-25
Q003617,21.0,F02642,samsunginternet_android,engine_blink,yes,no,2023-05-19
Q003618,56,F16264,chrome,subtree_engine,yes,no,2017-01-25
Q003619,3.5,F10233,firefox,subtree_engine,yes,no,2009-06-30
Q003620,false,F07301,safari,lineage_pair,no,no,none
Q003621,false,F07035,safari_ios,subtree_engine,yes,no,none
Q003622,13.0,F02274,samsunginternet_android,engine_blink,yes,no,2020-12-02
Q003623,5.0,F11708,oculus,subtree_engine,yes,no,2018-07-01
Q003624,false,F15427,opera_android,engine_blink,yes,yes,none
Q003625,false,F15834,chrome,subtree_engine,yes,no,none
Q003626,56,F11192,opera,engine_blink,yes,no,2018-09-25
Q003627,16.4,F11523,webview_ios,engine_webkit,no,no,2023-03-27
Q003628,69,F11192,webview_android,engine_blink,yes,no,2018-09-04
Q003629,false,F16875,chrome,lineage_pair,no,no,none
Q003630,false,F08299,safari_ios,derivative1,no,no,none
Q003631,7,F11742,safari,lineage_pair,no,no,2013-10-22
Q003632,12,F16685,edge,engine_blink,yes,no,2015-07-29
Q003633,37,F18272,webview_android,subtree_engine,yes,no,2014-09-03
Q003634,86,F00241,chrome_android,subtree_engine,yes,no,2020-10-20
Q003635,false,F08908,safari_ios,subtree_engine,yes,no,none
Q003636,6.0,F11192,oculus,engine_blink,yes,no,2019-08-12
Q003637,79,F04881,edge,engine_blink,yes,no,2020-01-15
Q003638,11,F04461,safari,engine_webkit,no,yes,2017-09-19
Q003639,false,F04248,firefox,source1,no,no,none
Q003640,false,F14801,oculus,random2,no,yes,none
Q003641,20.0,F16707,samsunginternet_android,engine_blink,yes,no,2023-02-10
Q003642,29.0,F10897,samsunginternet_android,engine_blink,yes,no,2025-10-25
Q003643,26,F15768,safari,random2,no,no,2025-09-15
Q003644,67,F11974,opera,subtree_engine,yes,no,2020-03-03
Q003645,74,F07016,chrome_android,random2,no,no,2019-04-24
Q003646,1,F00537,webview_ios,engine_webkit,no,no,2007-06-29
Q003647,8,F12336,firefox,subtree_engine,yes,no,2011-11-08
Q003648,91,F03271,chrome,engine_blink,yes,yes,2021-05-25
Q003649,79,F18408,firefox_android,lineage_pair,no,yes,2020-07-28
Q003650,1,F15347,safari,engine_webkit,no,no,2003-06-23
Q003651,false,F17825,safari_ios,lineage_pair,no,no,none
Q003652,101,F11200,chrome,source1,no,no,2022-04-26
Q003653,4.4,F14979,webview_android,subtree_engine,yes,no,2013-12-09
Q003654,false,F06376,firefox,source1,no,no,none
Q003655,108,F11759,chrome,source1,no,no,2022-11-29
Q003656,1,F05862,firefox,random2,no,no,2004-11-09
Q003657,false,F07168,firefox,lineage_pair,no,no,none
Q003658,50,F17292,webview_android,subtree_engine,yes,no,2016-04-13
Q003659,109,F15813,webview_android,engine_blink,yes,yes,2023-01-10
Q003660,27.0,F14852,samsunginternet_android,random2,no,no,2024-11-06
Q003661,4.4,F09282,webview_android,engine_blink,yes,no,2013-12-09
Q003662,43,F10164,opera,subtree_engine,yes,no,2017-02-07
Q003663,66,F03912,webview_android,subtree_engine,yes,no,2018-04-17
Q003664,false,F17706,samsunginternet_android,random2,no,no,none
Q003665,13.4,F08148,safari_ios,engine_webkit,no,no,2020-03-24
Q003666,130,F13555,chrome,engine_blink,yes,yes,2024-10-15
Q003667,76,F16830,chrome,random2,no,no,2019-07-30
Q003668,96,F10137,chrome_android,engine_blink,yes,yes,2021-11-15
Q003669,50,F00927,chrome_android,subtree_engine,yes,no,2016-04-13
Q003670,10,F08679,safari_ios,engine_webkit,no,no,2016-09-13
Q003671,false,F02547,opera,engine_blink,yes,no,none
Q003672,1,F12237,chrome,engine_blink,yes,no,2008-12-11
Q003673,142,F06795,chrome,engine_blink,yes,no,2025-10-28
Q003674,17,F00548,edge,random2,no,no,2018-04-30
Q003675,55,F09781,chrome_android,random2,no,no,2016-12-06
Q003676,57,F16336,opera_android,subtree_engine,yes,no,2020-03-30
Q003677,5.1,F17876,safari,source1,no,yes,2011-07-20
Q003678,false,F00453,safari,lineage_pair,no,no,none
Q003679,6,F13997,webview_ios,engine_webkit,no,no,2012-09-10
Q003680,26.2,F04854,safari,subtree_engine,yes,no,2025-12-12
Q003681,false,F16333,opera_android,engine_blink,yes,no,none
Q003682,5,F02916,safari,random2,no,no,2010-06-07
Q003683,16.4,F10642,safari,engine_webkit,no,no,2023-03-27
Q003684,57,F03931,opera_android,engine_blink,yes,no,2020-03-30
Q003685,94,F01174,webview_android,engine_blink,yes,no,2021-09-21
Q003686,false,F13887,oculus,subtree_engine,yes,no,none
Q003687,49,F10078,firefox,subtree_engine,yes,no,2016-09-20
Q003688,124,F06821,edge,engine_blink,yes,no,2024-04-18
Q003689,15.2,F16127,webview_ios,derivative1,no,yes,2021-12-13
Q003690,18,F15900,chrome_android,random2,no,no,2012-06-27
Q003691,12,F12820,edge,subtree_engine,yes,no,2015-07-29
Q003692,27,F10672,safari_ios,engine_webkit,no,no,2026-09-14
Q003693,false,F18270,webview_ios,subtree_engine,yes,no,none
Q003694,134,F03886,webview_android,random2,no,no,2025-03-04
Q003695,15.1,F16118,webview_ios,engine_webkit,no,yes,2021-10-25
Q003696,67,F03931,opera,engine_blink,yes,no,2020-03-03
Q003697,7,F09263,safari,engine_webkit,no,yes,2013-10-22
Q003698,7,F03359,safari,random2,no,no,2013-10-22
Q003699,139,F17399,webview_android,engine_blink,yes,no,2025-08-05
Q003700,39,F11314,chrome_android,engine_blink,yes,no,2014-11-12
Q003701,false,F15968,chrome_android,subtree_engine,yes,no,none
Q003702,16.4,F13567,safari_ios,engine_webkit,no,yes,2023-03-27
Q003703,91,F01348,webview_android,derivative1,no,yes,2021-05-25
Q003704,false,F00767,safari,engine_webkit,no,no,none
Q003705,18,F18021,chrome_android,subtree_engine,yes,no,2012-06-27
Q003706,1.0,F14763,samsunginternet_android,engine_blink,yes,no,2013-04-27
Q003707,1,F10469,firefox,subtree_engine,yes,no,2004-11-09
Q003708,79,F12764,edge,engine_blink,yes,no,2020-01-15
Q003709,91,F17412,edge,engine_blink,yes,yes,2021-05-27
Q003710,false,F15617,webview_ios,engine_webkit,no,no,none
Q003711,5.0,F10618,oculus,random2,no,no,2018-07-01
Q003712,127,F18110,chrome,engine_blink,yes,no,2024-07-23
Q003713,30.0,F00277,samsunginternet_android,engine_blink,yes,no,2026-05-11
Q003714,144,F03506,firefox_android,lineage_pair,no,no,2025-10-14
Q003715,4.2,F04363,webview_ios,lineage_pair,no,no,2010-11-22
Q003716,14.1,F09274,safari,subtree_engine,yes,no,2021-04-26
Q003717,15,F09230,safari,lineage_pair,no,no,2021-09-20
Q003718,10.6,F17201,opera,engine_blink,yes,no,2010-07-01
Q003719,false,F02228,opera_android,engine_blink,yes,no,none
Q003720,79,F13532,edge,subtree_engine,yes,no,2020-01-15
Q003721,5.0,F05419,oculus,engine_blink,yes,no,2018-07-01
Q003722,40,F17212,chrome,engine_blink,yes,no,2015-01-21
Q003723,5.1,F13026,safari,engine_webkit,no,no,2011-07-20
Q003724,1.0,F01443,samsunginternet_android,derivative1,no,no,2013-04-27
Q003725,false,F01122,oculus,derivative1,no,no,none
Q003726,false,F17722,chrome,engine_blink,yes,no,none
Q003727,false,F15799,opera_android,subtree_engine,yes,no,none
Q003728,5.0,F14563,oculus,derivative1,no,no,2018-07-01
Q003729,7,F08118,safari,engine_webkit,no,no,2013-10-22
Q003730,false,F08356,opera_android,engine_blink,yes,no,none
Q003731,77,F17534,opera,derivative1,no,yes,2021-06-09
Q003732,11.0,F15200,samsunginternet_android,engine_blink,yes,yes,2019-12-05
Q003733,9,F13171,firefox_android,subtree_engine,yes,no,2011-12-21
Q003734,66,F04962,webview_android,engine_blink,yes,no,2018-04-17
Q003735,30,F11262,firefox_android,subtree_engine,yes,no,2014-06-10
Q003736,9,F00073,safari_ios,derivative1,no,no,2015-09-16
Q003737,false,F04738,edge,subtree_engine,yes,no,none
Q003738,false,F05771,edge,subtree_engine,yes,no,none
Q003739,112,F06259,opera,engine_blink,yes,no,2024-07-11
Q003740,5.0,F03635,oculus,derivative1,no,no,2018-07-01
Q003741,31.2,F15903,oculus,engine_blink,yes,no,2024-01-15
Q003742,false,F18394,firefox_android,random2,no,no,none
Q003743,104,F04674,webview_android,subtree_engine,yes,no,2022-08-02
Q003744,false,F07055,chrome_android,engine_blink,yes,no,none
Q003745,17.2,F17636,webview_ios,engine_webkit,no,no,2023-12-11
Q003746,1,F02498,webview_ios,lineage_pair,no,no,2007-06-29
Q003747,66,F04962,chrome,engine_blink,yes,no,2018-04-17
Q003748,4.4,F04491,webview_android,subtree_engine,yes,no,2013-12-09
Q003749,4,F11855,firefox_android,random2,no,no,2011-03-29
Q003750,3.2,F16557,webview_ios,random2,no,no,2010-04-03
Q003751,16.4,F15607,safari,engine_webkit,no,yes,2023-03-27
Q003752,69,F12764,webview_android,engine_blink,yes,no,2018-09-04
Q003753,25,F06803,chrome_android,engine_blink,yes,no,2013-02-27
Q003754,27,F04529,opera,engine_blink,yes,no,2015-01-27
Q003755,45,F08562,firefox_android,derivative1,no,no,2016-03-08
Q003756,55,F08874,chrome_android,engine_blink,yes,no,2016-12-06
Q003757,8,F14473,firefox,subtree_engine,yes,no,2011-11-08
Q003758,141,F07049,webview_android,lineage_pair,no,no,2025-09-30
Q003759,94,F01216,firefox,source1,no,no,2021-11-02
Q003760,5.0,F04913,oculus,random2,no,no,2018-07-01
Q003761,114,F15808,opera,derivative1,no,no,2024-09-25
Q003762,9.0,F03912,samsunginternet_android,subtree_engine,yes,no,2018-09-15
Q003763,16.4,F07068,webview_ios,engine_webkit,no,yes,2023-03-27
Q003764,25.0,F12122,samsunginternet_android,engine_blink,yes,no,2024-04-24
Q003765,10,F06361,safari_ios,engine_webkit,no,no,2016-09-13
Q003766,1,F02824,safari_ios,lineage_pair,no,no,2007-06-29
Q003767,17,F16578,opera,engine_blink,yes,no,2013-10-08
Q003768,153,F02898,firefox_android,subtree_engine,yes,no,2026-07-21
Q003769,false,F01802,chrome,subtree_engine,yes,no,none
Q003770,4,F14048,firefox_android,lineage_pair,no,no,2011-03-29
Q003771,4.4,F02964,webview_android,engine_blink,yes,no,2013-12-09
Q003772,7,F17257,safari,engine_webkit,no,no,2013-10-22
Q003773,false,F12797,firefox,lineage_pair,no,no,none
Q003774,14.5,F13332,safari_ios,engine_webkit,no,no,2021-04-26
Q003775,52,F06269,firefox,source1,no,yes,2017-03-07
Q003776,96,F11574,edge,random2,no,no,2021-11-19
Q003777,false,F06816,safari_ios,engine_webkit,no,no,none
Q003778,13.1,F02807,safari,engine_webkit,no,no,2020-03-24
Q003779,95,F02901,opera,engine_blink,yes,yes,2023-02-01
Q003780,1.0,F15470,samsunginternet_android,engine_blink,yes,no,2013-04-27
Q003781,66,F01174,opera_android,engine_blink,yes,no,2021-12-15
Q003782,7.0,F15994,samsunginternet_android,subtree_engine,yes,no,2018-03-16
Q003783,16,F15184,webview_ios,engine_webkit,no,no,2022-09-12
Q003784,1,F03962,webview_ios,engine_webkit,no,no,2007-06-29
Q003785,60,F01527,chrome_android,engine_blink,yes,no,2017-08-01
Q003786,84,F13642,edge,engine_blink,yes,no,2020-07-16
Q003787,76,F07427,chrome_android,engine_blink,yes,no,2019-07-30
Q003788,false,F14732,safari_ios,engine_webkit,no,no,none
Q003789,false,F18248,webview_ios,engine_webkit,no,no,none
Q003790,14,F01550,safari_ios,engine_webkit,no,no,2020-09-16
Q003791,false,F16552,webview_ios,random2,no,no,none
Q003792,25,F03309,chrome_android,engine_blink,yes,no,2013-02-27
Q003793,4.4,F10778,webview_android,subtree_engine,yes,no,2013-12-09
Q003794,118,F16234,chrome_android,subtree_engine,yes,no,2023-10-10
Q003795,13.0,F16548,samsunginternet_android,subtree_engine,yes,no,2020-12-02
Q003796,139,F07459,webview_android,engine_blink,yes,no,2025-08-05
Q003797,6.0,F12764,oculus,engine_blink,yes,no,2019-08-12
Q003798,97,F07913,chrome_android,engine_blink,yes,no,2022-01-04
Q003799,false,F02205,safari_ios,engine_webkit,no,no,none
Q003800,26,F00383,safari,engine_webkit,no,no,2025-09-15
Q003801,7,F05105,webview_ios,engine_webkit,no,no,2013-09-18
Q003802,12,F08682,edge,engine_blink,yes,no,2015-07-29
Q003803,59,F11812,opera_android,subtree_engine,yes,no,2020-06-30
Q003804,70,F13957,chrome_android,random2,no,no,2018-10-17
Q003805,false,F01504,firefox,lineage_pair,no,no,none
Q003806,110,F05586,edge,engine_blink,yes,no,2023-02-09
Q003807,41,F05419,opera_android,engine_blink,yes,no,2016-10-25
Q003808,12,F09403,edge,engine_blink,yes,no,2015-07-29
Q003809,5.0,F08047,oculus,engine_blink,yes,no,2018-07-01
Q003810,5.0,F03792,oculus,subtree_engine,yes,no,2018-07-01
Q003811,false,F15647,opera_android,random2,no,no,none
Q003812,false,F12405,oculus,random2,no,no,none
Q003813,false,F09228,chrome,source1,no,no,none
Q003814,41,F16656,firefox,subtree_engine,yes,no,2015-09-22
Q003815,false,F16333,chrome,engine_blink,yes,no,none
Q003816,12,F18328,edge,engine_blink,yes,no,2015-07-29
Q003817,14,F17953,opera_android,subtree_engine,yes,no,2013-05-21
Q003818,7,F15348,safari,random2,no,no,2013-10-22
Q003819,18.2,F10047,safari_ios,engine_webkit,no,no,2024-12-11
Q003820,16,F14731,opera,random2,no,no,2013-08-27
Q003821,67,F05845,opera_android,engine_blink,yes,no,2022-01-31
Q003822,153,F01664,firefox,subtree_engine,yes,no,2026-07-21
Q003823,56,F10040,firefox_android,lineage_pair,no,no,2017-09-28
Q003824,44,F10154,webview_android,derivative1,no,no,2015-07-29
Q003825,5.0,F09741,oculus,subtree_engine,yes,no,2018-07-01
Q003826,56,F06996,chrome,subtree_engine,yes,no,2017-01-25
Q003827,87,F00593,firefox_android,lineage_pair,no,no,2021-03-23
Q003828,14,F18272,edge,subtree_engine,yes,no,2016-08-02
Q003829,1.0,F02825,samsunginternet_android,engine_blink,yes,no,2013-04-27
Q003830,64,F09094,opera_android,engine_blink,yes,yes,2021-05-25
Q003831,10,F02852,webview_ios,engine_webkit,no,no,2016-09-13
Q003832,74,F16293,firefox,lineage_pair,no,no,2020-03-10
Q003833,6.0,F06902,oculus,subtree_engine,yes,no,2019-08-12
Q003834,4.4,F06956,webview_android,derivative1,no,no,2013-12-09
Q003835,5.0,F15006,oculus,engine_blink,yes,no,2018-07-01
Q003836,1,F17763,safari_ios,engine_webkit,no,no,2007-06-29
Q003837,8.0,F14570,samsunginternet_android,engine_blink,yes,no,2018-07-18
Q003838,60,F03836,opera,engine_blink,yes,no,2019-04-09
Q003839,15,F08328,opera,engine_blink,yes,no,2013-07-02
Q003840,15,F04312,opera,subtree_engine,yes,no,2013-07-02
Q003841,57,F09724,chrome,engine_blink,yes,yes,2017-03-09
Q003842,38,F13686,chrome_android,derivative1,no,no,2014-10-08
Q003843,138,F02295,chrome,lineage_pair,no,no,2025-06-24
Q003844,18.4,F12131,safari_ios,engine_webkit,no,no,2025-03-31
Q003845,26,F05506,safari_ios,engine_webkit,no,no,2025-09-15
Q003846,73,F07515,chrome_android,subtree_engine,yes,no,2019-03-12
Q003847,10.3,F07056,safari_ios,engine_webkit,no,no,2017-03-27
Q003848,5.0,F09282,oculus,engine_blink,yes,no,2018-07-01
Q003849,false,F12317,webview_android,engine_blink,yes,no,none
Q003850,26,F07370,webview_ios,lineage_pair,no,no,2025-09-15
Q003851,4,F09181,firefox_android,subtree_engine,yes,no,2011-03-29
Q003852,false,F08367,chrome_android,engine_blink,yes,yes,none
Q003853,16,F04989,edge,engine_blink,yes,yes,2017-10-17
Q003854,15.4,F14147,safari_ios,derivative1,no,no,2022-03-14
Q003855,false,F15427,chrome,engine_blink,yes,yes,none
Q003856,1.0,F06779,samsunginternet_android,engine_blink,yes,no,2013-04-27
Q003857,12.1,F09353,safari,engine_webkit,no,no,2019-03-25
Q003858,79,F06730,chrome_android,engine_blink,yes,no,2019-12-17
Q003859,136,F08588,webview_android,subtree_engine,yes,no,2025-04-29
Q003860,79,F08847,firefox_android,subtree_engine,yes,no,2020-07-28
Q003861,14.5,F17939,safari_ios,engine_webkit,no,no,2021-04-26
Q003862,false,F00069,webview_ios,engine_webkit,no,no,none
Q003863,24,F04491,chrome,subtree_engine,yes,no,2013-01-10
Q003864,6,F13312,firefox_android,lineage_pair,no,no,2011-08-16
Q003865,15,F18420,opera,engine_blink,yes,no,2013-07-02
Q003866,false,F10091,firefox_android,random2,no,no,none
Q003867,56,F03928,opera,engine_blink,yes,no,2018-09-25
Q003868,25,F18263,chrome_android,random2,no,no,2013-02-27
Q003869,9,F07779,webview_ios,subtree_engine,yes,no,2015-09-16
Q003870,43,F00531,opera_android,engine_blink,yes,no,2017-09-27
Q003871,false,F00364,firefox_android,lineage_pair,no,no,none
Q003872,109,F07002,webview_android,engine_blink,yes,no,2023-01-10
Q003873,91,F02963,chrome_android,engine_blink,yes,yes,2021-05-25
Q003874,1,F03977,firefox,lineage_pair,no,yes,2004-11-09
Q003875,47,F12127,opera,subtree_engine,yes,no,2017-08-09
Q003876,12,F05060,edge,derivative1,no,no,2015-07-29
Q003877,14.0,F07932,samsunginternet_android,engine_blink,yes,no,2021-04-17
Q003878,17.0,F06537,samsunginternet_android,engine_blink,yes,no,2022-05-04
Q003879,false,F16888,webview_ios,subtree_engine,yes,no,none
Q003880,2,F10644,chrome,engine_blink,yes,no,2009-05-21
Q003881,26,F12044,webview_ios,engine_webkit,no,no,2025-09-15
Q003882,5.0,F17363,oculus,engine_blink,yes,no,2018-07-01
Q003883,false,F07257,chrome,engine_blink,yes,yes,none
Q003884,58,F11283,chrome_android,subtree_engine,yes,no,2017-04-25
Q003885,false,F12868,safari_ios,engine_webkit,no,yes,none
Q003886,149,F15302,firefox_android,subtree_engine,yes,no,2026-03-24
Q003887,57,F02538,opera_android,engine_blink,yes,no,2020-03-30
Q003888,18,F12985,chrome_android,engine_blink,yes,no,2012-06-27
Q003889,5.0,F00460,oculus,engine_blink,yes,no,2018-07-01
Q003890,15,F02748,opera,engine_blink,yes,no,2013-07-02
Q003891,8.0,F16357,oculus,subtree_engine,yes,no,2020-02-10
Q003892,4.0,F08246,samsunginternet_android,engine_blink,yes,no,2016-03-11
Q003893,1,F05622,safari_ios,engine_webkit,no,no,2007-06-29
Q003894,15.2,F07887,safari_ios,lineage_pair,no,yes,2021-12-13
Q003895,12,F06567,edge,engine_blink,yes,no,2015-07-29
Q003896,5.0,F18187,samsunginternet_android,engine_blink,yes,no,2016-12-15
Q003897,68,F16250,opera_android,random2,no,no,2022-03-30
Q003898,12,F04792,edge,engine_blink,yes,no,2015-07-29
Q003899,4,F16233,firefox_android,lineage_pair,no,no,2011-03-29
Q003900,false,F15720,firefox,random2,no,no,none
Q003901,75,F15200,chrome,engine_blink,yes,yes,2019-06-04
Q003902,55,F09714,webview_android,engine_blink,yes,no,2016-12-06
Q003903,2.0,F16578,samsunginternet_android,engine_blink,yes,no,2014-10-17
Q003904,11,F13336,safari,source1,no,yes,2017-09-19
Q003905,false,F18256,samsunginternet_android,derivative1,no,no,none
Q003906,57,F14780,chrome_android,engine_blink,yes,yes,2017-03-16
Q003907,false,F12373,safari_ios,subtree_engine,yes,no,none
Q003908,false,F05362,chrome,engine_blink,yes,no,none
Q003909,1,F09423,chrome,source1,no,no,2008-12-11
Q003910,26,F11102,safari,engine_webkit,no,no,2025-09-15
Q003911,16.4,F16763,safari_ios,engine_webkit,no,yes,2023-03-27
Q003912,1,F16089,firefox,subtree_engine,yes,no,2004-11-09
Q003913,91,F01871,webview_android,derivative1,no,yes,2021-05-25
Q003914,135,F04561,webview_android,engine_blink,yes,no,2025-04-01
Q003915,14.1,F12047,safari,engine_webkit,no,no,2021-04-26
Q003916,80,F05529,edge,subtree_engine,yes,no,2020-02-07
Q003917,86,F01102,webview_android,subtree_engine,yes,no,2020-10-20
Q003918,88,F04659,opera_android,engine_blink,yes,yes,2025-03-19
Q003919,108,F05953,chrome,engine_blink,yes,no,2022-11-29
Q003920,6,F17598,safari_ios,random2,no,no,2012-09-10
Q003921,86,F03266,chrome,subtree_engine,yes,no,2020-10-20
Q003922,125,F06196,chrome,engine_blink,yes,no,2024-05-14
Q003923,1.0,F04339,samsunginternet_android,engine_blink,yes,no,2013-04-27
Q003924,18.2,F17187,safari,engine_webkit,no,no,2024-12-11
Q003925,65,F17007,firefox,source1,no,no,2019-01-29
Q003926,43,F14780,opera_android,engine_blink,yes,yes,2017-09-27
Q003927,5.0,F05225,oculus,engine_blink,yes,no,2018-07-01
Q003928,79,F10251,edge,random2,no,no,2020-01-15
Q003929,5.0,F11677,oculus,random2,no,yes,2018-07-01
Q003930,33,F05403,oculus,lineage_pair,no,no,2024-04-24
Q003931,10.1,F09636,opera_android,subtree_engine,yes,no,2010-11-09
Q003932,8,F06607,firefox_android,subtree_engine,yes,no,2011-11-08
Q003933,27,F11397,safari,source1,no,yes,2026-09-14
Q003934,64,F16661,opera_android,subtree_engine,yes,no,2021-05-25
Q003935,14.1,F06462,safari,subtree_engine,yes,no,2021-04-26
Q003936,86,F09106,edge,subtree_engine,yes,no,2020-10-09
Q003937,1.0,F02873,samsunginternet_android,engine_blink,yes,no,2013-04-27
Q003938,26.2,F09534,safari,engine_webkit,no,no,2025-12-12
Q003939,84,F11141,edge,random2,no,no,2020-07-16
Q003940,58,F03346,webview_android,subtree_engine,yes,no,2017-04-25
Q003941,58,F13129,opera_android,subtree_engine,yes,no,2020-05-13
Q003942,137,F01319,chrome_android,engine_blink,yes,yes,2025-05-27
Q003943,6.0,F08270,samsunginternet_android,engine_blink,yes,no,2017-08-23
Q003944,118,F16234,edge,subtree_engine,yes,no,2023-10-13
Q003945,123,F00426,chrome_android,engine_blink,yes,no,2024-03-19
Q003946,9.0,F04962,samsunginternet_android,engine_blink,yes,no,2018-09-15
Q003947,1,F02094,webview_ios,lineage_pair,no,no,2007-06-29
Q003948,12,F17196,edge,engine_blink,yes,no,2015-07-29
Q003949,1,F11202,webview_ios,derivative1,no,no,2007-06-29
Q003950,14.0,F14808,samsunginternet_android,subtree_engine,yes,no,2021-04-17
Q003951,4.0,F11325,samsunginternet_android,random2,no,no,2016-03-11
Q003952,false,F17620,opera,derivative1,no,no,none
Q003953,129,F10707,webview_android,engine_blink,yes,no,2024-09-17
Q003954,18,F17086,chrome_android,engine_blink,yes,no,2012-06-27
Q003955,false,F00159,oculus,lineage_pair,no,no,none
Q003956,57,F09530,chrome,random2,no,yes,2017-03-09
Q003957,4.4,F17086,webview_android,engine_blink,yes,no,2013-12-09
Q003958,16.4,F07759,safari_ios,random2,no,no,2023-03-27
Q003959,51,F13011,firefox_android,subtree_engine,yes,no,2017-01-24
Q003960,10,F13875,safari_ios,engine_webkit,no,no,2016-09-13
Q003961,5.0,F02890,oculus,engine_blink,yes,no,2018-07-01
Q003962,80,F10503,opera_android,engine_blink,yes,yes,2024-01-25
Q003963,12.2,F00532,safari_ios,lineage_pair,no,no,2019-03-25
Q003964,false,F01154,safari_ios,engine_webkit,no,no,none
Q003965,false,F07183,webview_ios,random2,no,no,none
Q003966,91,F05121,chrome_android,random2,no,yes,2021-05-25
Q003967,5.0,F15251,oculus,engine_blink,yes,no,2018-07-01
Q003968,31.2,F11505,oculus,engine_blink,yes,no,2024-01-15
Q003969,16.4,F12038,safari,random2,no,yes,2023-03-27
Q003970,15,F07038,opera,engine_blink,yes,no,2013-07-02
Q003971,12.1,F10427,opera,random2,no,no,2012-11-20
Q003972,2,F07150,webview_ios,lineage_pair,no,no,2008-07-11
Q003973,140,F09292,chrome,engine_blink,yes,no,2025-09-02
Q003974,15,F16550,edge,engine_blink,yes,no,2017-04-05
Q003975,4,F13541,firefox_android,lineage_pair,no,no,2011-03-29
Q003976,false,F12317,opera_android,engine_blink,yes,no,none
Q003977,63,F04947,chrome_android,subtree_engine,yes,no,2017-12-05
Q003978,46,F07272,firefox,source1,no,no,2016-04-26
Q003979,26,F18075,safari,lineage_pair,no,no,2025-09-15
Q003980,16.0,F06329,samsunginternet_android,engine_blink,yes,yes,2021-11-25
Q003981,4.4,F06687,webview_android,engine_blink,yes,no,2013-12-09
Q003982,95,F13984,opera,engine_blink,yes,yes,2023-02-01
Q003983,10.0,F14230,samsunginternet_android,engine_blink,yes,no,2019-08-22
Q003984,1.0,F11855,samsunginternet_android,random2,no,no,2013-04-27
Q003985,false,F12482,edge,engine_blink,yes,no,none
Q003986,12.1,F18203,opera,engine_blink,yes,no,2012-11-20
Q003987,138,F16193,chrome,lineage_pair,no,no,2025-06-24
Q003988,1,F13721,webview_ios,engine_webkit,no,no,2007-06-29
Q003989,9,F15301,safari,source1,no,no,2015-09-30
Q003990,1,F00882,chrome,lineage_pair,no,no,2008-12-11
Q003991,3.2,F09174,safari_ios,engine_webkit,no,no,2010-04-03
Q003992,4.4,F02005,webview_android,engine_blink,yes,no,2013-12-09
Q003993,57,F10229,opera_android,subtree_engine,yes,no,2020-03-30
Q003994,false,F16598,opera,engine_blink,yes,no,none
Q003995,153,F17481,firefox,subtree_engine,yes,no,2026-07-21
Q003996,105,F08319,edge,random2,no,no,2022-09-01
Q003997,26,F00059,safari_ios,engine_webkit,no,no,2025-09-15
Q003998,12.1,F02599,opera_android,engine_blink,yes,no,2012-10-09
Q003999,124,F09549,chrome,subtree_engine,yes,no,2024-04-16
Q004000,6.0,F04387,samsunginternet_android,engine_blink,yes,no,2017-08-23
Q004001,148,F13950,chrome,source1,no,no,2026-05-05
Q004002,62,F06545,opera,engine_blink,yes,yes,2019-06-27
Q004003,91,F17192,chrome,lineage_pair,no,yes,2021-05-25
Q004004,3,F12470,safari,source1,no,no,2007-10-26
Q004005,115,F11635,opera,derivative1,no,no,2024-11-27
Q004006,false,F13966,firefox_android,subtree_engine,yes,no,none
Q004007,5.0,F17827,oculus,subtree_engine,yes,no,2018-07-01
Q004008,5.0,F15292,oculus,subtree_engine,yes,no,2018-07-01
Q004009,104,F06644,firefox,source1,no,no,2022-08-23
Q004010,136,F02603,firefox_android,derivative1,no,no,2025-03-04
Q004011,8,F02031,webview_ios,engine_webkit,no,no,2014-09-17
Q004012,17.5,F08832,webview_ios,engine_webkit,no,no,2024-05-13
Q004013,9,F03396,firefox,source1,no,no,2011-12-20
Q004014,26,F16993,safari_ios,derivative1,no,no,2025-09-15
Q004015,94,F11587,webview_android,engine_blink,yes,no,2021-09-21
Q004016,3,F16888,safari,subtree_engine,yes,no,2007-10-26
Q004017,48,F07255,opera,derivative1,no,no,2017-09-27
Q004018,5,F10174,safari_ios,engine_webkit,no,no,2011-10-12
Q004019,9,F04565,safari,lineage_pair,no,no,2015-09-30
Q004020,58,F11461,chrome_android,subtree_engine,yes,no,2017-04-25
Q004021,false,F09993,safari_ios,engine_webkit,no,no,none
Q004022,false,F06244,opera_android,engine_blink,yes,no,none
Q004023,false,F15826,webview_android,derivative1,no,no,none
Q004024,false,F14008,webview_android,engine_blink,yes,no,none
Q004025,18,F04719,chrome_android,derivative1,no,no,2012-06-27
Q004026,103,F01036,edge,subtree_engine,yes,no,2022-06-23
Q004027,129,F03576,chrome,lineage_pair,no,no,2024-09-17
Q004028,58,F12915,webview_android,random2,no,no,2017-04-25
Q004029,false,F16597,webview_ios,engine_webkit,no,no,none
Q004030,18,F09636,chrome_android,subtree_engine,yes,no,2012-06-27
Q004031,1,F05021,safari,lineage_pair,no,no,2003-06-23
Q004032,42,F08270,opera,engine_blink,yes,no,2016-12-13
Q004033,66,F10193,chrome,subtree_engine,yes,no,2018-04-17
Q004034,10.0,F11192,samsunginternet_android,engine_blink,yes,no,2019-08-22
Q004035,14.5,F01244,webview_ios,subtree_engine,yes,no,2021-04-26
Q004036,34,F14463,firefox,random2,no,no,2014-12-01
Q004037,74,F06736,chrome,engine_blink,yes,yes,2019-04-23
Q004038,5,F08914,safari_ios,subtree_engine,yes,no,2011-10-12
Q004039,12.1,F12166,safari,lineage_pair,no,no,2019-03-25
Q004040,false,F08161,oculus,engine_blink,yes,no,none
Q004041,5.0,F04521,oculus,subtree_engine,yes,no,2018-07-01
Q004042,43,F04521,opera,subtree_engine,yes,no,2017-02-07
Q004043,87,F13401,chrome,engine_blink,yes,no,2020-11-17
Q004044,69,F11137,chrome,lineage_pair,no,no,2018-09-04
Q004045,false,F08683,webview_ios,engine_webkit,no,no,none
Q004046,18,F15751,chrome_android,subtree_engine,yes,no,2012-06-27
Q004047,53,F01111,firefox,subtree_engine,yes,no,2017-04-19
Q004048,29.0,F11948,samsunginternet_android,engine_blink,yes,no,2025-10-25
Q004049,1,F00321,webview_ios,engine_webkit,no,no,2007-06-29
Q004050,5.0,F00510,oculus,subtree_engine,yes,no,2018-07-01
Q004051,40.0,F06304,oculus,engine_blink,yes,no,2025-08-07
Q004052,70,F13642,opera,engine_blink,yes,no,2020-07-27
Q004053,16,F12573,webview_ios,engine_webkit,no,no,2022-09-12
Q004054,4.4,F02748,webview_android,engine_blink,yes,no,2013-12-09
Q004055,50,F03582,webview_android,subtree_engine,yes,no,2016-04-13
Q004056,14,F01284,opera_android,engine_blink,yes,no,2013-05-21
Q004057,8.0,F03269,oculus,subtree_engine,yes,no,2020-02-10
Q004058,7,F07862,safari_ios,lineage_pair,no,yes,2013-09-18
Q004059,64,F16281,opera_android,random2,no,yes,2021-05-25
Q004060,94,F02024,chrome_android,engine_blink,yes,no,2021-09-21
Q004061,false,F01984,firefox,source1,no,no,none
Q004062,false,F15227,samsunginternet_android,engine_blink,yes,no,none
Q004063,false,F02071,safari,subtree_engine,yes,no,none
Q004064,105,F11776,firefox_android,derivative1,no,no,2022-09-20
Q004065,18,F03661,chrome_android,lineage_pair,no,no,2012-06-27
Q004066,7.0,F16280,samsunginternet_android,subtree_engine,yes,no,2018-03-16
Q004067,141,F03093,edge,engine_blink,yes,no,2025-10-03
Q004068,5.0,F01684,samsunginternet_android,engine_blink,yes,no,2016-12-15
Q004069,4,F03780,firefox_android,random2,no,no,2011-03-29
Q004070,21.0,F01921,samsunginternet_android,engine_blink,yes,yes,2023-05-19
Q004071,79,F02590,edge,engine_blink,yes,no,2020-01-15
Q004072,4.4,F10968,webview_android,engine_blink,yes,no,2013-12-09
Q004073,131,F14317,opera,random2,no,no,2026-04-29
Q004074,false,F05195,webview_ios,derivative1,no,no,none
Q004075,18,F01809,chrome_android,random2,no,no,2012-06-27
Q004076,1.0,F02195,samsunginternet_android,random2,no,no,2013-04-27
Q004077,false,F09253,webview_android,engine_blink,yes,no,none
Q004078,18,F12068,chrome_android,lineage_pair,no,no,2012-06-27
Q004079,false,F09787,safari,lineage_pair,no,no,none
Q004080,17,F17644,safari_ios,derivative1,no,no,2023-09-18
Q004081,29,F01852,chrome,engine_blink,yes,no,2013-08-20
Q004082,4,F13419,firefox_android,lineage_pair,no,no,2011-03-29
Q004083,26,F05801,safari_ios,subtree_engine,yes,no,2025-09-15
Q004084,false,F01086,oculus,engine_blink,yes,no,none
Q004085,5,F05321,safari_ios,subtree_engine,yes,no,2011-10-12
Q004086,58,F08635,webview_android,subtree_engine,yes,no,2017-04-25
Q004087,1.0,F06257,samsunginternet_android,engine_blink,yes,no,2013-04-27
Q004088,129,F01038,chrome,engine_blink,yes,no,2024-09-17
Q004089,16.0,F10051,oculus,derivative1,no,yes,2021-06-07
Q004090,79,F06268,edge,engine_blink,yes,no,2020-01-15
Q004091,false,F15109,oculus,engine_blink,yes,yes,none
Q004092,58,F01039,chrome,engine_blink,yes,no,2017-04-19
Q004093,136,F05732,chrome,lineage_pair,no,no,2025-04-29
Q004094,65,F13976,chrome_android,engine_blink,yes,no,2018-03-06
Q004095,4,F15213,safari,subtree_engine,yes,no,2009-06-08
Q004096,6,F17750,webview_ios,engine_webkit,no,no,2012-09-10
Q004097,5.0,F13945,oculus,engine_blink,yes,no,2018-07-01
Q004098,false,F11339,safari,subtree_engine,yes,no,none
Q004099,20.0,F01876,samsunginternet_android,subtree_engine,yes,no,2023-02-10
Q004100,39,F15058,webview_android,engine_blink,yes,no,2014-11-12
Q004101,58,F00531,webview_android,engine_blink,yes,no,2017-04-25
Q004102,18,F07760,safari,engine_webkit,no,yes,2024-09-16
Q004103,18,F16807,safari,source1,no,no,2024-09-16
Q004104,117,F13996,edge,random2,no,no,2023-09-15
Q004105,18.2,F01372,safari,engine_webkit,no,no,2024-12-11
Q004106,98,F10115,firefox,subtree_engine,yes,no,2022-03-08
Q004107,5.0,F06530,oculus,engine_blink,yes,no,2018-07-01
Q004108,false,F05425,webview_android,random2,no,no,none
Q004109,10.0,F08086,samsunginternet_android,engine_blink,yes,no,2019-08-22
Q004110,false,F11460,safari_ios,engine_webkit,no,no,none
Q004111,false,F11150,webview_ios,engine_webkit,no,yes,none
Q004112,61,F06672,chrome,engine_blink,yes,no,2017-09-05
Q004113,3,F17526,chrome,source1,no,no,2009-09-15
Q004114,54,F16717,firefox_android,lineage_pair,no,no,2017-06-13
Q004115,8,F08126,firefox,subtree_engine,yes,no,2011-11-08
Q004116,false,F03235,safari_ios,engine_webkit,no,no,none
Q004117,9.0,F10229,oculus,subtree_engine,yes,no,2020-04-24
Q004118,45,F00106,webview_android,engine_blink,yes,no,2015-09-01
Q004119,1.0,F14871,samsunginternet_android,engine_blink,yes,no,2013-04-27
Q004120,5.0,F02039,oculus,engine_blink,yes,no,2018-07-01
Q004121,102,F12284,chrome,source1,no,no,2022-05-24
Q004122,8,F07422,chrome,subtree_engine,yes,no,2010-12-02
Q004123,false,F05390,safari_ios,lineage_pair,no,no,none
Q004124,28.0,F01605,samsunginternet_android,engine_blink,yes,no,2025-04-02
Q004125,3,F15383,safari,subtree_engine,yes,no,2007-10-26
Q004126,6,F00361,safari,random2,no,no,2012-07-25
Q004127,74,F18500,opera_android,engine_blink,yes,no,2023-03-13
Q004128,118,F07484,chrome_android,subtree_engine,yes,no,2023-10-10
Q004129,79,F02633,edge,subtree_engine,yes,no,2020-01-15
Q004130,85,F00765,chrome,engine_blink,yes,no,2020-08-25
Q004131,63,F12145,chrome_android,random2,no,no,2017-12-05
Q004132,18,F02544,chrome_android,engine_blink,yes,no,2012-06-27
Q004133,1,F17401,chrome,engine_blink,yes,no,2008-12-11
Q004134,false,F15295,safari_ios,engine_webkit,no,no,none
Q004135,79,F11917,edge,subtree_engine,yes,no,2020-01-15
Q004136,11,F02114,safari,lineage_pair,no,yes,2017-09-19
Q004137,12.1,F05076,safari,source1,no,no,2019-03-25
Q004138,1.0,F08947,samsunginternet_android,engine_blink,yes,no,2013-04-27
Q004139,5,F06178,webview_ios,subtree_engine,yes,no,2011-10-12
Q004140,3,F02341,firefox,source1,no,no,2008-06-17
Q004141,61,F03266,opera_android,subtree_engine,yes,no,2020-12-07
Q004142,51,F15709,webview_android,random2,no,no,2016-06-08
Q004143,false,F00189,webview_ios,lineage_pair,no,no,none
Q004144,12.1,F05982,opera,engine_blink,yes,no,2012-11-20
Q004145,80,F16548,chrome,subtree_engine,yes,no,2020-02-04
Q004146,86,F00265,edge,random2,no,no,2020-10-09
Q004147,117,F03417,chrome,source1,no,no,2023-09-12
Q004148,43,F04989,opera_android,engine_blink,yes,yes,2017-09-27
Q004149,87,F09238,chrome_android,random2,no,no,2020-11-17
Q004150,5.0,F11461,oculus,subtree_engine,yes,no,2018-07-01
Q004151,3.0,F14425,samsunginternet_android,engine_blink,yes,no,2015-04-10
Q004152,43,F09490,opera,subtree_engine,yes,no,2017-02-07
Q004153,false,F01933,firefox_android,lineage_pair,no,no,none
Q004154,79,F09741,edge,subtree_engine,yes,no,2020-01-15
Q004155,5.0,F05982,oculus,engine_blink,yes,no,2018-07-01
Q004156,16.0,F10998,samsunginternet_android,engine_blink,yes,yes,2021-11-25
Q004157,12,F17445,edge,engine_blink,yes,no,2015-07-29
Q004158,59,F04225,webview_android,engine_blink,yes,no,2017-06-06
Q004159,30.0,F12293,samsunginternet_android,engine_blink,yes,no,2026-05-11
Q004160,27,F11003,safari_ios,engine_webkit,no,no,2026-09-14
Q004161,4,F16089,firefox_android,subtree_engine,yes,no,2011-03-29
Q004162,12.2,F10881,webview_ios,engine_webkit,no,no,2019-03-25
Q004163,10.1,F07226,opera_android,engine_blink,yes,no,2010-11-09
Q004164,4,F11933,chrome,lineage_pair,no,no,2010-01-25
Q004165,false,F14448,safari,source1,no,no,none
Q004166,16.4,F05882,safari,engine_webkit,no,yes,2023-03-27
Q004167,58,F02863,webview_android,subtree_engine,yes,no,2017-04-25
Q004168,false,F07385,safari,lineage_pair,no,no,none
Q004169,false,F07720,safari,source1,no,no,none
Q004170,false,F08481,chrome_android,engine_blink,yes,no,none
Q004171,117,F15883,edge,random2,no,no,2023-09-15
Q004172,1.0,F02005,samsunginternet_android,engine_blink,yes,no,2013-04-27
Q004173,52,F02890,chrome_android,engine_blink,yes,no,2016-07-27
Q004174,6.0,F05994,oculus,subtree_engine,yes,no,2019-08-12
Q004175,80,F16298,chrome,subtree_engine,yes,no,2020-02-04
Q004176,5.0,F02183,oculus,engine_blink,yes,no,2018-07-01
Q004177,133,F04659,edge,engine_blink,yes,yes,2025-02-06
Q004178,26.2,F04854,safari_ios,subtree_engine,yes,no,2025-12-12
Q004179,120,F06086,chrome,lineage_pair,no,no,2023-12-05
Q004180,4,F03459,firefox_android,subtree_engine,yes,no,2011-03-29
Q004181,149,F15202,webview_android,random2,no,no,2026-06-02
Q004182,1.5,F14900,samsunginternet_android,engine_blink,yes,no,2013-09-25
Q004183,129,F09105,chrome,lineage_pair,no,no,2024-09-17
Q004184,13.1,F17169,safari,engine_webkit,no,yes,2020-03-24
Q004185,5.0,F14740,oculus,engine_blink,yes,no,2018-07-01
Q004186,5.0,F06996,oculus,subtree_engine,yes,no,2018-07-01
Q004187,9.3,F14643,webview_ios,engine_webkit,no,no,2016-03-21
Q004188,10,F09810,webview_ios,engine_webkit,no,no,2016-09-13
Q004189,7.0,F06113,samsunginternet_android,subtree_engine,yes,no,2018-03-16
Q004190,14,F06461,opera_android,engine_blink,yes,no,2013-05-21
Q004191,26,F05506,safari,engine_webkit,no,no,2025-09-15
Q004192,7,F13351,webview_ios,engine_webkit,no,yes,2013-09-18
Q004193,38,F06567,chrome_android,engine_blink,yes,no,2014-10-08
Q004194,14.5,F12047,webview_ios,engine_webkit,no,no,2021-04-26
Q004195,125,F06196,chrome_android,engine_blink,yes,no,2024-05-14
Q004196,18,F09746,webview_ios,engine_webkit,no,no,2024-09-16
Q004197,9,F16467,webview_ios,engine_webkit,no,no,2015-09-16
Q004198,10,F04306,safari,engine_webkit,no,no,2016-09-20
Q004199,35,F00666,opera,subtree_engine,yes,no,2016-02-02
Q004200,52,F17827,chrome,subtree_engine,yes,no,2016-07-20
Q004201,66,F02183,chrome_android,engine_blink,yes,no,2018-04-17
Q004202,5.0,F04947,oculus,subtree_engine,yes,no,2018-07-01
Q004203,57,F05055,chrome_android,engine_blink,yes,yes,2017-03-16
Q004204,1,F08780,chrome,engine_blink,yes,no,2008-12-11
Q004205,66,F01017,opera_android,engine_blink,yes,no,2021-12-15
Q004206,false,F14008,chrome_android,engine_blink,yes,no,none
Q004207,false,F02175,safari,engine_webkit,no,no,none
Q004208,3,F11009,webview_ios,engine_webkit,no,no,2009-06-17
Q004209,11.3,F14412,webview_ios,engine_webkit,no,no,2018-03-29
Q004210,79,F10238,edge,engine_blink,yes,no,2020-01-15
Q004211,57,F06730,opera_android,engine_blink,yes,no,2020-03-30
Q004212,86,F13093,edge,subtree_engine,yes,no,2020-10-09
Q004213,87,F17719,opera_android,engine_blink,yes,no,2025-01-22
Q004214,60,F11959,chrome_android,subtree_engine,yes,no,2017-08-01
Q004215,false,F02666,samsunginternet_android,engine_blink,yes,no,none
Q004216,10,F04279,safari_ios,lineage_pair,no,no,2016-09-13
Q004217,126,F03303,firefox,subtree_engine,yes,no,2024-05-14
Q004218,13,F17186,webview_ios,subtree_engine,yes,no,2019-09-19
Q004219,5.0,F09199,oculus,random2,no,no,2018-07-01
Q004220,79,F06599,edge,subtree_engine,yes,no,2020-01-15
Q004221,86,F13093,webview_android,subtree_engine,yes,no,2020-10-20
Q004222,12,F15978,edge,engine_blink,yes,no,2015-07-29
Q004223,26,F05803,safari,engine_webkit,no,no,2025-09-15
Q004224,1.0,F10877,samsunginternet_android,engine_blink,yes,no,2013-04-27
Q004225,75,F08115,firefox,subtree_engine,yes,no,2020-04-07
Q004226,1.0,F08124,samsunginternet_android,engine_blink,yes,no,2013-04-27
Q004227,31.2,F10503,oculus,engine_blink,yes,yes,2024-01-15
Q004228,3,F12479,safari,subtree_engine,yes,no,2007-10-26
Q004229,false,F02186,webview_ios,subtree_engine,yes,no,none
Q004230,16.4,F09749,safari_ios,engine_webkit,no,yes,2023-03-27
Q004231,50,F06405,webview_android,subtree_engine,yes,no,2016-04-13
Q004232,91,F09429,chrome,engine_blink,yes,yes,2021-05-25
Q004233,26,F04981,chrome,engine_blink,yes,no,2013-03-26
Q004234,19.0,F01031,samsunginternet_android,engine_blink,yes,no,2022-11-01
Q004235,18.4,F06042,safari_ios,subtree_engine,yes,yes,2025-03-31
Q004236,78,F16205,opera_android,engine_blink,yes,no,2023-10-23
Q004237,1.0,F09084,samsunginternet_android,engine_blink,yes,no,2013-04-27
Q004238,false,F12990,chrome,random2,no,no,none
Q004239,5.0,F00412,oculus,derivative1,no,no,2018-07-01
Q004240,26,F00383,safari_ios,engine_webkit,no,no,2025-09-15
Q004241,16.4,F18138,safari,lineage_pair,no,yes,2023-03-27
Q004242,11,F06204,safari,engine_webkit,no,no,2017-09-19
Q004243,4.4,F15178,webview_android,engine_blink,yes,no,2013-12-09
Q004244,false,F14520,webview_android,engine_blink,yes,no,none
Q004245,12.1,F08947,opera,engine_blink,yes,no,2012-11-20
Q004246,5.0,F10778,oculus,subtree_engine,yes,no,2018-07-01
Q004247,5.0,F14509,oculus,engine_blink,yes,no,2018-07-01
Q004248,43,F17498,opera_android,subtree_engine,yes,no,2017-09-27
Q004249,105,F13760,webview_android,subtree_engine,yes,no,2022-09-02
Q004250,false,F06244,edge,engine_blink,yes,no,none
Q004251,11,F00322,webview_ios,subtree_engine,yes,no,2017-09-19
Q004252,99,F10190,edge,derivative1,no,no,2022-03-03
Q004253,52,F02469,firefox_android,subtree_engine,yes,no,2017-03-07
Q004254,138,F16638,chrome,engine_blink,yes,no,2025-06-24
Q004255,144,F15109,edge,engine_blink,yes,yes,2026-01-21
Q004256,6,F16915,firefox_android,subtree_engine,yes,no,2011-08-16
Q004257,7.0,F17558,samsunginternet_android,random2,no,yes,2018-03-16
Q004258,148,F09622,edge,engine_blink,yes,no,2026-05-07
Q004259,false,F17974,chrome_android,derivative1,no,yes,none
Q004260,false,F15806,safari,lineage_pair,no,no,none
Q004261,52,F02890,webview_android,engine_blink,yes,no,2016-07-27
Q004262,76,F10346,chrome,engine_blink,yes,no,2019-07-30
Q004263,134,F17166,webview_android,engine_blink,yes,no,2025-03-04
Q004264,false,F00272,webview_android,engine_blink,yes,no,none
Q004265,91,F16661,edge,subtree_engine,yes,no,2021-05-27
Q004266,16.4,F16161,safari_ios,random2,no,yes,2023-03-27
Q004267,89,F13462,firefox_android,lineage_pair,no,yes,2021-06-01
Q004268,70,F16289,chrome,lineage_pair,no,no,2018-10-16
Q004269,92,F09292,opera_android,engine_blink,yes,no,2025-10-08
Q004270,1.0,F03413,samsunginternet_android,engine_blink,yes,no,2013-04-27
Q004271,false,F11023,safari_ios,lineage_pair,no,no,none
Q004272,153,F06478,firefox_android,subtree_engine,yes,no,2026-07-21
Q004273,13,F16751,safari,subtree_engine,yes,no,2019-09-19
Q004274,1,F10310,safari,lineage_pair,no,no,2003-06-23
Q004275,15.4,F10497,safari,lineage_pair,no,no,2022-03-14
Q004276,79,F06996,edge,subtree_engine,yes,no,2020-01-15
Q004277,10.3,F04273,safari_ios,engine_webkit,no,no,2017-03-27
Q004278,87,F11100,webview_android,engine_blink,yes,no,2020-11-17
Q004279,false,F08338,safari_ios,engine_webkit,no,no,none
Q004280,false,F05163,safari_ios,subtree_engine,yes,no,none
Q004281,115,F06760,chrome_android,engine_blink,yes,no,2023-07-21
Q004282,5.0,F00691,oculus,random2,no,no,2018-07-01
Q004283,47,F03595,opera,subtree_engine,yes,no,2017-08-09
Q004284,126,F06259,webview_android,engine_blink,yes,no,2024-06-11
Q004285,34,F15476,chrome_android,engine_blink,yes,no,2014-04-02
Q004286,44,F09525,opera,random2,no,yes,2017-03-21
Q004287,5.0,F05736,oculus,derivative1,no,no,2018-07-01
Q004288,16.4,F13655,webview_ios,engine_webkit,no,yes,2023-03-27
Q004289,14.5,F13745,safari_ios,subtree_engine,yes,no,2021-04-26
Q004290,12.0,F09113,oculus,subtree_engine,yes,no,2020-11-03
Q004291,10,F09162,webview_ios,engine_webkit,no,no,2016-09-13
Q004292,9,F16467,safari,engine_webkit,no,no,2015-09-30
Q004293,false,F08823,safari_ios,random2,no,no,none
Q004294,47,F05122,opera_android,subtree_engine,yes,no,2018-07-23
Q004295,15,F00211,safari,lineage_pair,no,no,2021-09-20
Q004296,43,F08246,chrome,engine_blink,yes,no,2015-05-19
Q004297,18,F12550,chrome_android,engine_blink,yes,no,2012-06-27
Q004298,79,F14081,edge,subtree_engine,yes,no,2020-01-15
Q004299,false,F12156,firefox_android,subtree_engine,yes,no,none
Q004300,66,F07640,opera_android,engine_blink,yes,no,2021-12-15
Q004301,39,F14948,firefox_android,subtree_engine,yes,no,2015-07-02
Q004302,10,F08679,webview_ios,engine_webkit,no,no,2016-09-13
Q004303,4.4,F04312,webview_android,subtree_engine,yes,no,2013-12-09
Q004304,69,F07872,chrome_android,engine_blink,yes,no,2018-09-04
Q004305,false,F17658,oculus,derivative1,no,no,none
Q004306,1,F15664,chrome,engine_blink,yes,no,2008-12-11
Q004307,139,F15986,chrome,engine_blink,yes,no,2025-08-05
Q004308,18,F09060,chrome_android,derivative1,no,no,2012-06-27
Q004309,8,F15979,firefox_android,subtree_engine,yes,no,2011-11-08
Q004310,15,F01204,opera,engine_blink,yes,no,2013-07-02
Q004311,10.1,F17041,opera_android,subtree_engine,yes,no,2010-11-09
Q004312,89,F01854,chrome,random2,no,no,2021-03-02
Q004313,94,F01017,edge,engine_blink,yes,no,2021-09-24
Q004314,13.1,F09435,safari,engine_webkit,no,no,2020-03-24
Q004315,147,F08161,chrome,engine_blink,yes,no,2026-04-07
Q004316,67,F16298,opera,subtree_engine,yes,no,2020-03-03
Q004317,4.4,F08059,webview_android,engine_blink,yes,no,2013-12-09
Q004318,31.2,F13719,oculus,random2,no,yes,2024-01-15
Q004319,118,F07628,opera,engine_blink,yes,no,2025-04-15
Q004320,84,F15015,edge,engine_blink,yes,no,2020-07-16
Q004321,118,F04971,opera,engine_blink,yes,no,2025-04-15
Q004322,58,F06996,chrome_android,subtree_engine,yes,no,2017-04-25
Q004323,60,F08092,webview_android,subtree_engine,yes,no,2017-08-01
Q004324,54,F10346,opera_android,engine_blink,yes,no,2019-10-18
Q004325,5.0,F14123,samsunginternet_android,engine_blink,yes,no,2016-12-15
Q004326,5.0,F09490,oculus,subtree_engine,yes,no,2018-07-01
Q004327,5.0,F12484,oculus,subtree_engine,yes,no,2018-07-01
Q004328,3.2,F01175,webview_ios,random2,no,no,2010-04-03
Q004329,7,F15780,opera,engine_blink,yes,no,2003-01-28
Q004330,12,F15613,edge,subtree_engine,yes,no,2015-07-29
Q004331,3,F07735,safari,subtree_engine,yes,no,2007-10-26
Q004332,48,F03501,opera_android,engine_blink,yes,no,2018-11-08
Q004333,16.4,F04431,safari,engine_webkit,no,yes,2023-03-27
Q004334,9.1,F08419,safari,engine_webkit,no,no,2016-03-21
Q004335,24.0,F00915,samsunginternet_android,engine_blink,yes,no,2024-01-25
Q004336,81,F02274,edge,engine_blink,yes,no,2020-04-13
Q004337,false,F08367,oculus,engine_blink,yes,yes,none
Q004338,81,F17900,chrome,engine_blink,yes,no,2020-04-07
Q004339,63,F15215,firefox_android,random2,no,no,2018-10-23
Q004340,18.4,F10759,webview_ios,subtree_engine,yes,yes,2025-03-31
Q004341,42,F01341,chrome_android,derivative1,no,no,2015-04-15
Q004342,1,F10280,webview_ios,engine_webkit,no,no,2007-06-29
Q004343,80,F12048,opera,engine_blink,yes,no,2021-10-05
Q004344,1.0,F07072,samsunginternet_android,engine_blink,yes,no,2013-04-27
Q004345,false,F04830,safari_ios,engine_webkit,no,no,none
Q004346,58,F17900,opera_android,engine_blink,yes,no,2020-05-13
Q004347,30,F04389,opera_android,engine_blink,yes,no,2015-06-10
Q004348,81,F06936,opera_android,engine_blink,yes,no,2024-03-14
Q004349,7.2,F08047,opera,engine_blink,yes,no,2003-09-23
Q004350,false,F14895,webview_ios,engine_webkit,no,no,none
Q004351,5,F10501,safari_ios,subtree_engine,yes,no,2011-10-12
Q004352,29.0,F12091,samsunginternet_android,derivative1,no,no,2025-10-25
Q004353,false,F08837,safari,lineage_pair,no,no,none
Q004354,79,F14425,edge,engine_blink,yes,no,2020-01-15
Q004355,42,F08874,opera_android,engine_blink,yes,no,2017-01-21
Q004356,5.0,F15998,oculus,engine_blink,yes,no,2018-07-01
Q004357,108,F04916,edge,engine_blink,yes,no,2022-12-05
Q004358,false,F16875,chrome_android,lineage_pair,no,no,none
Q004359,72,F17943,opera,random2,no,no,2020-10-21
Q004360,43,F11461,opera_android,subtree_engine,yes,no,2017-09-27
Q004361,18,F11580,chrome_android,engine_blink,yes,no,2012-06-27
Q004362,false,F06528,safari,engine_webkit,no,no,none
Q004363,1.0,F15751,samsunginternet_android,subtree_engine,yes,no,2013-04-27
Q004364,101,F15895,opera,derivative1,no,no,2023-07-26
Q004365,4,F00980,firefox_android,lineage_pair,no,no,2011-03-29
Q004366,4,F15869,firefox_android,subtree_engine,yes,yes,2011-03-29
Q004367,false,F05917,safari,source1,no,no,none
Q004368,60,F10813,chrome_android,subtree_engine,yes,no,2017-08-01
Q004369,61,F16727,chrome_android,engine_blink,yes,no,2017-09-05
Q004370,86,F02444,chrome_android,subtree_engine,yes,no,2020-10-20
Q004371,91,F11312,edge,random2,no,yes,2021-05-27
Q004372,false,F14907,firefox,lineage_pair,no,no,none
Q004373,91,F17555,webview_android,engine_blink,yes,yes,2021-05-25
Q004374,8,F13994,safari_ios,engine_webkit,no,no,2014-09-17
Q004375,12,F05225,edge,engine_blink,yes,no,2015-07-29
Q004376,11,F13968,safari,engine_webkit,no,yes,2017-09-19
Q004377,43,F04449,opera,subtree_engine,yes,no,2017-02-07
Q004378,94,F03247,opera_android,engine_blink,yes,no,2026-01-13
Q004379,43,F02863,opera_android,subtree_engine,yes,no,2017-09-27
Q004380,129,F00509,edge,engine_blink,yes,no,2024-09-19
Q004381,56,F11833,chrome,subtree_engine,yes,no,2017-01-25
Q004382,12,F05210,edge,random2,no,no,2015-07-29
Q004383,12.1,F16984,opera,subtree_engine,yes,no,2012-11-20
Q004384,4,F01924,firefox_android,subtree_engine,yes,no,2011-03-29
Q004385,false,F14407,safari_ios,random2,no,no,none
Q004386,52,F17827,webview_android,subtree_engine,yes,no,2016-07-27
Q004387,5.0,F10164,oculus,subtree_engine,yes,no,2018-07-01
Q004388,false,F01888,webview_ios,engine_webkit,no,no,none
Q004389,32,F09846,opera_android,random2,no,no,2015-09-23
Q004390,91,F14867,chrome_android,derivative1,no,yes,2021-05-25
Q004391,18,F05982,chrome_android,engine_blink,yes,no,2012-06-27
Q004392,40,F18509,chrome,engine_blink,yes,no,2015-01-21
Q004393,11.0,F14808,oculus,subtree_engine,yes,no,2020-07-31
Q004394,79,F03595,edge,subtree_engine,yes,no,2020-01-15
Q004395,79,F15361,edge,subtree_engine,yes,no,2020-01-15
Q004396,12.1,F17941,opera,derivative1,no,no,2012-11-20
Q004397,3,F17799,chrome,engine_blink,yes,no,2009-09-15
Q004398,false,F04818,safari_ios,random2,no,no,none
Q004399,96,F12212,chrome,engine_blink,yes,no,2021-11-15
Q004400,57,F05468,chrome_android,engine_blink,yes,yes,2017-03-16
Q004401,11,F07680,safari,engine_webkit,no,no,2017-09-19
Q004402,false,F00620,safari_ios,random2,no,yes,none
Q004403,false,F04649,edge,engine_blink,yes,no,none
Q004404,16.4,F05882,webview_ios,engine_webkit,no,yes,2023-03-27
Q004405,18,F09282,chrome_android,engine_blink,yes,no,2012-06-27
Q004406,43,F00913,chrome_android,engine_blink,yes,no,2015-05-27
Q004407,3,F03618,safari,subtree_engine,yes,no,2007-10-26
Q004408,43,F06599,opera,subtree_engine,yes,no,2017-02-07
Q004409,16.4,F12159,webview_ios,derivative1,no,yes,2023-03-27
Q004410,80,F02480,edge,engine_blink,yes,no,2020-02-07
Q004411,5.0,F15674,oculus,subtree_engine,yes,no,2018-07-01
Q004412,115,F06760,webview_android,engine_blink,yes,no,2023-07-21
Q004413,4,F07005,opera,engine_blink,yes,no,2000-06-28
Q004414,39,F07439,opera,engine_blink,yes,no,2016-08-02
Q004415,106,F00540,opera,subtree_engine,yes,no,2023-12-19
Q004416,false,F11340,webview_android,lineage_pair,no,no,none
Q004417,30,F12153,opera,engine_blink,yes,no,2015-06-09
Q004418,6,F12595,safari,engine_webkit,no,no,2012-07-25
Q004419,149,F01383,firefox,subtree_engine,yes,no,2026-03-24
Q004420,43,F10194,chrome,engine_blink,yes,no,2015-05-19
Q004421,14,F12237,opera_android,engine_blink,yes,no,2013-05-21
Q004422,6,F02298,safari,engine_webkit,no,yes,2012-07-25
Q004423,129,F06327,chrome,random2,no,no,2024-09-17
Q004424,4,F07038,chrome,engine_blink,yes,no,2010-01-25
Q004425,5.0,F01987,oculus,random2,no,no,2018-07-01
Q004426,109,F10996,chrome,lineage_pair,no,yes,2023-01-10
Q004427,1,F02223,firefox,source1,no,no,2004-11-09
Q004428,false,F02596,opera,derivative1,no,no,none
Q004429,7.0,F05698,oculus,engine_blink,yes,no,2019-12-10
Q004430,16.4,F08744,webview_ios,derivative1,no,yes,2023-03-27
Q004431,58,F15953,opera,derivative1,no,no,2019-01-23
Q004432,12.2,F16509,safari_ios,derivative1,no,no,2019-03-25
Q004433,51,F15510,opera_android,engine_blink,yes,no,2019-03-21
Q004434,61,F01071,chrome_android,engine_blink,yes,no,2017-09-05
Q004435,1,F16557,chrome,random2,no,no,2008-12-11
Q004436,3,F09301,safari,engine_webkit,no,no,2007-10-26
Q004437,60,F07515,opera,subtree_engine,yes,no,2019-04-09
Q004438,57,F05329,opera_android,subtree_engine,yes,no,2020-03-30
Q004439,5.0,F08999,oculus,derivative1,no,no,2018-07-01
Q004440,86,F04052,opera_android,engine_blink,yes,no,2024-12-02
Q004441,false,F10895,safari_ios,engine_webkit,no,no,none
Q004442,false,F03298,samsunginternet_android,derivative1,no,no,none
Q004443,56,F01799,chrome,subtree_engine,yes,no,2017-01-25
Q004444,125,F12028,webview_android,engine_blink,yes,no,2024-05-14
Q004445,6,F15776,firefox,source1,no,yes,2011-08-16
Q004446,25,F09654,chrome_android,engine_blink,yes,no,2013-02-27
Q004447,4,F09210,firefox,lineage_pair,no,no,2011-03-22
Q004448,27,F01362,safari_ios,random2,no,yes,2026-09-14
Q004449,false,F16229,safari,lineage_pair,no,no,none
Q004450,84,F02683,chrome_android,random2,no,no,2020-07-27
Q004451,79,F06461,edge,engine_blink,yes,no,2020-01-15
Q004452,16.4,F06482,webview_ios,random2,no,yes,2023-03-27
Q004453,12,F04339,edge,engine_blink,yes,no,2015-07-29
Q004454,121,F04976,chrome_android,engine_blink,yes,no,2024-01-23
Q004455,14.1,F18099,safari,random2,no,no,2021-04-26
Q004456,11,F04366,safari,engine_webkit,no,no,2017-09-19
Q004457,18,F07844,chrome_android,engine_blink,yes,no,2012-06-27
Q004458,1.0,F17799,samsunginternet_android,engine_blink,yes,no,2013-04-27
Q004459,67,F05245,opera,subtree_engine,yes,no,2020-03-03
Q004460,80,F09277,webview_android,engine_blink,yes,no,2020-02-04
Q004461,5.0,F04096,oculus,engine_blink,yes,no,2018-07-01
Q004462,48,F00666,chrome_android,subtree_engine,yes,no,2016-01-26
Q004463,14.1,F11414,safari,random2,no,yes,2021-04-26
Q004464,20,F00804,opera,random2,no,no,2014-03-04
Q004465,56,F07872,opera,engine_blink,yes,no,2018-09-25
Q004466,14,F17137,opera_android,engine_blink,yes,no,2013-05-21
Q004467,5.0,F06599,oculus,subtree_engine,yes,no,2018-07-01
Q004468,4,F18296,firefox_android,lineage_pair,no,no,2011-03-29
Q004469,118,F16234,chrome,subtree_engine,yes,no,2023-10-10
Q004470,19.0,F03722,oculus,derivative1,no,yes,2022-01-31
Q004471,false,F15425,chrome_android,subtree_engine,yes,no,none
Q004472,26,F00059,safari,engine_webkit,no,no,2025-09-15
Q004473,5.0,F12268,oculus,subtree_engine,yes,no,2018-07-01
Q004474,128,F17838,chrome,engine_blink,yes,no,2024-08-20
Q004475,3,F09004,safari,source1,no,no,2007-10-26
Q004476,false,F07985,webview_ios,engine_webkit,no,no,none
Q004477,8.0,F06348,samsunginternet_android,engine_blink,yes,no,2018-07-18
Q004478,17,F01761,webview_ios,engine_webkit,no,no,2023-09-18
Q004479,4.4.3,F01404,webview_android,engine_blink,yes,no,2014-06-02
Q004480,63,F10147,chrome_android,random2,no,no,2017-12-05
Q004481,11,F15394,safari_ios,engine_webkit,no,yes,2017-09-19
Q004482,15,F02544,opera,engine_blink,yes,no,2013-07-02
Q004483,false,F06853,safari_ios,engine_webkit,no,no,none
Q004484,18,F11362,chrome_android,engine_blink,yes,no,2012-06-27
Q004485,false,F00519,safari_ios,subtree_engine,yes,no,none
Q004486,false,F17873,oculus,engine_blink,yes,no,none
Q004487,13.4,F16699,webview_ios,random2,no,no,2020-03-24
Q004488,86,F17335,chrome,subtree_engine,yes,no,2020-10-20
Q004489,14.0,F09419,samsunginternet_android,engine_blink,yes,no,2021-04-17
Q004490,109,F15687,chrome_android,engine_blink,yes,no,2023-01-10
Q004491,79,F14570,edge,engine_blink,yes,no,2020-01-15
Q004492,5.0,F13628,oculus,lineage_pair,no,no,2018-07-01
Q004493,13.0,F03584,samsunginternet_android,derivative1,no,no,2020-12-02
Q004494,45,F03546,firefox,subtree_engine,yes,no,2016-03-08
Q004495,12,F09636,edge,subtree_engine,yes,no,2015-07-29
Q004496,1.0,F18420,samsunginternet_android,engine_blink,yes,no,2013-04-27
Q004497,109,F13984,webview_android,engine_blink,yes,yes,2023-01-10
Q004498,false,F15799,chrome,subtree_engine,yes,no,none
Q004499,4.4,F07005,webview_android,engine_blink,yes,no,2013-12-09
Q004500,12,F12550,edge,engine_blink,yes,no,2015-07-29
Q004501,4.4,F07186,webview_android,engine_blink,yes,no,2013-12-09
Q004502,79,F11715,edge,engine_blink,yes,no,2020-01-15
Q004503,1,F16102,safari,engine_webkit,no,no,2003-06-23
Q004504,8,F01624,firefox_android,subtree_engine,yes,no,2011-11-08
Q004505,89,F05067,firefox_android,random2,no,yes,2021-06-01
Q004506,50,F00510,webview_android,subtree_engine,yes,no,2016-04-13
Q004507,1,F02522,chrome,engine_blink,yes,no,2008-12-11
Q004508,1,F08896,safari,engine_webkit,no,no,2003-06-23
Q004509,49,F12758,firefox_android,subtree_engine,yes,no,2016-09-20
Q004510,1,F12763,safari_ios,random2,no,no,2007-06-29
Q004511,1,F02824,safari,lineage_pair,no,no,2003-06-23
Q004512,15,F06052,opera,engine_blink,yes,no,2013-07-02
Q004513,false,F00069,safari_ios,engine_webkit,no,no,none
Q004514,133,F10911,edge,engine_blink,yes,no,2025-02-06
Q004515,12,F15319,edge,subtree_engine,yes,no,2015-07-29
Q004516,41,F17933,opera_android,engine_blink,yes,no,2016-10-25
Q004517,false,F04738,chrome_android,subtree_engine,yes,no,none
Q004518,8,F16418,safari_ios,engine_webkit,no,no,2014-09-17
Q004519,4.4,F08232,webview_android,engine_blink,yes,no,2013-12-09
Q004520,8,F08610,firefox_android,subtree_engine,yes,no,2011-11-08
Q004521,1.0,F12565,samsunginternet_android,engine_blink,yes,no,2013-04-27
Q004522,14,F13931,opera_android,subtree_engine,yes,no,2013-05-21
Q004523,3,F07150,safari,lineage_pair,no,no,2007-10-26
Q004524,4,F02798,firefox_android,lineage_pair,no,no,2011-03-29
Q004525,1.0,F10644,samsunginternet_android,engine_blink,yes,no,2013-04-27
Q004526,false,F01248,opera_android,subtree_engine,yes,yes,none
Q004527,4.0,F11157,samsunginternet_android,engine_blink,yes,no,2016-03-11
Q004528,false,F09638,safari,source1,no,no,none
Q004529,16,F18187,edge,engine_blink,yes,no,2017-10-17
Q004530,126,F09745,chrome,source1,no,no,2024-06-11
Q004531,15.2,F07601,webview_ios,engine_webkit,no,yes,2021-12-13
Q004532,11,F06640,safari,engine_webkit,no,no,2017-09-19
Q004533,44,F09724,opera,engine_blink,yes,yes,2017-03-21
Q004534,false,F17585,safari_ios,engine_webkit,no,no,none
Q004535,5.0,F05540,oculus,engine_blink,yes,no,2018-07-01
Q004536,10.0,F03939,samsunginternet_android,subtree_engine,yes,no,2019-08-22
Q004537,79,F04521,edge,subtree_engine,yes,no,2020-01-15
Q004538,12,F17401,edge,engine_blink,yes,no,2015-07-29
Q004539,1,F00825,safari,engine_webkit,no,no,2003-06-23
Q004540,8.0,F08092,samsunginternet_android,subtree_engine,yes,no,2018-07-18
Q004541,false,F04314,chrome_android,engine_blink,yes,yes,none
Q004542,43,F09724,opera_android,engine_blink,yes,yes,2017-09-27
Q004543,99,F06102,chrome_android,engine_blink,yes,no,2022-03-01
Q004544,7,F09263,webview_ios,engine_webkit,no,yes,2013-09-18
Q004545,63,F02911,webview_android,engine_blink,yes,no,2017-12-05
Q004546,16.4,F12271,safari,source1,no,yes,2023-03-27
Q004547,false,F03845,firefox,lineage_pair,no,no,none
Q004548,60,F10813,chrome,subtree_engine,yes,no,2017-07-25
Q004549,13.4,F12295,safari_ios,engine_webkit,no,no,2020-03-24
Q004550,27,F13596,safari,engine_webkit,no,no,2026-09-14
Q004551,12.1,F05895,safari,engine_webkit,no,no,2019-03-25
Q004552,58,F16264,webview_android,subtree_engine,yes,no,2017-04-25
Q004553,false,F14169,safari,engine_webkit,no,no,none
Q004554,false,F02547,chrome_android,engine_blink,yes,no,none
Q004555,63,F02911,chrome,engine_blink,yes,no,2017-12-06
Q004556,120,F18251,webview_android,engine_blink,yes,no,2023-12-05
Q004557,81,F18216,chrome_android,subtree_engine,yes,no,2020-04-07
Q004558,29,F13468,firefox,lineage_pair,no,no,2014-04-29
Q004559,58,F00531,chrome_android,engine_blink,yes,no,2017-04-25
Q004560,false,F06043,oculus,subtree_engine,yes,no,none
Q004561,149,F18284,webview_android,engine_blink,yes,no,2026-06-02
Q004562,5,F15958,webview_ios,engine_webkit,no,yes,2011-10-12
Q004563,1.5,F12820,samsunginternet_android,subtree_engine,yes,no,2013-09-25
Q004564,60,F15319,chrome_android,subtree_engine,yes,no,2017-08-01
Q004565,4.4,F06461,webview_android,engine_blink,yes,no,2013-12-09
Q004566,12.1,F10986,opera_android,engine_blink,yes,no,2012-10-09
Q004567,50,F11917,chrome_android,subtree_engine,yes,no,2016-04-13
Q004568,109,F14522,edge,engine_blink,yes,yes,2023-01-12
Q004569,16.4,F13567,safari,engine_webkit,no,yes,2023-03-27
Q004570,108,F17767,opera,engine_blink,yes,no,2024-03-05
Q004571,1.0,F08252,samsunginternet_android,lineage_pair,no,no,2013-04-27
Q004572,15,F10005,firefox,lineage_pair,no,no,2012-08-28
Q004573,12.0,F15641,samsunginternet_android,derivative1,no,no,2020-06-19
Q004574,false,F14022,firefox_android,subtree_engine,yes,no,none
Q004575,79,F10736,edge,subtree_engine,yes,no,2020-01-15
Q004576,14,F16550,opera_android,engine_blink,yes,no,2013-05-21
Q004577,false,F01762,samsunginternet_android,random2,no,no,none
Q004578,95,F00402,opera,random2,no,yes,2023-02-01
Q004579,8,F07426,firefox_android,subtree_engine,yes,no,2011-11-08
Q004580,false,F03618,webview_ios,subtree_engine,yes,no,none
Q004581,43,F00906,opera_android,subtree_engine,yes,no,2017-09-27
Q004582,147,F08161,webview_android,engine_blink,yes,no,2026-04-07
Q004583,74,F11086,chrome_android,lineage_pair,no,no,2019-04-24
Q004584,79,F08449,edge,derivative1,no,no,2020-01-15
Q004585,43,F07107,opera_android,engine_blink,yes,no,2017-09-27
Q004586,36,F04397,oculus,engine_blink,yes,no,2024-11-06
Q004587,11.6,F16616,opera,engine_blink,yes,no,2011-12-06
Q004588,false,F00349,safari,random2,no,no,none
Q004589,26.2,F02837,webview_ios,engine_webkit,no,no,2025-12-12
Q004590,false,F05813,safari_ios,engine_webkit,no,no,none
Q004591,1,F08548,firefox,lineage_pair,no,no,2004-11-09
Q004592,74,F06517,opera_android,random2,no,yes,2023-03-13
Q004593,112,F08053,opera,engine_blink,yes,no,2024-07-11
Q004594,52,F09561,firefox,lineage_pair,no,yes,2017-03-07
Q004595,1,F10378,firefox,random2,no,no,2004-11-09
Q004596,5.1,F17575,safari,engine_webkit,no,no,2011-07-20
Q004597,26.2,F15575,safari_ios,engine_webkit,no,no,2025-12-12
Q004598,1.0,F09636,samsunginternet_android,subtree_engine,yes,no,2013-04-27
Q004599,1,F07843,chrome,engine_blink,yes,no,2008-12-11
Q004600,false,F03943,edge,engine_blink,yes,no,none
Q004601,43,F13562,opera,subtree_engine,yes,no,2017-02-07
Q004602,12,F05089,edge,derivative1,no,no,2015-07-29
Q004603,1,F09093,webview_ios,engine_webkit,no,no,2007-06-29
Q004604,false,F10611,webview_android,engine_blink,yes,no,none
Q004605,12,F04384,edge,random2,no,no,2015-07-29
Q004606,27.0,F06196,samsunginternet_android,engine_blink,yes,no,2024-11-06
Q004607,false,F05041,webview_ios,random2,no,no,none
Q004608,74,F02901,opera_android,engine_blink,yes,yes,2023-03-13
Q004609,false,F06101,oculus,engine_blink,yes,no,none
Q004610,5.0,F13562,oculus,subtree_engine,yes,no,2018-07-01
Q004611,16.4,F01116,webview_ios,engine_webkit,no,yes,2023-03-27
Q004612,109,F03245,chrome,engine_blink,yes,yes,2023-01-10
Q004613,43,F02854,opera_android,subtree_engine,yes,no,2017-09-27
Q004614,14,F10590,opera_android,engine_blink,yes,no,2013-05-21
Q004615,false,F04981,oculus,engine_blink,yes,no,none
Q004616,87,F12475,opera_android,engine_blink,yes,no,2025-01-22
Q004617,false,F08356,chrome_android,engine_blink,yes,no,none
Q004618,43,F10071,opera,subtree_engine,yes,no,2017-02-07
Q004619,11,F17995,safari_ios,derivative1,no,no,2017-09-19
Q004620,59,F04908,firefox_android,lineage_pair,no,no,2018-03-13
Q004621,false,F11599,safari,random2,no,no,none
Q004622,96,F02721,chrome,lineage_pair,no,no,2021-11-15
Q004623,5.0,F10486,oculus,engine_blink,yes,no,2018-07-01
Q004624,false,F01952,webview_ios,engine_webkit,no,no,none
Q004625,52,F03172,webview_android,subtree_engine,yes,no,2016-07-27
Q004626,18,F06280,chrome_android,engine_blink,yes,no,2012-06-27
Q004627,16,F12573,safari_ios,engine_webkit,no,no,2022-09-12
Q004628,4.4,F09075,webview_android,engine_blink,yes,no,2013-12-09
Q004629,false,F05879,opera,engine_blink,yes,no,none
Q004630,34,F07839,oculus,engine_blink,yes,no,2024-06-26
Q004631,false,F15834,opera,subtree_engine,yes,no,none
Q004632,79,F09490,edge,subtree_engine,yes,no,2020-01-15
Q004633,false,F07240,safari,engine_webkit,no,no,none
Q004634,9.1,F14643,safari,engine_webkit,no,no,2016-03-21
Q004635,133,F11644,firefox_android,lineage_pair,no,no,2024-11-26
Q004636,11,F01916,safari,engine_webkit,no,no,2017-09-19
Q004637,26,F05588,safari,engine_webkit,no,no,2025-09-15
Q004638,12.1,F06247,opera,engine_blink,yes,no,2012-11-20
Q004639,3,F11973,safari,random2,no,no,2007-10-26
Q004640,91,F10998,webview_android,engine_blink,yes,yes,2021-05-25
Q004641,8,F12515,firefox,subtree_engine,yes,no,2011-11-08
Q004642,false,F16333,edge,engine_blink,yes,no,none
Q004643,71,F07932,opera,engine_blink,yes,no,2020-09-15
Q004644,86,F02444,chrome,subtree_engine,yes,no,2020-10-20
Q004645,53,F14240,chrome_android,engine_blink,yes,no,2016-09-07
Q004646,false,F12576,safari_ios,subtree_engine,yes,no,none
Q004647,129,F09523,chrome,random2,no,no,2024-09-17
Q004648,1,F18296,firefox,lineage_pair,no,no,2004-11-09
Q004649,48,F11192,opera_android,engine_blink,yes,no,2018-11-08
Q004650,140,F04679,chrome,random2,no,no,2025-09-02
Q004651,91,F13111,chrome_android,engine_blink,yes,yes,2021-05-25
Q004652,144,F10199,chrome,engine_blink,yes,no,2026-01-13
Q004653,43,F10194,webview_android,engine_blink,yes,no,2015-05-27
Q004654,false,F15737,firefox,source1,no,no,none
Q004655,14,F16864,opera_android,engine_blink,yes,no,2013-05-21
Q004656,4.4,F16616,webview_android,engine_blink,yes,no,2013-12-09
Q004657,63,F05698,opera,engine_blink,yes,no,2019-08-20
Q004658,26,F10778,chrome_android,subtree_engine,yes,no,2013-04-03
Q004659,7.0,F06996,samsunginternet_android,subtree_engine,yes,no,2018-03-16
Q004660,1.0,F10872,samsunginternet_android,engine_blink,yes,no,2013-04-27
Q004661,5.0,F06648,oculus,random2,no,no,2018-07-01
Q004662,69,F04722,webview_android,engine_blink,yes,no,2018-09-04
Q004663,25,F02805,chrome_android,engine_blink,yes,no,2013-02-27
Q004664,14.5,F10438,safari_ios,engine_webkit,no,no,2021-04-26
Q004665,6,F00108,safari,random2,no,no,2012-07-25
Q004666,1,F12345,chrome,source1,no,no,2008-12-11
Q004667,30.0,F13689,samsunginternet_android,engine_blink,yes,no,2026-05-11
Q004668,35,F00223,oculus,engine_blink,yes,no,2024-09-13
Q004669,14.1,F15789,safari,source1,no,no,2021-04-26
Q004670,5.0,F00106,oculus,engine_blink,yes,no,2018-07-01
Q004671,63,F02911,chrome_android,engine_blink,yes,no,2017-12-05
Q004672,5,F02418,webview_ios,engine_webkit,no,no,2011-10-12
Q004673,46,F05511,chrome,source1,no,no,2015-10-13
Q004674,14.5,F10945,safari_ios,random2,no,no,2021-04-26
Q004675,51,F13183,opera_android,lineage_pair,no,no,2019-03-21
Q004676,5.0,F03515,samsunginternet_android,engine_blink,yes,no,2016-12-15
Q004677,16.0,F10352,oculus,random2,no,no,2021-06-07
Q004678,43,F12484,opera,subtree_engine,yes,no,2017-02-07
Q004679,false,F02071,safari_ios,subtree_engine,yes,no,none
Q004680,6.0,F05020,oculus,derivative1,no,no,2019-08-12
Q004681,false,F08258,oculus,subtree_engine,yes,no,none
Q004682,7.0,F10900,samsunginternet_android,subtree_engine,yes,no,2018-03-16
Q004683,100,F18284,opera_android,engine_blink,yes,no,2026-07-01
Q004684,81,F17767,opera_android,engine_blink,yes,no,2024-03-14
Q004685,86,F00138,chrome_android,random2,no,no,2020-10-20
Q004686,false,F02150,safari_ios,lineage_pair,no,no,none
Q004687,12,F04491,edge,subtree_engine,yes,no,2015-07-29
Q004688,1,F01524,firefox,source1,no,no,2004-11-09
Q004689,false,F16925,webview_android,engine_blink,yes,yes,none
Q004690,81,F05845,opera,engine_blink,yes,no,2021-11-04
Q004691,16,F00340,webview_ios,derivative1,no,no,2022-09-12
Q004692,9.3,F08419,safari_ios,engine_webkit,no,no,2016-03-21
Q004693,105,F01876,chrome,subtree_engine,yes,no,2022-09-02
Q004694,54,F15200,opera_android,engine_blink,yes,yes,2019-10-18
Q004695,52,F05592,webview_android,subtree_engine,yes,no,2016-07-27
Q004696,1,F00432,safari_ios,random2,no,no,2007-06-29
Q004697,50,F14620,opera,engine_blink,yes,no,2018-01-04
Q004698,18,F11869,chrome_android,engine_blink,yes,no,2012-06-27
Q004699,false,F01582,opera,random2,no,no,none
Q004700,24.0,F04878,samsunginternet_android,lineage_pair,no,no,2024-01-25
Q004701,133,F11644,firefox,lineage_pair,no,no,2024-11-26
Q004702,3,F09492,safari,subtree_engine,yes,no,2007-10-26
Q004703,48,F10158,opera,random2,no,no,2017-09-27
Q004704,58,F16280,chrome_android,subtree_engine,yes,no,2017-04-25
Q004705,4.0,F17201,samsunginternet_android,engine_blink,yes,no,2016-03-11
Q004706,false,F07240,webview_ios,engine_webkit,no,no,none
Q004707,53,F01111,firefox_android,subtree_engine,yes,no,2017-04-19
Q004708,39,F03172,opera,subtree_engine,yes,no,2016-08-02
Q004709,57,F10277,opera_android,engine_blink,yes,no,2020-03-30
Q004710,11,F18017,webview_ios,lineage_pair,no,yes,2017-09-19
Q004711,149,F12453,chrome,engine_blink,yes,no,2026-06-02
Q004712,14,F16833,opera_android,engine_blink,yes,no,2013-05-21
Q004713,false,F13080,webview_ios,subtree_engine,yes,no,none
Q004714,1,F07005,chrome,engine_blink,yes,no,2008-12-11
Q004715,17,F11375,safari,engine_webkit,no,no,2023-09-18
Q004716,6,F14897,firefox,subtree_engine,yes,no,2011-08-16
Q004717,7,F16619,webview_ios,derivative1,no,yes,2013-09-18
Q004718,26,F15438,webview_ios,engine_webkit,no,no,2025-09-15
Q004719,false,F09406,firefox,lineage_pair,no,no,none
Q004720,120,F02450,edge,engine_blink,yes,no,2023-12-07
Q004721,79,F11708,edge,subtree_engine,yes,no,2020-01-15
Q004722,79,F05326,edge,engine_blink,yes,no,2020-01-15
Q004723,3,F07027,safari,subtree_engine,yes,no,2007-10-26
Q004724,7,F08113,firefox_android,lineage_pair,no,no,2011-09-27
Q004725,12,F07186,edge,engine_blink,yes,no,2015-07-29
Q004726,26,F09334,safari_ios,derivative1,no,no,2025-09-15
Q004727,75,F06441,firefox,subtree_engine,yes,no,2020-04-07
Q004728,95,F03131,webview_android,derivative1,no,yes,2021-10-19
Q004729,12,F13608,opera_android,engine_blink,yes,no,2012-02-25
Q004730,18,F04599,chrome_android,engine_blink,yes,no,2012-06-27
Q004731,14,F11314,edge,engine_blink,yes,no,2016-08-02
Q004732,45,F12925,opera_android,lineage_pair,no,no,2018-02-15
Q004733,50,F00510,chrome_android,subtree_engine,yes,no,2016-04-13
Q004734,5.0,F17449,oculus,random2,no,yes,2018-07-01
Q004735,5.0,F00510,samsunginternet_android,subtree_engine,yes,no,2016-12-15
Q004736,2,F02970,safari,source1,no,no,2005-04-29
Q004737,9,F00142,safari,engine_webkit,no,no,2015-09-30
Q004738,1,F03301,safari_ios,engine_webkit,no,no,2007-06-29
Q004739,false,F08481,webview_android,engine_blink,yes,no,none
Q004740,23,F07270,chrome,source1,no,no,2012-11-06
Q004741,5.0,F04312,oculus,subtree_engine,yes,no,2018-07-01
Q004742,14,F16149,safari,source1,no,no,2020-09-16
Q004743,5,F11655,chrome,source1,no,no,2010-05-25
Q004744,34,F10007,opera_android,engine_blink,yes,no,2015-12-16
Q004745,3.5,F07852,firefox,subtree_engine,yes,no,2009-06-30
Q004746,27,F06491,safari_ios,engine_webkit,no,no,2026-09-14
Q004747,89,F04862,firefox_android,random2,no,yes,2021-06-01
Q004748,false,F01170,firefox,source1,no,no,none
Q004749,9.0,F10277,oculus,engine_blink,yes,no,2020-04-24
Q004750,144,F07032,firefox,lineage_pair,no,no,2025-10-14
Q004751,4.4,F02041,webview_android,random2,no,no,2013-12-09
Q004752,4,F04594,webview_android,engine_blink,yes,no,2011-10-18
Q004753,91,F03271,webview_android,engine_blink,yes,yes,2021-05-25
Q004754,16,F16820,safari,subtree_engine,yes,no,2022-09-12
Q004755,false,F16949,firefox_android,subtree_engine,yes,no,none
Q004756,false,F02112,chrome_android,derivative1,no,no,none
Q004757,18.0,F06102,samsunginternet_android,engine_blink,yes,no,2022-08-08
Q004758,43,F13786,opera_android,engine_blink,yes,no,2017-09-27
Q004759,16.0,F07498,oculus,engine_blink,yes,yes,2021-06-07
Q004760,false,F14801,opera,random2,no,yes,none
Q004761,11,F12550,opera_android,engine_blink,yes,no,2011-03-22
Q004762,26,F04467,safari,subtree_engine,yes,no,2025-09-15
Q004763,10.0,F06902,samsunginternet_android,subtree_engine,yes,no,2019-08-22
Q004764,12.2,F06527,webview_ios,subtree_engine,yes,no,2019-03-25
Q004765,12.1,F10968,opera,engine_blink,yes,no,2012-11-20
Q004766,110,F02642,webview_android,engine_blink,yes,no,2023-02-07
Q004767,18,F03002,chrome_android,random2,no,no,2012-06-27
Q004768,116,F17354,edge,engine_blink,yes,no,2023-08-21
Q004769,60,F05243,chrome,subtree_engine,yes,no,2017-07-25
Q004770,35,F10238,chrome,engine_blink,yes,no,2014-05-20
Q004771,29.0,F08588,samsunginternet_android,subtree_engine,yes,no,2025-10-25
Q004772,false,F07642,webview_ios,subtree_engine,yes,no,none
Q004773,125,F06975,chrome,engine_blink,yes,no,2024-05-14
Q004774,75,F00512,opera_android,engine_blink,yes,no,2023-05-17
Q004775,false,F07557,safari,lineage_pair,no,no,none
Q004776,26.2,F04854,webview_ios,subtree_engine,yes,no,2025-12-12
Q004777,12.1,F02522,opera_android,engine_blink,yes,no,2012-10-09
Q004778,147,F15962,chrome,random2,no,no,2026-04-07
Q004779,26,F04981,chrome_android,engine_blink,yes,no,2013-04-03
Q004780,56,F12569,opera,engine_blink,yes,no,2018-09-25
Q004781,74,F14522,opera_android,engine_blink,yes,yes,2023-03-13
Q004782,123,F00426,chrome,engine_blink,yes,no,2024-03-19
Q004783,48,F06902,opera_android,subtree_engine,yes,no,2018-11-08
Q004784,131,F12475,webview_android,engine_blink,yes,no,2024-11-12
Q004785,false,F09365,edge,random2,no,no,none
Q004786,129,F17426,webview_android,engine_blink,yes,no,2024-09-17
Q004787,91,F07498,chrome_android,engine_blink,yes,yes,2021-05-25
Q004788,false,F10586,chrome_android,engine_blink,yes,no,none
Q004789,false,F02737,firefox,lineage_pair,no,no,none
Q004790,11.0,F00609,samsunginternet_android,subtree_engine,yes,no,2019-12-05
Q004791,80,F05065,webview_android,subtree_engine,yes,no,2020-02-04
Q004792,144,F11624,chrome,engine_blink,yes,no,2026-01-13
Q004793,false,F10021,opera,engine_blink,yes,yes,none
Q004794,12,F09654,opera_android,engine_blink,yes,no,2012-02-25
Q004795,4,F11103,firefox,lineage_pair,no,no,2011-03-22
Q004796,5.0,F12820,oculus,subtree_engine,yes,no,2018-07-01
Q004797,15,F05712,safari,engine_webkit,no,no,2021-09-20
Q004798,69,F10985,chrome,lineage_pair,no,yes,2018-09-04
Q004799,1,F11862,chrome,engine_blink,yes,no,2008-12-11
Q004800,149,F17873,chrome,engine_blink,yes,no,2026-06-02
Q004801,false,F12317,edge,engine_blink,yes,no,none
Q004802,47,F05235,opera,subtree_engine,yes,no,2017-08-09
Q004803,12,F09646,edge,subtree_engine,yes,no,2015-07-29
Q004804,12,F11119,edge,engine_blink,yes,no,2015-07-29
Q004805,138,F16638,chrome_android,engine_blink,yes,no,2025-06-24
Q004806,12.1,F08396,safari,engine_webkit,no,no,2019-03-25
Q004807,135,F11948,chrome_android,engine_blink,yes,no,2025-04-01
Q004808,11,F10702,webview_ios,engine_webkit,no,no,2017-09-19
Q004809,16,F16545,safari,subtree_engine,yes,no,2022-09-12
Q004810,60,F14576,chrome_android,subtree_engine,yes,no,2017-08-01
Q004811,5.0,F10238,oculus,engine_blink,yes,no,2018-07-01
Q004812,75,F02046,chrome_android,subtree_engine,yes,no,2019-06-04
Q004813,56,F10900,chrome,subtree_engine,yes,no,2017-01-25
Q004814,47,F12619,opera_android,random2,no,no,2018-07-23
Q004815,43,F10071,opera_android,subtree_engine,yes,no,2017-09-27
Q004816,5.0,F03309,oculus,engine_blink,yes,no,2018-07-01
Q004817,33,F05890,oculus,engine_blink,yes,no,2024-04-24
Q004818,false,F10693,chrome,engine_blink,yes,no,none
Q004819,80,F07672,chrome,random2,no,no,2020-02-04
Q004820,3,F02254,safari,subtree_engine,yes,no,2007-10-26
Q004821,4.4,F02409,webview_android,random2,no,no,2013-12-09
Q004822,27,F04871,chrome,random2,no,no,2013-05-21
Q004823,false,F13266,webview_ios,engine_webkit,no,no,none
Q004824,false,F14701,firefox_android,lineage_pair,no,no,none
Q004825,false,F08404,webview_ios,engine_webkit,no,yes,none
Q004826,12.2,F05895,safari_ios,engine_webkit,no,no,2019-03-25
Q004827,31.2,F11221,oculus,engine_blink,yes,no,2024-01-15
Q004828,4.4,F02757,webview_android,random2,no,no,2013-12-09
Q004829,11,F08859,webview_ios,subtree_engine,yes,no,2017-09-19
Q004830,false,F00878,firefox,random2,no,no,none
Q004831,141,F03093,chrome_android,engine_blink,yes,no,2025-09-30
Q004832,93,F06795,opera_android,engine_blink,yes,no,2025-11-25
Q004833,false,F08454,webview_ios,engine_webkit,no,no,none
Q004834,82,F14099,firefox_android,subtree_engine,yes,no,2020-10-20
Q004835,1.2,F01303,safari,subtree_engine,yes,no,2004-02-02
Q004836,15,F11869,opera,engine_blink,yes,no,2013-07-02
Q004837,24,F15346,firefox,subtree_engine,yes,no,2013-09-17
Q004838,1,F09995,chrome,engine_blink,yes,no,2008-12-11
Q004839,79,F03269,chrome_android,subtree_engine,yes,no,2019-12-17
Q004840,52,F05512,firefox,lineage_pair,no,yes,2017-03-07
Q004841,15,F07843,opera_android,engine_blink,yes,no,2013-07-08
Q004842,12.1,F17867,safari,lineage_pair,no,no,2019-03-25
Q004843,false,F02397,safari,engine_webkit,no,no,none
Q004844,69,F06468,firefox,source1,no,no,2019-09-03
Q004845,14,F18021,opera_android,subtree_engine,yes,no,2013-05-21
Q004846,16.4,F07068,safari_ios,engine_webkit,no,yes,2023-03-27
Q004847,18,F03730,chrome_android,engine_blink,yes,no,2012-06-27
Q004848,8,F17622,firefox_android,subtree_engine,yes,no,2011-11-08
Q004849,16.4,F12437,safari_ios,lineage_pair,no,yes,2023-03-27
Q004850,14,F01550,webview_ios,engine_webkit,no,no,2020-09-16
Q004851,15.0,F15332,samsunginternet_android,engine_blink,yes,no,2021-08-13
Q004852,43,F17834,opera_android,subtree_engine,yes,no,2017-09-27
Q004853,1,F12921,safari,lineage_pair,no,no,2003-06-23
Q004854,10.0,F11812,oculus,subtree_engine,yes,no,2020-06-19
Q004855,43,F13778,opera_android,subtree_engine,yes,no,2017-09-27
Q004856,12.2,F06724,safari_ios,engine_webkit,no,no,2019-03-25
Q004857,16.4,F11964,webview_ios,engine_webkit,no,yes,2023-03-27
Q004858,79,F14298,edge,engine_blink,yes,no,2020-01-15
Q004859,15,F10590,opera,engine_blink,yes,no,2013-07-02
Q004860,1,F12479,webview_ios,subtree_engine,yes,no,2007-06-29
Q004861,10,F16977,safari,engine_webkit,no,yes,2016-09-20
Q004862,46,F00347,chrome,subtree_engine,yes,no,2015-10-13
Q004863,4.4,F10216,webview_android,engine_blink,yes,no,2013-12-09
Q004864,1.5,F00092,samsunginternet_android,engine_blink,yes,no,2013-09-25
Q004865,115,F13555,opera,engine_blink,yes,yes,2024-11-27
Q004866,18,F09575,webview_ios,engine_webkit,no,no,2024-09-16
Q004867,false,F00767,webview_ios,engine_webkit,no,no,none
Q004868,1,F03313,chrome,source1,no,no,2008-12-11
Q004869,2,F17482,webview_ios,engine_webkit,no,no,2008-07-11
Q004870,6,F08017,safari_ios,engine_webkit,no,no,2012-09-10
Q004871,1,F06379,webview_ios,engine_webkit,no,no,2007-06-29
Q004872,52,F06943,chrome,subtree_engine,yes,no,2016-07-20
Q004873,58,F08863,opera,engine_blink,yes,no,2019-01-23
Q004874,66,F03579,opera_android,random2,no,no,2021-12-15
Q004875,false,F15834,opera_android,subtree_engine,yes,no,none
Q004876,8,F02031,safari_ios,engine_webkit,no,no,2014-09-17
Q004877,1,F16603,chrome,lineage_pair,no,no,2008-12-11
Q004878,12.1,F02522,opera,engine_blink,yes,no,2012-11-20
Q004879,7,F03359,safari_ios,random2,no,no,2013-09-18
Q004880,11,F04023,safari,lineage_pair,no,no,2017-09-19
Q004881,57,F01853,firefox,lineage_pair,no,no,2017-11-14
Q004882,1.5,F01404,samsunginternet_android,engine_blink,yes,no,2013-09-25
Q004883,15,F17401,opera,engine_blink,yes,no,2013-07-02
Q004884,false,F04314,edge,engine_blink,yes,yes,none
Q004885,false,F07828,safari,lineage_pair,no,no,none
Q004886,22.0,F00512,samsunginternet_android,engine_blink,yes,no,2023-07-14
Q004887,5.0,F09916,oculus,lineage_pair,no,no,2018-07-01
Q004888,66,F00027,opera_android,engine_blink,yes,no,2021-12-15
Q004889,34,F11018,firefox_android,derivative1,no,no,2014-12-01
Q004890,26,F04658,safari,subtree_engine,yes,no,2025-09-15
Q004891,31.2,F01036,oculus,subtree_engine,yes,no,2024-01-15
Q004892,113,F04600,firefox,source1,no,no,2023-05-09
Q004893,66,F17840,chrome_android,engine_blink,yes,no,2018-04-17
Q004894,5.0,F15470,oculus,engine_blink,yes,no,2018-07-01
Q004895,45,F18201,firefox_android,random2,no,no,2016-03-08
Q004896,124,F09549,edge,subtree_engine,yes,no,2024-04-18
Q004897,30,F07045,opera,engine_blink,yes,no,2015-06-09
Q004898,126,F01227,opera,lineage_pair,no,no,2026-01-08
Q004899,5.0,F11274,oculus,engine_blink,yes,no,2018-07-01
Q004900,41,F10523,opera_android,engine_blink,yes,no,2016-10-25
Q004901,90,F13605,edge,derivative1,no,no,2021-04-15
Q004902,12.2,F07984,safari_ios,lineage_pair,no,no,2019-03-25
Q004903,1,F12360,firefox,subtree_engine,yes,no,2004-11-09
Q004904,62,F10675,firefox_android,lineage_pair,no,no,2018-09-05
Q004905,99,F14656,chrome,source1,no,no,2022-03-01
Q004906,6,F14289,safari_ios,engine_webkit,no,no,2012-09-10
Q004907,125,F05184,firefox,lineage_pair,no,no,2024-04-16
Q004908,false,F08837,webview_ios,lineage_pair,no,no,none
Q004909,12.1,F14347,safari,subtree_engine,yes,no,2019-03-25
Q004910,39,F11314,chrome,engine_blink,yes,no,2014-11-18
Q004911,9.1,F14220,safari,lineage_pair,no,no,2016-03-21
Q004912,false,F01055,safari_ios,engine_webkit,no,no,none
Q004913,8,F10517,webview_ios,engine_webkit,no,no,2014-09-17
Q004914,1,F01046,safari_ios,engine_webkit,no,no,2007-06-29
Q004915,7.0,F04912,oculus,engine_blink,yes,yes,2019-12-10
Q004916,72,F18176,opera,subtree_engine,yes,no,2020-10-21
Q004917,false,F15562,samsunginternet_android,engine_blink,yes,no,none
Q004918,false,F04624,safari,subtree_engine,yes,no,none
Q004919,false,F10664,webview_android,subtree_engine,yes,no,none
Q004920,26.2,F15695,webview_ios,lineage_pair,no,no,2025-12-12
Q004921,79,F18495,edge,engine_blink,yes,no,2020-01-15
Q004922,3,F04394,safari,engine_webkit,no,no,2007-10-26
Q004923,false,F16839,webview_ios,engine_webkit,no,no,none
Q004924,41,F18004,chrome,random2,no,no,2015-03-03
Q004925,13,F01091,safari,subtree_engine,yes,no,2019-09-19
Q004926,false,F12815,webview_ios,engine_webkit,no,no,none
Q004927,2,F03393,webview_android,random2,no,no,2009-10-26
Q004928,109,F10901,chrome,engine_blink,yes,no,2023-01-10
Q004929,131,F12475,chrome,engine_blink,yes,no,2024-11-12
Q004930,133,F10911,webview_android,engine_blink,yes,no,2025-02-04
Q004931,1,F18418,chrome,lineage_pair,no,no,2008-12-11
Q004932,81,F13129,chrome_android,subtree_engine,yes,no,2020-04-07
Q004933,8,F04242,firefox,subtree_engine,yes,no,2011-11-08
Q004934,82,F14367,firefox_android,subtree_engine,yes,no,2020-10-20
Q004935,3,F06963,opera,engine_blink,yes,no,1997-12-01
Q004936,86,F02444,edge,subtree_engine,yes,no,2020-10-09
Q004937,16.4,F04431,safari_ios,engine_webkit,no,yes,2023-03-27
Q004938,24,F09074,chrome,lineage_pair,no,no,2013-01-10
Q004939,118,F04020,chrome,engine_blink,yes,no,2023-10-10
Q004940,3.2,F18511,safari_ios,subtree_engine,yes,no,2010-04-03
Q004941,8,F14979,opera,subtree_engine,yes,no,2005-04-19
Q004942,1.0,F17109,samsunginternet_android,derivative1,no,no,2013-04-27
Q004943,31.2,F16205,oculus,engine_blink,yes,no,2024-01-15
Q004944,11,F09851,safari,engine_webkit,no,no,2017-09-19
Q004945,false,F00354,webview_ios,engine_webkit,no,no,none
Q004946,14,F12985,chrome,engine_blink,yes,no,2011-09-16
Q004947,79,F14774,edge,subtree_engine,yes,no,2020-01-15
Q004948,51,F05262,firefox,lineage_pair,no,no,2017-01-24
Q004949,3.1,F17482,safari,engine_webkit,no,no,2008-03-18
Q004950,false,F12395,safari,engine_webkit,no,no,none
Q004951,58,F07549,chrome,subtree_engine,yes,no,2017-04-19
Q004952,5.0,F02873,oculus,engine_blink,yes,no,2018-07-01
Q004953,12,F01404,edge,engine_blink,yes,no,2015-07-29
Q004954,79,F03939,edge,subtree_engine,yes,no,2020-01-15
Q004955,120,F05865,chrome,lineage_pair,no,no,2023-12-05
Q004956,false,F15227,opera,engine_blink,yes,no,none
Q004957,80,F05065,chrome,subtree_engine,yes,no,2020-02-04
Q004958,3,F11189,safari,lineage_pair,no,no,2007-10-26
Q004959,2,F02549,chrome,lineage_pair,no,no,2009-05-21
Q004960,91,F08763,webview_android,engine_blink,yes,no,2021-05-25
Q004961,12.1,F13084,safari,engine_webkit,no,no,2019-03-25
Q004962,14,F12985,opera_android,engine_blink,yes,no,2013-05-21
Q004963,3.2,F14493,webview_ios,engine_webkit,no,no,2010-04-03
Q004964,false,F12466,webview_ios,random2,no,no,none
Q004965,26.2,F02030,safari,engine_webkit,no,no,2025-12-12
Q004966,43,F09490,opera_android,subtree_engine,yes,no,2017-09-27
Q004967,61,F01005,chrome,random2,no,no,2017-09-05
Q004968,5.0,F06052,oculus,engine_blink,yes,no,2018-07-01
Q004969,102,F09273,firefox_android,lineage_pair,no,no,2022-06-28
Q004970,57,F05065,opera_android,subtree_engine,yes,no,2020-03-30
Q004971,14,F02039,opera_android,engine_blink,yes,no,2013-05-21
Q004972,1.5,F02805,samsunginternet_android,engine_blink,yes,no,2013-09-25
Q004973,1,F10510,firefox,random2,no,no,2004-11-09
Q004974,6,F05960,safari,source1,no,no,2012-07-25
Q004975,108,F11631,chrome_android,random2,no,no,2022-11-29
Q004976,1.0,F00342,samsunginternet_android,random2,no,no,2013-04-27
Q004977,69,F03501,chrome_android,engine_blink,yes,no,2018-09-04
Q004978,6,F16337,webview_ios,engine_webkit,no,no,2012-09-10
Q004979,61,F01071,chrome,engine_blink,yes,no,2017-09-05
Q004980,14.0,F13329,samsunginternet_android,engine_blink,yes,no,2021-04-17
Q004981,1.2,F14761,safari,subtree_engine,yes,no,2004-02-02
Q004982,5.0,F10216,oculus,engine_blink,yes,no,2018-07-01
Q004983,79,F04440,edge,engine_blink,yes,no,2020-01-15
Q004984,14,F11362,opera_android,engine_blink,yes,no,2013-05-21
Q004985,false,F06024,safari_ios,subtree_engine,yes,no,none
Q004986,12.0,F18176,oculus,subtree_engine,yes,no,2020-11-03
Q004987,false,F10335,chrome,engine_blink,yes,yes,none
Q004988,12,F12870,edge,engine_blink,yes,no,2015-07-29
Q004989,58,F09407,chrome_android,subtree_engine,yes,no,2017-04-25
Q004990,1.0,F14509,samsunginternet_android,engine_blink,yes,no,2013-04-27
Q004991,74,F09238,opera,random2,no,no,2021-02-02
Q004992,135,F10897,webview_android,engine_blink,yes,no,2025-04-01
Q004993,false,F02678,oculus,engine_blink,yes,no,none
Q004994,6.0,F06101,samsunginternet_android,engine_blink,yes,no,2017-08-23
Q004995,4.4,F07295,webview_android,engine_blink,yes,no,2013-12-09
Q004996,4.4,F03397,webview_android,derivative1,no,no,2013-12-09
Q004997,49,F08720,opera_android,engine_blink,yes,no,2018-12-07
Q004998,120,F03964,opera,random2,no,no,2025-07-02
Q004999,18,F05778,webview_ios,subtree_engine,yes,no,2024-09-16
Q005000,46,F01684,chrome,engine_blink,yes,no,2015-10-13
Q005001,10,F02015,safari,engine_webkit,no,no,2016-09-20
Q005002,121,F06266,opera,subtree_engine,yes,no,2025-08-27
Q005003,52,F07683,firefox,lineage_pair,no,yes,2017-03-07
Q005004,14,F04583,firefox,lineage_pair,no,no,2012-07-17
Q005005,4.4,F10962,webview_android,engine_blink,yes,no,2013-12-09
Q005006,12,F17953,edge,subtree_engine,yes,no,2015-07-29
Q005007,80,F15764,chrome,engine_blink,yes,no,2020-02-04
Q005008,31.2,F04916,oculus,engine_blink,yes,no,2024-01-15
Q005009,15.4,F17623,safari_ios,engine_webkit,no,no,2022-03-14
Q005010,false,F00504,chrome,engine_blink,yes,no,none
Q005011,false,F04314,chrome,engine_blink,yes,yes,none
Q005012,36,F14298,opera,engine_blink,yes,no,2016-03-15
Q005013,2,F00369,firefox,random2,no,yes,2006-10-24
Q005014,22,F18001,firefox_android,lineage_pair,no,no,2013-06-25
Q005015,35,F17462,oculus,engine_blink,yes,no,2024-09-13
Q005016,5.0,F13610,oculus,engine_blink,yes,no,2018-07-01
Q005017,80,F06767,webview_android,subtree_engine,yes,no,2020-02-04
Q005018,94,F02512,edge,subtree_engine,yes,no,2021-09-24
Q005019,34,F06975,oculus,engine_blink,yes,no,2024-06-26
Q005020,4.4,F17137,webview_android,engine_blink,yes,no,2013-12-09
Q005021,4,F03202,firefox_android,lineage_pair,no,no,2011-03-29
Q005022,26.2,F11703,safari,engine_webkit,no,no,2025-12-12
Q005023,7.0,F05102,samsunginternet_android,engine_blink,yes,yes,2018-03-16
Q005024,1,F16102,safari_ios,engine_webkit,no,no,2007-06-29
Q005025,3,F10117,safari,engine_webkit,no,no,2007-10-26
Q005026,false,F16888,safari_ios,subtree_engine,yes,no,none
Q005027,false,F01460,opera,engine_blink,yes,yes,none
Q005028,15,F01809,opera,random2,no,no,2013-07-02
Q005029,42,F01800,chrome,lineage_pair,no,no,2015-04-14
Q005030,6,F13477,safari_ios,engine_webkit,no,no,2012-09-10
Q005031,44,F14780,opera,engine_blink,yes,yes,2017-03-21
Q005032,14,F04312,opera_android,subtree_engine,yes,no,2013-05-21
Q005033,63,F15490,firefox,subtree_engine,yes,no,2018-10-23
Q005034,5.0,F01800,oculus,lineage_pair,no,no,2018-07-01
Q005035,12,F13397,edge,derivative1,no,no,2015-07-29
Q005036,11,F11633,safari,random2,no,no,2017-09-19
Q005037,1,F04394,webview_ios,engine_webkit,no,no,2007-06-29
Q005038,41,F04899,firefox_android,lineage_pair,no,no,2015-09-22
Q005039,57,F05102,chrome_android,engine_blink,yes,yes,2017-03-16
Q005040,false,F06225,chrome,random2,no,no,none
Q005041,79,F12544,edge,subtree_engine,yes,no,2020-01-15
Q005042,87,F04822,chrome_android,lineage_pair,no,no,2020-11-17
Q005043,79,F14620,edge,engine_blink,yes,no,2020-01-15
Q005044,25,F14425,opera,engine_blink,yes,no,2014-10-15
Q005045,86,F11485,chrome_android,subtree_engine,yes,no,2020-10-20
Q005046,58,F01385,webview_android,subtree_engine,yes,no,2017-04-25
Q005047,false,F07766,chrome,engine_blink,yes,yes,none
Q005048,4,F09537,webview_ios,engine_webkit,no,no,2010-06-21
Q005049,5.0,F12997,oculus,subtree_engine,yes,no,2018-07-01
Q005050,79,F07073,webview_android,subtree_engine,yes,no,2019-12-17
Q005051,61,F18176,opera_android,subtree_engine,yes,no,2020-12-07
Q005052,14,F09098,firefox_android,lineage_pair,no,no,2012-06-26
Q005053,58,F12489,chrome_android,subtree_engine,yes,no,2017-04-25
Q005054,false,F07823,firefox_android,derivative1,no,no,none
Q005055,false,F02678,samsunginternet_android,engine_blink,yes,no,none
Q005056,false,F07960,webview_ios,subtree_engine,yes,no,none
Q005057,29,F01753,opera,random2,no,no,2015-04-28
Q005058,126,F14345,edge,engine_blink,yes,no,2024-06-13
Q005059,false,F06982,webview_ios,engine_webkit,no,no,none
Q005060,false,F08467,webview_ios,random2,no,no,none
Q005061,89,F15043,firefox,lineage_pair,no,yes,2021-06-01
Q005062,5.0,F14814,oculus,subtree_engine,yes,no,2018-07-01
Q005063,109,F07381,chrome_android,engine_blink,yes,yes,2023-01-10
Q005064,16.0,F02963,samsunginternet_android,engine_blink,yes,yes,2021-11-25
Q005065,13.0,F06860,oculus,engine_blink,yes,no,2020-12-10
Q005066,11.1,F09776,safari,lineage_pair,no,no,2018-04-12
Q005067,79,F04761,edge,subtree_engine,yes,no,2020-01-15
Q005068,4,F00980,firefox,lineage_pair,no,no,2011-03-22
Q005069,false,F08428,firefox_android,derivative1,no,no,none
Q005070,5,F15873,safari_ios,engine_webkit,no,no,2011-10-12
Q005071,26,F17181,safari,source1,no,no,2025-09-15
Q005072,14.5,F06347,safari_ios,engine_webkit,no,no,2021-04-26
Q005073,18,F18326,chrome_android,engine_blink,yes,no,2012-06-27
Q005074,false,F06501,safari_ios,engine_webkit,no,no,none
Q005075,87,F14985,chrome,source1,no,no,2020-11-17
Q005076,79,F05399,opera_android,engine_blink,yes,no,2023-12-06
Q005077,43,F18210,opera_android,subtree_engine,yes,no,2017-09-27
Q005078,5.0,F02911,oculus,engine_blink,yes,no,2018-07-01
Q005079,1,F05384,safari_ios,subtree_engine,yes,no,2007-06-29
Q005080,3.2,F03155,safari_ios,engine_webkit,no,no,2010-04-03
Q005081,1,F08348,chrome,lineage_pair,no,no,2008-12-11
Q005082,3.2,F14922,webview_ios,derivative1,no,no,2010-04-03
Q005083,12.1,F17229,opera_android,engine_blink,yes,no,2012-10-09
Q005084,18,F10216,chrome_android,engine_blink,yes,no,2012-06-27
Q005085,58,F09490,chrome_android,subtree_engine,yes,no,2017-04-25
Q005086,105,F02421,chrome,subtree_engine,yes,no,2022-09-02
Q005087,7.0,F05992,samsunginternet_android,random2,no,yes,2018-03-16
Q005088,7,F06865,safari,engine_webkit,no,no,2013-10-22
Q005089,1.0,F04776,samsunginternet_android,derivative1,no,no,2013-04-27
Q005090,123,F15984,webview_android,engine_blink,yes,no,2024-03-19
Q005091,12,F11959,edge,subtree_engine,yes,no,2015-07-29
Q005092,43,F04389,webview_android,engine_blink,yes,no,2015-05-27
Q005093,3.0,F17072,samsunginternet_android,engine_blink,yes,no,2015-04-10
Q005094,11.0,F10945,samsunginternet_android,random2,no,no,2019-12-05
Q005095,11,F06921,safari,subtree_engine,yes,no,2017-09-19
Q005096,12.1,F18203,opera_android,engine_blink,yes,no,2012-10-09
Q005097,5.0,F08780,oculus,engine_blink,yes,no,2018-07-01
Q005098,58,F01365,chrome_android,subtree_engine,yes,no,2017-04-25
Q005099,1,F13557,webview_ios,derivative1,no,no,2007-06-29
Q005100,14,F12354,safari,engine_webkit,no,no,2020-09-16
Q005101,3,F11619,safari,engine_webkit,no,no,2007-10-26
Q005102,false,F00354,safari_ios,engine_webkit,no,no,none
Q005103,4,F14849,opera,subtree_engine,yes,no,2000-06-28
Q005104,82,F06821,opera_android,engine_blink,yes,no,2024-05-02
Q005105,5,F12943,safari,engine_webkit,no,no,2010-06-07
Q005106,3,F12037,safari,engine_webkit,no,no,2007-10-26
Q005107,18,F11454,chrome_android,engine_blink,yes,no,2012-06-27
Q005108,1.0,F14827,samsunginternet_android,derivative1,no,no,2013-04-27
Q005109,16,F14769,firefox_android,subtree_engine,yes,no,2012-10-09
Q005110,30.0,F00365,samsunginternet_android,engine_blink,yes,no,2026-05-11
Q005111,false,F08277,firefox_android,lineage_pair,no,no,none
Q005112,116,F04702,opera,derivative1,no,no,2025-01-08
Q005113,4.4,F04792,webview_android,engine_blink,yes,no,2013-12-09
Q005114,4.4,F08050,webview_android,derivative1,no,no,2013-12-09
Q005115,111,F08356,opera,engine_blink,yes,no,2024-06-12
Q005116,5.0,F11493,oculus,engine_blink,yes,no,2018-07-01
Q005117,12.1,F08124,opera_android,engine_blink,yes,no,2012-10-09
Q005118,false,F16688,oculus,engine_blink,yes,no,none
Q005119,12.1,F03540,opera,random2,no,no,2012-11-20
Q005120,4,F03641,firefox,subtree_engine,yes,no,2011-03-22
Q005121,36,F14298,opera_android,engine_blink,yes,no,2016-03-31
Q005122,18.2,F01372,safari_ios,engine_webkit,no,no,2024-12-11
Q005123,12,F00302,edge,engine_blink,yes,no,2015-07-29
Q005124,false,F07927,chrome,source1,no,yes,none
Q005125,6,F09767,safari_ios,engine_webkit,no,no,2012-09-10
Q005126,12.1,F11274,opera,engine_blink,yes,no,2012-11-20
Q005127,79,F11493,edge,engine_blink,yes,no,2020-01-15
Q005128,26.2,F04597,safari,source1,no,no,2025-12-12
Q005129,120,F10897,opera,engine_blink,yes,no,2025-07-02
Q005130,46,F18187,webview_android,engine_blink,yes,no,2015-10-14
Q005131,1,F04611,firefox,subtree_engine,yes,no,2004-11-09
Q005132,60,F13642,opera_android,engine_blink,yes,no,2020-09-23
Q005133,52,F06943,chrome_android,subtree_engine,yes,no,2016-07-27
Q005134,108,F06714,chrome,lineage_pair,no,no,2022-11-29
Q005135,140,F09292,webview_android,engine_blink,yes,no,2025-09-02
Q005136,4,F05695,safari,engine_webkit,no,no,2009-06-08
Q005137,10.0,F11715,samsunginternet_android,engine_blink,yes,no,2019-08-22
Q005138,38,F17072,webview_android,engine_blink,yes,no,2014-10-08
Q005139,26,F05551,safari_ios,engine_webkit,no,no,2025-09-15
Q005140,43,F02494,opera,subtree_engine,yes,no,2017-02-07
Q005141,41.0,F01324,oculus,random2,no,no,2025-10-21
Q005142,5,F00477,webview_ios,lineage_pair,no,no,2011-10-12
Q005143,false,F05691,firefox_android,subtree_engine,yes,no,none
Q005144,62,F13401,opera_android,engine_blink,yes,no,2021-02-16
Q005145,false,F15393,safari_ios,subtree_engine,yes,no,none
Q005146,43,F02494,opera_android,subtree_engine,yes,no,2017-09-27
Q005147,12.1,F15178,opera,engine_blink,yes,no,2012-11-20
Q005148,91,F00700,webview_android,derivative1,no,yes,2021-05-25
Q005149,79,F10611,edge,engine_blink,yes,no,2020-01-15
Q005150,false,F13894,chrome,subtree_engine,yes,yes,none
Q005151,14,F18326,opera_android,engine_blink,yes,no,2013-05-21
Q005152,26,F05801,webview_ios,subtree_engine,yes,no,2025-09-15
Q005153,60,F13973,chrome,random2,no,no,2017-07-25
Q005154,15.2,F14791,safari,lineage_pair,no,yes,2021-12-13
Q005155,37,F05876,webview_android,engine_blink,yes,no,2014-09-03
Q005156,8.0,F01071,samsunginternet_android,engine_blink,yes,no,2018-07-18
Q005157,15,F03354,opera,random2,no,no,2013-07-02
Q005158,60,F02683,opera_android,random2,no,no,2020-09-23
Q005159,6,F09801,webview_ios,engine_webkit,no,yes,2012-09-10
Q005160,12,F05457,edge,engine_blink,yes,no,2015-07-29
Q005161,4.4,F12565,webview_android,engine_blink,yes,no,2013-12-09
Q005162,5,F17201,chrome,engine_blink,yes,no,2010-05-25
Q005163,14.0,F01102,samsunginternet_android,subtree_engine,yes,no,2021-04-17
Q005164,12.1,F09759,opera,engine_blink,yes,no,2012-11-20
Q005165,26,F05803,safari_ios,engine_webkit,no,no,2025-09-15
Q005166,129,F03986,firefox,subtree_engine,yes,no,2024-08-06
Q005167,false,F06013,safari,subtree_engine,yes,no,none
Q005168,48,F12764,opera_android,engine_blink,yes,no,2018-11-08
Q005169,66,F09524,firefox,random2,no,no,2019-03-19
Q005170,91,F03735,edge,engine_blink,yes,yes,2021-05-27
Q005171,3.2,F17122,safari_ios,random2,no,no,2010-04-03
Q005172,5.0,F06943,oculus,subtree_engine,yes,no,2018-07-01
Q005173,50,F17849,firefox,random2,no,no,2016-11-15
Q005174,false,F16719,chrome_android,engine_blink,yes,no,none
Q005175,false,F08367,samsunginternet_android,engine_blink,yes,yes,none
Q005176,56,F13562,chrome,subtree_engine,yes,no,2017-01-25
Q005177,6,F08658,safari,random2,no,no,2012-07-25
Q005178,false,F16445,webview_ios,subtree_engine,yes,no,none
Q005179,29,F15095,firefox,source1,no,no,2014-04-29
Q005180,false,F07565,webview_ios,engine_webkit,no,no,none
Q005181,87,F02727,chrome,lineage_pair,no,no,2020-11-17
Q005182,5.1,F14898,safari,engine_webkit,no,no,2011-07-20
Q005183,18,F01286,safari,engine_webkit,no,no,2024-09-16
Q005184,1.0,F15900,samsunginternet_android,random2,no,no,2013-04-27
Q005185,false,F08467,safari,random2,no,no,none
Q005186,63,F12313,chrome_android,engine_blink,yes,no,2017-12-05
Q005187,5.0,F10872,oculus,engine_blink,yes,no,2018-07-01
Q005188,10,F00877,safari,engine_webkit,no,no,2016-09-20
Q005189,39,F11592,firefox_android,lineage_pair,no,no,2015-07-02
Q005190,126,F17976,chrome,lineage_pair,no,no,2024-06-11
Q005191,3,F14005,safari,source1,no,no,2007-10-26
Q005192,39,F11314,webview_android,engine_blink,yes,no,2014-11-12
Q005193,48,F15527,opera_android,engine_blink,yes,no,2018-11-08
Q005194,false,F10218,safari_ios,engine_webkit,no,no,none
Q005195,12,F06977,edge,engine_blink,yes,no,2015-07-29
Q005196,false,F09832,opera_android,subtree_engine,yes,yes,none
Q005197,17.0,F10137,samsunginternet_android,engine_blink,yes,yes,2022-05-04
Q005198,79,F03029,edge,engine_blink,yes,no,2020-01-15
Q005199,11,F12394,safari,engine_webkit,no,no,2017-09-19
Q005200,114,F10533,opera,engine_blink,yes,no,2024-09-25
Q005201,4.4,F14249,webview_android,random2,no,no,2013-12-09
Q005202,4.4,F13122,webview_android,engine_blink,yes,no,2013-12-09
Q005203,105,F03349,firefox,source1,no,no,2022-09-20
Q005204,39,F06270,firefox,lineage_pair,no,no,2015-07-02
Q005205,false,F01138,safari_ios,derivative1,no,no,none
Q005206,12,F15602,edge,engine_blink,yes,no,2015-07-29
Q005207,32,F05546,opera,engine_blink,yes,no,2015-09-15
Q005208,18,F04225,edge,engine_blink,yes,no,2018-10-02
Q005209,83,F11812,edge,subtree_engine,yes,no,2020-05-21
Q005210,21.0,F04916,samsunginternet_android,engine_blink,yes,no,2023-05-19
Q005211,14.5,F06394,webview_ios,engine_webkit,no,no,2021-04-26
Q005212,7.0,F11833,samsunginternet_android,subtree_engine,yes,no,2018-03-16
Q005213,79,F16727,edge,engine_blink,yes,no,2020-01-15
Q005214,80,F02512,opera,subtree_engine,yes,no,2021-10-05
Q005215,109,F00426,opera,engine_blink,yes,no,2024-03-27
Q005216,14.5,F15572,safari_ios,subtree_engine,yes,no,2021-04-26
Q005217,58,F02854,webview_android,subtree_engine,yes,no,2017-04-25
Q005218,79,F16655,edge,subtree_engine,yes,no,2020-01-15
Q005219,4.2,F12524,safari_ios,subtree_engine,yes,no,2010-11-22
Q005220,10.3,F02491,safari_ios,lineage_pair,no,no,2017-03-27
Q005221,94,F01174,chrome_android,engine_blink,yes,no,2021-09-21
Q005222,1,F13854,webview_ios,engine_webkit,no,no,2007-06-29
Q005223,16.4,F00873,safari_ios,engine_webkit,no,no,2023-03-27
Q005224,false,F15227,oculus,engine_blink,yes,no,none
Q005225,143,F00277,chrome_android,engine_blink,yes,no,2025-12-02
Q005226,2,F18150,chrome,lineage_pair,no,no,2009-05-21
Q005227,3,F08908,safari,subtree_engine,yes,no,2007-10-26
Q005228,55,F08874,chrome,engine_blink,yes,no,2016-12-01
Q005229,86,F10236,opera_android,engine_blink,yes,no,2024-12-02
Q005230,57,F07456,opera_android,subtree_engine,yes,no,2020-03-30
Q005231,3,F09088,safari,engine_webkit,no,no,2007-10-26
Q005232,134,F17166,chrome,engine_blink,yes,no,2025-03-04
Q005233,102,F14556,opera,random2,no,no,2023-08-23
Q005234,1,F17744,chrome,lineage_pair,no,no,2008-12-11
Q005235,false,F01354,chrome,random2,no,no,none
Q005236,false,F03601,oculus,engine_blink,yes,no,none
Q005237,115,F06760,edge,engine_blink,yes,no,2023-07-21
Q005238,61,F01071,webview_android,engine_blink,yes,no,2017-09-05
Q005239,4,F10180,firefox_android,random2,no,no,2011-03-29
Q005240,4,F09210,firefox_android,lineage_pair,no,no,2011-03-29
Q005241,51,F14740,chrome,engine_blink,yes,no,2016-05-25
Q005242,85,F03700,webview_android,engine_blink,yes,no,2020-08-25
Q005243,false,F14805,chrome,source1,no,no,none
Q005244,12.0,F15503,oculus,engine_blink,yes,yes,2020-11-03
Q005245,3.0,F04215,samsunginternet_android,subtree_engine,yes,no,2015-04-10
Q005246,60,F15674,chrome_android,subtree_engine,yes,no,2017-08-01
Q005247,16.4,F05722,safari_ios,engine_webkit,no,yes,2023-03-27
Q005248,46,F04225,opera,engine_blink,yes,no,2017-06-22
Q005249,3,F11189,webview_ios,lineage_pair,no,no,2009-06-17
Q005250,12.1,F13708,safari,subtree_engine,yes,no,2019-03-25
Q005251,16.4,F13494,safari,engine_webkit,no,no,2023-03-27
Q005252,false,F08367,opera,engine_blink,yes,yes,none
Q005253,33,F09253,chrome,engine_blink,yes,no,2014-02-20
Q005254,16.0,F09094,oculus,engine_blink,yes,yes,2021-06-07
Q005255,15,F06900,safari,subtree_engine,yes,no,2021-09-20
Q005256,26,F06327,safari,random2,no,no,2025-09-15
Q005257,79,F00927,edge,subtree_engine,yes,no,2020-01-15
Q005258,false,F07565,safari_ios,engine_webkit,no,no,none
Q005259,91,F09429,chrome_android,engine_blink,yes,yes,2021-05-25
Q005260,39,F17827,opera,subtree_engine,yes,no,2016-08-02
Q005261,44,F03422,firefox,lineage_pair,no,no,2016-01-26
Q005262,82,F07741,opera,random2,no,yes,2021-12-02
Q005263,24,F06335,opera_android,engine_blink,yes,no,2014-09-10
Q005264,26,F04299,safari_ios,engine_webkit,no,no,2025-09-15
Q005265,4,F10003,firefox_android,subtree_engine,yes,no,2011-03-29
Q005266,false,F15799,opera,subtree_engine,yes,no,none
Q005267,125,F07646,chrome,random2,no,no,2024-05-14
Q005268,5.0,F14780,oculus,engine_blink,yes,yes,2018-07-01
Q005269,28.0,F17976,samsunginternet_android,lineage_pair,no,no,2025-04-02
Q005270,149,F18284,chrome_android,engine_blink,yes,no,2026-06-02
Q005271,4.4,F03377,webview_android,engine_blink,yes,no,2013-12-09
Q005272,6,F03561,safari_ios,derivative1,no,no,2012-09-10
Q005273,false,F07283,webview_ios,engine_webkit,no,no,none
Q005274,12.2,F13708,webview_ios,subtree_engine,yes,no,2019-03-25
Q005275,80,F03931,edge,engine_blink,yes,no,2020-02-07
Q005276,false,F15125,firefox,source1,no,no,none
Q005277,12.1,F04339,opera_android,engine_blink,yes,no,2012-10-09
Q005278,50,F17752,opera,derivative1,no,no,2018-01-04
Q005279,10.0,F04170,samsunginternet_android,engine_blink,yes,no,2019-08-22
Q005280,58,F10164,chrome_android,subtree_engine,yes,no,2017-04-25
Q005281,16.0,F16661,oculus,subtree_engine,yes,no,2021-06-07
Q005282,10.3,F17881,safari_ios,engine_webkit,no,no,2017-03-27
Q005283,1,F12352,chrome,lineage_pair,no,no,2008-12-11
Q005284,false,F00778,firefox_android,subtree_engine,yes,no,none
Q005285,24.0,F16205,samsunginternet_android,engine_blink,yes,no,2024-01-25
Q005286,5.0,F18509,oculus,engine_blink,yes,no,2018-07-01
Q005287,55,F08270,chrome,engine_blink,yes,no,2016-12-01
Q005288,false,F15834,samsunginternet_android,subtree_engine,yes,no,none
Q005289,111,F02741,firefox_android,subtree_engine,yes,no,2023-03-14
Q005290,74,F15687,opera_android,engine_blink,yes,no,2023-03-13
Q005291,64,F18221,opera_android,random2,no,yes,2021-05-25
Q005292,24,F01803,chrome,random2,no,no,2013-01-10
Q005293,15,F12820,opera,subtree_engine,yes,no,2013-07-02
Q005294,false,F07975,chrome,engine_blink,yes,no,none
Q005295,14.5,F00156,webview_ios,engine_webkit,no,no,2021-04-26
Q005296,26,F12703,webview_ios,random2,no,no,2025-09-15
Q005297,6,F11396,firefox,lineage_pair,no,no,2011-08-16
Q005298,false,F05879,opera_android,engine_blink,yes,no,none
Q005299,79,F16469,chrome,random2,no,no,2019-12-10
Q005300,5.0,F06164,oculus,engine_blink,yes,no,2018-07-01
Q005301,false,F10476,firefox,lineage_pair,no,no,none
Q005302,140,F15651,firefox,source1,no,no,2025-06-24
Q005303,1,F15751,chrome,subtree_engine,yes,no,2008-12-11
Q005304,5.0,F05209,oculus,engine_blink,yes,no,2018-07-01
Q005305,40.0,F01319,oculus,engine_blink,yes,yes,2025-08-07
Q005306,7,F05208,safari_ios,engine_webkit,no,yes,2013-09-18
Q005307,18,F00912,chrome_android,engine_blink,yes,no,2012-06-27
Q005308,false,F06994,safari,source1,no,no,none
Q005309,false,F10586,opera_android,engine_blink,yes,no,none
Q005310,7.0,F17562,samsunginternet_android,engine_blink,yes,no,2018-03-16
Q005311,4.4,F18409,webview_android,random2,no,no,2013-12-09
Q005312,4,F03555,firefox_android,derivative1,no,no,2011-03-29
Q005313,false,F17090,chrome,lineage_pair,no,no,none
Q005314,3.1,F17768,safari,engine_webkit,no,no,2008-03-18
Q005315,12.1,F02825,opera,engine_blink,yes,no,2012-11-20
Q005316,14.1,F15572,safari,subtree_engine,yes,no,2021-04-26
Q005317,8,F05532,firefox,subtree_engine,yes,no,2011-11-08
Q005318,43,F03512,opera_android,subtree_engine,yes,no,2017-09-27
Q005319,18.0,F05845,oculus,engine_blink,yes,no,2021-11-30
Q005320,60,F15674,chrome,subtree_engine,yes,no,2017-07-25
Q005321,67,F16336,opera,subtree_engine,yes,no,2020-03-03
Q005322,32,F14428,oculus,derivative1,no,no,2024-02-27
Q005323,54,F06545,opera_android,engine_blink,yes,yes,2019-10-18
Q005324,10.1,F04273,safari,engine_webkit,no,no,2017-03-27
Q005325,false,F05239,firefox,subtree_engine,yes,no,none
Q005326,48,F01071,opera,engine_blink,yes,no,2017-09-27
Q005327,37,F02633,opera_android,subtree_engine,yes,no,2016-06-16
Q005328,26,F00383,webview_ios,engine_webkit,no,no,2025-09-15
Q005329,136,F10679,webview_android,engine_blink,yes,no,2025-04-29
Q005330,false,F11583,firefox,lineage_pair,no,no,none
Q005331,10,F05416,safari,lineage_pair,no,no,2016-09-20
Q005332,69,F07872,chrome,engine_blink,yes,no,2018-09-04
Q005333,5.0,F04529,oculus,engine_blink,yes,no,2018-07-01
Q005334,148,F12294,webview_android,engine_blink,yes,no,2026-05-05
Q005335,1,F09640,safari_ios,derivative1,no,no,2007-06-29
Q005336,7.0,F02863,samsunginternet_android,subtree_engine,yes,no,2018-03-16
Q005337,23,F16732,chrome,lineage_pair,no,no,2012-11-06
Q005338,9,F07779,safari,subtree_engine,yes,no,2015-09-30
Q005339,16.4,F16161,webview_ios,random2,no,yes,2023-03-27
Q005340,3,F00128,safari,engine_webkit,no,no,2007-10-26
Q005341,1,F04117,webview_ios,engine_webkit,no,no,2007-06-29
Q005342,1,F12586,safari_ios,engine_webkit,no,no,2007-06-29
Q005343,91,F10351,webview_android,lineage_pair,no,yes,2021-05-25
Q005344,17,F05955,safari,random2,no,no,2023-09-18
Q005345,29.0,F06266,samsunginternet_android,subtree_engine,yes,no,2025-10-25
Q005346,131,F09472,firefox,source1,no,yes,2024-10-01
Q005347,30,F11633,chrome_android,random2,no,no,2013-10-02
Q005348,79,F11157,edge,engine_blink,yes,no,2020-01-15
Q005349,5,F13026,safari_ios,engine_webkit,no,no,2011-10-12
Q005350,74,F13385,opera_android,engine_blink,yes,yes,2023-03-13
Q005351,16,F16545,webview_ios,subtree_engine,yes,no,2022-09-12
Q005352,127,F17462,chrome,engine_blink,yes,no,2024-07-23
Q005353,14.5,F14618,webview_ios,lineage_pair,no,no,2021-04-26
Q005354,3,F15602,webview_android,engine_blink,yes,no,2011-02-22
Q005355,1.0,F06687,samsunginternet_android,engine_blink,yes,no,2013-04-27
Q005356,141,F03093,chrome,engine_blink,yes,no,2025-09-30
Q005357,1,F07047,safari_ios,engine_webkit,no,no,2007-06-29
Q005358,12.1,F03773,opera,engine_blink,yes,no,2012-11-20
Q005359,15,F16837,safari,engine_webkit,no,no,2021-09-20
Q005360,9,F11764,safari,engine_webkit,no,no,2015-09-30
Q005361,1.5,F00631,samsunginternet_android,derivative1,no,no,2013-09-25
Q005362,47,F01527,opera,engine_blink,yes,no,2017-08-09
Q005363,57,F05055,webview_android,engine_blink,yes,yes,2017-03-16
Q005364,44,F05326,opera_android,engine_blink,yes,no,2017-12-11
Q005365,5.0,F03515,oculus,engine_blink,yes,no,2018-07-01
Q005366,125,F09747,edge,random2,no,no,2024-05-17
Q005367,12,F14871,edge,engine_blink,yes,no,2015-07-29
Q005368,false,F01396,opera,engine_blink,yes,yes,none
Q005369,93,F17072,edge,engine_blink,yes,no,2021-09-02
Q005370,14,F12565,opera_android,engine_blink,yes,no,2013-05-21
Q005371,5.0,F00347,oculus,subtree_engine,yes,no,2018-07-01
Q005372,25,F17137,chrome_android,engine_blink,yes,no,2013-02-27
Q005373,4,F01175,safari,random2,no,no,2009-06-08
Q005374,18,F10877,chrome_android,engine_blink,yes,no,2012-06-27
Q005375,12.1,F01191,opera_android,random2,no,no,2012-10-09
Q005376,18.4,F14158,webview_ios,subtree_engine,yes,yes,2025-03-31
Q005377,12,F08059,edge,engine_blink,yes,no,2015-07-29
Q005378,57,F18495,opera_android,engine_blink,yes,no,2020-03-30
Q005379,false,F13551,opera_android,subtree_engine,yes,no,none
Q005380,72,F07567,opera,subtree_engine,yes,no,2020-10-21
Q005381,86,F11046,edge,subtree_engine,yes,no,2020-10-09
Q005382,54,F05354,chrome,engine_blink,yes,no,2016-10-12
Q005383,1,F06805,firefox,lineage_pair,no,no,2004-11-09
Q005384,89,F05308,opera_android,engine_blink,yes,no,2025-04-29
Q005385,1,F06379,safari,engine_webkit,no,no,2003-06-23
Q005386,false,F06675,webview_ios,engine_webkit,no,no,none
Q005387,44,F12195,webview_android,engine_blink,yes,no,2015-07-29
Q005388,89,F07025,chrome,lineage_pair,no,no,2021-03-02
Q005389,11,F02934,webview_ios,engine_webkit,no,yes,2017-09-19
Q005390,58,F01681,webview_android,derivative1,no,no,2017-04-25
Q005391,113,F17462,opera,engine_blink,yes,no,2024-08-22
Q005392,13.0,F13329,oculus,engine_blink,yes,no,2020-12-10
Q005393,41,F02890,opera_android,engine_blink,yes,no,2016-10-25
Q005394,14,F07480,webview_ios,engine_webkit,no,no,2020-09-16
Q005395,26,F11314,opera_android,engine_blink,yes,no,2014-12-02
Q005396,false,F11581,safari_ios,engine_webkit,no,no,none
Q005397,5.0,F07439,oculus,engine_blink,yes,no,2018-07-01
Q005398,5,F09537,safari,engine_webkit,no,no,2010-06-07
Q005399,7.0,F02494,samsunginternet_android,subtree_engine,yes,no,2018-03-16
Q005400,false,F12298,webview_ios,subtree_engine,yes,no,none
Q005401,1,F12537,safari_ios,engine_webkit,no,no,2007-06-29
Q005402,1.5,F12846,firefox,subtree_engine,yes,no,2005-11-29
Q005403,147,F10198,firefox,random2,no,no,2026-01-13
Q005404,69,F02451,chrome_android,engine_blink,yes,no,2018-09-04
Q005405,1,F13628,chrome,lineage_pair,no,no,2008-12-11
Q005406,15.2,F05478,webview_ios,random2,no,no,2021-12-13
Q005407,43,F09734,opera_android,subtree_engine,yes,no,2017-09-27
Q005408,71,F17353,chrome,lineage_pair,no,no,2018-12-04
Q005409,1,F09069,chrome,engine_blink,yes,no,2008-12-11
Q005410,26,F13202,safari_ios,engine_webkit,no,no,2025-09-15
Q005411,138,F10570,edge,random2,no,no,2025-06-26
Q005412,false,F05822,samsunginternet_android,random2,no,no,none
Q005413,12,F15306,edge,subtree_engine,yes,no,2015-07-29
Q005414,123,F17632,webview_android,engine_blink,yes,no,2024-03-19
Q005415,3.5,F10804,firefox,subtree_engine,yes,no,2009-06-30
Q005416,18,F05778,safari,subtree_engine,yes,no,2024-09-16
Q005417,1.5,F13758,samsunginternet_android,engine_blink,yes,no,2013-09-25
Q005418,1,F02492,safari_ios,random2,no,no,2007-06-29
Q005419,1,F12784,webview_ios,lineage_pair,no,no,2007-06-29
Q005420,5.0,F06567,oculus,engine_blink,yes,no,2018-07-01
Q005421,16,F02086,safari,source1,no,no,2022-09-12
Q005422,5.0,F16370,oculus,lineage_pair,no,no,2018-07-01
Q005423,43,F06113,opera,subtree_engine,yes,no,2017-02-07
Q005424,12,F01284,edge,engine_blink,yes,no,2015-07-29
Q005425,5.0,F15978,oculus,engine_blink,yes,no,2018-07-01
Q005426,1,F12921,webview_ios,lineage_pair,no,no,2007-06-29
Q005427,1,F10057,safari_ios,engine_webkit,no,no,2007-06-29
Q005428,1,F10986,chrome,engine_blink,yes,no,2008-12-11
Q005429,69,F11812,opera,subtree_engine,yes,no,2020-06-24
Q005430,false,F15527,webview_android,engine_blink,yes,no,none
Q005431,7,F00076,safari_ios,engine_webkit,no,no,2013-09-18
Q005432,false,F08611,firefox,source1,no,no,none
Q005433,15,F01284,opera,engine_blink,yes,no,2013-07-02
Q005434,11,F14051,webview_ios,engine_webkit,no,no,2017-09-19
Q005435,18,F09660,chrome_android,engine_blink,yes,no,2012-06-27
Q005436,false,F12405,webview_ios,random2,no,no,none
Q005437,5.0,F04389,oculus,engine_blink,yes,no,2018-07-01
Q005438,14.0,F09954,samsunginternet_android,engine_blink,yes,yes,2021-04-17
Q005439,10,F12666,safari,lineage_pair,no,no,2016-09-20
Q005440,8.0,F06494,oculus,subtree_engine,yes,no,2020-02-10
Q005441,1,F06963,chrome,engine_blink,yes,no,2008-12-11
Q005442,12.2,F06466,webview_ios,engine_webkit,no,no,2019-03-25
Q005443,86,F01102,edge,subtree_engine,yes,no,2020-10-09
Q005444,69,F12764,chrome_android,engine_blink,yes,no,2018-09-04
Q005445,12,F08190,edge,engine_blink,yes,no,2015-07-29
Q005446,43,F05055,opera_android,engine_blink,yes,yes,2017-09-27
Q005447,14.5,F15572,webview_ios,subtree_engine,yes,no,2021-04-26
Q005448,95,F07381,opera,engine_blink,yes,yes,2023-02-01
Q005449,29,F07064,firefox,random2,no,no,2014-04-29
Q005450,false,F15556,webview_android,lineage_pair,no,no,none
Q005451,16.4,F04949,webview_ios,engine_webkit,no,no,2023-03-27
Q005452,89,F05067,firefox,random2,no,yes,2021-06-01
Q005453,14,F03029,opera_android,engine_blink,yes,no,2013-05-21
Q005454,3,F13416,webview_ios,engine_webkit,no,no,2009-06-17
Q005455,83,F06259,opera_android,engine_blink,yes,no,2024-06-25
Q005456,1,F14088,safari_ios,engine_webkit,no,no,2007-06-29
Q005457,18.2,F17187,webview_ios,engine_webkit,no,no,2024-12-11
Q005458,5,F17445,chrome,engine_blink,yes,no,2010-05-25
Q005459,12.2,F08396,webview_ios,engine_webkit,no,no,2019-03-25
Q005460,26,F13202,webview_ios,engine_webkit,no,no,2025-09-15
Q005461,58,F17834,chrome_android,subtree_engine,yes,no,2017-04-25
Q005462,false,F12703,firefox,random2,no,no,none
Q005463,false,F05316,webview_ios,random2,no,no,none
Q005464,false,F13361,safari,source1,no,no,none
Q005465,false,F09725,opera_android,engine_blink,yes,yes,none
Q005466,1.5,F11970,samsunginternet_android,subtree_engine,yes,no,2013-09-25
Q005467,12.1,F05298,safari,source1,no,no,2019-03-25
Q005468,54,F15936,opera_android,random2,no,yes,2019-10-18
Q005469,29,F14726,opera_android,random2,no,no,2015-04-28
Q005470,133,F04971,edge,engine_blink,yes,no,2025-02-06
Q005471,18,F12723,chrome_android,derivative1,no,no,2012-06-27
Q005472,5.0,F04995,oculus,subtree_engine,yes,no,2018-07-01
Q005473,65,F16678,chrome,engine_blink,yes,no,2018-03-06
Q005474,51,F07107,webview_android,engine_blink,yes,no,2016-06-08
Q005475,4.4,F15268,webview_android,engine_blink,yes,no,2013-12-09
Q005476,38.1,F10911,oculus,engine_blink,yes,no,2025-04-23
Q005477,14.5,F11937,webview_ios,random2,no,no,2021-04-26
Q005478,13.4,F14526,webview_ios,derivative1,no,no,2020-03-24
Q005479,4,F03243,firefox,lineage_pair,no,no,2011-03-22
Q005480,false,F10693,webview_android,engine_blink,yes,no,none
Q005481,150,F09615,chrome,engine_blink,yes,no,2026-06-30
Q005482,1.5,F07325,samsunginternet_android,engine_blink,yes,no,2013-09-25
Q005483,131,F14771,edge,random2,no,no,2024-11-14
Q005484,18,F13457,chrome_android,subtree_engine,yes,no,2012-06-27
Q005485,58,F10769,chrome_android,subtree_engine,yes,no,2017-04-25
Q005486,109,F13385,webview_android,engine_blink,yes,yes,2023-01-10
Q005487,79,F14879,firefox_android,subtree_engine,yes,no,2020-07-28
Q005488,9,F17693,chrome,source1,no,no,2011-02-03
Q005489,16.4,F13842,safari_ios,engine_webkit,no,yes,2023-03-27
Q005490,5.0,F00666,samsunginternet_android,subtree_engine,yes,no,2016-12-15
Q005491,18.4,F10759,safari,subtree_engine,yes,yes,2025-03-31
Q005492,66,F17840,webview_android,engine_blink,yes,no,2018-04-17
Q005493,44,F04761,opera_android,subtree_engine,yes,no,2017-12-11
Q005494,false,F16320,safari,engine_webkit,no,no,none
Q005495,false,F06577,webview_ios,lineage_pair,no,no,none
Q005496,4,F10390,firefox_android,subtree_engine,yes,yes,2011-03-29
Q005497,false,F03987,firefox,subtree_engine,yes,no,none
Q005498,4.4,F01204,webview_android,engine_blink,yes,no,2013-12-09
Q005499,12,F07451,edge,engine_blink,yes,no,2015-07-29
Q005500,12.1,F16443,opera_android,random2,no,no,2012-10-09
Q005501,1,F00945,safari_ios,engine_webkit,no,no,2007-06-29
Q005502,130,F15910,opera,engine_blink,yes,no,2026-04-08
Q005503,11,F04461,safari_ios,engine_webkit,no,yes,2017-09-19
Q005504,18,F01832,chrome,source1,no,no,2012-03-28
Q005505,89,F06320,opera_android,engine_blink,yes,no,2025-04-29
Q005506,56,F04881,opera,engine_blink,yes,no,2018-09-25
Q005507,false,F10693,edge,engine_blink,yes,no,none
Q005508,100,F10264,webview_android,derivative1,no,no,2022-03-29
Q005509,147,F17467,chrome,subtree_engine,yes,no,2026-04-07
Q005510,12,F13608,opera,engine_blink,yes,no,2012-06-14
Q005511,94,F02512,chrome_android,subtree_engine,yes,no,2021-09-21
Q005512,55,F12920,firefox_android,lineage_pair,no,no,2017-08-08
Q005513,94,F12048,webview_android,engine_blink,yes,no,2021-09-21
Q005514,40,F14240,opera,engine_blink,yes,no,2016-09-20
Q005515,false,F08432,webview_ios,subtree_engine,yes,no,none
Q005516,10.3,F09159,safari_ios,lineage_pair,no,no,2017-03-27
Q005517,5.0,F16833,oculus,engine_blink,yes,no,2018-07-01
Q005518,11.3,F00096,safari_ios,lineage_pair,no,no,2018-03-29
Q005519,1,F11346,safari,engine_webkit,no,no,2003-06-23
Q005520,5,F07312,firefox,lineage_pair,no,no,2011-06-21
Q005521,6,F07031,safari,engine_webkit,no,no,2012-07-25
Q005522,6.0,F08086,oculus,engine_blink,yes,no,2019-08-12
Q005523,12,F07325,edge,engine_blink,yes,no,2015-07-29
Q005524,5.0,F08682,oculus,engine_blink,yes,no,2018-07-01
Q005525,18.4,F00333,safari_ios,engine_webkit,no,yes,2025-03-31
Q005526,12.0,F07932,oculus,engine_blink,yes,no,2020-11-03
Q005527,false,F15834,webview_android,subtree_engine,yes,no,none
Q005528,25.0,F11151,samsunginternet_android,random2,no,no,2024-04-24
Q005529,15,F13215,safari_ios,derivative1,no,no,2021-09-20
Q005530,123,F16053,opera,lineage_pair,no,no,2025-10-28
Q005531,56,F00906,chrome,subtree_engine,yes,no,2017-01-25
Q005532,7.0,F15907,samsunginternet_android,random2,no,no,2018-03-16
Q005533,1,F04696,chrome,source1,no,no,2008-12-11
Q005534,45,F13755,chrome,lineage_pair,no,no,2015-09-01
Q005535,27,F11157,opera,engine_blink,yes,no,2015-01-27
Q005536,88,F10911,opera_android,engine_blink,yes,no,2025-03-19
Q005537,14.0,F00334,samsunginternet_android,random2,no,no,2021-04-17
Q005538,18,F16897,safari,lineage_pair,no,no,2024-09-16
Q005539,48,F00990,firefox_android,subtree_engine,yes,no,2016-08-02
Q005540,15.1,F10875,safari,random2,no,yes,2021-10-25
Q005541,66,F02512,opera_android,subtree_engine,yes,no,2021-12-15
Q005542,1,F11458,webview_ios,engine_webkit,no,no,2007-06-29
Q005543,81,F13129,chrome,subtree_engine,yes,no,2020-04-07
Q005544,11,F01253,safari_ios,lineage_pair,no,no,2017-09-19
Q005545,139,F10567,webview_android,engine_blink,yes,no,2025-08-05
Q005546,57,F12067,chrome,random2,no,yes,2017-03-09
Q005547,56,F17498,chrome,subtree_engine,yes,no,2017-01-25
Q005548,13.0,F06324,samsunginternet_android,derivative1,no,no,2020-12-02
Q005549,108,F02139,chrome,engine_blink,yes,no,2022-11-29
Q005550,60,F01527,chrome,engine_blink,yes,no,2017-07-25
Q005551,55,F08270,chrome_android,engine_blink,yes,no,2016-12-06
Q005552,127,F07981,firefox_android,subtree_engine,yes,no,2024-06-11
Q005553,63,F09809,firefox,source1,no,no,2018-10-23
Q005554,10,F04126,webview_ios,random2,no,no,2016-09-13
Q005555,55,F17168,chrome,source1,no,no,2016-12-01
Q005556,4.4,F12777,webview_android,engine_blink,yes,no,2013-12-09
Q005557,102,F10748,edge,derivative1,no,no,2022-05-31
Q005558,15.4,F18327,safari_ios,engine_webkit,no,no,2022-03-14
Q005559,10,F01471,webview_ios,lineage_pair,no,no,2016-09-13
Q005560,4.2,F05937,safari_ios,engine_webkit,no,no,2010-11-22
Q005561,14,F03159,safari,source1,no,no,2020-09-16
Q005562,146,F17105,edge,engine_blink,yes,no,2026-03-13
Q005563,58,F10243,chrome_android,subtree_engine,yes,no,2017-04-25
Q005564,91,F13111,edge,engine_blink,yes,yes,2021-05-27
Q005565,25,F00113,chrome_android,random2,no,no,2013-02-27
Q005566,false,F04367,safari,engine_webkit,no,no,none
Q005567,115,F06760,chrome,engine_blink,yes,no,2023-07-18
Q005568,1,F12870,chrome,engine_blink,yes,no,2008-12-11
Q005569,148,F16824,firefox_android,lineage_pair,no,yes,2026-02-24
Q005570,7.0,F10769,samsunginternet_android,subtree_engine,yes,no,2018-03-16
Q005571,false,F16378,edge,engine_blink,yes,yes,none
Q005572,50,F02911,opera,engine_blink,yes,no,2018-01-04
Q005573,15,F09282,opera,engine_blink,yes,no,2013-07-02
Q005574,24,F05471,opera,engine_blink,yes,no,2014-09-02
Q005575,3,F14838,firefox,random2,no,no,2008-06-17
Q005576,false,F02107,safari,engine_webkit,no,no,none
Q005577,32,F06078,opera_android,random2,no,no,2015-09-23
Q005578,12.1,F05982,opera_android,engine_blink,yes,no,2012-10-09
Q005579,1,F10135,safari_ios,engine_webkit,no,no,2007-06-29
Q005580,18,F01193,chrome_android,engine_blink,yes,no,2012-06-27
Q005581,12.1,F11901,safari,lineage_pair,no,no,2019-03-25
Q005582,false,F01055,safari,engine_webkit,no,no,none
Q005583,30,F16578,chrome_android,engine_blink,yes,no,2013-10-02
Q005584,53,F06736,opera_android,engine_blink,yes,yes,2019-07-11
Q005585,147,F11531,firefox,lineage_pair,no,no,2026-01-13
Q005586,53,F05122,opera,subtree_engine,yes,no,2018-05-10
Q005587,32,F05546,opera_android,engine_blink,yes,no,2015-09-23
Q005588,13,F15251,chrome,engine_blink,yes,no,2011-08-02
Q005589,70,F14808,opera,subtree_engine,yes,no,2020-07-27
Q005590,72,F13760,opera_android,subtree_engine,yes,no,2022-10-21
Q005591,14.5,F06462,safari_ios,subtree_engine,yes,no,2021-04-26
Q005592,79,F00691,edge,random2,no,no,2020-01-15
Q005593,15,F12985,opera,engine_blink,yes,no,2013-07-02
Q005594,6,F07031,webview_ios,engine_webkit,no,no,2012-09-10
Q005595,12,F08124,edge,engine_blink,yes,no,2015-07-29
Q005596,4.4,F13945,webview_android,engine_blink,yes,no,2013-12-09
Q005597,7,F01183,safari,lineage_pair,no,no,2013-10-22
Q005598,false,F02724,safari_ios,subtree_engine,yes,no,none
Q005599,false,F01914,chrome,source1,no,no,none
Q005600,92,F08334,chrome,subtree_engine,yes,no,2021-07-20
Q005601,111,F04459,chrome,engine_blink,yes,no,2023-03-07
Q005602,18,F10028,chrome_android,engine_blink,yes,no,2012-06-27
Q005603,false,F07932,webview_android,engine_blink,yes,no,none
Q005604,42,F08488,chrome,engine_blink,yes,no,2015-04-14
Q005605,12.1,F07756,safari,engine_webkit,no,no,2019-03-25
Q005606,68,F07913,opera_android,engine_blink,yes,no,2022-03-30
Q005607,41,F07439,opera_android,engine_blink,yes,no,2016-10-25
Q005608,false,F16378,opera_android,engine_blink,yes,yes,none
Q005609,67,F07456,opera,subtree_engine,yes,no,2020-03-03
Q005610,66,F04526,opera_android,random2,no,no,2021-12-15
Q005611,44,F11278,opera_android,subtree_engine,yes,no,2017-12-11
Q005612,72,F16707,opera_android,engine_blink,yes,no,2022-10-21
Q005613,87,F13329,chrome,engine_blink,yes,no,2020-11-17
Q005614,7.0,F11461,samsunginternet_android,subtree_engine,yes,no,2018-03-16
Q005615,8,F08869,firefox,subtree_engine,yes,no,2011-11-08
Q005616,79,F05811,edge,lineage_pair,no,no,2020-01-15
Q005617,7,F08118,safari_ios,engine_webkit,no,no,2013-09-18
Q005618,1.0,F11274,samsunginternet_android,engine_blink,yes,no,2013-04-27
Q005619,1.0,F00999,samsunginternet_android,lineage_pair,no,no,2013-04-27
Q005620,false,F09832,oculus,subtree_engine,yes,yes,none
Q005621,false,F03439,webview_ios,engine_webkit,no,no,none
Q005622,28.0,F09296,samsunginternet_android,subtree_engine,yes,no,2025-04-02
Q005623,47,F03515,webview_android,engine_blink,yes,no,2015-12-02
Q005624,58,F02274,opera_android,engine_blink,yes,no,2020-05-13
Q005625,50,F12313,opera,engine_blink,yes,no,2018-01-04
Q005626,11,F01645,safari,engine_webkit,no,yes,2017-09-19
Q005627,10.3,F02994,webview_ios,engine_webkit,no,no,2017-03-27
Q005628,12.1,F14280,opera,random2,no,no,2012-11-20
Q005629,5.0,F15664,oculus,engine_blink,yes,no,2018-07-01
Q005630,12.2,F10550,safari_ios,lineage_pair,no,no,2019-03-25
Q005631,4,F17718,safari,lineage_pair,no,no,2009-06-08
Q005632,12,F01893,firefox,source1,no,no,2012-04-24
Q005633,78,F11542,firefox,source1,no,no,2020-06-30
Q005634,127,F00274,firefox_android,subtree_engine,yes,no,2024-06-11
Q005635,10.1,F07005,opera_android,engine_blink,yes,no,2010-11-09
Q005636,false,F06382,firefox_android,lineage_pair,no,no,none
Q005637,81,F00341,opera,lineage_pair,no,no,2021-11-04
Q005638,109,F05421,edge,engine_blink,yes,yes,2023-01-12
Q005639,120,F10503,edge,engine_blink,yes,yes,2023-12-07
Q005640,79,F06441,firefox_android,subtree_engine,yes,no,2020-07-28
Q005641,64,F03735,opera_android,engine_blink,yes,yes,2021-05-25
Q005642,14,F06481,webview_ios,engine_webkit,no,no,2020-09-16
Q005643,32,F15810,oculus,derivative1,no,no,2024-02-27
Q005644,79,F10243,edge,subtree_engine,yes,no,2020-01-15
Q005645,56,F11120,firefox_android,random2,no,no,2017-09-28
Q005646,false,F15033,webview_ios,subtree_engine,yes,no,none
Q005647,false,F09020,edge,engine_blink,yes,no,none
Q005648,1.2,F17055,safari,subtree_engine,yes,no,2004-02-02
Q005649,4.4,F07422,webview_android,subtree_engine,yes,no,2013-12-09
Q005650,44,F03632,opera,engine_blink,yes,yes,2017-03-21
Q005651,12,F06335,edge,engine_blink,yes,no,2015-07-29
Q005652,18.2,F04556,webview_ios,engine_webkit,no,no,2024-12-11
Q005653,false,F15425,webview_android,subtree_engine,yes,no,none
Q005654,1.5,F03202,firefox,lineage_pair,no,no,2005-11-29
Q005655,13.4,F18092,safari_ios,subtree_engine,yes,no,2020-03-24
Q005656,false,F18335,firefox_android,subtree_engine,yes,no,none
Q005657,false,F03943,opera_android,engine_blink,yes,no,none
Q005658,127,F17462,edge,engine_blink,yes,no,2024-07-25
Q005659,false,F15871,safari_ios,engine_webkit,no,no,none
Q005660,1,F15401,webview_ios,derivative1,no,no,2007-06-29
Q005661,79,F02678,edge,engine_blink,yes,no,2020-01-15
Q005662,5.0,F03305,oculus,engine_blink,yes,no,2018-07-01
Q005663,11,F08565,safari_ios,random2,no,no,2017-09-19
Q005664,26,F04658,safari_ios,subtree_engine,yes,no,2025-09-15
Q005665,79,F02183,edge,engine_blink,yes,no,2020-01-15
Q005666,27.0,F03736,samsunginternet_android,engine_blink,yes,no,2024-11-06
Q005667,false,F12761,webview_ios,engine_webkit,no,no,none
Q005668,false,F08623,opera_android,subtree_engine,yes,no,none
Q005669,5.0,F07549,oculus,subtree_engine,yes,no,2018-07-01
Q005670,5.0,F16727,oculus,engine_blink,yes,no,2018-07-01
Q005671,12.1,F15920,opera,engine_blink,yes,no,2012-11-20
Q005672,71,F08863,chrome_android,engine_blink,yes,no,2018-12-04
Q005673,false,F06675,safari,engine_webkit,no,no,none
Q005674,false,F16486,opera_android,engine_blink,yes,no,none
Q005675,false,F03618,safari_ios,subtree_engine,yes,no,none
Q005676,4,F04505,webview_ios,random2,no,no,2010-06-21
Q005677,149,F02907,webview_android,random2,no,no,2026-06-02
Q005678,58,F02494,chrome_android,subtree_engine,yes,no,2017-04-25
Q005679,118,F04020,webview_android,engine_blink,yes,no,2023-10-10
Q005680,4.4,F10930,webview_android,engine_blink,yes,no,2013-12-09
Q005681,12,F11454,edge,engine_blink,yes,no,2015-07-29
Q005682,55,F01722,opera,random2,no,no,2018-08-16
Q005683,15,F12777,opera,engine_blink,yes,no,2013-07-02
Q005684,5.0,F10404,oculus,derivative1,no,no,2018-07-01
Q005685,false,F13814,firefox_android,lineage_pair,no,no,none
Q005686,14,F15251,opera_android,engine_blink,yes,no,2013-05-21
Q005687,26,F18417,safari_ios,engine_webkit,no,no,2025-09-15
Q005688,26,F15438,safari,engine_webkit,no,no,2025-09-15
Q005689,14.0,F06418,samsunginternet_android,subtree_engine,yes,no,2021-04-17
Q005690,69,F15740,chrome,source1,no,no,2018-09-04
Q005691,64,F03271,opera_android,engine_blink,yes,yes,2021-05-25
Q005692,59,F04225,chrome,engine_blink,yes,no,2017-06-05
Q005693,false,F16123,firefox,lineage_pair,no,no,none
Q005694,4,F10069,firefox_android,subtree_engine,yes,no,2011-03-29
Q005695,102,F10241,chrome_android,engine_blink,yes,no,2022-05-24
Q005696,4.4,F15006,webview_android,engine_blink,yes,no,2013-12-09
Q005697,false,F01519,safari_ios,engine_webkit,no,no,none
Q005698,2,F03415,safari_ios,engine_webkit,no,no,2008-07-11
Q005699,8,F07093,chrome,lineage_pair,no,no,2010-12-02
Q005700,false,F06244,chrome,engine_blink,yes,no,none
Q005701,52,F14175,chrome,subtree_engine,yes,no,2016-07-20
Q005702,18,F08474,chrome_android,engine_blink,yes,no,2012-06-27
Q005703,30,F11252,firefox_android,subtree_engine,yes,no,2014-06-10
Q005704,false,F03601,chrome,engine_blink,yes,no,none
Q005705,146,F16577,edge,random2,no,no,2026-03-13
Q005706,14.5,F06462,webview_ios,subtree_engine,yes,no,2021-04-26
Q005707,15.4,F02960,safari_ios,derivative1,no,no,2022-03-14
Q005708,1,F17199,webview_ios,engine_webkit,no,no,2007-06-29
Q005709,43,F04211,opera_android,subtree_engine,yes,no,2017-09-27
Q005710,144,F04976,edge,engine_blink,yes,no,2026-01-21
Q005711,1,F18203,chrome,engine_blink,yes,no,2008-12-11
Q005712,18,F08001,chrome_android,random2,no,no,2012-06-27
Q005713,false,F03639,edge,engine_blink,yes,no,none
Q005714,13,F14192,safari,source1,no,no,2019-09-19
Q005715,false,F15834,edge,subtree_engine,yes,no,none
Q005716,55,F08748,chrome_android,engine_blink,yes,no,2016-12-06
Q005717,127,F15545,chrome,lineage_pair,no,no,2024-07-23
Q005718,7.0,F03346,samsunginternet_android,subtree_engine,yes,no,2018-03-16
Q005719,16,F14509,chrome,engine_blink,yes,no,2011-12-13
Q005720,10.1,F15541,opera_android,engine_blink,yes,no,2010-11-09
Q005721,9,F11274,chrome,engine_blink,yes,no,2011-02-03
Q005722,false,F14761,webview_ios,subtree_engine,yes,no,none
Q005723,30,F01045,chrome,lineage_pair,no,no,2013-10-01
Q005724,false,F07820,edge,derivative1,no,no,none
Q005725,false,F09844,edge,engine_blink,yes,no,none
Q005726,10,F15470,chrome,engine_blink,yes,no,2011-03-08
Q005727,4.4,F04391,webview_android,derivative1,no,no,2013-12-09
Q005728,79,F12268,edge,subtree_engine,yes,no,2020-01-15
Q005729,5,F11109,safari_ios,engine_webkit,no,no,2011-10-12
Q005730,6,F02298,webview_ios,engine_webkit,no,yes,2012-09-10
Q005731,18,F00460,chrome_android,engine_blink,yes,no,2012-06-27
Q005732,149,F17873,chrome_android,engine_blink,yes,no,2026-06-02
Q005733,144,F05484,chrome,lineage_pair,no,no,2026-01-13
Q005734,9,F15541,opera,engine_blink,yes,no,2006-06-20
Q005735,false,F02026,safari,source1,no,no,none
Q005736,5.0,F11763,oculus,engine_blink,yes,no,2018-07-01
Q005737,80,F01017,opera,engine_blink,yes,no,2021-10-05
Q005738,1.0,F04792,samsunginternet_android,engine_blink,yes,no,2013-04-27
Q005739,12,F18326,edge,engine_blink,yes,no,2015-07-29
Q005740,91,F11836,chrome_android,engine_blink,yes,yes,2021-05-25
Q005741,5,F11684,firefox,random2,no,no,2011-06-21
Q005742,12.2,F13708,safari_ios,subtree_engine,yes,no,2019-03-25
Q005743,102,F07717,webview_android,random2,no,no,2022-05-24
Q005744,91,F10998,chrome,engine_blink,yes,yes,2021-05-25
Q005745,false,F10664,samsunginternet_android,subtree_engine,yes,no,none
Q005746,false,F15871,webview_ios,engine_webkit,no,no,none
Q005747,false,F04354,safari_ios,random2,no,no,none
Q005748,8,F01655,webview_ios,engine_webkit,no,no,2014-09-17
Q005749,67,F18074,opera,engine_blink,yes,no,2020-03-03
Q005750,79,F12313,edge,engine_blink,yes,no,2020-01-15
Q005751,false,F09254,webview_ios,engine_webkit,no,no,none
Q005752,54,F05354,chrome_android,engine_blink,yes,no,2016-10-19
Q005753,false,F08962,firefox,source1,no,no,none
Q005754,91,F13551,chrome,subtree_engine,yes,no,2021-05-25
Q005755,false,F12212,opera_android,engine_blink,yes,no,none
Q005756,1,F06590,safari,random2,no,no,2003-06-23
Q005757,false,F17289,firefox_android,random2,no,no,none
Q005758,127,F00223,chrome_android,engine_blink,yes,no,2024-07-23
Q005759,12.0,F10346,samsunginternet_android,engine_blink,yes,no,2020-06-19
Q005760,10.0,F07977,samsunginternet_android,engine_blink,yes,no,2019-08-22
Q005761,false,F14402,webview_ios,engine_webkit,no,no,none
Q005762,3,F11763,webview_android,engine_blink,yes,no,2011-02-22
Q005763,false,F06101,chrome_android,engine_blink,yes,no,none
Q005764,48,F14570,opera,engine_blink,yes,no,2017-09-27
Q005765,false,F02704,samsunginternet_android,engine_blink,yes,no,none
Q005766,7.0,F13662,samsunginternet_android,subtree_engine,yes,no,2018-03-16
Q005767,10,F06361,webview_ios,engine_webkit,no,no,2016-09-13
Q005768,16,F00623,firefox,subtree_engine,yes,no,2012-10-09
Q005769,140,F18436,firefox,source1,no,no,2025-06-24
Q005770,91,F11836,webview_android,engine_blink,yes,yes,2021-05-25
Q005771,5.0,F09714,oculus,engine_blink,yes,no,2018-07-01
Q005772,4,F10469,firefox_android,subtree_engine,yes,no,2011-03-29
Q005773,150,F09615,chrome_android,engine_blink,yes,no,2026-06-30
Q005774,false,F10505,firefox,source1,no,no,none
Q005775,5,F15809,firefox,source1,no,no,2011-06-21
Q005776,false,F18025,opera,subtree_engine,yes,no,none
Q005777,16.4,F15933,safari_ios,engine_webkit,no,no,2023-03-27
Q005778,47,F09741,opera_android,subtree_engine,yes,no,2018-07-23
Q005779,12,F17086,edge,engine_blink,yes,no,2015-07-29
Q005780,5.0,F13786,oculus,engine_blink,yes,no,2018-07-01
Q005781,106,F17993,webview_android,random2,no,no,2022-09-27
Q005782,4.4,F06236,webview_android,random2,no,no,2013-12-09
Q005783,false,F14453,firefox_android,subtree_engine,yes,no,none
Q005784,false,F04314,webview_android,engine_blink,yes,yes,none
Q005785,60,F05235,chrome_android,subtree_engine,yes,no,2017-08-01
Q005786,9,F02403,safari,engine_webkit,no,no,2015-09-30
Q005787,16.4,F15563,safari_ios,random2,no,yes,2023-03-27
Q005788,79,F07315,edge,engine_blink,yes,no,2020-01-15
Q005789,34,F08968,oculus,engine_blink,yes,no,2024-06-26
Q005790,57,F09416,chrome,engine_blink,yes,no,2017-03-09
Q005791,false,F01884,opera_android,engine_blink,yes,no,none
Q005792,16.1,F03639,oculus,engine_blink,yes,no,2021-06-25
Q005793,4.4,F00832,webview_android,engine_blink,yes,no,2013-12-09
Q005794,false,F03943,webview_android,engine_blink,yes,no,none
Q005795,125,F11822,opera,subtree_engine,yes,no,2025-12-04
Q005796,82,F17632,opera_android,engine_blink,yes,no,2024-05-02
Q005797,3,F09249,safari,lineage_pair,no,no,2007-10-26
Q005798,15,F03377,opera,engine_blink,yes,no,2013-07-02
Q005799,31.2,F14522,oculus,engine_blink,yes,yes,2024-01-15
Q005800,4.4,F16732,webview_android,lineage_pair,no,no,2013-12-09
Q005801,86,F00509,opera_android,engine_blink,yes,no,2024-12-02
Q005802,7,F17257,webview_ios,engine_webkit,no,no,2013-09-18
Q005803,37,F15139,webview_android,lineage_pair,no,no,2014-09-03
Q005804,60,F09419,opera_android,engine_blink,yes,no,2020-09-23
Q005805,4.4,F07242,webview_android,engine_blink,yes,no,2013-12-09
Q005806,31.2,F15687,oculus,engine_blink,yes,no,2024-01-15
Q005807,false,F00921,samsunginternet_android,random2,no,no,none
Q005808,91,F03254,chrome,lineage_pair,no,no,2021-05-25
Q005809,5.0,F02851,oculus,random2,no,no,2018-07-01
Q005810,12.0,F06418,oculus,subtree_engine,yes,no,2020-11-03
Q005811,12,F10877,edge,engine_blink,yes,no,2015-07-29
Q005812,16.0,F10998,oculus,engine_blink,yes,yes,2021-06-07
Q005813,26.2,F01559,webview_ios,lineage_pair,no,no,2025-12-12
Q005814,11,F14990,opera_android,lineage_pair,no,no,2011-03-22
Q005815,false,F03836,opera_android,engine_blink,yes,no,none
Q005816,12.1,F01677,safari,engine_webkit,no,no,2019-03-25
Q005817,4.4,F13887,webview_android,subtree_engine,yes,no,2013-12-09
Q005818,14.5,F06983,safari_ios,derivative1,no,no,2021-04-26
Q005819,14,F06481,safari,engine_webkit,no,no,2020-09-16
Q005820,14,F14763,opera_android,engine_blink,yes,no,2013-05-21
Q005821,147,F13280,firefox_android,random2,no,no,2026-01-13
Q005822,4.2,F10409,webview_ios,subtree_engine,yes,no,2010-11-22
Q005823,12.1,F11111,safari,lineage_pair,no,no,2019-03-25
Q005824,18,F13508,safari,engine_webkit,no,no,2024-09-16
Q005825,1.0,F14849,samsunginternet_android,subtree_engine,yes,no,2013-04-27
Q005826,11,F01645,safari_ios,engine_webkit,no,yes,2017-09-19
Q005827,109,F10901,webview_android,engine_blink,yes,no,2023-01-10
Q005828,41,F05592,opera_android,subtree_engine,yes,no,2016-10-25
Q005829,109,F02901,chrome_android,engine_blink,yes,yes,2023-01-10
Q005830,10,F02015,webview_ios,engine_webkit,no,no,2016-09-13
Q005831,false,F11074,safari_ios,engine_webkit,no,no,none
Q005832,10.3,F00338,safari_ios,engine_webkit,no,no,2017-03-27
Q005833,8,F12083,firefox_android,subtree_engine,yes,no,2011-11-08
Q005834,86,F17687,opera_android,engine_blink,yes,no,2024-12-02
Q005835,1,F05786,firefox,source1,no,no,2004-11-09
Q005836,12.1,F17086,opera_android,engine_blink,yes,no,2012-10-09
Q005837,11.3,F05417,webview_ios,engine_webkit,no,no,2018-03-29
Q005838,12,F15268,opera_android,engine_blink,yes,no,2012-02-25
Q005839,false,F09759,oculus,engine_blink,yes,no,none
Q005840,5.0,F17292,samsunginternet_android,subtree_engine,yes,no,2016-12-15
Q005841,5.0,F02522,oculus,engine_blink,yes,no,2018-07-01
Q005842,false,F03580,safari,engine_webkit,no,no,none
Q005843,79,F16214,edge,derivative1,no,no,2020-01-15
Q005844,25.0,F16234,samsunginternet_android,subtree_engine,yes,no,2024-04-24
Q005845,10.0,F17267,samsunginternet_android,engine_blink,yes,no,2019-08-22
Q005846,12,F15867,firefox,source1,no,no,2012-04-24
Q005847,16,F11710,safari_ios,subtree_engine,yes,no,2022-09-12
Q005848,false,F11442,firefox_android,derivative1,no,no,none
Q005849,16.0,F10596,oculus,engine_blink,yes,yes,2021-06-07
Q005850,79,F07801,opera,engine_blink,yes,no,2021-09-14
Q005851,43,F18244,chrome,random2,no,no,2015-05-19
Q005852,127,F00223,chrome,engine_blink,yes,no,2024-07-23
Q005853,18,F16897,safari_ios,lineage_pair,no,no,2024-09-16
Q005854,10,F06361,safari,engine_webkit,no,no,2016-09-20
Q005855,false,F05261,safari_ios,subtree_engine,yes,no,none
Q005856,9,F06460,chrome,source1,no,no,2011-02-03
Q005857,14,F03423,safari_ios,engine_webkit,no,yes,2020-09-16
Q005858,74,F07016,webview_android,random2,no,no,2019-04-24
Q005859,1.5,F11403,samsunginternet_android,engine_blink,yes,no,2013-09-25
Q005860,18,F04952,safari,source1,no,no,2024-09-16
Q005861,11,F06921,safari_ios,subtree_engine,yes,no,2017-09-19
Q005862,79,F13778,edge,subtree_engine,yes,no,2020-01-15
Q005863,26.2,F03664,webview_ios,subtree_engine,yes,no,2025-12-12
Q005864,135,F04063,chrome,source1,no,no,2025-04-01
Q005865,26,F13133,safari,engine_webkit,no,no,2025-09-15
Q005866,45,F05546,webview_android,engine_blink,yes,no,2015-09-01
Q005867,77,F03376,opera,lineage_pair,no,yes,2021-06-09
Q005868,26,F12737,safari,engine_webkit,no,no,2025-09-15
Q005869,1.0,F08552,samsunginternet_android,engine_blink,yes,no,2013-04-27
Q005870,16,F18153,safari,subtree_engine,yes,no,2022-09-12
Q005871,14,F13027,opera_android,subtree_engine,yes,no,2013-05-21
Q005872,33,F12428,chrome,engine_blink,yes,no,2014-02-20
Q005873,69,F07977,chrome,engine_blink,yes,no,2018-09-04
Q005874,15,F17480,opera,random2,no,no,2013-07-02
Q005875,1.0,F16864,samsunginternet_android,engine_blink,yes,no,2013-04-27
Q005876,35,F11493,opera,engine_blink,yes,no,2016-02-02
Q005877,13.4,F09431,safari_ios,engine_webkit,no,yes,2020-03-24
Q005878,7,F13604,safari_ios,subtree_engine,yes,no,2013-09-18
Q005879,false,F04727,webview_ios,engine_webkit,no,no,none
Q005880,false,F14471,safari_ios,engine_webkit,no,no,none
Q005881,4,F02966,firefox_android,lineage_pair,no,no,2011-03-29
Q005882,4.4,F08190,webview_android,engine_blink,yes,no,2013-12-09
Q005883,4.4,F17401,webview_android,engine_blink,yes,no,2013-12-09
Q005884,16.4,F12587,safari,lineage_pair,no,yes,2023-03-27
Q005885,124,F05890,webview_android,engine_blink,yes,no,2024-04-16
Q005886,65,F13957,firefox_android,random2,no,no,2019-01-29
Q005887,false,F03235,safari,engine_webkit,no,no,none
Q005888,1,F14824,safari_ios,engine_webkit,no,no,2007-06-29
Q005889,123,F15984,edge,engine_blink,yes,no,2024-03-22
Q005890,73,F12370,opera,engine_blink,yes,no,2020-12-09
Q005891,4,F03243,firefox_android,lineage_pair,no,no,2011-03-29
Q005892,false,F17467,oculus,subtree_engine,yes,no,none
Q005893,58,F12997,webview_android,subtree_engine,yes,no,2017-04-25
Q005894,4,F00882,opera,lineage_pair,no,no,2000-06-28
Q005895,57,F13213,chrome_android,engine_blink,yes,yes,2017-03-16
Q005896,5.0,F09724,oculus,engine_blink,yes,yes,2018-07-01
Q005897,3,F00464,safari,lineage_pair,no,no,2007-10-26
Q005898,73,F13501,firefox,lineage_pair,no,no,2020-02-11
Q005899,false,F15427,edge,engine_blink,yes,yes,none
Q005900,1.0,F12870,samsunginternet_android,engine_blink,yes,no,2013-04-27
Q005901,136,F08588,edge,subtree_engine,yes,no,2025-05-01
Q005902,false,F07680,webview_ios,engine_webkit,no,no,none
Q005903,7.0,F04521,samsunginternet_android,subtree_engine,yes,no,2018-03-16
Q005904,75,F02046,chrome,subtree_engine,yes,no,2019-06-04
Q005905,123,F12447,edge,derivative1,no,no,2024-03-22
Q005906,15.4,F08104,webview_ios,subtree_engine,yes,no,2022-03-14
Q005907,80,F02450,opera_android,engine_blink,yes,no,2024-01-25
Q005908,false,F07114,webview_ios,engine_webkit,no,yes,none
Q005909,12,F03286,edge,engine_blink,yes,no,2015-07-29
Q005910,26,F12923,safari,lineage_pair,no,no,2025-09-15
Q005911,26.4,F12256,webview_ios,derivative1,no,no,2026-03-24
Q005912,56,F11715,opera,engine_blink,yes,no,2018-09-25
Q005913,false,F01658,safari,subtree_engine,yes,no,none
Q005914,false,F01609,firefox_android,derivative1,no,no,none
Q005915,78,F13000,chrome,random2,no,no,2019-10-22
Q005916,14,F04491,opera_android,subtree_engine,yes,no,2013-05-21
Q005917,87,F08639,chrome,random2,no,no,2020-11-17
Q005918,84,F17288,chrome,source1,no,no,2020-07-27
Q005919,18,F07760,safari_ios,engine_webkit,no,yes,2024-09-16
Q005920,7,F04594,chrome,engine_blink,yes,no,2010-10-19
Q005921,15,F06461,opera,engine_blink,yes,no,2013-07-02
Q005922,52,F07439,webview_android,engine_blink,yes,no,2016-07-27
Q005923,12.0,F05952,oculus,engine_blink,yes,no,2020-11-03
Q005924,7,F02588,safari,lineage_pair,no,no,2013-10-22
Q005925,16.0,F17405,samsunginternet_android,engine_blink,yes,yes,2021-11-25
Q005926,79,F16695,firefox_android,lineage_pair,no,no,2020-07-28
Q005927,18,F04215,opera_android,subtree_engine,yes,no,2013-11-20
Q005928,66,F05122,chrome_android,subtree_engine,yes,no,2018-04-17
Q005929,144,F03334,edge,engine_blink,yes,no,2026-01-21
Q005930,4,F18287,firefox_android,random2,no,no,2011-03-29
Q005931,false,F09254,safari_ios,engine_webkit,no,no,none
Q005932,58,F17562,chrome,engine_blink,yes,no,2017-04-19
Q005933,1.0,F13027,samsunginternet_android,subtree_engine,yes,no,2013-04-27
Q005934,46,F01684,chrome_android,engine_blink,yes,no,2015-10-14
Q005935,74,F06736,chrome_android,engine_blink,yes,yes,2019-04-24
Q005936,1.0,F14293,samsunginternet_android,random2,no,no,2013-04-27
Q005937,16.4,F07909,webview_ios,engine_webkit,no,yes,2023-03-27
Q005938,141,F11158,edge,subtree_engine,yes,no,2025-10-03
Q005939,18.0,F03281,oculus,derivative1,no,no,2021-11-30
Q005940,66,F10193,webview_android,subtree_engine,yes,no,2018-04-17
Q005941,11,F09344,safari,lineage_pair,no,no,2017-09-19
Q005942,79,F15006,edge,engine_blink,yes,no,2020-01-15
Q005943,false,F10693,samsunginternet_android,engine_blink,yes,no,none
Q005944,false,F05116,safari_ios,random2,no,no,none
Q005945,11,F09851,safari_ios,engine_webkit,no,no,2017-09-19
Q005946,1.0,F05299,samsunginternet_android,subtree_engine,yes,no,2013-04-27
Q005947,7,F16326,opera,random2,no,no,2003-01-28
Q005948,91,F12038,webview_android,random2,no,yes,2021-05-25
Q005949,108,F13826,firefox,source1,no,no,2022-12-13
Q005950,125,F05184,firefox_android,lineage_pair,no,no,2024-04-16
Q005951,138,F13971,chrome_android,engine_blink,yes,no,2025-06-24
Q005952,131,F08161,opera,engine_blink,yes,no,2026-04-29
Q005953,5.0,F01542,oculus,random2,no,no,2018-07-01
Q005954,26,F05588,webview_ios,engine_webkit,no,no,2025-09-15
Q005955,147,F16085,firefox_android,lineage_pair,no,no,2026-01-13
Q005956,43,F01799,opera,subtree_engine,yes,no,2017-02-07
Q005957,87,F01083,chrome_android,engine_blink,yes,no,2020-11-17
Q005958,5.0,F16371,oculus,derivative1,no,no,2018-07-01
Q005959,79,F10523,edge,engine_blink,yes,no,2020-01-15
Q005960,5.0,F06090,oculus,engine_blink,yes,no,2018-07-01
Q005961,4.0,F00913,samsunginternet_android,engine_blink,yes,no,2016-03-11
Q005962,1,F12494,firefox,lineage_pair,no,no,2004-11-09
Q005963,13.4,F12802,webview_ios,engine_webkit,no,yes,2020-03-24
Q005964,135,F11948,chrome,engine_blink,yes,no,2025-04-01
Q005965,5.0,F05471,oculus,engine_blink,yes,no,2018-07-01
Q005966,false,F18248,safari,engine_webkit,no,no,none
Q005967,false,F16527,safari,engine_webkit,no,yes,none
Q005968,14,F08474,opera_android,engine_blink,yes,no,2013-05-21
Q005969,1,F07808,chrome,engine_blink,yes,no,2008-12-11
Q005970,128,F17838,edge,engine_blink,yes,no,2024-08-22
Q005971,80,F03931,webview_android,engine_blink,yes,no,2020-02-04
Q005972,26,F08073,webview_ios,engine_webkit,no,no,2025-09-15
Q005973,10.1,F06280,opera_android,engine_blink,yes,no,2010-11-09
Q005974,4.4,F07038,webview_android,engine_blink,yes,no,2013-12-09
Q005975,38.1,F04971,oculus,engine_blink,yes,no,2025-04-23
Q005976,77,F16661,opera,subtree_engine,yes,no,2021-06-09
Q005977,false,F12482,oculus,engine_blink,yes,no,none
Q005978,7.0,F01385,samsunginternet_android,subtree_engine,yes,no,2018-03-16
Q005979,12,F06397,webview_ios,lineage_pair,no,no,2018-09-17
Q005980,6.0,F07872,oculus,engine_blink,yes,no,2019-08-12
Q005981,109,F10901,edge,engine_blink,yes,no,2023-01-12
Q005982,false,F16688,samsunginternet_android,engine_blink,yes,no,none
Q005983,15,F10872,opera,engine_blink,yes,no,2013-07-02
Q005984,16.4,F11020,webview_ios,engine_webkit,no,no,2023-03-27
Q005985,false,F00453,webview_ios,lineage_pair,no,no,none
Q005986,1,F15613,chrome,subtree_engine,yes,no,2008-12-11
Q005987,12,F13758,opera,engine_blink,yes,no,2012-06-14
Q005988,109,F11682,chrome_android,subtree_engine,yes,yes,2023-01-10
Q005989,false,F12548,webview_ios,lineage_pair,no,no,none
Q005990,18,F03029,chrome_android,engine_blink,yes,no,2012-06-27
Q005991,11,F06640,webview_ios,engine_webkit,no,no,2017-09-19
Q005992,16.4,F11523,safari_ios,engine_webkit,no,no,2023-03-27
Q005993,80,F05329,edge,subtree_engine,yes,no,2020-02-07
Q005994,1,F12037,webview_ios,engine_webkit,no,no,2007-06-29
Q005995,31.2,F02084,oculus,random2,no,yes,2024-01-15
Q005996,89,F01220,chrome_android,lineage_pair,no,no,2021-03-02
Q005997,12.1,F15602,opera_android,engine_blink,yes,no,2012-10-09
Q005998,108,F04916,chrome,engine_blink,yes,no,2022-11-29
Q005999,15,F07843,edge,engine_blink,yes,no,2017-04-05
Q006000,15.4,F11524,safari_ios,subtree_engine,yes,no,2022-03-14
Q006001,false,F02175,webview_ios,engine_webkit,no,no,none
Q006002,109,F06158,chrome_android,lineage_pair,no,yes,2023-01-10
Q006003,7,F09608,safari,engine_webkit,no,no,2013-10-22
Q006004,5,F15873,webview_ios,engine_webkit,no,no,2011-10-12
Q006005,4.4.3,F02735,webview_android,derivative1,no,no,2014-06-02
Q006006,false,F16486,oculus,engine_blink,yes,no,none
Q006007,5.0,F12249,oculus,derivative1,no,no,2018-07-01
Q006008,12,F05982,edge,engine_blink,yes,no,2015-07-29
Q006009,12,F10028,edge,engine_blink,yes,no,2015-07-29
Q006010,58,F11234,firefox_android,derivative1,no,no,2018-01-22
Q006011,69,F14230,chrome,engine_blink,yes,no,2018-09-04
Q006012,15,F07843,opera,engine_blink,yes,no,2013-07-02
Q006013,5.0,F14849,oculus,subtree_engine,yes,no,2018-07-01
Q006014,7.0,F01365,samsunginternet_android,subtree_engine,yes,no,2018-03-16
Q006015,45,F05546,chrome_android,engine_blink,yes,no,2015-09-01
Q006016,5.0,F04387,oculus,engine_blink,yes,no,2018-07-01
Q006017,false,F14084,firefox_android,subtree_engine,yes,no,none
Q006018,1,F13871,safari,source1,no,no,2003-06-23
Q006019,false,F17448,firefox_android,subtree_engine,yes,no,none
Q006020,142,F03853,firefox,lineage_pair,no,no,2025-08-19
Q006021,11,F09730,safari,engine_webkit,no,yes,2017-09-19
Q006022,52,F07515,opera_android,subtree_engine,yes,no,2019-05-17
Q006023,70,F10241,opera_android,engine_blink,yes,no,2022-06-29
Q006024,51,F13011,firefox,subtree_engine,yes,no,2017-01-24
Q006025,4,F00899,firefox,lineage_pair,no,no,2011-03-22
Q006026,145,F02117,firefox_android,derivative1,no,no,2025-11-11
Q006027,115,F00355,firefox_android,random2,no,no,2023-07-04
Q006028,false,F05813,safari,engine_webkit,no,no,none
Q006029,18,F18420,edge,engine_blink,yes,no,2018-10-02
Q006030,23.0,F06760,samsunginternet_android,engine_blink,yes,no,2023-10-18
Q006031,105,F02421,edge,subtree_engine,yes,no,2022-09-01
Q006032,11,F06824,safari,engine_webkit,no,yes,2017-09-19
Q006033,1,F10057,safari,engine_webkit,no,no,2003-06-23
Q006034,58,F11557,firefox,source1,no,no,2018-01-23
Q006035,16.4,F13494,safari_ios,engine_webkit,no,no,2023-03-27
Q006036,1,F06687,chrome,engine_blink,yes,no,2008-12-11
Q006037,91,F16341,edge,engine_blink,yes,yes,2021-05-27
Q006038,false,F13645,safari,engine_webkit,no,no,none
Q006039,13.4,F09431,webview_ios,engine_webkit,no,yes,2020-03-24
Q006040,12.1,F02848,opera_android,engine_blink,yes,no,2012-10-09
Q006041,75,F15203,firefox,subtree_engine,yes,no,2020-04-07
Q006042,5.0,F06138,oculus,engine_blink,yes,no,2018-07-01
Q006043,79,F02863,edge,subtree_engine,yes,no,2020-01-15
Q006044,12.1,F07787,opera_android,random2,no,no,2012-10-09
Q006045,3.0,F06090,samsunginternet_android,engine_blink,yes,no,2015-04-10
Q006046,8,F07260,firefox_android,subtree_engine,yes,no,2011-11-08
Q006047,83,F14167,chrome,lineage_pair,no,no,2020-05-19
Q006048,57,F15639,chrome_android,engine_blink,yes,yes,2017-03-16
Q006049,72,F04440,chrome,engine_blink,yes,no,2019-01-29
Q006050,3,F09243,safari,random2,no,no,2007-10-26
Q006051,25,F18272,chrome_android,subtree_engine,yes,no,2013-02-27
Q006052,1,F02710,safari_ios,subtree_engine,yes,no,2007-06-29
Q006053,64,F14401,firefox,source1,no,no,2018-12-11
Q006054,1,F08912,safari_ios,engine_webkit,no,no,2007-06-29
Q006055,33,F09392,firefox,lineage_pair,no,no,2014-10-14
Q006056,110,F02642,chrome_android,engine_blink,yes,no,2023-02-07
Q006057,false,F01519,safari,engine_webkit,no,no,none
Q006058,false,F03256,webview_ios,engine_webkit,no,no,none
Q006059,4.4,F11365,webview_android,engine_blink,yes,no,2013-12-09
Q006060,4,F15628,safari,random2,no,no,2009-06-08
Q006061,4.4,F04711,webview_android,random2,no,no,2013-12-09
Q006062,41,F04572,firefox_android,subtree_engine,yes,no,2015-09-22
Q006063,1,F00576,chrome,source1,no,no,2008-12-11
Q006064,1,F03894,webview_ios,lineage_pair,no,no,2007-06-29
Q006065,124,F09292,opera,engine_blink,yes,no,2025-11-13
Q006066,95,F01781,opera,random2,no,yes,2023-02-01
Q006067,false,F12395,safari_ios,engine_webkit,no,no,none
Q006068,118,F04020,chrome_android,engine_blink,yes,no,2023-10-10
Q006069,38,F14425,chrome,engine_blink,yes,no,2014-10-07
Q006070,1,F13176,webview_ios,engine_webkit,no,no,2007-06-29
Q006071,1.0,F10486,samsunginternet_android,engine_blink,yes,no,2013-04-27
Q006072,2.2,F01062,webview_android,random2,no,no,2010-05-20
Q006073,35,F14731,firefox_android,random2,no,no,2015-01-13
Q006074,5.0,F03286,oculus,engine_blink,yes,no,2018-07-01
Q006075,false,F02254,webview_ios,subtree_engine,yes,no,none
Q006076,61,F06348,webview_android,engine_blink,yes,no,2017-09-05
Q006077,5,F11868,safari,random2,no,no,2010-06-07
Q006078,102,F10241,chrome,engine_blink,yes,no,2022-05-24
Q006079,10,F04716,safari,engine_webkit,no,no,2016-09-20
Q006080,16.4,F16210,safari,engine_webkit,no,no,2023-03-27
Q006081,7,F04156,chrome,engine_blink,yes,no,2010-10-19
Q006082,84,F17462,opera_android,engine_blink,yes,no,2024-08-26
Q006083,114,F01647,chrome_android,engine_blink,yes,no,2023-05-30
Q006084,66,F02811,opera,subtree_engine,yes,no,2020-01-07
Q006085,109,F01921,edge,engine_blink,yes,yes,2023-01-12
Q006086,27,F11003,webview_ios,engine_webkit,no,no,2026-09-14
Q006087,103,F08711,opera,random2,no,no,2023-10-03
Q006088,22,F13279,firefox,lineage_pair,no,no,2013-06-25
Q006089,26,F01563,safari_ios,engine_webkit,no,no,2025-09-15
Q006090,76,F07427,chrome,engine_blink,yes,no,2019-07-30
Q006091,false,F04738,opera,subtree_engine,yes,no,none
Q006092,false,F13455,webview_ios,subtree_engine,yes,no,none
Q006093,69,F17267,webview_android,engine_blink,yes,no,2018-09-04
Q006094,94,F06537,chrome,engine_blink,yes,no,2021-09-21
Q006095,125,F04368,chrome,lineage_pair,no,no,2024-05-14
Q006096,14.5,F02768,webview_ios,lineage_pair,no,no,2021-04-26
Q006097,14,F17032,safari,random2,no,no,2020-09-16
Q006098,18.0,F03579,oculus,random2,no,no,2021-11-30
Q006099,8,F01733,safari_ios,engine_webkit,no,no,2014-09-17
Q006100,4,F16547,safari,engine_webkit,no,no,2009-06-08
Q006101,12.2,F14491,webview_ios,engine_webkit,no,no,2019-03-25
Q006102,70,F08720,chrome,engine_blink,yes,no,2018-10-16
Q006103,false,F16708,firefox,source1,no,no,none
Q006104,14,F01204,opera_android,engine_blink,yes,no,2013-05-21
Q006105,52,F13883,firefox,subtree_engine,yes,no,2017-03-07
Q006106,5,F17229,chrome,engine_blink,yes,no,2010-05-25
Q006107,12,F04599,edge,engine_blink,yes,no,2015-07-29
Q006108,94,F10116,chrome,engine_blink,yes,no,2021-09-21
Q006109,150,F06381,chrome_android,lineage_pair,no,no,2026-06-30
Q006110,false,F14585,safari,source1,no,no,none
Q006111,80,F13866,opera,derivative1,no,no,2021-10-05
Q006112,123,F07459,opera,engine_blink,yes,no,2025-10-28
Q006113,false,F18030,firefox,source1,no,no,none
Q006114,38,F05221,opera,random2,no,no,2016-06-08
Q006115,18.0,F02512,oculus,subtree_engine,yes,no,2021-11-30
Q006116,72,F02421,opera_android,subtree_engine,yes,no,2022-10-21
Q006117,16.0,F07437,oculus,random2,no,yes,2021-06-07
Q006118,83,F12028,opera_android,engine_blink,yes,no,2024-06-25
Q006119,11,F07772,safari_ios,lineage_pair,no,no,2017-09-19
Q006120,125,F11191,chrome_android,engine_blink,yes,no,2024-05-14
Q006121,12,F15751,edge,subtree_engine,yes,no,2015-07-29
Q006122,false,F07985,safari,engine_webkit,no,no,none
Q006123,13.4,F14848,safari_ios,engine_webkit,no,no,2020-03-24
Q006124,77,F10630,opera,derivative1,no,yes,2021-06-09
Q006125,18,F10872,chrome_android,engine_blink,yes,no,2012-06-27
Q006126,31.2,F07484,oculus,subtree_engine,yes,no,2024-01-15
Q006127,9.0,F13129,oculus,subtree_engine,yes,no,2020-04-24
Q006128,5.0,F03582,samsunginternet_android,subtree_engine,yes,no,2016-12-15
Q006129,25,F17996,chrome_android,engine_blink,yes,no,2013-02-27
Q006130,4.4,F13595,webview_android,random2,no,no,2013-12-09
Q006131,72,F01876,opera_android,subtree_engine,yes,no,2022-10-21
Q006132,6,F00263,firefox_android,subtree_engine,yes,no,2011-08-16
Q006133,135,F05308,chrome_android,engine_blink,yes,no,2025-04-01
Q006134,76,F18387,firefox,lineage_pair,no,no,2020-05-05
Q006135,69,F04722,chrome,engine_blink,yes,no,2018-09-04
Q006136,79,F02538,edge,engine_blink,yes,no,2020-01-15
Q006137,9,F04558,safari_ios,engine_webkit,no,no,2015-09-16
Q006138,80,F04889,webview_android,subtree_engine,yes,no,2020-02-04
Q006139,7,F13478,safari,engine_webkit,no,no,2013-10-22
Q006140,5.0,F04215,oculus,subtree_engine,yes,no,2018-07-01
Q006141,117,F01823,firefox_android,lineage_pair,no,no,2023-08-29
Q006142,37,F03582,opera,subtree_engine,yes,no,2016-05-04
Q006143,26,F17256,safari,lineage_pair,no,no,2025-09-15
Q006144,122,F07055,opera,engine_blink,yes,no,2025-09-11
Q006145,10,F11613,safari,source1,no,no,2016-09-20
Q006146,51,F02181,firefox_android,lineage_pair,no,no,2017-01-24
Q006147,84,F14808,edge,subtree_engine,yes,no,2020-07-16
Q006148,12.1,F00261,opera,engine_blink,yes,no,2012-11-20
Q006149,37,F02633,opera,subtree_engine,yes,no,2016-05-04
Q006150,11.1,F05417,safari,engine_webkit,no,no,2018-04-12
Q006151,82,F11992,opera,random2,no,no,2021-12-02
Q006152,149,F02666,webview_android,engine_blink,yes,no,2026-06-02
Q006153,150,F17988,firefox,lineage_pair,no,no,2026-04-21
Q006154,3,F01193,chrome,engine_blink,yes,no,2009-09-15
Q006155,false,F10664,edge,subtree_engine,yes,no,none
Q006156,8,F14264,chrome,engine_blink,yes,no,2010-12-02
Q006157,2,F06775,webview_android,engine_blink,yes,no,2009-10-26
Q006158,126,F13815,chrome_android,engine_blink,yes,no,2024-06-11
Q006159,137,F01362,chrome_android,random2,no,yes,2025-05-27
Q006160,151,F12464,webview_android,random2,no,no,2026-07-28
Q006161,34,F08053,oculus,engine_blink,yes,no,2024-06-26
Q006162,11,F16402,safari,engine_webkit,no,yes,2017-09-19
Q006163,79,F03836,edge,engine_blink,yes,no,2020-01-15
Q006164,36,F16498,opera,engine_blink,yes,no,2016-03-15
Q006165,28.0,F14345,samsunginternet_android,engine_blink,yes,no,2025-04-02
Q006166,80,F05245,chrome,subtree_engine,yes,no,2020-02-04
Q006167,51,F05262,firefox_android,lineage_pair,no,no,2017-01-24
Q006168,false,F04856,firefox,source1,no,no,none
Q006169,5,F15958,safari_ios,engine_webkit,no,yes,2011-10-12
Q006170,false,F03440,webview_android,random2,no,no,none
Q006171,25,F13608,chrome_android,engine_blink,yes,no,2013-02-27
Q006172,47,F11769,chrome_android,lineage_pair,no,no,2015-12-02
Q006173,1,F09759,chrome,engine_blink,yes,no,2008-12-11
Q006174,1,F02748,chrome,engine_blink,yes,no,2008-12-11
Q006175,16.4,F12458,webview_ios,lineage_pair,no,no,2023-03-27
Q006176,14.5,F05824,webview_ios,derivative1,no,no,2021-04-26
Q006177,9.1,F10014,safari,lineage_pair,no,no,2016-03-21
Q006178,26,F12044,safari_ios,engine_webkit,no,no,2025-09-15
Q006179,147,F04005,firefox_android,derivative1,no,no,2026-01-13
Q006180,148,F02440,chrome_android,engine_blink,yes,no,2026-05-05
Q006181,125,F16166,chrome,source1,no,no,2024-05-14
Q006182,5.0,F02825,oculus,engine_blink,yes,no,2018-07-01
Q006183,false,F08361,safari,source1,no,no,none
Q006184,13,F05957,safari_ios,subtree_engine,yes,no,2019-09-19
Q006185,false,F18266,webview_ios,random2,no,no,none
Q006186,1,F17175,chrome,random2,no,no,2008-12-11
Q006187,72,F00639,opera,subtree_engine,yes,no,2020-10-21
Q006188,112,F07839,opera,engine_blink,yes,no,2024-07-11
Q006189,63,F04466,chrome,engine_blink,yes,no,2017-12-06
Q006190,43,F03346,opera_android,subtree_engine,yes,no,2017-09-27
Q006191,7.0,F15639,samsunginternet_android,engine_blink,yes,yes,2018-03-16
Q006192,5.0,F14175,oculus,subtree_engine,yes,no,2018-07-01
Q006193,84,F11141,webview_android,random2,no,no,2020-07-27
Q006194,129,F08974,edge,derivative1,no,no,2024-09-19
Q006195,57,F13668,chrome,engine_blink,yes,no,2017-03-09
Q006196,false,F09844,opera,engine_blink,yes,no,none
Q006197,4,F12550,chrome,engine_blink,yes,no,2010-01-25
Q006198,1.0,F06531,samsunginternet_android,random2,no,no,2013-04-27
Q006199,false,F00228,firefox_android,derivative1,no,no,none
Q006200,60,F05243,chrome_android,subtree_engine,yes,no,2017-08-01
Q006201,28.0,F17462,samsunginternet_android,engine_blink,yes,no,2025-04-02
Q006202,6.0,F08720,oculus,engine_blink,yes,no,2019-08-12
Q006203,16,F01888,safari,engine_webkit,no,no,2022-09-12
Q006204,7.0,F03632,samsunginternet_android,engine_blink,yes,yes,2018-03-16
Q006205,55,F13241,firefox,source1,no,no,2017-08-08
Q006206,26,F03031,safari,source1,no,no,2025-09-15
Q006207,5.0,F09084,oculus,engine_blink,yes,no,2018-07-01
Q006208,76,F05698,chrome,engine_blink,yes,no,2019-07-30
Q006209,26,F03679,webview_ios,random2,no,no,2025-09-15
Q006210,27.0,F12455,samsunginternet_android,derivative1,no,no,2024-11-06
Q006211,4,F00079,firefox_android,derivative1,no,no,2011-03-29
Q006212,128,F17838,chrome_android,engine_blink,yes,no,2024-08-20
Q006213,117,F13683,chrome,source1,no,no,2023-09-12
Q006214,102,F07002,chrome,engine_blink,yes,no,2022-05-24
Q006215,false,F09857,safari_ios,engine_webkit,no,no,none
Q006216,false,F00714,oculus,random2,no,yes,none
Q006217,5.0,F15613,oculus,subtree_engine,yes,no,2018-07-01
Q006218,120,F10503,chrome,engine_blink,yes,yes,2023-12-05
Q006219,14.5,F08364,webview_ios,engine_webkit,no,no,2021-04-26
Q006220,false,F04171,firefox_android,lineage_pair,no,no,none
Q006221,105,F09237,chrome_android,subtree_engine,yes,no,2022-09-02
Q006222,5.0,F14425,oculus,engine_blink,yes,no,2018-07-01
Q006223,false,F08009,safari_ios,derivative1,no,no,none
Q006224,false,F02678,opera,engine_blink,yes,no,none
Q006225,17.5,F08832,safari_ios,engine_webkit,no,no,2024-05-13
Q006226,15,F05448,firefox_android,lineage_pair,no,no,2012-08-28
Q006227,4.4,F04981,webview_android,engine_blink,yes,no,2013-12-09
Q006228,false,F11975,opera,derivative1,no,no,none
Q006229,4.4,F11099,webview_android,engine_blink,yes,no,2013-12-09
Q006230,138,F07055,chrome,engine_blink,yes,no,2025-06-24
Q006231,18,F07182,chrome_android,engine_blink,yes,no,2012-06-27
Q006232,121,F04976,webview_android,engine_blink,yes,no,2024-01-23
Q006233,5.0,F05636,oculus,engine_blink,yes,no,2018-07-01
Q006234,11.0,F15936,samsunginternet_android,random2,no,yes,2019-12-05
Q006235,false,F14407,safari,random2,no,no,none
Q006236,false,F08306,opera,engine_blink,yes,yes,none
Q006237,3.5,F15102,firefox,subtree_engine,yes,no,2009-06-30
Q006238,80,F14822,chrome,engine_blink,yes,no,2020-02-04
Q006239,33,F01684,opera,engine_blink,yes,no,2015-10-27
Q006240,56,F10243,chrome,subtree_engine,yes,no,2017-01-25
Q006241,6.0,F10890,samsunginternet_android,engine_blink,yes,no,2017-08-23
Q006242,11,F14051,safari,engine_webkit,no,no,2017-09-19
Q006243,12.2,F11901,webview_ios,lineage_pair,no,no,2019-03-25
Q006244,79,F07107,edge,engine_blink,yes,no,2020-01-15
Q006245,false,F11389,webview_ios,lineage_pair,no,no,none
Q006246,99,F18126,chrome_android,derivative1,no,no,2022-03-01
Q006247,13.0,F01083,oculus,engine_blink,yes,no,2020-12-10
Q006248,11,F00800,safari,source1,no,yes,2017-09-19
Q006249,62,F17016,webview_android,engine_blink,yes,no,2017-10-24
Q006250,31,F14534,firefox_android,lineage_pair,no,no,2014-07-22
Q006251,9,F09646,opera,subtree_engine,yes,no,2006-06-20
Q006252,false,F08751,oculus,engine_blink,yes,no,none
Q006253,106,F12192,chrome,lineage_pair,no,no,2022-09-27
Q006254,85,F06102,opera,engine_blink,yes,no,2022-03-23
Q006255,25.0,F02600,samsunginternet_android,derivative1,no,no,2024-04-24
Q006256,14,F07746,safari,engine_webkit,no,no,2020-09-16
Q006257,false,F06164,webview_android,engine_blink,yes,no,none
Q006258,5.0,F11278,oculus,subtree_engine,yes,no,2018-07-01
Q006259,12.2,F12798,safari_ios,engine_webkit,no,no,2019-03-25
Q006260,false,F01666,safari_ios,engine_webkit,no,no,none
Q006261,12,F02039,edge,engine_blink,yes,no,2015-07-29
Q006262,91,F06304,opera_android,engine_blink,yes,no,2025-08-19
Q006263,16.4,F04376,safari_ios,engine_webkit,no,no,2023-03-27
Q006264,36,F00365,oculus,engine_blink,yes,no,2024-11-06
Q006265,1.0,F04156,samsunginternet_android,engine_blink,yes,no,2013-04-27
Q006266,94,F06537,chrome_android,engine_blink,yes,no,2021-09-21
Q006267,64,F03200,opera_android,random2,no,yes,2021-05-25
Q006268,58,F11461,webview_android,subtree_engine,yes,no,2017-04-25
Q006269,138,F13971,chrome,engine_blink,yes,no,2025-06-24
Q006270,26.2,F13394,safari_ios,subtree_engine,yes,no,2025-12-12
Q006271,5.0,F11545,oculus,random2,no,no,2018-07-01
Q006272,12.2,F17867,safari_ios,lineage_pair,no,no,2019-03-25
Q006273,false,F16373,safari,source1,no,no,none
Q006274,150,F09615,webview_android,engine_blink,yes,no,2026-06-30
Q006275,16.4,F04364,safari_ios,engine_webkit,no,no,2023-03-27
Q006276,57,F15361,opera_android,subtree_engine,yes,no,2020-03-30
Q006277,4.2,F04384,safari_ios,random2,no,no,2010-11-22
Q006278,108,F01179,chrome_android,engine_blink,yes,no,2022-11-29
Q006279,14,F08682,opera_android,engine_blink,yes,no,2013-05-21
Q006280,15.1,F07741,safari_ios,random2,no,yes,2021-10-25
Q006281,false,F16678,chrome_android,engine_blink,yes,no,none
Q006282,16.4,F05510,safari_ios,random2,no,yes,2023-03-27
Q006283,12,F15998,edge,engine_blink,yes,no,2015-07-29
Q006284,88,F07628,opera_android,engine_blink,yes,no,2025-03-19
Q006285,10,F04494,safari_ios,engine_webkit,no,yes,2016-09-13
Q006286,12.0,F13093,oculus,subtree_engine,yes,no,2020-11-03
Q006287,33,F09253,chrome_android,engine_blink,yes,no,2014-02-26
Q006288,14.0,F00639,samsunginternet_android,subtree_engine,yes,no,2021-04-17
Q006289,5.0,F04370,oculus,derivative1,no,no,2018-07-01
Q006290,false,F01683,firefox,subtree_engine,yes,no,none
Q006291,58,F18216,opera_android,subtree_engine,yes,no,2020-05-13
Q006292,79,F03501,edge,engine_blink,yes,no,2020-01-15
Q006293,79,F18111,firefox_android,derivative1,no,no,2020-07-28
Q006294,18.2,F16431,safari_ios,lineage_pair,no,no,2024-12-11
Q006295,58,F18210,webview_android,subtree_engine,yes,no,2017-04-25
Q006296,9,F16697,webview_ios,random2,no,no,2015-09-16
Q006297,17,F05354,edge,engine_blink,yes,no,2018-04-30
Q006298,129,F17426,chrome,engine_blink,yes,no,2024-09-17
Q006299,11,F16031,safari,source1,no,no,2017-09-19
Q006300,1,F06118,webview_ios,lineage_pair,no,no,2007-06-29
Q006301,50,F04170,opera_android,engine_blink,yes,no,2019-02-18
Q006302,5.0,F05055,oculus,engine_blink,yes,yes,2018-07-01
Q006303,9,F06686,webview_ios,random2,no,no,2015-09-16
Q006304,9,F00142,safari_ios,engine_webkit,no,no,2015-09-16
Q006305,5.0,F18021,oculus,subtree_engine,yes,no,2018-07-01
Q006306,5,F07312,firefox_android,lineage_pair,no,no,2011-06-21
Q006307,105,F09237,chrome,subtree_engine,yes,no,2022-09-02
Q006308,false,F18192,firefox_android,derivative1,no,no,none
Q006309,26.2,F16126,webview_ios,random2,no,no,2025-12-12
Q006310,false,F11061,samsunginternet_android,engine_blink,yes,no,none
Q006311,false,F16593,firefox_android,subtree_engine,yes,no,none
Q006312,false,F11555,safari_ios,random2,no,no,none
Q006313,14,F14763,chrome,engine_blink,yes,no,2011-09-16
Q006314,3,F10322,safari,subtree_engine,yes,no,2007-10-26
Q006315,18,F07760,webview_ios,engine_webkit,no,yes,2024-09-16
Q006316,5.0,F06687,oculus,engine_blink,yes,no,2018-07-01
Q006317,116,F17719,opera,engine_blink,yes,no,2025-01-08
Q006318,48,F10611,opera,engine_blink,yes,no,2017-09-27
Q006319,29.0,F04413,samsunginternet_android,subtree_engine,yes,no,2025-10-25
Q006320,12.1,F00460,opera_android,engine_blink,yes,no,2012-10-09
Q006321,1,F07945,safari_ios,engine_webkit,no,no,2007-06-29
Q006322,10.0,F10786,samsunginternet_android,engine_blink,yes,no,2019-08-22
Q006323,5.0,F17086,oculus,engine_blink,yes,no,2018-07-01
Q006324,7.0,F05055,samsunginternet_android,engine_blink,yes,yes,2018-03-16
Q006325,8,F16571,webview_ios,derivative1,no,no,2014-09-17
Q006326,3,F08597,safari,subtree_engine,yes,no,2007-10-26
Q006327,94,F02024,edge,engine_blink,yes,no,2021-09-24
Q006328,1,F08349,safari_ios,engine_webkit,no,no,2007-06-29
Q006329,81,F01629,chrome,random2,no,no,2020-04-07
Q006330,16,F12357,safari,subtree_engine,yes,no,2022-09-12
Q006331,16.4,F11964,safari,engine_webkit,no,yes,2023-03-27
Q006332,26.4,F12306,safari,source1,no,no,2026-03-24
Q006333,25.0,F10503,samsunginternet_android,engine_blink,yes,yes,2024-04-24
Q006334,12,F10778,edge,subtree_engine,yes,no,2015-07-29
Q006335,4.4,F03286,webview_android,engine_blink,yes,no,2013-12-09
Q006336,13,F17186,safari,subtree_engine,yes,no,2019-09-19
Q006337,74,F03245,opera_android,engine_blink,yes,yes,2023-03-13
Q006338,12,F04312,edge,subtree_engine,yes,no,2015-07-29
Q006339,4,F09154,webview_android,derivative1,no,no,2011-10-18
Q006340,90,F04674,opera,subtree_engine,yes,no,2022-08-18
Q006341,10.0,F15507,samsunginternet_android,random2,no,no,2019-08-22
Q006342,79,F14994,firefox_android,lineage_pair,no,yes,2020-07-28
Q006343,54,F05854,webview_android,engine_blink,yes,no,2016-10-19
Q006344,39,F04561,oculus,engine_blink,yes,no,2025-06-25
Q006345,79,F06113,edge,subtree_engine,yes,no,2020-01-15
Q006346,141,F07609,firefox,random2,no,no,2025-07-22
Q006347,1.2,F03301,safari,engine_webkit,no,no,2004-02-02
Q006348,69,F03939,chrome,subtree_engine,yes,no,2018-09-04
Q006349,139,F16468,chrome_android,engine_blink,yes,no,2025-08-05
Q006350,1.2,F07345,safari,subtree_engine,yes,no,2004-02-02
Q006351,15.4,F03917,webview_ios,derivative1,no,no,2022-03-14
Q006352,1,F10117,safari_ios,engine_webkit,no,no,2007-06-29
Q006353,91,F10596,chrome,engine_blink,yes,yes,2021-05-25
Q006354,86,F00241,chrome,subtree_engine,yes,no,2020-10-20
Q006355,12.1,F10216,opera,engine_blink,yes,no,2012-11-20
Q006356,false,F06566,firefox,source1,no,no,none
Q006357,110,F05586,webview_android,engine_blink,yes,no,2023-02-07
Q006358,144,F16883,firefox_android,lineage_pair,no,no,2025-10-14
Q006359,147,F01131,firefox_android,random2,no,no,2026-01-13
Q006360,129,F04052,webview_android,engine_blink,yes,no,2024-09-17
Q006361,8.0,F16727,samsunginternet_android,engine_blink,yes,no,2018-07-18
Q006362,16,F08903,webview_ios,subtree_engine,yes,no,2022-09-12
Q006363,12,F09075,edge,engine_blink,yes,no,2015-07-29
Q006364,55,F05795,chrome,source1,no,no,2016-12-01
Q006365,63,F01953,firefox,source1,no,no,2018-10-23
Q006366,135,F11948,edge,engine_blink,yes,no,2025-04-04
Q006367,4.4,F13027,webview_android,subtree_engine,yes,no,2013-12-09
Q006368,4.0,F00347,samsunginternet_android,subtree_engine,yes,no,2016-03-11
Q006369,13.4,F12295,webview_ios,engine_webkit,no,no,2020-03-24
Q006370,5.0,F14264,oculus,engine_blink,yes,no,2018-07-01
Q006371,false,F18056,safari,lineage_pair,no,yes,none
Q006372,79,F18266,chrome_android,random2,no,no,2019-12-17
Q006373,44,F05102,opera,engine_blink,yes,yes,2017-03-21
Q006374,56,F00467,opera,random2,no,no,2018-09-25
Q006375,136,F03196,firefox_android,random2,no,no,2025-03-04
Q006376,23,F09403,chrome,engine_blink,yes,no,2012-11-06
Q006377,4.4,F02039,webview_android,engine_blink,yes,no,2013-12-09
Q006378,48,F07623,opera_android,random2,no,no,2018-11-08
Q006379,14,F07038,opera_android,engine_blink,yes,no,2013-05-21
Q006380,26,F13133,webview_ios,engine_webkit,no,no,2025-09-15
Q006381,3.2,F12495,safari_ios,engine_webkit,no,no,2010-04-03
Q006382,26,F08073,safari_ios,engine_webkit,no,no,2025-09-15
Q006383,70,F15015,opera,engine_blink,yes,no,2020-07-27
Q006384,37,F11917,opera,subtree_engine,yes,no,2016-05-04
Q006385,80,F09863,chrome_android,subtree_engine,yes,no,2020-02-04
Q006386,13.0,F16956,oculus,random2,no,no,2020-12-10
Q006387,10.0,F04722,samsunginternet_android,engine_blink,yes,no,2019-08-22
Q006388,16.4,F16480,webview_ios,random2,no,yes,2023-03-27
Q006389,131,F17467,opera,subtree_engine,yes,no,2026-04-29
Q006390,48,F10786,opera_android,engine_blink,yes,no,2018-11-08
Q006391,56,F11708,chrome,subtree_engine,yes,no,2017-01-25
Q006392,1,F10031,chrome,random2,no,no,2008-12-11
Q006393,false,F01460,oculus,engine_blink,yes,yes,none
Q006394,18,F04372,chrome_android,random2,no,no,2012-06-27
Q006395,129,F17687,webview_android,engine_blink,yes,no,2024-09-17
Q006396,12.1,F06247,opera_android,engine_blink,yes,no,2012-10-09
Q006397,1,F04339,chrome,engine_blink,yes,no,2008-12-11
Q006398,123,F15984,chrome,engine_blink,yes,no,2024-03-19
Q006399,18,F15780,chrome_android,engine_blink,yes,no,2012-06-27
Q006400,86,F04397,opera_android,engine_blink,yes,no,2024-12-02
Q006401,14.5,F17939,webview_ios,engine_webkit,no,no,2021-04-26
Q006402,13,F02476,safari_ios,derivative1,no,no,2019-09-19
Q006403,3,F06280,opera,engine_blink,yes,no,1997-12-01
Q006404,95,F04999,opera,engine_blink,yes,yes,2023-02-01
Q006405,139,F10567,edge,engine_blink,yes,no,2025-08-07
Q006406,79,F17840,edge,engine_blink,yes,no,2020-01-15
Q006407,18,F02522,chrome_android,engine_blink,yes,no,2012-06-27
Q006408,52,F13883,firefox_android,subtree_engine,yes,no,2017-03-07
Q006409,20.0,F07913,oculus,engine_blink,yes,no,2022-03-14
Q006410,50,F06405,chrome_android,subtree_engine,yes,no,2016-04-13
Q006411,18,F08465,opera,engine_blink,yes,no,2013-11-19
Q006412,57,F04889,opera_android,subtree_engine,yes,no,2020-03-30
Q006413,5.0,F12489,oculus,subtree_engine,yes,no,2018-07-01
Q006414,1,F04873,webview_ios,engine_webkit,no,no,2007-06-29
Q006415,18,F02873,chrome_android,engine_blink,yes,no,2012-06-27
Q006416,8,F15814,safari_ios,derivative1,no,no,2014-09-17
Q006417,false,F01324,firefox_android,random2,no,no,none
Q006418,50,F02633,chrome,subtree_engine,yes,no,2016-04-13
Q006419,42,F00678,chrome,source1,no,no,2015-04-14
Q006420,false,F14520,opera_android,engine_blink,yes,no,none
Q006421,5.0,F04449,oculus,subtree_engine,yes,no,2018-07-01
Q006422,80,F08037,chrome,source1,no,no,2020-02-04
Q006423,130,F16175,firefox,subtree_engine,yes,no,2024-09-03
Q006424,91,F13760,opera,subtree_engine,yes,no,2022-09-14
Q006425,139,F13689,chrome,engine_blink,yes,no,2025-08-05
Q006426,12.1,F06712,safari,source1,no,no,2019-03-25
Q006427,79,F02811,chrome,subtree_engine,yes,no,2019-12-10
Q006428,130,F09296,chrome,subtree_engine,yes,no,2024-10-15
Q006429,91,F09094,chrome_android,engine_blink,yes,yes,2021-05-25
Q006430,57,F03269,opera_android,subtree_engine,yes,no,2020-03-30
Q006431,false,F18304,firefox,random2,no,no,none
Q006432,12.2,F06466,safari_ios,engine_webkit,no,no,2019-03-25
Q006433,44,F11959,opera_android,subtree_engine,yes,no,2017-12-11
Q006434,false,F04376,webview_ios,engine_webkit,no,no,none
Q006435,16.4,F03081,webview_ios,engine_webkit,no,yes,2023-03-27
Q006436,41.0,F09292,oculus,engine_blink,yes,no,2025-10-21
Q006437,97,F15310,chrome_android,engine_blink,yes,no,2022-01-04
Q006438,9,F03293,safari_ios,derivative1,no,no,2015-09-16
Q006439,16,F05513,webview_ios,derivative1,no,no,2022-09-12
Q006440,4.4,F01852,webview_android,engine_blink,yes,no,2013-12-09
Q006441,34,F15476,chrome,engine_blink,yes,no,2014-04-08
Q006442,59,F04225,chrome_android,engine_blink,yes,no,2017-06-06
Q006443,false,F09277,chrome,engine_blink,yes,no,none
Q006444,5.0,F11403,oculus,engine_blink,yes,no,2018-07-01
Q006445,1,F08739,firefox,source1,no,no,2004-11-09
Q006446,false,F09020,opera,engine_blink,yes,no,none
Q006447,false,F16595,safari,engine_webkit,no,no,none
Q006448,12,F17445,opera_android,engine_blink,yes,no,2012-02-25
Q006449,10.6,F15103,opera,engine_blink,yes,no,2010-07-01
Q006450,7.0,F12484,samsunginternet_android,subtree_engine,yes,no,2018-03-16
Q006451,4,F16690,safari,engine_webkit,no,no,2009-06-08
Q006452,86,F13093,chrome,subtree_engine,yes,no,2020-10-20
Q006453,15,F09403,opera,engine_blink,yes,no,2013-07-02
Q006454,18.2,F17187,safari_ios,engine_webkit,no,no,2024-12-11
Q006455,97,F15310,webview_android,engine_blink,yes,no,2022-01-04
Q006456,5.0,F16685,oculus,engine_blink,yes,no,2018-07-01
Q006457,85,F05952,chrome,engine_blink,yes,no,2020-08-25
Q006458,30,F12153,opera_android,engine_blink,yes,no,2015-06-10
Q006459,43,F02863,opera,subtree_engine,yes,no,2017-02-07
Q006460,5.0,F06779,oculus,engine_blink,yes,no,2018-07-01
Q006461,12.2,F08167,safari_ios,random2,no,no,2019-03-25
Q006462,false,F14599,opera,engine_blink,yes,no,none
Q006463,52,F08718,firefox_android,subtree_engine,yes,no,2017-03-07
Q006464,5.0,F00302,oculus,engine_blink,yes,no,2018-07-01
Q006465,12,F13945,edge,engine_blink,yes,no,2015-07-29
Q006466,32,F14123,opera,engine_blink,yes,no,2015-09-15
Q006467,10,F01471,safari,lineage_pair,no,no,2016-09-20
Q006468,105,F00309,chrome,lineage_pair,no,no,2022-09-02
Q006469,37,F00510,opera_android,subtree_engine,yes,no,2016-06-16
Q006470,3.2,F07654,safari_ios,lineage_pair,no,no,2010-04-03
Q006471,18,F04339,chrome_android,engine_blink,yes,no,2012-06-27
Q006472,57,F16330,chrome,random2,no,yes,2017-03-09
Q006473,15.0,F16101,samsunginternet_android,random2,no,no,2021-08-13
Q006474,34,F05876,chrome_android,engine_blink,yes,no,2014-04-02
Q006475,4.4,F13931,webview_android,subtree_engine,yes,no,2013-12-09
Q006476,10,F00587,webview_ios,engine_webkit,no,no,2016-09-13
Q006477,11.6,F08059,opera,engine_blink,yes,no,2011-12-06
Q006478,false,F16378,chrome_android,engine_blink,yes,yes,none
Q006479,9.0,F14463,samsunginternet_android,random2,no,no,2018-09-15
Q006480,false,F16013,safari_ios,engine_webkit,no,no,none
Q006481,false,F06841,edge,random2,no,yes,none
Q006482,false,F05472,safari,subtree_engine,yes,no,none
Q006483,121,F12930,chrome,engine_blink,yes,no,2024-01-23
Q006484,14.5,F07133,safari_ios,subtree_engine,yes,no,2021-04-26
Q006485,153,F12296,firefox,subtree_engine,yes,no,2026-07-21
Q006486,5.0,F12127,oculus,subtree_engine,yes,no,2018-07-01
Q006487,31.2,F05955,oculus,random2,no,no,2024-01-15
Q006488,57,F04989,chrome,engine_blink,yes,yes,2017-03-09
Q006489,79,F16655,chrome_android,subtree_engine,yes,no,2019-12-17
Q006490,26,F10325,webview_ios,lineage_pair,no,no,2025-09-15
Q006491,4.4,F18485,webview_android,random2,no,no,2013-12-09
Q006492,false,F01904,opera,engine_blink,yes,no,none
Q006493,12,F17743,edge,random2,no,no,2015-07-29
Q006494,14,F12777,opera_android,engine_blink,yes,no,2013-05-21
Q006495,false,F09254,safari,engine_webkit,no,no,none
Q006496,26,F00059,webview_ios,engine_webkit,no,no,2025-09-15
Q006497,120,F12122,chrome_android,engine_blink,yes,no,2023-12-05
Q006498,130,F02485,chrome,source1,no,yes,2024-10-15
Q006499,1,F15006,chrome,engine_blink,yes,no,2008-12-11
Q006500,9.5,F03678,opera,lineage_pair,no,no,2008-06-12
Q006501,27.0,F07958,samsunginternet_android,derivative1,no,no,2024-11-06
Q006502,5.0,F15780,oculus,engine_blink,yes,no,2018-07-01
Q006503,10.5,F10028,opera,engine_blink,yes,no,2010-03-02
Q006504,15.1,F12061,safari,lineage_pair,no,yes,2021-10-25
Q006505,6,F13477,safari,engine_webkit,no,no,2012-07-25
Q006506,136,F17731,firefox,random2,no,no,2025-03-04
Q006507,1.5,F07295,samsunginternet_android,engine_blink,yes,no,2013-09-25
Q006508,51,F14740,chrome_android,engine_blink,yes,no,2016-06-08
Q006509,133,F07987,opera,random2,no,no,2026-06-29
Q006510,4.4.3,F05447,webview_android,random2,no,no,2014-06-02
Q006511,5.0,F17212,oculus,engine_blink,yes,no,2018-07-01
Q006512,1,F05537,firefox,subtree_engine,yes,yes,2004-11-09
Q006513,97,F00512,opera,engine_blink,yes,no,2023-03-22
Q006514,1,F08912,webview_ios,engine_webkit,no,no,2007-06-29
Q006515,8,F08197,firefox,subtree_engine,yes,no,2011-11-08
Q006516,1,F10618,webview_ios,random2,no,no,2007-06-29
Q006517,39,F13243,chrome_android,derivative1,no,no,2014-11-12
Q006518,5.0,F04792,oculus,engine_blink,yes,no,2018-07-01
Q006519,10,F05416,webview_ios,lineage_pair,no,no,2016-09-13
Q006520,147,F11531,firefox_android,lineage_pair,no,no,2026-01-13
Q006521,12,F05235,edge,subtree_engine,yes,no,2015-07-29
Q006522,37,F00510,opera,subtree_engine,yes,no,2016-05-04
Q006523,31.2,F16234,oculus,subtree_engine,yes,no,2024-01-15
Q006524,18,F15268,chrome_android,engine_blink,yes,no,2012-06-27
Q006525,4,F17122,firefox_android,random2,no,no,2011-03-29
Q006526,30,F16685,chrome,engine_blink,yes,no,2013-10-01
Q006527,13.1,F04842,safari,source1,no,yes,2020-03-24
Q006528,78,F17354,opera_android,engine_blink,yes,no,2023-10-23
Q006529,1.0,F11580,samsunginternet_android,engine_blink,yes,no,2013-04-27
Q006530,7.0,F04731,samsunginternet_android,lineage_pair,no,no,2018-03-16
Q006531,11,F08425,webview_ios,engine_webkit,no,yes,2017-09-19
Q006532,41,F06446,opera_android,subtree_engine,yes,no,2016-10-25
Q006533,4.4,F12497,webview_android,engine_blink,yes,no,2013-12-09
Q006534,10.0,F07759,samsunginternet_android,random2,no,no,2019-08-22
Q006535,false,F09280,firefox,subtree_engine,yes,no,none
Q006536,56,F10040,firefox,lineage_pair,no,no,2017-09-28
Q006537,false,F11563,firefox,source1,no,no,none
Q006538,false,F05459,firefox,lineage_pair,no,no,none
Q006539,26.2,F09534,safari_ios,engine_webkit,no,no,2025-12-12
Q006540,79,F02811,chrome_android,subtree_engine,yes,no,2019-12-17
Q006541,92,F08334,edge,subtree_engine,yes,no,2021-07-22
Q006542,1,F01978,safari,random2,no,no,2003-06-23
Q006543,false,F10058,webview_android,derivative1,no,no,none
Q006544,false,F15425,edge,subtree_engine,yes,no,none
Q006545,11,F08223,safari,random2,no,yes,2017-09-19
Q006546,9.3,F08792,webview_ios,engine_webkit,no,no,2016-03-21
Q006547,5.0,F01404,oculus,engine_blink,yes,no,2018-07-01
Q006548,79,F00347,edge,subtree_engine,yes,no,2020-01-15
Q006549,57,F08888,chrome,engine_blink,yes,yes,2017-03-09
Q006550,false,F10021,chrome_android,engine_blink,yes,yes,none
Q006551,9,F06130,safari,engine_webkit,no,no,2015-09-30
Q006552,false,F06488,webview_ios,derivative1,no,no,none
Q006553,86,F07567,edge,subtree_engine,yes,no,2020-10-09
Q006554,26,F16044,safari,lineage_pair,no,no,2025-09-15
Q006555,5.0,F05457,oculus,engine_blink,yes,no,2018-07-01
Q006556,false,F16486,opera,engine_blink,yes,no,none
Q006557,false,F05161,chrome,source1,no,no,none
Q006558,109,F06158,chrome,lineage_pair,no,yes,2023-01-10
Q006559,false,F00354,safari,engine_webkit,no,no,none
Q006560,12.1,F11160,safari,source1,no,no,2019-03-25
Q006561,3.2,F01414,webview_ios,random2,no,no,2010-04-03
Q006562,11,F06824,webview_ios,engine_webkit,no,yes,2017-09-19
Q006563,18,F14264,chrome_android,engine_blink,yes,no,2012-06-27
Q006564,34,F03659,chrome,source1,no,no,2014-04-08
Q006565,57,F15764,opera_android,engine_blink,yes,no,2020-03-30
Q006566,6,F05094,webview_ios,engine_webkit,no,yes,2012-09-10
Q006567,false,F05362,webview_android,engine_blink,yes,no,none
Q006568,130,F02781,firefox,source1,no,no,2024-09-03
Q006569,5.0,F01193,oculus,engine_blink,yes,no,2018-07-01
Q006570,16.4,F01644,safari_ios,engine_webkit,no,no,2023-03-27
Q006571,false,F12701,oculus,derivative1,no,no,none
Q006572,121,F10856,webview_android,lineage_pair,no,no,2024-01-23
Q006573,12,F05792,edge,lineage_pair,no,no,2015-07-29
Q006574,false,F09691,firefox_android,derivative1,no,no,none
Q006575,10,F13875,safari,engine_webkit,no,no,2016-09-20
Q006576,95,F07546,opera,random2,no,yes,2023-02-01
Q006577,7.0,F15200,oculus,engine_blink,yes,yes,2019-12-10
Q006578,34,F14122,opera,random2,no,no,2015-12-08
Q006579,false,F15033,safari_ios,subtree_engine,yes,no,none
Q006580,16.4,F16407,safari,engine_webkit,no,yes,2023-03-27
Q006581,80,F07456,webview_android,subtree_engine,yes,no,2020-02-04
Q006582,8.0,F03595,samsunginternet_android,subtree_engine,yes,no,2018-07-18
Q006583,118,F04659,opera,engine_blink,yes,yes,2025-04-15
Q006584,79,F08952,firefox_android,lineage_pair,no,no,2020-07-28
Q006585,false,F12843,safari_ios,subtree_engine,yes,no,none
Q006586,18.2,F16431,safari,lineage_pair,no,no,2024-12-11
Q006587,5.0,F03730,oculus,engine_blink,yes,no,2018-07-01
Q006588,139,F02228,edge,engine_blink,yes,no,2025-08-07
Q006589,35,F17838,oculus,engine_blink,yes,no,2024-09-13
Q006590,46,F14620,opera_android,engine_blink,yes,no,2018-05-14
Q006591,91,F13111,chrome,engine_blink,yes,yes,2021-05-25
Q006592,35,F02830,firefox,random2,no,no,2015-01-13
Q006593,false,F16027,webview_ios,engine_webkit,no,no,none
Q006594,143,F00277,edge,engine_blink,yes,no,2025-12-05
Q006595,14.5,F01244,safari_ios,subtree_engine,yes,no,2021-04-26
Q006596,12.1,F12497,opera_android,engine_blink,yes,no,2012-10-09
Q006597,56,F01345,chrome,engine_blink,yes,no,2017-01-25
Q006598,129,F01605,chrome,engine_blink,yes,no,2024-09-17
Q006599,16.4,F06392,webview_ios,engine_webkit,no,no,2023-03-27
Q006600,false,F11351,safari,subtree_engine,yes,no,none
Q006601,false,F07975,webview_android,engine_blink,yes,no,none
Q006602,false,F03589,safari_ios,derivative1,no,no,none
Q006603,48,F03527,chrome,lineage_pair,no,no,2016-01-20
Q006604,5.0,F13305,oculus,lineage_pair,no,no,2018-07-01
Q006605,4.4,F04831,webview_android,lineage_pair,no,no,2013-12-09
Q006606,3,F09611,safari,source1,no,no,2007-10-26
Q006607,1.0,F02748,samsunginternet_android,engine_blink,yes,no,2013-04-27
Q006608,79,F08246,edge,engine_blink,yes,no,2020-01-15
Q006609,8,F08375,safari_ios,lineage_pair,no,no,2014-09-17
Q006610,12.1,F00460,opera,engine_blink,yes,no,2012-11-20
Q006611,false,F15620,webview_ios,engine_webkit,no,no,none
Q006612,79,F10769,edge,subtree_engine,yes,no,2020-01-15
Q006613,48,F06348,opera,engine_blink,yes,no,2017-09-27
Q006614,false,F01248,chrome_android,subtree_engine,yes,yes,none
Q006615,140,F14905,firefox_android,derivative1,no,no,2025-06-24
Q006616,1,F03117,chrome,engine_blink,yes,no,2008-12-11
Q006617,112,F05573,chrome,lineage_pair,no,yes,2023-04-04
Q006618,37,F06335,chrome_android,engine_blink,yes,no,2014-09-03
Q006619,15,F05362,edge,engine_blink,yes,no,2017-04-05
Q006620,34,F10007,opera,engine_blink,yes,no,2015-12-08
Q006621,79,F14540,edge,subtree_engine,yes,no,2020-01-15
Q006622,58,F10769,webview_android,subtree_engine,yes,no,2017-04-25
Q006623,12.1,F09660,opera,engine_blink,yes,no,2012-11-20
Q006624,false,F17871,safari,random2,no,yes,none
Q006625,13.4,F05799,safari_ios,subtree_engine,yes,no,2020-03-24
Q006626,false,F01658,safari_ios,subtree_engine,yes,no,none
Q006627,67,F10229,opera,subtree_engine,yes,no,2020-03-03
Q006628,12,F15476,edge,engine_blink,yes,no,2015-07-29
Q006629,12,F09928,edge,derivative1,no,no,2015-07-29
Q006630,10.1,F03117,opera_android,engine_blink,yes,no,2010-11-09
Q006631,85,F09954,edge,engine_blink,yes,yes,2020-08-27
Q006632,6,F15534,safari,source1,no,no,2012-07-25
Q006633,79,F04096,edge,engine_blink,yes,no,2020-01-15
Q006634,false,F01943,firefox_android,derivative1,no,no,none
Q006635,61,F14570,webview_android,engine_blink,yes,no,2017-09-05
Q006636,false,F11209,webview_android,lineage_pair,no,no,none
Q006637,18,F17905,chrome_android,lineage_pair,no,no,2012-06-27
Q006638,26,F05156,webview_ios,lineage_pair,no,no,2025-09-15
Q006639,16,F14265,edge,derivative1,no,yes,2017-10-17
Q006640,16.4,F13842,webview_ios,engine_webkit,no,yes,2023-03-27
Q006641,86,F10707,opera_android,engine_blink,yes,no,2024-12-02
Q006642,55,F08748,webview_android,engine_blink,yes,no,2016-12-06
Q006643,4.4,F02825,webview_android,engine_blink,yes,no,2013-12-09
Q006644,1,F07046,webview_ios,engine_webkit,no,no,2007-06-29
Q006645,false,F14520,edge,engine_blink,yes,no,none
Q006646,26.2,F01245,safari,lineage_pair,no,no,2025-12-12
Q006647,1.0,F08780,samsunginternet_android,engine_blink,yes,no,2013-04-27
Q006648,1,F17987,safari_ios,engine_webkit,no,no,2007-06-29
Q006649,15,F02005,opera,engine_blink,yes,no,2013-07-02
Q006650,7.0,F14540,samsunginternet_android,subtree_engine,yes,no,2018-03-16
Q006651,1,F09636,chrome,subtree_engine,yes,no,2008-12-11
Q006652,3.2,F03947,webview_ios,engine_webkit,no,no,2010-04-03
Q006653,87,F03053,chrome,source1,no,no,2020-11-17
Q006654,false,F11074,safari,engine_webkit,no,no,none
Q006655,134,F14243,opera,engine_blink,yes,no,2026-08-06
Q006656,3,F05384,safari,subtree_engine,yes,no,2007-10-26
Q006657,38,F06567,webview_android,engine_blink,yes,no,2014-10-08
Q006658,7,F13719,safari_ios,random2,no,yes,2013-09-18
Q006659,5.0,F02695,samsunginternet_android,derivative1,no,no,2016-12-15
Q006660,39,F02890,opera,engine_blink,yes,no,2016-08-02
Q006661,false,F01189,safari,lineage_pair,no,no,none
Q006662,15,F08682,opera,engine_blink,yes,no,2013-07-02
Q006663,false,F05475,safari,engine_webkit,no,no,none
Q006664,12,F13457,edge,subtree_engine,yes,no,2015-07-29
Q006665,false,F12212,oculus,engine_blink,yes,no,none
Q006666,25.0,F03334,samsunginternet_android,engine_blink,yes,no,2024-04-24
Q006667,79,F04866,firefox_android,subtree_engine,yes,no,2020-07-28
Q006668,false,F10335,opera_android,engine_blink,yes,yes,none
Q006669,69,F07872,webview_android,engine_blink,yes,no,2018-09-04
Q006670,41,F06764,firefox,lineage_pair,no,no,2015-09-22
Q006671,74,F11086,chrome,lineage_pair,no,no,2019-04-23
Q006672,19.0,F10137,oculus,engine_blink,yes,yes,2022-01-31
Q006673,87,F04382,opera_android,random2,no,no,2025-01-22
Q006674,41,F10509,firefox,source1,no,no,2015-09-22
Q006675,12,F17410,edge,subtree_engine,yes,no,2015-07-29
Q006676,false,F08751,opera,engine_blink,yes,no,none
Q006677,16.4,F13993,webview_ios,engine_webkit,no,no,2023-03-27
Q006678,1.0,F10986,samsunginternet_android,engine_blink,yes,no,2013-04-27
Q006679,79,F08796,firefox_android,random2,no,no,2020-07-28
Q006680,16,F08485,safari,subtree_engine,yes,no,2022-09-12
Q006681,false,F14084,firefox,subtree_engine,yes,no,none
Q006682,52,F05419,webview_android,engine_blink,yes,no,2016-07-27
Q006683,60,F14576,chrome,subtree_engine,yes,no,2017-07-25
Q006684,16.4,F04364,safari,engine_webkit,no,no,2023-03-27
Q006685,147,F05291,firefox_android,lineage_pair,no,no,2026-01-13
Q006686,10,F10983,safari,engine_webkit,no,yes,2016-09-20
Q006687,87,F12466,opera_android,random2,no,no,2025-01-22
Q006688,12.1,F11763,opera,engine_blink,yes,no,2012-11-20
Q006689,129,F05919,opera,engine_blink,yes,no,2026-03-18
Q006690,123,F17632,chrome,engine_blink,yes,no,2024-03-19
Q006691,16,F01852,opera_android,engine_blink,yes,no,2013-09-18
Q006692,14,F01973,safari,engine_webkit,no,no,2020-09-16
Q006693,5.0,F15542,oculus,engine_blink,yes,no,2018-07-01
Q006694,1,F13945,chrome,engine_blink,yes,no,2008-12-11
Q006695,false,F17074,safari,source1,no,no,none
Q006696,6,F07851,safari,lineage_pair,no,no,2012-07-25
Q006697,60,F05235,chrome,subtree_engine,yes,no,2017-07-25
Q006698,24,F09512,chrome,engine_blink,yes,no,2013-01-10
Q006699,7,F06829,webview_ios,random2,no,no,2013-09-18
Q006700,8,F17901,safari,source1,no,no,2014-10-16
Q006701,false,F16725,safari,engine_webkit,no,no,none
Q006702,18,F09738,chrome_android,engine_blink,yes,no,2012-06-27
Q006703,3.5,F02468,firefox,subtree_engine,yes,no,2009-06-30
Q006704,89,F12316,firefox,subtree_engine,yes,no,2021-06-01
Q006705,false,F01303,safari_ios,subtree_engine,yes,no,none
Q006706,15,F07295,opera,engine_blink,yes,no,2013-07-02
Q006707,73,F04916,opera_android,engine_blink,yes,no,2023-01-17
Q006708,16,F15184,safari_ios,engine_webkit,no,no,2022-09-12
Q006709,false,F03943,chrome_android,engine_blink,yes,no,none
Q006710,79,F11283,edge,subtree_engine,yes,no,2020-01-15
Q006711,7,F05208,safari,engine_webkit,no,yes,2013-10-22
Q006712,10.1,F17410,opera_android,subtree_engine,yes,no,2010-11-09
Q006713,false,F02359,safari_ios,subtree_engine,yes,no,none
Q006714,1.0,F00912,samsunginternet_android,engine_blink,yes,no,2013-04-27
Q006715,1.0,F08047,samsunginternet_android,engine_blink,yes,no,2013-04-27
Q006716,12,F08348,edge,lineage_pair,no,no,2015-07-29
Q006717,111,F00512,edge,engine_blink,yes,no,2023-03-13
Q006718,false,F13553,firefox_android,random2,no,no,none
Q006719,129,F10707,chrome_android,engine_blink,yes,no,2024-09-17
Q006720,12,F17679,edge,random2,no,no,2015-07-29
Q006721,31,F08465,chrome_android,engine_blink,yes,no,2013-11-14
Q006722,109,F11682,chrome,subtree_engine,yes,yes,2023-01-10
Q006723,1,F16984,chrome,subtree_engine,yes,no,2008-12-11
Q006724,109,F14522,chrome,engine_blink,yes,yes,2023-01-10
Q006725,24.0,F15903,samsunginternet_android,engine_blink,yes,no,2024-01-25
Q006726,11,F03199,safari,source1,no,no,2017-09-19
Q006727,28.0,F10707,samsunginternet_android,engine_blink,yes,no,2025-04-02
Q006728,56,F10786,opera,engine_blink,yes,no,2018-09-25
Q006729,91,F04412,opera,engine_blink,yes,no,2022-09-14
Q006730,119,F00201,opera,engine_blink,yes,no,2025-05-13
Q006731,6,F03354,safari_ios,random2,no,no,2012-09-10
Q006732,1.5,F09418,samsunginternet_android,engine_blink,yes,no,2013-09-25
Q006733,11,F02114,safari_ios,lineage_pair,no,yes,2017-09-19
Q006734,5.0,F11933,oculus,lineage_pair,no,no,2018-07-01
Q006735,1,F02278,chrome,lineage_pair,no,no,2008-12-11
Q006736,false,F08680,firefox_android,subtree_engine,yes,no,none
Q006737,4,F09243,firefox_android,random2,no,no,2011-03-29
Q006738,4,F03641,firefox_android,subtree_engine,yes,no,2011-03-29
Q006739,2,F12606,chrome,random2,no,no,2009-05-21
Q006740,116,F07338,opera,derivative1,no,no,2025-01-08
Q006741,1.0,F05301,samsunginternet_android,engine_blink,yes,no,2013-04-27
Q006742,false,F16170,webview_ios,lineage_pair,no,no,none
Q006743,47,F17840,opera_android,engine_blink,yes,no,2018-07-23
Q006744,133,F10911,chrome_android,engine_blink,yes,no,2025-02-04
Q006745,26.2,F03664,safari,subtree_engine,yes,no,2025-12-12
Q006746,66,F13727,webview_android,engine_blink,yes,no,2018-04-17
Q006747,5.0,F01753,oculus,random2,no,no,2018-07-01
Q006748,6,F15612,safari,engine_webkit,no,no,2012-07-25
Q006749,27,F18509,opera,engine_blink,yes,no,2015-01-27
Q006750,false,F11277,safari,source1,no,no,none
Q006751,false,F13894,opera_android,subtree_engine,yes,yes,none
Q006752,14,F10191,safari,lineage_pair,no,no,2020-09-16
Q006753,45,F14123,webview_android,engine_blink,yes,no,2015-09-01
Q006754,105,F16707,chrome,engine_blink,yes,no,2022-09-02
Q006755,false,F11370,webview_ios,random2,no,no,none
Q006756,1.0,F07808,samsunginternet_android,engine_blink,yes,no,2013-04-27
Q006757,4,F13733,safari,lineage_pair,no,no,2009-06-08
Q006758,5.0,F03321,oculus,engine_blink,yes,no,2018-07-01
Q006759,1.5,F13931,samsunginternet_android,subtree_engine,yes,no,2013-09-25
Q006760,84,F13642,chrome_android,engine_blink,yes,no,2020-07-27
Q006761,false,F16642,safari,engine_webkit,no,no,none
Q006762,false,F14257,webview_android,engine_blink,yes,no,none
Q006763,4.4,F04887,webview_android,derivative1,no,no,2013-12-09
Q006764,68,F02274,opera,engine_blink,yes,no,2020-04-22
Q006765,18,F08465,opera_android,engine_blink,yes,no,2013-11-20
Q006766,16.2,F10255,webview_ios,derivative1,no,no,2022-12-13
Q006767,1,F05384,webview_ios,subtree_engine,yes,no,2007-06-29
Q006768,false,F16570,webview_android,subtree_engine,yes,no,none
Q006769,1.0,F14259,samsunginternet_android,derivative1,no,no,2013-04-27
Q006770,31,F04215,chrome,subtree_engine,yes,no,2013-11-12
Q006771,4.0,F02654,samsunginternet_android,random2,no,no,2016-03-11
Q006772,1.0,F03850,samsunginternet_android,random2,no,no,2013-04-27
Q006773,43,F00986,opera,subtree_engine,yes,no,2017-02-07
Q006774,26,F15438,safari_ios,engine_webkit,no,no,2025-09-15
Q006775,79,F13662,edge,subtree_engine,yes,no,2020-01-15
Q006776,25,F00655,chrome_android,random2,no,no,2013-02-27
Q006777,69,F16473,chrome,random2,no,no,2018-09-04
Q006778,4.4,F14508,webview_android,random2,no,no,2013-12-09
Q006779,26,F07910,safari_ios,subtree_engine,yes,no,2025-09-15
Q006780,false,F00162,safari_ios,derivative1,no,no,none
Q006781,73,F07515,chrome,subtree_engine,yes,no,2019-03-12
Q006782,false,F14471,safari,engine_webkit,no,no,none
Q006783,false,F03639,webview_android,engine_blink,yes,no,none
Q006784,47,F03515,chrome,engine_blink,yes,no,2015-12-01
Q006785,1,F14064,chrome,engine_blink,yes,no,2008-12-11
Q006786,86,F03266,webview_android,subtree_engine,yes,no,2020-10-20
Q006787,14,F07432,opera_android,engine_blink,yes,no,2013-05-21
Q006788,16.4,F05072,safari_ios,lineage_pair,no,yes,2023-03-27
Q006789,4.4,F11580,webview_android,engine_blink,yes,no,2013-12-09
Q006790,12.0,F03530,samsunginternet_android,random2,no,no,2020-06-19
Q006791,1,F09093,safari_ios,engine_webkit,no,no,2007-06-29
Q006792,10.1,F09646,opera_android,subtree_engine,yes,no,2010-11-09
Q006793,7,F00076,safari,engine_webkit,no,no,2013-10-22
Q006794,108,F01179,edge,engine_blink,yes,no,2022-12-05
Q006795,12,F15268,edge,engine_blink,yes,no,2015-07-29
Q006796,67,F02480,opera,engine_blink,yes,no,2020-03-03
Q006797,3,F15734,webview_android,lineage_pair,no,no,2011-02-22
Q006798,66,F07073,opera,subtree_engine,yes,no,2020-01-07
Q006799,121,F10315,webview_android,engine_blink,yes,no,2024-01-23
Q006800,false,F09248,safari_ios,engine_webkit,no,no,none
Q006801,79,F02440,edge,engine_blink,yes,no,2020-01-15
Q006802,15.1,F00211,safari_ios,lineage_pair,no,no,2021-10-25
Q006803,80,F09277,chrome_android,engine_blink,yes,no,2020-02-04
Q006804,102,F07002,edge,engine_blink,yes,no,2022-05-31
Q006805,10,F01208,safari_ios,engine_webkit,no,no,2016-09-13
Q006806,1,F06843,safari,engine_webkit,no,no,2003-06-23
Q006807,11,F07035,safari,subtree_engine,yes,no,2017-09-19
Q006808,1,F15360,chrome,source1,no,no,2008-12-11
Q006809,false,F08068,safari_ios,lineage_pair,no,no,none
Q006810,43,F11461,opera,subtree_engine,yes,no,2017-02-07
Q006811,14.1,F07133,safari,subtree_engine,yes,no,2021-04-26
Q006812,1,F16823,safari_ios,engine_webkit,no,no,2007-06-29
Q006813,154,F07593,firefox_android,subtree_engine,yes,no,2026-08-18
Q006814,80,F10668,opera,engine_blink,yes,no,2021-10-05
Q006815,12.0,F02444,oculus,subtree_engine,yes,no,2020-11-03
Q006816,5.0,F12550,oculus,engine_blink,yes,no,2018-07-01
Q006817,57,F09437,chrome_android,derivative1,no,yes,2017-03-16
Q006818,15,F14245,firefox,random2,no,no,2012-08-28
Q006819,1.0,F00160,samsunginternet_android,random2,no,no,2013-04-27
Q006820,68,F04383,firefox,source1,no,no,2019-07-09
Q006821,73,F15421,chrome,random2,no,no,2019-03-12
Q006822,4.4,F05299,webview_android,subtree_engine,yes,no,2013-12-09
Q006823,false,F02636,safari,random2,no,no,none
Q006824,16.0,F17791,oculus,random2,no,yes,2021-06-07
Q006825,16.0,F10596,samsunginternet_android,engine_blink,yes,yes,2021-11-25
Q006826,145,F00159,chrome,lineage_pair,no,no,2026-02-10
Q006827,1,F09131,chrome,engine_blink,yes,no,2008-12-11
Q006828,64,F09429,opera_android,engine_blink,yes,yes,2021-05-25
Q006829,16.0,F17621,samsunginternet_android,derivative1,no,yes,2021-11-25
Q006830,129,F00917,chrome_android,engine_blink,yes,no,2024-09-17
Q006831,4,F10226,firefox_android,subtree_engine,yes,yes,2011-03-29
Q006832,51,F13429,firefox,source1,no,no,2017-01-24
Q006833,11.0,F13642,oculus,engine_blink,yes,no,2020-07-31
Q006834,79,F17298,edge,subtree_engine,yes,no,2020-01-15
Q006835,1,F01788,webview_ios,engine_webkit,no,no,2007-06-29
Q006836,1,F17463,webview_ios,engine_webkit,no,no,2007-06-29
Q006837,58,F04255,chrome_android,subtree_engine,yes,no,2017-04-25
Q006838,61,F13234,chrome,engine_blink,yes,no,2017-09-05
Q006839,false,F04664,safari,engine_webkit,no,no,none
Q006840,30,F18244,opera,random2,no,no,2015-06-09
Q006841,64,F02647,firefox,source1,no,no,2018-12-11
Q006842,61,F11329,chrome,lineage_pair,no,no,2017-09-05
Q006843,12.1,F06687,opera_android,engine_blink,yes,no,2012-10-09
Q006844,6,F16666,firefox_android,subtree_engine,yes,no,2011-08-16
Q006845,1,F11619,safari_ios,engine_webkit,no,no,2007-06-29
Q006846,87,F01411,chrome_android,lineage_pair,no,no,2020-11-17
Q006847,69,F11286,chrome_android,derivative1,no,no,2018-09-04
Q006848,6.0,F05362,samsunginternet_android,engine_blink,yes,no,2017-08-23
Q006849,false,F09351,firefox_android,lineage_pair,no,no,none
Q006850,4,F01387,firefox_android,lineage_pair,no,no,2011-03-29
Q006851,4.0,F12195,samsunginternet_android,engine_blink,yes,no,2016-03-11
Q006852,79,F04894,firefox_android,subtree_engine,yes,no,2020-07-28
Q006853,26,F14285,chrome,source1,no,no,2013-03-26
Q006854,false,F06573,webview_ios,derivative1,no,no,none
Q006855,32,F08468,opera_android,engine_blink,yes,no,2015-09-23
Q006856,5.0,F02590,oculus,engine_blink,yes,no,2018-07-01
Q006857,4.4,F00460,webview_android,engine_blink,yes,no,2013-12-09
Q006858,6,F06913,webview_ios,engine_webkit,no,no,2012-09-10
Q006859,3,F00357,webview_ios,random2,no,no,2009-06-17
Q006860,16.4,F07437,safari,random2,no,yes,2023-03-27
Q006861,14,F18420,opera_android,engine_blink,yes,no,2013-05-21
Q006862,71,F17602,webview_android,random2,no,no,2018-12-04
Q006863,111,F06975,opera,engine_blink,yes,no,2024-06-12
Q006864,5.0,F04580,oculus,lineage_pair,no,no,2018-07-01
Q006865,3.2,F03236,webview_ios,engine_webkit,no,no,2010-04-03
Q006866,17,F17212,edge,engine_blink,yes,no,2018-04-30
Q006867,94,F04729,chrome_android,random2,no,no,2021-09-21
Q006868,6,F16358,safari_ios,engine_webkit,no,no,2012-09-10
Q006869,58,F01365,webview_android,subtree_engine,yes,no,2017-04-25
Q006870,55,F09073,opera_android,engine_blink,yes,no,2019-12-03
Q006871,false,F07257,opera,engine_blink,yes,yes,none
Q006872,false,F11999,firefox,lineage_pair,no,no,none
Q006873,67,F06767,opera,subtree_engine,yes,no,2020-03-03
Q006874,27.0,F15984,samsunginternet_android,engine_blink,yes,no,2024-11-06
Q006875,5.0,F07193,oculus,engine_blink,yes,yes,2018-07-01
Q006876,1,F09088,webview_ios,engine_webkit,no,no,2007-06-29
Q006877,57,F12214,chrome,source1,no,no,2017-03-09
Q006878,57,F07073,opera_android,subtree_engine,yes,no,2020-03-30
Q006879,12.1,F11454,opera,engine_blink,yes,no,2012-11-20
Q006880,12.1,F15866,safari,source1,no,no,2019-03-25
Q006881,1,F08089,chrome,engine_blink,yes,no,2008-12-11
Q006882,80,F07456,chrome_android,subtree_engine,yes,no,2020-02-04
Q006883,79,F17201,edge,engine_blink,yes,no,2020-01-15
Q006884,false,F12797,firefox_android,lineage_pair,no,no,none
Q006885,10.1,F10930,opera_android,engine_blink,yes,no,2010-11-09
Q006886,16.0,F13398,oculus,subtree_engine,yes,no,2021-06-07
Q006887,5.0,F01799,oculus,subtree_engine,yes,no,2018-07-01
Q006888,12.1,F11763,opera_android,engine_blink,yes,no,2012-10-09
Q006889,false,F12548,safari,lineage_pair,no,no,none
Q006890,3.0,F16861,samsunginternet_android,lineage_pair,no,no,2015-04-10
Q006891,66,F13727,chrome,engine_blink,yes,no,2018-04-17
Q006892,false,F09022,firefox,source1,no,no,none
Q006893,3,F01015,safari,lineage_pair,no,no,2007-10-26
Q006894,10.0,F13732,samsunginternet_android,random2,no,no,2019-08-22
Q006895,false,F16570,chrome_android,subtree_engine,yes,no,none
Q006896,false,F16486,samsunginternet_android,engine_blink,yes,no,none
Q006897,80,F07640,opera,engine_blink,yes,no,2021-10-05
Q006898,36,F17706,chrome,random2,no,no,2014-07-16
Q006899,35,F16861,chrome,lineage_pair,no,no,2014-05-20
Q006900,false,F07766,samsunginternet_android,engine_blink,yes,yes,none
Q006901,25.0,F02450,samsunginternet_android,engine_blink,yes,no,2024-04-24
Q006902,14.5,F06068,webview_ios,subtree_engine,yes,no,2021-04-26
Q006903,10.0,F14855,samsunginternet_android,lineage_pair,no,no,2019-08-22
Q006904,11,F14934,safari,random2,no,yes,2017-09-19
Q006905,false,F17980,safari_ios,engine_webkit,no,no,none
Q006906,1,F06843,safari_ios,engine_webkit,no,no,2007-06-29
Q006907,47,F14298,chrome_android,engine_blink,yes,no,2015-12-02
Q006908,1.0,F06775,samsunginternet_android,engine_blink,yes,no,2013-04-27
Q006909,7,F08059,chrome,engine_blink,yes,no,2010-10-19
Q006910,false,F01295,chrome,lineage_pair,no,yes,none
Q006911,39,F15058,chrome_android,engine_blink,yes,no,2014-11-12
Q006912,6.0,F06446,samsunginternet_android,subtree_engine,yes,no,2017-08-23
Q006913,79,F01039,edge,engine_blink,yes,no,2020-01-15
Q006914,9,F01766,safari,subtree_engine,yes,no,2015-09-30
Q006915,6,F00263,firefox,subtree_engine,yes,no,2011-08-16
Q006916,7.0,F11283,samsunginternet_android,subtree_engine,yes,no,2018-03-16
Q006917,41,F18004,chrome_android,random2,no,no,2015-03-11
Q006918,50,F02483,webview_android,engine_blink,yes,no,2016-04-13
Q006919,69,F06388,webview_android,derivative1,no,no,2018-09-04
Q006920,11.0,F03836,samsunginternet_android,engine_blink,yes,no,2019-12-05
Q006921,false,F15344,safari,source1,no,no,none
Q006922,16.4,F16407,safari_ios,engine_webkit,no,yes,2023-03-27
Q006923,32,F03305,opera_android,engine_blink,yes,no,2015-09-23
Q006924,75,F07201,opera,lineage_pair,no,no,2021-03-24
Q006925,42,F08488,chrome_android,engine_blink,yes,no,2015-04-15
Q006926,false,F16442,safari,lineage_pair,no,yes,none
Q006927,79,F12565,edge,engine_blink,yes,no,2020-01-15
Q006928,9.0,F09277,oculus,engine_blink,yes,no,2020-04-24
Q006929,112,F14345,opera,engine_blink,yes,no,2024-07-11
Q006930,3.2,F07212,webview_ios,engine_webkit,no,no,2010-04-03
Q006931,false,F11422,safari,engine_webkit,no,no,none
Q006932,115,F08937,firefox_android,lineage_pair,no,no,2023-07-04
Q006933,false,F07135,webview_ios,engine_webkit,no,no,none
Q006934,127,F06521,webview_android,random2,no,no,2024-07-23
Q006935,6.0,F08863,oculus,engine_blink,yes,no,2019-08-12
Q006936,48,F15461,opera_android,derivative1,no,no,2018-11-08
Q006937,139,F07459,chrome_android,engine_blink,yes,no,2025-08-05
Q006938,14.1,F12089,safari,engine_webkit,no,no,2021-04-26
Q006939,false,F15012,firefox,source1,no,no,none
Q006940,false,F14701,firefox,lineage_pair,no,no,none
Q006941,115,F04052,opera,engine_blink,yes,no,2024-11-27
Q006942,130,F14148,firefox,lineage_pair,no,no,2024-09-03
Q006943,13,F06061,safari,subtree_engine,yes,no,2019-09-19
Q006944,14.1,F16643,safari,source1,no,no,2021-04-26
Q006945,16,F15240,safari_ios,subtree_engine,yes,no,2022-09-12
Q006946,73,F15529,opera,derivative1,no,no,2020-12-09
Q006947,false,F09204,chrome,lineage_pair,no,no,none
Q006948,109,F04081,chrome,source1,no,yes,2023-01-10
Q006949,65,F14591,chrome,random2,no,no,2018-03-06
Q006950,false,F01519,webview_ios,engine_webkit,no,no,none
Q006951,71,F04170,webview_android,engine_blink,yes,no,2018-12-04
Q006952,73,F01179,opera_android,engine_blink,yes,no,2023-01-17
Q006953,6.0,F10679,samsunginternet_android,engine_blink,yes,no,2017-08-23
Q006954,1,F16305,webview_ios,engine_webkit,no,no,2007-06-29
Q006955,13.4,F13024,webview_ios,engine_webkit,no,no,2020-03-24
Q006956,103,F15903,opera,engine_blink,yes,no,2023-10-03
Q006957,124,F03736,edge,engine_blink,yes,no,2024-04-18
Q006958,5.0,F10900,oculus,subtree_engine,yes,no,2018-07-01
Q006959,79,F03321,edge,engine_blink,yes,no,2020-01-15
Q006960,127,F13067,chrome,source1,no,no,2024-07-23
Q006961,61,F11540,chrome,source1,no,no,2017-09-05
Q006962,false,F15661,webview_android,subtree_engine,yes,no,none
Q006963,28,F09613,firefox,subtree_engine,yes,no,2014-03-18
Q006964,14,F10060,opera_android,derivative1,no,no,2013-05-21
Q006965,20.0,F07845,samsunginternet_android,random2,no,no,2023-02-10
Q006966,53,F10193,opera,subtree_engine,yes,no,2018-05-10
Q006967,111,F00512,webview_android,engine_blink,yes,no,2023-03-01
Q006968,43,F12484,opera_android,subtree_engine,yes,no,2017-09-27
Q006969,false,F08481,edge,engine_blink,yes,no,none
Q006970,6,F15612,safari_ios,engine_webkit,no,no,2012-09-10
Q006971,false,F05413,safari,engine_webkit,no,no,none
Q006972,30,F07510,opera,derivative1,no,no,2015-06-09
Q006973,79,F06405,edge,subtree_engine,yes,no,2020-01-15
Q006974,135,F05308,chrome,engine_blink,yes,no,2025-04-01
Q006975,16.0,F08763,oculus,engine_blink,yes,no,2021-06-07
Q006976,14,F02214,safari,source1,no,no,2020-09-16
Q006977,124,F06821,webview_android,engine_blink,yes,no,2024-04-16
Q006978,117,F01823,firefox,lineage_pair,no,no,2023-08-29
Q006979,89,F08082,firefox_android,lineage_pair,no,yes,2021-06-01
Q006980,10,F09162,safari,engine_webkit,no,no,2016-09-20
Q006981,14.0,F07567,samsunginternet_android,subtree_engine,yes,no,2021-04-17
Q006982,false,F15413,webview_ios,subtree_engine,yes,no,none
Q006983,18,F18420,chrome_android,engine_blink,yes,no,2012-06-27
Q006984,95,F05845,webview_android,engine_blink,yes,no,2021-10-19
Q006985,1.0,F15103,samsunginternet_android,engine_blink,yes,no,2013-04-27
Q006986,false,F15427,opera,engine_blink,yes,yes,none
Q006987,148,F12294,chrome_android,engine_blink,yes,no,2026-05-05
Q006988,57,F16702,webview_android,random2,no,yes,2017-03-16
Q006989,47,F14298,chrome,engine_blink,yes,no,2015-12-01
Q006990,15,F02457,opera,engine_blink,yes,no,2013-07-02
Q006991,33,F03365,chrome,engine_blink,yes,no,2014-02-20
Q006992,94,F11676,chrome_android,derivative1,no,no,2021-09-21
Q006993,18,F18203,chrome_android,engine_blink,yes,no,2012-06-27
Q006994,18,F17466,chrome_android,random2,no,no,2012-06-27
Q006995,11.0,F06545,samsunginternet_android,engine_blink,yes,yes,2019-12-05
Q006996,false,F15661,opera,subtree_engine,yes,no,none
Q006997,5.0,F13023,oculus,derivative1,no,no,2018-07-01
Q006998,1,F07945,safari,engine_webkit,no,no,2003-06-23
Q006999,61,F17465,firefox_android,lineage_pair,no,no,2018-06-26
Q007000,91,F09237,opera,subtree_engine,yes,no,2022-09-14
Q007001,37,F03365,webview_android,engine_blink,yes,no,2014-09-03
Q007002,60,F07041,opera_android,derivative1,no,no,2020-09-23
Q007003,3.5,F17981,firefox,lineage_pair,no,no,2009-06-30
Q007004,18,F07076,chrome_android,random2,no,no,2012-06-27
Q007005,18,F16132,webview_ios,engine_webkit,no,no,2024-09-16
Q007006,4.4,F16578,webview_android,engine_blink,yes,no,2013-12-09
Q007007,4.2,F02872,safari_ios,engine_webkit,no,yes,2010-11-22
Q007008,false,F13818,safari_ios,engine_webkit,no,no,none
Q007009,13.0,F15764,samsunginternet_android,engine_blink,yes,no,2020-12-02
Q007010,false,F14306,firefox,source1,no,no,none
Q007011,12,F13122,edge,engine_blink,yes,no,2015-07-29
Q007012,false,F01904,webview_android,engine_blink,yes,no,none
Q007013,43,F06996,opera_android,subtree_engine,yes,no,2017-09-27
Q007014,1,F08061,safari,lineage_pair,no,no,2003-06-23
Q007015,99,F02440,opera_android,engine_blink,yes,no,2026-06-10
Q007016,7,F05540,chrome,engine_blink,yes,no,2010-10-19
Q007017,5.0,F18513,oculus,engine_blink,yes,no,2018-07-01
Q007018,14.5,F12236,webview_ios,engine_webkit,no,no,2021-04-26
Q007019,86,F01102,chrome_android,subtree_engine,yes,no,2020-10-20
Q007020,1,F05906,safari,engine_webkit,no,no,2003-06-23
Q007021,7.0,F11708,samsunginternet_android,subtree_engine,yes,no,2018-03-16
Q007022,44,F01819,opera,random2,no,yes,2017-03-21
Q007023,53,F17840,opera,engine_blink,yes,no,2018-05-10
Q007024,79,F01071,edge,engine_blink,yes,no,2020-01-15
Q007025,14,F18272,opera_android,subtree_engine,yes,no,2013-05-21
Q007026,79,F06672,edge,engine_blink,yes,no,2020-01-15
Q007027,121,F01319,opera,engine_blink,yes,yes,2025-08-27
Q007028,13,F16751,webview_ios,subtree_engine,yes,no,2019-09-19
Q007029,false,F08751,samsunginternet_android,engine_blink,yes,no,none
Q007030,89,F12900,firefox,source1,no,yes,2021-06-01
Q007031,75,F04912,webview_android,engine_blink,yes,yes,2019-06-04
Q007032,63,F04466,webview_android,engine_blink,yes,no,2017-12-05
Q007033,false,F05879,edge,engine_blink,yes,no,none
Q007034,false,F12468,firefox_android,subtree_engine,yes,no,none
Q007035,11.3,F08477,safari_ios,engine_webkit,no,no,2018-03-29
Q007036,11,F08859,safari_ios,subtree_engine,yes,no,2017-09-19
Q007037,4.4,F01803,webview_android,random2,no,no,2013-12-09
Q007038,54,F17602,firefox,random2,no,no,2017-06-13
Q007039,14,F01193,opera_android,engine_blink,yes,no,2013-05-21
Q007040,31,F12195,opera,engine_blink,yes,no,2015-08-04
Q007041,false,F04314,oculus,engine_blink,yes,yes,none
Q007042,12.1,F14781,opera,random2,no,no,2012-11-20
Q007043,false,F06433,samsunginternet_android,lineage_pair,no,no,none
Q007044,58,F08635,chrome_android,subtree_engine,yes,no,2017-04-25
Q007045,26,F11253,safari_ios,engine_webkit,no,no,2025-09-15
Q007046,false,F01820,safari,engine_webkit,no,no,none
Q007047,13.4,F02807,webview_ios,engine_webkit,no,no,2020-03-24
Q007048,17,F15877,webview_ios,lineage_pair,no,no,2023-09-18
Q007049,5.0,F05301,oculus,engine_blink,yes,no,2018-07-01
Q007050,13,F05505,webview_ios,subtree_engine,yes,no,2019-09-19
Q007051,4.4,F07451,webview_android,engine_blink,yes,no,2013-12-09
Q007052,15,F12281,opera,random2,no,no,2013-07-02
Q007053,31.2,F05586,oculus,engine_blink,yes,no,2024-01-15
Q007054,80,F10229,edge,subtree_engine,yes,no,2020-02-07
Q007055,false,F15962,firefox_android,random2,no,no,none
Q007056,15.1,F12826,webview_ios,lineage_pair,no,yes,2021-10-25
Q007057,2,F14499,safari_ios,subtree_engine,yes,no,2008-07-11
Q007058,67,F01356,webview_android,derivative1,no,no,2018-05-31
Q007059,79,F03574,edge,subtree_engine,yes,no,2020-01-15
Q007060,31.2,F04999,oculus,engine_blink,yes,yes,2024-01-15
Q007061,105,F01876,edge,subtree_engine,yes,no,2022-09-01
Q007062,11.2,F02811,samsunginternet_android,subtree_engine,yes,no,2020-03-22
Q007063,11,F18339,safari,engine_webkit,no,no,2017-09-19
Q007064,31.2,F10901,oculus,engine_blink,yes,no,2024-01-15
Q007065,false,F12318,firefox,random2,no,no,none
Q007066,8,F10517,safari,engine_webkit,no,no,2014-10-16
Q007067,false,F14328,chrome,random2,no,no,none
Q007068,94,F10116,chrome_android,engine_blink,yes,no,2021-09-21
Q007069,24,F02700,opera_android,derivative1,no,no,2014-09-10
Q007070,4,F11290,firefox_android,lineage_pair,no,no,2011-03-29
Q007071,3.5,F06257,opera,engine_blink,yes,no,1998-11-18
Q007072,false,F12317,opera,engine_blink,yes,no,none
Q007073,16.4,F13842,safari,engine_webkit,no,yes,2023-03-27
Q007074,16.4,F00408,safari_ios,engine_webkit,no,no,2023-03-27
Q007075,16.4,F05882,safari_ios,engine_webkit,no,yes,2023-03-27
Q007076,15.4,F18327,safari,engine_webkit,no,no,2022-03-14
Q007077,44,F12741,firefox,source1,no,no,2016-01-26
Q007078,14.1,F06015,safari,engine_webkit,no,no,2021-04-26
Q007079,25,F11403,chrome_android,engine_blink,yes,no,2013-02-27
Q007080,5.0,F03632,oculus,engine_blink,yes,yes,2018-07-01
Q007081,146,F15910,webview_android,engine_blink,yes,no,2026-03-10
Q007082,5.0,F18203,oculus,engine_blink,yes,no,2018-07-01
Q007083,5.0,F10962,oculus,engine_blink,yes,no,2018-07-01
Q007084,12.1,F11454,opera_android,engine_blink,yes,no,2012-10-09
Q007085,123,F17399,opera,engine_blink,yes,no,2025-10-28
Q007086,74,F05421,opera_android,engine_blink,yes,yes,2023-03-13
Q007087,1.2,F08432,safari,subtree_engine,yes,no,2004-02-02
Q007088,false,F08623,samsunginternet_android,subtree_engine,yes,no,none
Q007089,2,F10443,webview_ios,engine_webkit,no,no,2008-07-11
Q007090,92,F12192,opera,lineage_pair,no,no,2022-10-19
Q007091,63,F04193,chrome,lineage_pair,no,no,2017-12-06
Q007092,10,F08598,safari,source1,no,no,2016-09-20
Q007093,8.0,F02538,oculus,engine_blink,yes,no,2020-02-10
Q007094,66,F02515,chrome_android,subtree_engine,yes,no,2018-04-17
Q007095,39,F05308,oculus,engine_blink,yes,no,2025-06-25
Q007096,8,F05633,safari,engine_webkit,no,no,2014-10-16
Q007097,13.1,F05112,safari,engine_webkit,no,no,2020-03-24
Q007098,12,F05376,edge,derivative1,no,no,2015-07-29
Q007099,7.0,F13668,samsunginternet_android,engine_blink,yes,no,2018-03-16
Q007100,1,F02404,safari_ios,engine_webkit,no,no,2007-06-29
Q007101,149,F01383,firefox_android,subtree_engine,yes,no,2026-03-24
Q007102,false,F00504,oculus,engine_blink,yes,no,none
Q007103,false,F08367,opera_android,engine_blink,yes,yes,none
Q007104,10.0,F15527,samsunginternet_android,engine_blink,yes,no,2019-08-22
Q007105,125,F06975,edge,engine_blink,yes,no,2024-05-17
Q007106,58,F12484,webview_android,subtree_engine,yes,no,2017-04-25
Q007107,false,F01820,safari_ios,engine_webkit,no,no,none
Q007108,85,F00765,chrome_android,engine_blink,yes,no,2020-08-25
Q007109,129,F16222,chrome_android,engine_blink,yes,no,2024-09-17
Q007110,15.1,F16118,safari_ios,engine_webkit,no,yes,2021-10-25
Q007111,57,F18074,opera_android,engine_blink,yes,no,2020-03-30
Q007112,false,F10740,safari,lineage_pair,no,no,none
Q007113,60,F15510,opera,engine_blink,yes,no,2019-04-09
Q007114,18.2,F04556,safari_ios,engine_webkit,no,no,2024-12-11
Q007115,6.0,F12269,oculus,derivative1,no,no,2019-08-12
Q007116,111,F07561,firefox_android,subtree_engine,yes,no,2023-03-14
Q007117,93,F07444,chrome_android,engine_blink,yes,no,2021-08-31
Q007118,126,F06259,chrome,engine_blink,yes,no,2024-06-11
Q007119,44,F06765,firefox_android,derivative1,no,no,2016-01-26
Q007120,26,F17298,opera_android,subtree_engine,yes,no,2014-12-02
Q007121,103,F12246,opera,random2,no,no,2023-10-03
Q007122,12.2,F05895,webview_ios,engine_webkit,no,no,2019-03-25
Q007123,12.1,F02492,opera_android,random2,no,no,2012-10-09
Q007124,89,F10711,firefox,lineage_pair,no,yes,2021-06-01
Q007125,66,F09741,webview_android,subtree_engine,yes,no,2018-04-17
Q007126,1,F09181,firefox,subtree_engine,yes,no,2004-11-09
Q007127,15,F01615,opera,derivative1,no,no,2013-07-02
Q007128,18,F08417,chrome_android,derivative1,no,no,2012-06-27
Q007129,26,F07792,safari_ios,subtree_engine,yes,no,2025-09-15
Q007130,83,F14345,opera_android,engine_blink,yes,no,2024-06-25
Q007131,80,F06767,chrome,subtree_engine,yes,no,2020-02-04
Q007132,50,F08863,opera_android,engine_blink,yes,no,2019-02-18
Q007133,false,F07444,webview_android,engine_blink,yes,no,none
Q007134,false,F11209,chrome,lineage_pair,no,no,none
Q007135,79,F16655,webview_android,subtree_engine,yes,no,2019-12-17
Q007136,125,F16523,opera,random2,no,no,2025-12-04
Q007137,false,F09844,opera_android,engine_blink,yes,no,none
Q007138,8,F06769,firefox,source1,no,no,2011-11-08
Q007139,false,F12246,firefox,random2,no,no,none
Q007140,9.0,F11402,oculus,subtree_engine,yes,no,2020-04-24
Q007141,15.4,F05501,safari,engine_webkit,no,no,2022-03-14
Q007142,12,F01292,opera_android,random2,no,no,2012-02-25
Q007143,15,F14509,opera,engine_blink,yes,no,2013-07-02
Q007144,91,F13551,chrome_android,subtree_engine,yes,no,2021-05-25
Q007145,57,F06856,chrome_android,derivative1,no,yes,2017-03-16
Q007146,80,F16336,chrome_android,subtree_engine,yes,no,2020-02-04
Q007147,11,F18371,safari_ios,engine_webkit,no,yes,2017-09-19
Q007148,false,F00031,webview_ios,random2,no,no,none
Q007149,18,F16864,chrome_android,engine_blink,yes,no,2012-06-27
Q007150,5.1,F09964,safari,subtree_engine,yes,no,2011-07-20
Q007151,12,F17329,edge,random2,no,no,2015-07-29
Q007152,false,F11339,webview_ios,subtree_engine,yes,no,none
Q007153,8,F13140,firefox_android,subtree_engine,yes,no,2011-11-08
Q007154,101,F14243,opera_android,engine_blink,yes,no,2026-08-26
Q007155,false,F07523,safari_ios,lineage_pair,no,no,none
Q007156,9,F03759,firefox,subtree_engine,yes,no,2011-12-20
Q007157,16.0,F04322,oculus,engine_blink,yes,yes,2021-06-07
Q007158,51,F12980,firefox,source1,no,no,2017-01-24
Q007159,14,F07315,opera_android,engine_blink,yes,no,2013-05-21
Q007160,136,F06266,chrome_android,subtree_engine,yes,no,2025-04-29
Q007161,45,F01039,opera,engine_blink,yes,no,2017-05-10
Q007162,10.0,F07872,samsunginternet_android,engine_blink,yes,no,2019-08-22
Q007163,3.1,F01196,safari,engine_webkit,no,no,2008-03-18
Q007164,8,F08197,firefox_android,subtree_engine,yes,no,2011-11-08
Q007165,79,F08087,firefox_android,subtree_engine,yes,no,2020-07-28
Q007166,false,F02724,webview_ios,subtree_engine,yes,no,none
Q007167,126,F13815,webview_android,engine_blink,yes,no,2024-06-11
Q007168,47,F13727,opera_android,engine_blink,yes,no,2018-07-23
Q007169,false,F07224,safari,random2,no,no,none
Q007170,75,F04912,chrome,engine_blink,yes,yes,2019-06-04
Q007171,11,F02934,safari,engine_webkit,no,yes,2017-09-19
Q007172,false,F10667,webview_ios,engine_webkit,no,no,none
Q007173,false,F00364,firefox,lineage_pair,no,no,none
Q007174,false,F17323,webview_ios,engine_webkit,no,no,none
Q007175,3.6,F06839,firefox,subtree_engine,yes,no,2010-01-21
Q007176,4,F06805,firefox_android,lineage_pair,no,no,2011-03-29
Q007177,134,F06346,firefox_android,lineage_pair,no,yes,2025-01-07
Q007178,66,F06537,opera_android,engine_blink,yes,no,2021-12-15
Q007179,52,F03792,chrome,subtree_engine,yes,no,2016-07-20
Q007180,false,F15661,oculus,subtree_engine,yes,no,none
Q007181,false,F14257,edge,engine_blink,yes,no,none
Q007182,false,F15264,safari,engine_webkit,no,no,none
Q007183,37,F15476,webview_android,engine_blink,yes,no,2014-09-03
Q007184,15,F10877,opera,engine_blink,yes,no,2013-07-02
Q007185,18.2,F11510,webview_ios,engine_webkit,no,no,2024-12-11
Q007186,3.2,F00542,safari_ios,lineage_pair,no,no,2010-04-03
Q007187,91,F04322,edge,engine_blink,yes,yes,2021-05-27
Q007188,1,F03139,webview_ios,lineage_pair,no,no,2007-06-29
Q007189,4.2,F03295,safari_ios,subtree_engine,yes,no,2010-11-22
Q007190,false,F16688,chrome_android,engine_blink,yes,no,none
Q007191,1.5,F03309,samsunginternet_android,engine_blink,yes,no,2013-09-25
Q007192,14,F07295,opera_android,engine_blink,yes,no,2013-05-21
Q007193,4.4,F08674,webview_android,derivative1,no,no,2013-12-09
Q007194,18.4,F00333,webview_ios,engine_webkit,no,yes,2025-03-31
Q007195,13.0,F16336,samsunginternet_android,subtree_engine,yes,no,2020-12-02
Q007196,1,F02798,firefox,lineage_pair,no,no,2004-11-09
Q007197,12,F00261,edge,engine_blink,yes,no,2015-07-29
Q007198,12.1,F00912,opera,engine_blink,yes,no,2012-11-20
Q007199,14,F02805,opera_android,engine_blink,yes,no,2013-05-21
Q007200,23,F02039,chrome,engine_blink,yes,no,2012-11-06
Q007201,73,F05282,opera,derivative1,no,no,2020-12-09
Q007202,1,F08649,safari,engine_webkit,no,no,2003-06-23
Q007203,58,F06113,webview_android,subtree_engine,yes,no,2017-04-25
Q007204,38.1,F00201,oculus,engine_blink,yes,no,2025-04-23
Q007205,false,F05316,samsunginternet_android,random2,no,no,none
Q007206,false,F17813,safari,engine_webkit,no,no,none
Q007207,false,F05362,opera_android,engine_blink,yes,no,none
Q007208,16.4,F04808,webview_ios,engine_webkit,no,yes,2023-03-27
Q007209,false,F03844,safari_ios,engine_webkit,no,no,none
Q007210,72,F09113,opera,subtree_engine,yes,no,2020-10-21
Q007211,43,F04387,opera_android,engine_blink,yes,no,2017-09-27
Q007212,11,F03228,safari,engine_webkit,no,yes,2017-09-19
Q007213,91,F01399,chrome_android,random2,no,yes,2021-05-25
Q007214,52,F03172,chrome_android,subtree_engine,yes,no,2016-07-27
Q007215,55,F08270,webview_android,engine_blink,yes,no,2016-12-06
Q007216,21.0,F11682,samsunginternet_android,subtree_engine,yes,yes,2023-05-19
Q007217,14,F13451,opera_android,random2,no,no,2013-05-21
Q007218,false,F16678,opera_android,engine_blink,yes,no,none
Q007219,129,F11921,chrome,lineage_pair,no,no,2024-09-17
Q007220,false,F03741,firefox,random2,no,no,none
Q007221,81,F18216,chrome,subtree_engine,yes,no,2020-04-07
Q007222,26.2,F11703,safari_ios,engine_webkit,no,no,2025-12-12
Q007223,12,F03413,edge,engine_blink,yes,no,2015-07-29
Q007224,64,F02963,opera_android,engine_blink,yes,yes,2021-05-25
Q007225,5.0,F16791,oculus,engine_blink,yes,no,2018-07-01
Q007226,149,F02666,edge,engine_blink,yes,no,2026-06-04
Q007227,109,F13385,edge,engine_blink,yes,yes,2023-01-12
Q007228,62,F04912,opera,engine_blink,yes,yes,2019-06-27
Q007229,12.2,F06527,safari_ios,subtree_engine,yes,no,2019-03-25
Q007230,106,F17993,chrome_android,random2,no,no,2022-09-27
Q007231,12,F15338,edge,derivative1,no,no,2015-07-29
Q007232,6.0,F10811,oculus,engine_blink,yes,no,2019-08-12
Q007233,139,F15986,webview_android,engine_blink,yes,no,2025-08-05
Q007234,149,F12385,chrome_android,derivative1,no,no,2026-06-02
Q007235,4.4,F04706,webview_android,derivative1,no,no,2013-12-09
Q007236,51,F17933,chrome_android,engine_blink,yes,no,2016-06-08
Q007237,79,F09448,firefox_android,subtree_engine,yes,no,2020-07-28
Q007238,66,F03912,chrome,subtree_engine,yes,no,2018-04-17
Q007239,81,F16567,edge,derivative1,no,no,2020-04-13
Q007240,55,F11958,opera_android,derivative1,no,no,2019-12-03
Q007241,11,F03660,webview_ios,random2,no,no,2017-09-19
Q007242,139,F07459,chrome,engine_blink,yes,no,2025-08-05
Q007243,false,F14174,chrome,source1,no,no,none
Q007244,58,F13562,chrome_android,subtree_engine,yes,no,2017-04-25
Q007245,25.0,F11624,samsunginternet_android,engine_blink,yes,no,2024-04-24
Q007246,4.4,F12972,webview_android,subtree_engine,yes,no,2013-12-09
Q007247,58,F09490,webview_android,subtree_engine,yes,no,2017-04-25
Q007248,1,F06280,chrome,engine_blink,yes,no,2008-12-11
Q007249,false,F10792,safari_ios,random2,no,no,none
Q007250,false,F00288,opera,random2,no,no,none
Q007251,78,F00381,opera_android,engine_blink,yes,no,2023-10-23
Q007252,17,F00460,edge,engine_blink,yes,no,2018-04-30
Q007253,16.4,F15623,safari,engine_webkit,no,no,2023-03-27
Q007254,26,F01990,webview_ios,engine_webkit,no,no,2025-09-15
Q007255,false,F00804,oculus,random2,no,no,none
Q007256,false,F09844,chrome_android,engine_blink,yes,no,none
Q007257,false,F11150,safari,engine_webkit,no,yes,none
Q007258,10,F00877,webview_ios,engine_webkit,no,no,2016-09-13
Q007259,1,F03139,safari,lineage_pair,no,no,2003-06-23
Q007260,4,F03780,safari,random2,no,no,2009-06-08
Q007261,15.4,F00240,safari_ios,random2,no,no,2022-03-14
Q007262,12.1,F14264,opera,engine_blink,yes,no,2012-11-20
Q007263,11,F11049,webview_ios,engine_webkit,no,yes,2017-09-19
Q007264,43,F16280,opera,subtree_engine,yes,no,2017-02-07
Q007265,false,F13894,samsunginternet_android,subtree_engine,yes,yes,none
Q007266,128,F10315,opera,engine_blink,yes,no,2026-02-26
Q007267,15,F12237,opera,engine_blink,yes,no,2013-07-02
Q007268,false,F08367,webview_android,engine_blink,yes,yes,none
Q007269,80,F09863,webview_android,subtree_engine,yes,no,2020-02-04
Q007270,16.4,F10642,webview_ios,engine_webkit,no,no,2023-03-27
Q007271,58,F11708,chrome_android,subtree_engine,yes,no,2017-04-25
Q007272,12,F15674,edge,subtree_engine,yes,no,2015-07-29
Q007273,false,F11581,safari,engine_webkit,no,no,none
Q007274,12.0,F07042,oculus,subtree_engine,yes,no,2020-11-03
Q007275,12.0,F14081,samsunginternet_android,subtree_engine,yes,no,2020-06-19
Q007276,52,F06233,firefox,random2,no,yes,2017-03-07
Q007277,10,F11966,safari_ios,engine_webkit,no,no,2016-09-13
Q007278,1.0,F18203,samsunginternet_android,engine_blink,yes,no,2013-04-27
Q007279,70,F03590,firefox,source1,no,no,2019-10-22
Q007280,129,F04052,chrome,engine_blink,yes,no,2024-09-17
Q007281,109,F05421,webview_android,engine_blink,yes,yes,2023-01-10
Q007282,1,F00378,safari_ios,derivative1,no,no,2007-06-29
Q007283,4.4.3,F02544,webview_android,engine_blink,yes,no,2014-06-02
Q007284,18,F09995,chrome_android,engine_blink,yes,no,2012-06-27
Q007285,60,F15998,chrome,engine_blink,yes,no,2017-07-25
Q007286,false,F14257,chrome_android,engine_blink,yes,no,none
Q007287,5.0,F16578,oculus,engine_blink,yes,no,2018-07-01
Q007288,5.1,F15673,safari,random2,no,yes,2011-07-20
Q007289,false,F11351,webview_ios,subtree_engine,yes,no,none
Q007290,144,F16883,firefox,lineage_pair,no,no,2025-10-14
Q007291,60,F04761,chrome_android,subtree_engine,yes,no,2017-08-01
Q007292,126,F07839,edge,engine_blink,yes,no,2024-06-13
Q007293,5.0,F01551,oculus,derivative1,no,yes,2018-07-01
Q007294,9.0,F10736,samsunginternet_android,subtree_engine,yes,no,2018-09-15
Q007295,false,F03601,chrome_android,engine_blink,yes,no,none
Q007296,5.0,F11119,oculus,engine_blink,yes,no,2018-07-01
Q007297,7,F07242,opera,engine_blink,yes,no,2003-01-28
Q007298,false,F08107,safari_ios,subtree_engine,yes,no,none
Q007299,108,F06714,webview_android,lineage_pair,no,no,2022-11-29
Q007300,78,F00915,opera_android,engine_blink,yes,no,2023-10-23
Q007301,5.0,F15568,oculus,random2,no,no,2018-07-01
Q007302,21,F16697,opera,random2,no,no,2014-05-06
Q007303,false,F14907,firefox_android,lineage_pair,no,no,none
Q007304,73,F05953,opera_android,engine_blink,yes,no,2023-01-17
Q007305,27.0,F01829,samsunginternet_android,engine_blink,yes,no,2024-11-06
Q007306,4.4,F08124,webview_android,engine_blink,yes,no,2013-12-09
Q007307,44,F02591,opera,engine_blink,yes,no,2017-03-21
Q007308,107,F12930,opera,engine_blink,yes,no,2024-02-07
Q007309,78,F11505,opera_android,engine_blink,yes,no,2023-10-23
Q007310,96,F10137,webview_android,engine_blink,yes,yes,2021-11-15
Q007311,1,F06775,chrome,engine_blink,yes,no,2008-12-11
Q007312,11,F10269,safari,engine_webkit,no,yes,2017-09-19
Q007313,58,F18210,chrome_android,subtree_engine,yes,no,2017-04-25
Q007314,16.4,F10926,safari,source1,no,no,2023-03-27
Q007315,118,F10911,opera,engine_blink,yes,no,2025-04-15
Q007316,110,F02642,edge,engine_blink,yes,no,2023-02-09
Q007317,false,F09615,samsunginternet_android,engine_blink,yes,no,none
Q007318,false,F11087,safari_ios,lineage_pair,no,no,none
Q007319,14,F12806,safari_ios,random2,no,no,2020-09-16
Q007320,false,F04412,webview_android,engine_blink,yes,no,none
Q007321,15,F15664,opera,engine_blink,yes,no,2013-07-02
Q007322,4,F04876,firefox_android,subtree_engine,yes,yes,2011-03-29
Q007323,18.4,F16880,safari,random2,no,no,2025-03-31
Q007324,36,F01038,oculus,engine_blink,yes,no,2024-11-06
Q007325,11,F13432,safari,source1,no,yes,2017-09-19
Q007326,5.0,F17834,oculus,subtree_engine,yes,no,2018-07-01
Q007327,false,F17841,safari,lineage_pair,no,no,none
Q007328,5,F02599,chrome,engine_blink,yes,no,2010-05-25
Q007329,54,F11698,opera_android,subtree_engine,yes,no,2019-10-18
Q007330,14,F12972,opera_android,subtree_engine,yes,no,2013-05-21
Q007331,false,F07755,webview_ios,subtree_engine,yes,no,none
Q007332,false,F02259,webview_ios,engine_webkit,no,no,none
Q007333,false,F12809,firefox,source1,no,no,none
Q007334,61,F12557,firefox,subtree_engine,yes,no,2018-06-26
Q007335,129,F01186,chrome,lineage_pair,no,no,2024-09-17
Q007336,79,F03912,edge,subtree_engine,yes,no,2020-01-15
Q007337,4,F08548,firefox_android,lineage_pair,no,no,2011-03-29
Q007338,16.4,F14724,safari,source1,no,no,2023-03-27
Q007339,44,F12127,opera_android,subtree_engine,yes,no,2017-12-11
Q007340,7,F10941,safari_ios,engine_webkit,no,no,2013-09-18
Q007341,12,F01684,edge,engine_blink,yes,no,2015-07-29
Q007342,80,F02024,opera,engine_blink,yes,no,2021-10-05
Q007343,false,F16688,opera_android,engine_blink,yes,no,none
Q007344,149,F18456,firefox_android,subtree_engine,yes,no,2026-03-24
Q007345,12,F02409,edge,random2,no,no,2015-07-29
Q007346,60,F16970,chrome,subtree_engine,yes,no,2017-07-25
Q007347,4.4,F18326,webview_android,engine_blink,yes,no,2013-12-09
Q007348,false,F09020,webview_android,engine_blink,yes,no,none
Q007349,false,F00272,opera,engine_blink,yes,no,none
Q007350,31.2,F03498,oculus,engine_blink,yes,no,2024-01-15
Q007351,4.4,F16984,webview_android,subtree_engine,yes,no,2013-12-09
Q007352,139,F02228,chrome,engine_blink,yes,no,2025-08-05
Q007353,5.0,F01071,oculus,engine_blink,yes,no,2018-07-01
Q007354,4.4,F09069,webview_android,engine_blink,yes,no,2013-12-09
Q007355,79,F16234,opera_android,subtree_engine,yes,no,2023-12-06
Q007356,81,F01608,webview_android,engine_blink,yes,no,2020-04-07
Q007357,56,F07977,opera,engine_blink,yes,no,2018-09-25
Q007358,4.0,F00026,samsunginternet_android,derivative1,no,no,2016-03-11
Q007359,37,F11704,firefox,source1,no,no,2015-03-31
Q007360,16,F08998,safari_ios,engine_webkit,no,no,2022-09-12
Q007361,false,F09253,opera_android,engine_blink,yes,no,none
Q007362,64,F17555,opera_android,engine_blink,yes,yes,2021-05-25
Q007363,109,F05215,edge,random2,no,yes,2023-01-12
Q007364,57,F07193,chrome_android,engine_blink,yes,yes,2017-03-16
Q007365,58,F04741,chrome,engine_blink,yes,no,2017-04-19
Q007366,16.4,F12517,safari,engine_webkit,no,yes,2023-03-27
Q007367,1,F10117,webview_ios,engine_webkit,no,no,2007-06-29
Q007368,false,F08306,edge,engine_blink,yes,yes,none
Q007369,3,F06046,safari,engine_webkit,no,no,2007-10-26
Q007370,4,F02335,firefox,subtree_engine,yes,no,2011-03-22
Q007371,5,F04363,safari,lineage_pair,no,no,2010-06-07
Q007372,3.2,F04430,safari_ios,engine_webkit,no,no,2010-04-03
Q007373,4.4,F17953,webview_android,subtree_engine,yes,no,2013-12-09
Q007374,27.0,F00426,samsunginternet_android,engine_blink,yes,no,2024-11-06
Q007375,3.5,F18031,firefox,lineage_pair,no,no,2009-06-30
Q007376,1,F07532,chrome,source1,no,no,2008-12-11
Q007377,7,F06865,webview_ios,engine_webkit,no,no,2013-09-18
Q007378,79,F10071,edge,subtree_engine,yes,no,2020-01-15
Q007379,75,F15200,chrome_android,engine_blink,yes,yes,2019-06-04
Q007380,104,F04674,edge,subtree_engine,yes,no,2022-08-05
Q007381,false,F05475,webview_ios,engine_webkit,no,no,none
Q007382,false,F15562,opera,engine_blink,yes,no,none
Q007383,false,F09787,safari_ios,lineage_pair,no,no,none
Q007384,false,F17104,firefox,lineage_pair,no,no,none
Q007385,false,F08404,safari,engine_webkit,no,yes,none
Q007386,43,F10194,chrome_android,engine_blink,yes,no,2015-05-27
Q007387,1.0,F07182,samsunginternet_android,engine_blink,yes,no,2013-04-27
Q007388,117,F09151,edge,lineage_pair,no,no,2023-09-15
Q007389,134,F00201,chrome_android,engine_blink,yes,no,2025-03-04
Q007390,1,F00253,chrome,lineage_pair,no,no,2008-12-11
Q007391,25.0,F07484,samsunginternet_android,subtree_engine,yes,no,2024-04-24
Q007392,false,F12373,webview_ios,subtree_engine,yes,no,none
Q007393,70,F15507,chrome_android,random2,no,no,2018-10-17
Q007394,13.1,F13024,safari,engine_webkit,no,no,2020-03-24
Q007395,109,F18478,webview_android,derivative1,no,yes,2023-01-10
Q007396,1,F15602,chrome,engine_blink,yes,no,2008-12-11
Q007397,9.0,F16444,samsunginternet_android,engine_blink,yes,no,2018-09-15
Q007398,94,F10668,edge,engine_blink,yes,no,2021-09-24
Q007399,71,F17353,webview_android,lineage_pair,no,no,2018-12-04
Q007400,false,F16678,webview_android,engine_blink,yes,no,none
Q007401,124,F15700,firefox_android,derivative1,no,no,2024-03-19
Q007402,6.0,F16766,oculus,derivative1,no,no,2019-08-12
Q007403,4,F11436,firefox_android,subtree_engine,yes,no,2011-03-29
Q007404,13,F14001,webview_ios,subtree_engine,yes,no,2019-09-19
Q007405,121,F04413,opera,subtree_engine,yes,no,2025-08-27
Q007406,79,F12619,edge,random2,no,no,2020-01-15
Q007407,1,F11600,safari,random2,no,no,2003-06-23
Q007408,27,F10672,webview_ios,engine_webkit,no,no,2026-09-14
Q007409,12.1,F12521,safari,engine_webkit,no,no,2019-03-25
Q007410,48,F13085,opera_android,subtree_engine,yes,no,2018-11-08
Q007411,false,F12576,webview_ios,subtree_engine,yes,no,none
Q007412,3.1,F03375,safari,source1,no,no,2008-03-18
Q007413,false,F17906,edge,engine_blink,yes,no,none
Q007414,5.0,F09654,oculus,engine_blink,yes,no,2018-07-01
Q007415,1,F16305,safari_ios,engine_webkit,no,no,2007-06-29
Q007416,false,F16039,safari_ios,subtree_engine,yes,no,none
Q007417,14.5,F15634,webview_ios,engine_webkit,no,no,2021-04-26
Q007418,1.5,F15178,samsunginternet_android,engine_blink,yes,no,2013-09-25
Q007419,11.0,F11698,samsunginternet_android,subtree_engine,yes,no,2019-12-05
Q007420,4,F07318,firefox_android,subtree_engine,yes,yes,2011-03-29
Q007421,36,F17687,oculus,engine_blink,yes,no,2024-11-06
Q007422,43,F07107,opera,engine_blink,yes,no,2017-02-07
Q007423,false,F03631,webview_ios,random2,no,no,none
Q007424,27,F04601,safari,subtree_engine,yes,no,2026-09-14
Q007425,18,F14083,chrome_android,engine_blink,yes,no,2012-06-27
Q007426,4,F02401,firefox_android,subtree_engine,yes,no,2011-03-29
Q007427,16.0,F09094,samsunginternet_android,engine_blink,yes,yes,2021-11-25
Q007428,false,F14681,safari,lineage_pair,no,no,none
Q007429,12.1,F00293,opera,random2,no,no,2012-11-20
Q007430,11.3,F11089,safari_ios,engine_webkit,no,no,2018-03-29
Q007431,false,F04119,safari,subtree_engine,yes,no,none
Q007432,61,F12557,firefox_android,subtree_engine,yes,no,2018-06-26
Q007433,5.0,F06709,oculus,subtree_engine,yes,no,2018-07-01
Q007434,119,F10610,firefox,lineage_pair,no,no,2023-10-24
Q007435,18.0,F10116,oculus,engine_blink,yes,no,2021-11-30
Q007436,146,F15910,chrome_android,engine_blink,yes,no,2026-03-10
Q007437,146,F00694,chrome_android,engine_blink,yes,no,2026-03-10
Q007438,11.3,F15620,safari_ios,engine_webkit,no,no,2018-03-29
Q007439,26.2,F01559,safari,lineage_pair,no,no,2025-12-12
Q007440,4.2,F04019,safari_ios,lineage_pair,no,no,2010-11-22
Q007441,5.0,F03574,oculus,subtree_engine,yes,no,2018-07-01
Q007442,false,F10332,safari_ios,lineage_pair,no,no,none
Q007443,31.2,F05421,oculus,engine_blink,yes,yes,2024-01-15
Q007444,9.0,F16548,oculus,subtree_engine,yes,no,2020-04-24
Q007445,1,F05792,chrome,lineage_pair,no,no,2008-12-11
Q007446,14.1,F01244,safari,subtree_engine,yes,no,2021-04-26
Q007447,false,F00968,safari_ios,lineage_pair,no,no,none
Q007448,14.5,F03815,safari_ios,engine_webkit,no,no,2021-04-26
Q007449,121,F06936,chrome_android,engine_blink,yes,no,2024-01-23
Q007450,48,F04517,opera,derivative1,no,no,2017-09-27
Q007451,false,F01904,chrome,engine_blink,yes,no,none
Q007452,1,F17041,chrome,subtree_engine,yes,no,2008-12-11
Q007453,1.0,F08757,samsunginternet_android,random2,no,no,2013-04-27
Q007454,86,F09113,chrome,subtree_engine,yes,no,2020-10-20
Q007455,20,F04245,firefox,subtree_engine,yes,no,2013-04-02
Q007456,20.0,F00309,samsunginternet_android,lineage_pair,no,no,2023-02-10
Q007457,1.0,F10590,samsunginternet_android,engine_blink,yes,no,2013-04-27
Q007458,18,F02980,edge,random2,no,yes,2018-10-02
Q007459,3,F16095,webview_android,random2,no,no,2011-02-22
Q007460,87,F06860,edge,engine_blink,yes,no,2020-11-19
Q007461,4,F14493,safari,engine_webkit,no,no,2009-06-08
Q007462,6.0,F17267,oculus,engine_blink,yes,no,2019-08-12
Q007463,12.1,F07186,opera_android,engine_blink,yes,no,2012-10-09
Q007464,12.1,F00092,opera,engine_blink,yes,no,2012-11-20
Q007465,21.0,F15813,samsunginternet_android,engine_blink,yes,yes,2023-05-19
Q007466,13.0,F11896,samsunginternet_android,random2,no,no,2020-12-02
Q007467,1,F17897,safari_ios,engine_webkit,no,no,2007-06-29
Q007468,149,F05632,chrome,random2,no,no,2026-06-02
Q007469,7.0,F10071,samsunginternet_android,subtree_engine,yes,no,2018-03-16
Q007470,false,F15227,opera_android,engine_blink,yes,no,none
Q007471,3.2,F02976,webview_ios,engine_webkit,no,no,2010-04-03
Q007472,false,F09481,safari,lineage_pair,no,no,none
Q007473,83,F06196,opera_android,engine_blink,yes,no,2024-06-25
Q007474,1,F17763,webview_ios,engine_webkit,no,no,2007-06-29
Q007475,80,F18074,edge,engine_blink,yes,no,2020-02-07
Q007476,12,F15292,edge,subtree_engine,yes,no,2015-07-29
Q007477,12,F00912,edge,engine_blink,yes,no,2015-07-29
Q007478,false,F01952,safari,engine_webkit,no,no,none
Q007479,64,F11836,opera_android,engine_blink,yes,yes,2021-05-25
Q007480,false,F09248,webview_ios,engine_webkit,no,no,none
Q007481,false,F03580,webview_ios,engine_webkit,no,no,none
Q007482,1,F03573,chrome,source1,no,no,2008-12-11
Q007483,12.1,F12924,safari,source1,no,no,2019-03-25
Q007484,35,F00779,oculus,engine_blink,yes,no,2024-09-13
Q007485,false,F14008,oculus,engine_blink,yes,no,none
Q007486,140,F01720,firefox,lineage_pair,no,no,2025-06-24
Q007487,false,F16719,samsunginternet_android,engine_blink,yes,no,none
Q007488,93,F03093,opera_android,engine_blink,yes,no,2025-11-25
Q007489,5.0,F10523,oculus,engine_blink,yes,no,2018-07-01
Q007490,15,F11709,firefox_android,derivative1,no,no,2012-08-28
Q007491,14,F15274,safari_ios,engine_webkit,no,no,2020-09-16
Q007492,16,F02005,chrome,engine_blink,yes,no,2011-12-13
Q007493,1,F15347,safari_ios,engine_webkit,no,no,2007-06-29
Q007494,126,F13815,chrome,engine_blink,yes,no,2024-06-11
Q007495,125,F08356,chrome,engine_blink,yes,no,2024-05-14
Q007496,3.6,F15112,firefox,subtree_engine,yes,no,2010-01-21
Q007497,14.5,F08240,safari_ios,engine_webkit,no,no,2021-04-26
Q007498,11,F16918,safari,lineage_pair,no,yes,2017-09-19
Q007499,58,F16264,chrome_android,subtree_engine,yes,no,2017-04-25
Q007500,9.3,F10014,webview_ios,lineage_pair,no,no,2016-03-21
Q007501,7,F14368,safari_ios,random2,no,no,2013-09-18
Q007502,10,F02852,safari_ios,engine_webkit,no,no,2016-09-13
Q007503,46,F03574,chrome_android,subtree_engine,yes,no,2015-10-14
Q007504,79,F07484,opera_android,subtree_engine,yes,no,2023-12-06
Q007505,false,F08342,webview_ios,derivative1,no,no,none
Q007506,91,F06329,webview_android,engine_blink,yes,yes,2021-05-25
Q007507,29,F01852,chrome_android,engine_blink,yes,no,2013-08-21
Q007508,5,F02486,chrome,source1,no,no,2010-05-25
Q007509,79,F05698,edge,engine_blink,yes,no,2020-01-15
Q007510,2,F15636,safari_ios,engine_webkit,no,no,2008-07-11
Q007511,false,F10895,webview_ios,engine_webkit,no,no,none
Q007512,79,F12997,edge,subtree_engine,yes,no,2020-01-15
Q007513,47,F15319,opera,subtree_engine,yes,no,2017-08-09
Q007514,1,F14088,webview_ios,engine_webkit,no,no,2007-06-29
Q007515,false,F00303,opera,derivative1,no,no,none
Q007516,141,F07049,chrome,lineage_pair,no,no,2025-09-30
Q007517,12,F10203,edge,random2,no,no,2015-07-29
Q007518,false,F15402,firefox_android,lineage_pair,no,no,none
Q007519,128,F11624,opera,engine_blink,yes,no,2026-02-26
Q007520,57,F16548,opera_android,subtree_engine,yes,no,2020-03-30
Q007521,43,F09734,opera,subtree_engine,yes,no,2017-02-07
Q007522,false,F06099,firefox_android,derivative1,no,no,none
Q007523,43,F04521,opera_android,subtree_engine,yes,no,2017-09-27
Q007524,115,F00509,opera,engine_blink,yes,no,2024-11-27
Q007525,15,F12565,opera,engine_blink,yes,no,2013-07-02
Q007526,7,F05317,safari,engine_webkit,no,no,2013-10-22
Q007527,140,F18088,firefox_android,lineage_pair,no,no,2025-06-24
Q007528,5.0,F12565,oculus,engine_blink,yes,no,2018-07-01
Q007529,false,F14520,oculus,engine_blink,yes,no,none
Q007530,45,F13234,opera_android,engine_blink,yes,no,2018-02-15
Q007531,63,F15831,chrome,lineage_pair,no,no,2017-12-06
Q007532,77,F03530,webview_android,random2,no,no,2019-09-10
Q007533,70,F05900,chrome,source1,no,no,2018-10-16
Q007534,25.0,F05399,samsunginternet_android,engine_blink,yes,no,2024-04-24
Q007535,14.5,F06394,safari_ios,engine_webkit,no,no,2021-04-26
Q007536,58,F09539,firefox,source1,no,no,2018-01-23
Q007537,13.4,F07345,safari_ios,subtree_engine,yes,no,2020-03-24
Q007538,127,F17462,chrome_android,engine_blink,yes,no,2024-07-23
Q007539,17.2,F03602,safari_ios,derivative1,no,no,2023-12-11
Q007540,3,F07960,safari,subtree_engine,yes,no,2007-10-26
Q007541,79,F04947,edge,subtree_engine,yes,no,2020-01-15
Q007542,56,F13468,firefox_android,lineage_pair,no,no,2017-09-28
Q007543,11,F16330,webview_ios,random2,no,yes,2017-09-19
Q007544,118,F05399,chrome_android,engine_blink,yes,no,2023-10-10
Q007545,38.1,F04659,oculus,engine_blink,yes,yes,2025-04-23
Q007546,86,F14363,opera_android,derivative1,no,no,2024-12-02
Q007547,18,F18328,chrome_android,engine_blink,yes,no,2012-06-27
Q007548,17.0,F12048,samsunginternet_android,engine_blink,yes,no,2022-05-04
Q007549,43,F12489,opera_android,subtree_engine,yes,no,2017-09-27
Q007550,12,F10805,opera_android,engine_blink,yes,no,2012-02-25
Q007551,false,F00443,webview_android,engine_blink,yes,no,none
Q007552,9,F08074,safari,source1,no,no,2015-09-30
Q007553,4.4,F17041,webview_android,subtree_engine,yes,no,2013-12-09
Q007554,false,F16267,chrome_android,derivative1,no,no,none
Q007555,3.2,F05945,webview_ios,engine_webkit,no,no,2010-04-03
Q007556,3,F14064,opera,engine_blink,yes,no,1997-12-01
Q007557,1,F12605,chrome,engine_blink,yes,no,2008-12-11
Q007558,false,F16447,firefox_android,subtree_engine,yes,no,none
Q007559,91,F09094,webview_android,engine_blink,yes,yes,2021-05-25
Q007560,80,F15764,webview_android,engine_blink,yes,no,2020-02-04
Q007561,18,F07432,chrome_android,engine_blink,yes,no,2012-06-27
Q007562,false,F07168,firefox_android,lineage_pair,no,no,none
Q007563,57,F07193,chrome,engine_blink,yes,yes,2017-03-09
Q007564,2,F14499,webview_ios,subtree_engine,yes,no,2008-07-11
Q007565,8,F14473,firefox_android,subtree_engine,yes,no,2011-11-08
Q007566,false,F01086,chrome_android,engine_blink,yes,no,none
Q007567,8.0,F08979,samsunginternet_android,subtree_engine,yes,no,2018-07-18
Q007568,12.0,F07567,oculus,subtree_engine,yes,no,2020-11-03
Q007569,8.0,F15998,samsunginternet_android,engine_blink,yes,no,2018-07-18
Q007570,3,F15547,safari,engine_webkit,no,no,2007-10-26
Q007571,4.4,F15920,webview_android,engine_blink,yes,no,2013-12-09
Q007572,1,F07511,webview_ios,engine_webkit,no,no,2007-06-29
Q007573,5.0,F14774,oculus,subtree_engine,yes,no,2018-07-01
Q007574,57,F09637,webview_android,random2,no,yes,2017-03-16
Q007575,100,F05567,opera_android,random2,no,no,2026-07-01
Q007576,74,F17726,chrome,lineage_pair,no,no,2019-04-23
Q007577,16.4,F16407,webview_ios,engine_webkit,no,yes,2023-03-27
Q007578,false,F16445,safari,subtree_engine,yes,no,none
Q007579,138,F16055,edge,random2,no,no,2025-06-26
Q007580,11,F17093,webview_ios,engine_webkit,no,no,2017-09-19
Q007581,91,F03443,edge,random2,no,yes,2021-05-27
Q007582,56,F13085,opera,subtree_engine,yes,no,2018-09-25
Q007583,52,F06017,firefox_android,derivative1,no,yes,2017-03-07
Q007584,1.0,F16930,samsunginternet_android,engine_blink,yes,no,2013-04-27
Q007585,false,F18284,samsunginternet_android,engine_blink,yes,no,none
Q007586,5.0,F12985,oculus,engine_blink,yes,no,2018-07-01
Q007587,14.0,F02444,samsunginternet_android,subtree_engine,yes,no,2021-04-17
Q007588,5.1,F14889,safari,engine_webkit,no,no,2011-07-20
Q007589,false,F01638,firefox,subtree_engine,yes,no,none
Q007590,40,F04529,chrome,engine_blink,yes,no,2015-01-21
Q007591,18,F16934,chrome_android,random2,no,no,2012-06-27
Q007592,114,F14137,firefox,random2,no,no,2023-06-06
Q007593,4.4,F07076,webview_android,random2,no,no,2013-12-09
Q007594,139,F15986,edge,engine_blink,yes,no,2025-08-07
Q007595,83,F13623,opera_android,engine_blink,yes,no,2024-06-25
Q007596,11,F16454,safari_ios,random2,no,no,2017-09-19
Q007597,7,F02140,webview_ios,engine_webkit,no,no,2013-09-18
Q007598,121,F10315,chrome_android,engine_blink,yes,no,2024-01-23
Q007599,8,F17575,safari_ios,engine_webkit,no,no,2014-09-17
Q007600,6,F15582,safari_ios,engine_webkit,no,no,2012-09-10
Q007601,90,F04413,opera_android,subtree_engine,yes,no,2025-06-18
Q007602,false,F13224,firefox,subtree_engine,yes,no,none
Q007603,7.0,F09490,samsunginternet_android,subtree_engine,yes,no,2018-03-16
Q007604,false,F12357,webview_ios,subtree_engine,yes,no,none
Q007605,4.4,F10130,webview_android,derivative1,no,no,2013-12-09
Q007606,1.0,F13457,samsunginternet_android,subtree_engine,yes,no,2013-04-27
Q007607,43,F06268,chrome_android,engine_blink,yes,no,2015-05-27
Q007608,74,F02642,opera_android,engine_blink,yes,no,2023-03-13
Q007609,1,F06652,safari_ios,engine_webkit,no,no,2007-06-29
Q007610,false,F15425,oculus,subtree_engine,yes,no,none
Q007611,9,F10805,chrome,engine_blink,yes,no,2011-02-03
Q007612,false,F10332,safari,lineage_pair,no,no,none
Q007613,106,F11221,chrome,engine_blink,yes,no,2022-09-27
Q007614,4.4,F12327,webview_android,lineage_pair,no,no,2013-12-09
Q007615,4.2,F08103,webview_ios,lineage_pair,no,no,2010-11-22
Q007616,126,F08870,chrome,random2,no,no,2024-06-11
Q007617,42,F00317,opera_android,lineage_pair,no,no,2017-01-21
Q007618,7,F03802,safari,engine_webkit,no,no,2013-10-22
Q007619,false,F01396,edge,engine_blink,yes,yes,none
Q007620,17.4,F16168,safari,source1,no,no,2024-03-05
Q007621,false,F06675,safari_ios,engine_webkit,no,no,none
Q007622,16.4,F15623,safari_ios,engine_webkit,no,no,2023-03-27
Q007623,16.4,F00873,webview_ios,engine_webkit,no,no,2023-03-27
Q007624,26,F05819,safari_ios,engine_webkit,no,no,2025-09-15
Q007625,15.4,F18327,webview_ios,engine_webkit,no,no,2022-03-14
Q007626,79,F10164,edge,subtree_engine,yes,no,2020-01-15
Q007627,3.5,F18428,firefox,subtree_engine,yes,no,2009-06-30
Q007628,84,F15956,firefox_android,subtree_engine,yes,no,2020-12-15
Q007629,3,F13981,safari_ios,engine_webkit,no,no,2009-06-17
Q007630,150,F14243,chrome_android,engine_blink,yes,no,2026-06-30
Q007631,11.3,F14739,webview_ios,engine_webkit,no,no,2018-03-29
Q007632,29.0,F10911,samsunginternet_android,engine_blink,yes,no,2025-10-25
Q007633,155,F09399,firefox_android,derivative1,no,yes,2026-09-01
Q007634,false,F07087,safari,engine_webkit,no,no,none
Q007635,6,F18035,safari,source1,no,yes,2012-07-25
Q007636,88,F17166,opera_android,engine_blink,yes,no,2025-03-19
Q007637,126,F03667,chrome,source1,no,no,2024-06-11
Q007638,false,F06816,webview_ios,engine_webkit,no,no,none
Q007639,43,F11468,chrome,source1,no,no,2015-05-19
Q007640,9,F03394,safari,lineage_pair,no,no,2015-09-30
Q007641,1,F01969,chrome,source1,no,no,2008-12-11
Q007642,11,F15470,opera,engine_blink,yes,no,2010-12-16
Q007643,4.4,F12763,webview_android,random2,no,no,2013-12-09
Q007644,91,F17399,opera_android,engine_blink,yes,no,2025-08-19
Q007645,60,F15292,chrome_android,subtree_engine,yes,no,2017-08-01
Q007646,false,F10664,chrome_android,subtree_engine,yes,no,none
Q007647,58,F13662,webview_android,subtree_engine,yes,no,2017-04-25
Q007648,118,F05399,webview_android,engine_blink,yes,no,2023-10-10
Q007649,17.0,F15569,samsunginternet_android,random2,no,yes,2022-05-04
Q007650,79,F14230,edge,engine_blink,yes,no,2020-01-15
Q007651,16.4,F06504,webview_ios,derivative1,no,no,2023-03-27
Q007652,10,F08819,safari,source1,no,no,2016-09-20
Q007653,18.2,F05613,safari,source1,no,no,2024-12-11
Q007654,4,F07212,safari,engine_webkit,no,no,2009-06-08
Q007655,1,F10486,chrome,engine_blink,yes,no,2008-12-11
Q007656,false,F10158,firefox,random2,no,no,none
Q007657,10.1,F15872,safari,engine_webkit,no,no,2017-03-27
Q007658,18,F05301,chrome,engine_blink,yes,no,2012-03-28
Q007659,18,F00261,chrome_android,engine_blink,yes,no,2012-06-27
Q007660,129,F13963,chrome_android,random2,no,no,2024-09-17
Q007661,5.0,F18187,oculus,engine_blink,yes,no,2018-07-01
Q007662,26,F01009,safari,engine_webkit,no,no,2025-09-15
Q007663,129,F09158,firefox_android,subtree_engine,yes,no,2024-08-06
Q007664,12,F01404,opera,engine_blink,yes,no,2012-06-14
Q007665,12,F10805,opera,engine_blink,yes,no,2012-06-14
Q007666,false,F00578,firefox,source1,no,no,none
Q007667,2,F15139,chrome,lineage_pair,no,no,2009-05-21
Q007668,52,F05289,firefox_android,derivative1,no,no,2017-03-07
Q007669,1,F06617,webview_ios,engine_webkit,no,no,2007-06-29
Q007670,11,F15085,safari,engine_webkit,no,yes,2017-09-19
Q007671,false,F09289,firefox,source1,no,no,none
Q007672,12.0,F00265,oculus,random2,no,no,2020-11-03
Q007673,5.0,F07315,oculus,engine_blink,yes,no,2018-07-01
Q007674,37,F17292,opera_android,subtree_engine,yes,no,2016-06-16
Q007675,130,F04729,firefox,random2,no,no,2024-09-03
Q007676,91,F02421,opera,subtree_engine,yes,no,2022-09-14
Q007677,4.4,F04280,webview_android,lineage_pair,no,no,2013-12-09
Q007678,2.0,F08465,samsunginternet_android,engine_blink,yes,no,2014-10-17
Q007679,5.0,F07451,oculus,engine_blink,yes,no,2018-07-01
Q007680,false,F17113,safari,engine_webkit,no,yes,none
Q007681,147,F13280,firefox,random2,no,no,2026-01-13
Q007682,108,F02139,chrome_android,engine_blink,yes,no,2022-11-29
Q007683,false,F04412,opera_android,engine_blink,yes,no,none
Q007684,false,F01666,safari,engine_webkit,no,no,none
Q007685,51,F14740,webview_android,engine_blink,yes,no,2016-06-08
Q007686,69,F04881,webview_android,engine_blink,yes,no,2018-09-04
Q007687,139,F10586,edge,engine_blink,yes,no,2025-08-07
Q007688,25.0,F10199,samsunginternet_android,engine_blink,yes,no,2024-04-24
Q007689,1,F10057,webview_ios,engine_webkit,no,no,2007-06-29
Q007690,18,F14906,chrome_android,random2,no,no,2012-06-27
Q007691,138,F10570,chrome,random2,no,no,2025-06-24
Q007692,12,F10644,edge,engine_blink,yes,no,2015-07-29
Q007693,100,F18086,firefox,source1,no,yes,2022-05-03
Q007694,7,F00495,safari,source1,no,no,2013-10-22
Q007695,13.0,F18074,samsunginternet_android,engine_blink,yes,no,2020-12-02
Q007696,12,F14064,edge,engine_blink,yes,no,2015-07-29
Q007697,54,F18289,opera_android,subtree_engine,yes,no,2019-10-18
Q007698,84,F09419,edge,engine_blink,yes,no,2020-07-16
Q007699,14,F12354,webview_ios,engine_webkit,no,no,2020-09-16
Q007700,26.2,F05328,webview_ios,engine_webkit,no,yes,2025-12-12
Q007701,44,F06078,chrome,random2,no,no,2015-07-21
Q007702,93,F07801,edge,engine_blink,yes,no,2021-09-02
Q007703,129,F04397,edge,engine_blink,yes,no,2024-09-19
Q007704,5.0,F08468,oculus,engine_blink,yes,no,2018-07-01
Q007705,1.0,F17410,samsunginternet_android,subtree_engine,yes,no,2013-04-27
Q007706,58,F04741,chrome_android,engine_blink,yes,no,2017-04-25
Q007707,10,F01208,safari,engine_webkit,no,no,2016-09-20
Q007708,43,F12153,chrome,engine_blink,yes,no,2015-05-19
Q007709,3,F09093,safari,engine_webkit,no,no,2007-10-26
Q007710,41,F14774,opera_android,subtree_engine,yes,no,2016-10-25
Q007711,4.4,F12605,webview_android,engine_blink,yes,no,2013-12-09
Q007712,1,F13854,safari,engine_webkit,no,no,2003-06-23
Q007713,36,F05287,chrome_android,derivative1,no,no,2014-07-16
Q007714,141,F03093,webview_android,engine_blink,yes,no,2025-09-30
Q007715,16.4,F07909,safari_ios,engine_webkit,no,yes,2023-03-27
Q007716,6.0,F02451,oculus,engine_blink,yes,no,2019-08-12
Q007717,28.0,F04397,samsunginternet_android,engine_blink,yes,no,2025-04-02
Q007718,17.2,F10377,safari,engine_webkit,no,no,2023-12-11
Q007719,5.0,F07295,oculus,engine_blink,yes,no,2018-07-01
Q007720,false,F08107,webview_ios,subtree_engine,yes,no,none
Q007721,4,F05945,safari,engine_webkit,no,no,2009-06-08
Q007722,74,F17761,chrome_android,derivative1,no,no,2019-04-24
Q007723,false,F16725,safari_ios,engine_webkit,no,no,none
Q007724,18.0,F07640,oculus,engine_blink,yes,no,2021-11-30
Q007725,false,F09993,webview_ios,engine_webkit,no,no,none
Q007726,12,F14083,edge,engine_blink,yes,no,2015-07-29
Q007727,13.4,F12802,safari_ios,engine_webkit,no,yes,2020-03-24
Q007728,79,F10346,edge,engine_blink,yes,no,2020-01-15
Q007729,66,F00447,firefox,source1,no,no,2019-03-19
Q007730,false,F01982,safari_ios,derivative1,no,no,none
Q007731,4.4,F15541,webview_android,engine_blink,yes,no,2013-12-09
Q007732,false,F14904,opera_android,random2,no,no,none
Q007733,false,F13374,safari_ios,engine_webkit,no,no,none
Q007734,14,F01973,safari_ios,engine_webkit,no,no,2020-09-16
Q007735,2,F10590,chrome,engine_blink,yes,no,2009-05-21
Q007736,false,F11861,safari_ios,engine_webkit,no,yes,none
Q007737,12.0,F00765,oculus,engine_blink,yes,no,2020-11-03
Q007738,12.1,F06779,opera_android,engine_blink,yes,no,2012-10-09
Q007739,18,F07038,chrome_android,engine_blink,yes,no,2012-06-27
Q007740,111,F04459,chrome_android,engine_blink,yes,no,2023-03-07
Q007741,26,F17737,safari,engine_webkit,no,no,2025-09-15
Q007742,9.0,F10193,samsunginternet_android,subtree_engine,yes,no,2018-09-15
Q007743,12.0,F07427,samsunginternet_android,engine_blink,yes,no,2020-06-19
Q007744,79,F13085,edge,subtree_engine,yes,no,2020-01-15
Q007745,false,F00286,safari_ios,subtree_engine,yes,no,none
Q007746,1,F04092,chrome,random2,no,no,2008-12-11
Q007747,false,F07536,firefox,lineage_pair,no,no,none
Q007748,94,F00027,edge,engine_blink,yes,no,2021-09-24
Q007749,127,F00779,chrome,engine_blink,yes,no,2024-07-23
Q007750,112,F07328,chrome,source1,no,no,2023-04-04
Q007751,67,F16548,opera,subtree_engine,yes,no,2020-03-03
Q007752,18,F02324,chrome_android,engine_blink,yes,no,2012-06-27
Q007753,15,F09384,opera,engine_blink,yes,no,2013-07-02
Q007754,7,F08157,safari,engine_webkit,no,no,2013-10-22
Q007755,7,F05317,webview_ios,engine_webkit,no,no,2013-09-18
Q007756,34,F06164,opera_android,engine_blink,yes,no,2015-12-16
Q007757,79,F04962,edge,engine_blink,yes,no,2020-01-15
Q007758,85,F05952,edge,engine_blink,yes,no,2020-08-27
Q007759,57,F06767,opera_android,subtree_engine,yes,no,2020-03-30
Q007760,25,F11139,firefox_android,derivative1,no,no,2013-10-29
Q007761,5.0,F13662,oculus,subtree_engine,yes,no,2018-07-01
Q007762,79,F03402,edge,random2,no,no,2020-01-15
Q007763,3,F00537,safari,engine_webkit,no,no,2007-10-26
Q007764,false,F04388,edge,subtree_engine,yes,no,none
Q007765,false,F10021,chrome,engine_blink,yes,yes,none
Q007766,false,F08306,webview_android,engine_blink,yes,yes,none
Q007767,false,F09844,chrome,engine_blink,yes,no,none
Q007768,109,F07381,webview_android,engine_blink,yes,yes,2023-01-10
Q007769,7.0,F00609,oculus,subtree_engine,yes,no,2019-12-10
Q007770,false,F04119,webview_ios,subtree_engine,yes,no,none
Q007771,63,F10346,opera,engine_blink,yes,no,2019-08-20
Q007772,77,F13111,opera,engine_blink,yes,yes,2021-06-09
Q007773,34,F03783,firefox_android,derivative1,no,no,2014-12-01
Q007774,99,F02178,chrome,source1,no,no,2022-03-01
Q007775,false,F06730,webview_android,engine_blink,yes,no,none
Q007776,64,F14112,opera_android,lineage_pair,no,yes,2021-05-25
Q007777,91,F00433,webview_android,random2,no,yes,2021-05-25
Q007778,false,F05459,firefox_android,lineage_pair,no,no,none
Q007779,46,F15698,firefox,subtree_engine,yes,no,2016-04-26
Q007780,6,F01061,webview_ios,derivative1,no,no,2012-09-10
Q007781,5.0,F15306,oculus,subtree_engine,yes,no,2018-07-01
Q007782,99,F00020,chrome_android,lineage_pair,no,no,2022-03-01
Q007783,25.0,F04976,samsunginternet_android,engine_blink,yes,no,2024-04-24
Q007784,57,F02591,chrome_android,engine_blink,yes,no,2017-03-16
Q007785,1.5,F11869,samsunginternet_android,engine_blink,yes,no,2013-09-25
Q007786,5.0,F05326,oculus,engine_blink,yes,no,2018-07-01
Q007787,false,F01159,firefox,source1,no,no,none
Q007788,4.4,F09131,webview_android,engine_blink,yes,no,2013-12-09
Q007789,11,F07772,safari,lineage_pair,no,no,2017-09-19
Q007790,16.0,F13111,samsunginternet_android,engine_blink,yes,yes,2021-11-25
Q007791,4,F05434,safari,engine_webkit,no,no,2009-06-08
Q007792,81,F04976,opera_android,engine_blink,yes,no,2024-03-14
Q007793,129,F09158,firefox,subtree_engine,yes,no,2024-08-06
Q007794,18,F13610,edge,engine_blink,yes,no,2018-10-02
Q007795,16,F17975,webview_ios,lineage_pair,no,no,2022-09-12
Q007796,1,F11458,safari,engine_webkit,no,no,2003-06-23
Q007797,94,F07640,chrome_android,engine_blink,yes,no,2021-09-21
Q007798,18,F09746,safari_ios,engine_webkit,no,no,2024-09-16
Q007799,65,F05897,firefox_android,lineage_pair,no,no,2019-01-29
Q007800,56,F04521,chrome,subtree_engine,yes,no,2017-01-25
Q007801,1.0,F09995,samsunginternet_android,engine_blink,yes,no,2013-04-27
Q007802,false,F04727,safari,engine_webkit,no,no,none
Q007803,25,F02039,chrome_android,engine_blink,yes,no,2013-02-27
Q007804,16.0,F03271,samsunginternet_android,engine_blink,yes,yes,2021-11-25
Q007805,1,F01938,safari,engine_webkit,no,no,2003-06-23
Q007806,108,F09505,edge,lineage_pair,no,no,2022-12-05
Q007807,12,F10805,edge,engine_blink,yes,no,2015-07-29
Q007808,79,F00913,edge,engine_blink,yes,no,2020-01-15
Q007809,1,F09493,chrome,lineage_pair,no,no,2008-12-11
Q007810,75,F05509,firefox,subtree_engine,yes,no,2020-04-07
Q007811,16,F15184,safari,engine_webkit,no,no,2022-09-12
Q007812,81,F11624,opera_android,engine_blink,yes,no,2024-03-14
Q007813,11,F11096,webview_ios,lineage_pair,no,no,2017-09-19
Q007814,77,F03271,opera,engine_blink,yes,yes,2021-06-09
Q007815,85,F03700,edge,engine_blink,yes,no,2020-08-27
Q007816,1,F09088,safari_ios,engine_webkit,no,no,2007-06-29
Q007817,150,F14243,edge,engine_blink,yes,no,2026-07-02
Q007818,14,F07072,opera_android,engine_blink,yes,no,2013-05-21
Q007819,false,F12428,opera_android,engine_blink,yes,no,none
Q007820,15,F15314,opera,random2,no,no,2013-07-02
Q007821,12,F16970,edge,subtree_engine,yes,no,2015-07-29
Q007822,66,F04962,chrome_android,engine_blink,yes,no,2018-04-17
Q007823,61,F12125,chrome,source1,no,no,2017-09-05
Q007824,130,F08058,firefox,lineage_pair,no,no,2024-09-03
Q007825,52,F07970,firefox_android,random2,no,yes,2017-03-07
Q007826,3.5,F12546,firefox,subtree_engine,yes,no,2009-06-30
Q007827,86,F17426,opera_android,engine_blink,yes,no,2024-12-02
Q007828,false,F07087,safari_ios,engine_webkit,no,no,none
Q007829,11,F10702,safari,engine_webkit,no,no,2017-09-19
Q007830,69,F12569,webview_android,engine_blink,yes,no,2018-09-04
Q007831,19.0,F10241,samsunginternet_android,engine_blink,yes,no,2022-11-01
Q007832,1,F16616,chrome,engine_blink,yes,no,2008-12-11
Q007833,65,F02704,chrome,engine_blink,yes,no,2018-03-06
Q007834,4,F18428,firefox_android,subtree_engine,yes,no,2011-03-29
Q007835,15,F06775,opera,engine_blink,yes,no,2013-07-02
Q007836,8,F00518,safari,lineage_pair,no,yes,2014-10-16
Q007837,false,F00272,samsunginternet_android,engine_blink,yes,no,none
Q007838,16,F08888,edge,engine_blink,yes,yes,2017-10-17
Q007839,false,F01652,safari,lineage_pair,no,no,none
Q007840,34,F06164,opera,engine_blink,yes,no,2015-12-08
Q007841,14,F09738,opera_android,engine_blink,yes,no,2013-05-21
Q007842,79,F10994,edge,random2,no,no,2020-01-15
Q007843,7.0,F14081,oculus,subtree_engine,yes,no,2019-12-10
Q007844,42,F16206,chrome_android,lineage_pair,no,no,2015-04-15
Q007845,false,F16401,chrome,source1,no,no,none
Q007846,26.2,F05328,safari,engine_webkit,no,yes,2025-12-12
Q007847,4.2,F16617,safari_ios,subtree_engine,yes,no,2010-11-22
Q007848,17,F08488,edge,engine_blink,yes,no,2018-04-30
Q007849,7,F11742,safari_ios,lineage_pair,no,no,2013-09-18
Q007850,false,F16123,firefox_android,lineage_pair,no,no,none
Q007851,12.1,F10968,opera_android,engine_blink,yes,no,2012-10-09
Q007852,62,F17016,chrome_android,engine_blink,yes,no,2017-10-24
Q007853,false,F15402,firefox,lineage_pair,no,no,none
Q007854,8,F05633,safari_ios,engine_webkit,no,no,2014-09-17
Q007855,79,F15058,edge,engine_blink,yes,no,2020-01-15
Q007856,100,F01647,opera,engine_blink,yes,no,2023-06-29
Q007857,18.0,F15310,samsunginternet_android,engine_blink,yes,no,2022-08-08
Q007858,5.0,F11099,oculus,engine_blink,yes,no,2018-07-01
Q007859,1,F07072,chrome,engine_blink,yes,no,2008-12-11
Q007860,14.5,F16513,webview_ios,engine_webkit,no,no,2021-04-26
Q007861,15,F09075,opera,engine_blink,yes,no,2013-07-02
Q007862,51,F04440,opera_android,engine_blink,yes,no,2019-03-21
Q007863,false,F16367,webview_ios,derivative1,no,no,none
Q007864,110,F18500,chrome,engine_blink,yes,no,2023-02-07
Q007865,7,F04377,firefox,source1,no,no,2011-09-27
Q007866,false,F00968,safari,lineage_pair,no,no,none
Q007867,false,F14043,oculus,random2,no,no,none
Q007868,16.4,F04253,safari,source1,no,no,2023-03-27
Q007869,79,F06016,edge,derivative1,no,no,2020-01-15
Q007870,146,F00694,edge,engine_blink,yes,no,2026-03-13
Q007871,9.1,F01522,safari,source1,no,no,2016-03-21
Q007872,18,F03117,chrome_android,engine_blink,yes,no,2012-06-27
Q007873,123,F16468,opera,engine_blink,yes,no,2025-10-28
Q007874,91,F03735,webview_android,engine_blink,yes,yes,2021-05-25
Q007875,6,F00541,safari_ios,engine_webkit,no,no,2012-09-10
Q007876,9,F04994,firefox,subtree_engine,yes,no,2011-12-20
Q007877,5.0,F07186,oculus,engine_blink,yes,no,2018-07-01
Q007878,89,F05380,firefox_android,lineage_pair,no,yes,2021-06-01
Q007879,5.0,F11691,oculus,random2,no,no,2018-07-01
Q007880,5,F09901,webview_ios,engine_webkit,no,no,2011-10-12
Q007881,18,F18513,chrome_android,engine_blink,yes,no,2012-06-27
Q007882,7.0,F04271,samsunginternet_android,random2,no,no,2018-03-16
Q007883,16.0,F13111,oculus,engine_blink,yes,yes,2021-06-07
Q007884,30.0,F10546,samsunginternet_android,random2,no,no,2026-05-11
Q007885,1,F16934,chrome,random2,no,no,2008-12-11
Q007886,false,F14732,safari,engine_webkit,no,no,none
Q007887,5,F06178,safari_ios,subtree_engine,yes,no,2011-10-12
Q007888,false,F15425,opera_android,subtree_engine,yes,no,none
Q007889,false,F14389,safari,engine_webkit,no,no,none
Q007890,1,F08335,firefox,lineage_pair,no,no,2004-11-09
Q007891,89,F10974,firefox_android,random2,no,yes,2021-06-01
Q007892,93,F06226,firefox,source1,no,no,2021-10-05
Q007893,32,F03305,opera,engine_blink,yes,no,2015-09-15
Q007894,false,F13230,safari_ios,subtree_engine,yes,no,none
Q007895,14,F00176,webview_ios,derivative1,no,no,2020-09-16
Q007896,14.1,F01521,safari,lineage_pair,no,no,2021-04-26
Q007897,127,F00274,firefox,subtree_engine,yes,no,2024-06-11
Q007898,false,F02547,samsunginternet_android,engine_blink,yes,no,none
Q007899,112,F13162,opera,derivative1,no,no,2024-07-11
Q007900,4.4.3,F10790,webview_android,engine_blink,yes,no,2014-06-02
Q007901,false,F18248,safari_ios,engine_webkit,no,no,none
Q007902,60,F05243,webview_android,subtree_engine,yes,no,2017-08-01
Q007903,4,F12680,firefox_android,random2,no,no,2011-03-29
Q007904,false,F04402,safari,source1,no,no,none
Q007905,false,F18025,opera_android,subtree_engine,yes,no,none
Q007906,6,F15612,webview_ios,engine_webkit,no,no,2012-09-10
Q007907,5.0,F09407,oculus,subtree_engine,yes,no,2018-07-01
Q007908,false,F02562,safari_ios,engine_webkit,no,yes,none
Q007909,1.0,F16984,samsunginternet_android,subtree_engine,yes,no,2013-04-27
Q007910,11.0,F07515,samsunginternet_android,subtree_engine,yes,no,2019-12-05
Q007911,5.0,F08089,oculus,engine_blink,yes,no,2018-07-01
Q007912,false,F12317,oculus,engine_blink,yes,no,none
Q007913,135,F17488,chrome,lineage_pair,no,no,2025-04-01
Q007914,1,F18159,safari,source1,no,no,2003-06-23
Q007915,136,F06266,edge,subtree_engine,yes,no,2025-05-01
Q007916,12.1,F14083,opera_android,engine_blink,yes,no,2012-10-09
Q007917,81,F07021,opera,subtree_engine,yes,no,2021-11-04
Q007918,105,F03333,firefox,random2,no,no,2022-09-20
Q007919,4.4,F11970,webview_android,subtree_engine,yes,no,2013-12-09
Q007920,69,F10786,webview_android,engine_blink,yes,no,2018-09-04
Q007921,5.0,F03377,oculus,engine_blink,yes,no,2018-07-01
Q007922,36,F04052,oculus,engine_blink,yes,no,2024-11-06
Q007923,43,F17834,opera,subtree_engine,yes,no,2017-02-07
Q007924,81,F13129,webview_android,subtree_engine,yes,no,2020-04-07
Q007925,false,F04388,oculus,subtree_engine,yes,no,none
Q007926,5.0,F12777,oculus,engine_blink,yes,no,2018-07-01
Q007927,14.1,F00208,safari,engine_webkit,no,no,2021-04-26
Q007928,79,F05050,firefox_android,random2,no,yes,2020-07-28
Q007929,3.2,F03155,webview_ios,engine_webkit,no,no,2010-04-03
Q007930,33,F12428,chrome_android,engine_blink,yes,no,2014-02-26
Q007931,4.4,F12820,webview_android,subtree_engine,yes,no,2013-12-09
Q007932,80,F16548,webview_android,subtree_engine,yes,no,2020-02-04
Q007933,16.4,F12458,safari,lineage_pair,no,no,2023-03-27
Q007934,false,F11460,safari,engine_webkit,no,no,none
Q007935,24,F11970,chrome,subtree_engine,yes,no,2013-01-10
Q007936,3.0,F10238,samsunginternet_android,engine_blink,yes,no,2015-04-10
Q007937,95,F07021,chrome,subtree_engine,yes,no,2021-10-19
Q007938,43,F10243,opera_android,subtree_engine,yes,no,2017-09-27
Q007939,14.0,F13401,samsunginternet_android,engine_blink,yes,no,2021-04-17
Q007940,false,F08747,webview_ios,subtree_engine,yes,no,none
Q007941,7,F03536,webview_ios,engine_webkit,no,no,2013-09-18
Q007942,137,F01319,chrome,engine_blink,yes,yes,2025-05-27
Q007943,1,F02277,webview_ios,random2,no,no,2007-06-29
Q007944,133,F17873,opera,engine_blink,yes,no,2026-06-29
Q007945,79,F08720,edge,engine_blink,yes,no,2020-01-15
Q007946,4,F17981,firefox_android,lineage_pair,no,no,2011-03-29
Q007947,80,F11402,edge,subtree_engine,yes,no,2020-02-07
Q007948,5.0,F13834,oculus,engine_blink,yes,no,2018-07-01
Q007949,45,F07549,opera,subtree_engine,yes,no,2017-05-10
Q007950,3,F16902,safari_ios,engine_webkit,no,no,2009-06-17
Q007951,14,F02748,opera_android,engine_blink,yes,no,2013-05-21
Q007952,14,F09464,opera_android,subtree_engine,yes,no,2013-05-21
Q007953,12.0,F08222,samsunginternet_android,subtree_engine,yes,no,2020-06-19
Q007954,16.4,F01116,safari,engine_webkit,no,yes,2023-03-27
Q007955,125,F08968,chrome_android,engine_blink,yes,no,2024-05-14
Q007956,71,F00765,opera,engine_blink,yes,no,2020-09-15
Q007957,2,F07920,safari_ios,derivative1,no,no,2008-07-11
Q007958,79,F15203,firefox_android,subtree_engine,yes,no,2020-07-28
Q007959,79,F05592,edge,subtree_engine,yes,no,2020-01-15
Q007960,12,F02522,edge,engine_blink,yes,no,2015-07-29
Q007961,9.0,F05245,oculus,subtree_engine,yes,no,2020-04-24
Q007962,16.4,F05024,safari,lineage_pair,no,yes,2023-03-27
Q007963,37,F06335,chrome,engine_blink,yes,no,2014-08-26
Q007964,44,F15639,opera,engine_blink,yes,yes,2017-03-21
Q007965,26,F09523,webview_ios,random2,no,no,2025-09-15
Q007966,18,F14535,edge,engine_blink,yes,no,2018-10-02
Q007967,false,F16577,safari,random2,no,no,none
Q007968,75,F03052,chrome_android,derivative1,no,yes,2019-06-04
Q007969,false,F11023,safari,lineage_pair,no,no,none
Q007970,16,F15426,safari,source1,no,no,2022-09-12
Q007971,38.1,F07628,oculus,engine_blink,yes,no,2025-04-23
Q007972,false,F05180,firefox_android,subtree_engine,yes,no,none
Q007973,22,F03655,firefox_android,lineage_pair,no,no,2013-06-25
Q007974,false,F16595,webview_ios,engine_webkit,no,no,none
Q007975,16.4,F16763,webview_ios,engine_webkit,no,yes,2023-03-27
Q007976,3,F09571,firefox,lineage_pair,no,no,2008-06-17
Q007977,87,F03995,chrome,lineage_pair,no,no,2020-11-17
Q007978,126,F14345,webview_android,engine_blink,yes,no,2024-06-11
Q007979,11,F17063,webview_ios,engine_webkit,no,yes,2017-09-19
Q007980,141,F11158,chrome_android,subtree_engine,yes,no,2025-09-30
Q007981,15,F09230,safari_ios,lineage_pair,no,no,2021-09-20
Q007982,79,F10811,edge,engine_blink,yes,no,2020-01-15
Q007983,57,F13213,chrome,engine_blink,yes,yes,2017-03-09
Q007984,57,F09525,chrome,random2,no,yes,2017-03-09
Q007985,4.2,F12524,webview_ios,subtree_engine,yes,no,2010-11-22
Q007986,4.4,F09084,webview_android,engine_blink,yes,no,2013-12-09
Q007987,5.0,F06268,oculus,engine_blink,yes,no,2018-07-01
Q007988,11,F17689,safari_ios,engine_webkit,no,yes,2017-09-19
Q007989,18,F10510,chrome_android,random2,no,no,2012-06-27
Q007990,false,F07975,samsunginternet_android,engine_blink,yes,no,none
Q007991,false,F04388,samsunginternet_android,subtree_engine,yes,no,none
Q007992,26,F15644,safari_ios,engine_webkit,no,no,2025-09-15
Q007993,43,F05468,opera_android,engine_blink,yes,yes,2017-09-27
Q007994,144,F10230,firefox,lineage_pair,no,no,2025-10-14
Q007995,1.0,F10968,samsunginternet_android,engine_blink,yes,no,2013-04-27
Q007996,57,F17433,chrome,source1,no,no,2017-03-09
Q007997,6.0,F10786,oculus,engine_blink,yes,no,2019-08-12
Q007998,57,F05992,webview_android,random2,no,yes,2017-03-16
Q007999,16,F11899,edge,derivative1,no,yes,2017-10-17
Q008000,1,F06118,safari,lineage_pair,no,no,2003-06-23
Q008001,58,F00986,chrome_android,subtree_engine,yes,no,2017-04-25
Q008002,50,F17292,chrome,subtree_engine,yes,no,2016-04-13
Q008003,false,F10021,oculus,engine_blink,yes,yes,none
Q008004,71,F04170,chrome_android,engine_blink,yes,no,2018-12-04
Q008005,5.0,F16498,oculus,engine_blink,yes,no,2018-07-01
Q008006,64,F13398,opera_android,subtree_engine,yes,no,2021-05-25
Q008007,14.1,F14618,safari,lineage_pair,no,no,2021-04-26
Q008008,16,F08011,edge,derivative1,no,yes,2017-10-17
Q008009,false,F15886,safari_ios,engine_webkit,no,no,none
Q008010,false,F06244,samsunginternet_android,engine_blink,yes,no,none
Q008011,false,F17456,safari_ios,engine_webkit,no,no,none
Q008012,7,F02140,safari_ios,engine_webkit,no,no,2013-09-18
Q008013,12,F14979,edge,subtree_engine,yes,no,2015-07-29
Q008014,58,F17562,webview_android,engine_blink,yes,no,2017-04-25
Q008015,1.3,F01046,safari,engine_webkit,no,no,2005-04-15
Q008016,8,F08042,firefox,subtree_engine,yes,no,2011-11-08
Q008017,false,F05041,samsunginternet_android,random2,no,no,none
Q008018,11.0,F05050,samsunginternet_android,random2,no,yes,2019-12-05
Q008019,15.1,F12826,safari,lineage_pair,no,yes,2021-10-25
Q008020,12.2,F06724,webview_ios,engine_webkit,no,no,2019-03-25
Q008021,5.0,F00986,oculus,subtree_engine,yes,no,2018-07-01
Q008022,false,F17448,firefox,subtree_engine,yes,no,none
Q008023,30.0,F03247,samsunginternet_android,engine_blink,yes,no,2026-05-11
Q008024,12.1,F05265,opera_android,random2,no,no,2012-10-09
Q008025,5.0,F12237,oculus,engine_blink,yes,no,2018-07-01
Q008026,1,F07027,safari_ios,subtree_engine,yes,no,2007-06-29
Q008027,21.0,F15687,samsunginternet_android,engine_blink,yes,no,2023-05-19
Q008028,18.4,F17237,webview_ios,derivative1,no,no,2025-03-31
Q008029,14.5,F10220,webview_ios,derivative1,no,no,2021-04-26
Q008030,12.1,F13286,opera,derivative1,no,no,2012-11-20
Q008031,110,F02642,chrome,engine_blink,yes,no,2023-02-07
Q008032,31,F10511,chrome,random2,no,no,2013-11-12
Q008033,124,F03736,webview_android,engine_blink,yes,no,2024-04-16
Q008034,false,F06999,firefox_android,derivative1,no,no,none
Q008035,28.0,F03576,samsunginternet_android,lineage_pair,no,no,2025-04-02
Q008036,41,F06943,opera_android,subtree_engine,yes,no,2016-10-25
Q008037,false,F17772,webview_ios,engine_webkit,no,no,none
Q008038,111,F06196,opera,engine_blink,yes,no,2024-06-12
Q008039,10,F03056,safari,random2,no,no,2016-09-20
Q008040,4.4,F11403,webview_android,engine_blink,yes,no,2013-12-09
Q008041,3,F00286,safari,subtree_engine,yes,no,2007-10-26
Q008042,58,F04449,webview_android,subtree_engine,yes,no,2017-04-25
Q008043,16.4,F05073,safari_ios,engine_webkit,no,yes,2023-03-27
Q008044,4,F13649,firefox_android,subtree_engine,yes,no,2011-03-29
Q008045,10.3,F14486,safari_ios,random2,no,no,2017-03-27
Q008046,1.5,F09384,samsunginternet_android,engine_blink,yes,no,2013-09-25
Q008047,116,F11505,chrome_android,engine_blink,yes,no,2023-08-15
Q008048,1.0,F17491,samsunginternet_android,engine_blink,yes,no,2013-04-27
Q008049,11,F15069,safari,engine_webkit,no,yes,2017-09-19
Q008050,29,F06915,opera,random2,no,no,2015-04-28
Q008051,false,F04769,safari_ios,subtree_engine,yes,no,none
Q008052,94,F01174,chrome,engine_blink,yes,no,2021-09-21
Q008053,57,F05744,webview_android,engine_blink,yes,yes,2017-03-16
Q008054,3.0,F05471,samsunginternet_android,engine_blink,yes,no,2015-04-10
Q008055,26.4,F15289,safari_ios,lineage_pair,no,no,2026-03-24
Q008056,119,F05553,opera,engine_blink,yes,no,2025-05-13
Q008057,64,F08763,opera_android,engine_blink,yes,no,2021-05-25
Q008058,83,F17021,opera_android,lineage_pair,no,no,2024-06-25
Q008059,56,F03512,chrome,subtree_engine,yes,no,2017-01-25
Q008060,12,F18513,edge,engine_blink,yes,no,2015-07-29
Q008061,3.5,F11436,firefox,subtree_engine,yes,no,2009-06-30
Q008062,36,F14957,oculus,derivative1,no,no,2024-11-06
Q008063,6,F05398,safari,lineage_pair,no,no,2012-07-25
Q008064,9.0,F11974,oculus,subtree_engine,yes,no,2020-04-24
Q008065,1.0,F00302,samsunginternet_android,engine_blink,yes,no,2013-04-27
Q008066,22,F11207,opera,derivative1,no,no,2014-06-03
Q008067,12.2,F01217,safari_ios,engine_webkit,no,no,2019-03-25
Q008068,1,F05982,chrome,engine_blink,yes,no,2008-12-11
Q008069,false,F16573,webview_ios,lineage_pair,no,yes,none
Q008070,23.0,F07444,samsunginternet_android,engine_blink,yes,no,2023-10-18
Q008071,10.1,F16128,opera_android,derivative1,no,no,2010-11-09
Q008072,false,F07257,oculus,engine_blink,yes,yes,none
Q008073,43,F10900,opera,subtree_engine,yes,no,2017-02-07
Q008074,14.0,F03700,samsunginternet_android,engine_blink,yes,no,2021-04-17
Q008075,58,F17498,webview_android,subtree_engine,yes,no,2017-04-25
Q008076,false,F08683,safari_ios,engine_webkit,no,no,none
Q008077,79,F12497,edge,engine_blink,yes,no,2020-01-15
Q008078,16,F08876,firefox,subtree_engine,yes,no,2012-10-09
Q008079,16.4,F03081,safari_ios,engine_webkit,no,yes,2023-03-27
Q008080,5.0,F11862,oculus,engine_blink,yes,no,2018-07-01
Q008081,1,F00432,firefox,random2,no,no,2004-11-09
Q008082,74,F14479,chrome_android,random2,no,no,2019-04-24
Q008083,73,F06860,opera,engine_blink,yes,no,2020-12-09
Q008084,121,F09387,webview_android,lineage_pair,no,no,2024-01-23
Q008085,false,F02205,webview_ios,engine_webkit,no,no,none
Q008086,false,F17906,opera,engine_blink,yes,no,none
Q008087,5.1,F07278,safari,engine_webkit,no,no,2011-07-20
Q008088,12.1,F02825,opera_android,engine_blink,yes,no,2012-10-09
Q008089,44,F15674,opera_android,subtree_engine,yes,no,2017-12-11
Q008090,26,F01563,webview_ios,engine_webkit,no,no,2025-09-15
Q008091,12.1,F02848,opera,engine_blink,yes,no,2012-11-20
Q008092,14.1,F18122,safari,subtree_engine,yes,no,2021-04-26
Q008093,1,F05635,safari,source1,no,no,2003-06-23
Q008094,83,F15924,opera_android,engine_blink,yes,no,2024-06-25
Q008095,5.0,F13668,oculus,engine_blink,yes,no,2018-07-01
Q008096,126,F14345,chrome_android,engine_blink,yes,no,2024-06-11
Q008097,13.4,F18092,webview_ios,subtree_engine,yes,no,2020-03-24
Q008098,29,F03763,firefox,source1,no,no,2014-04-29
Q008099,1,F06889,firefox,source1,no,no,2004-11-09
Q008100,117,F15131,chrome,lineage_pair,no,yes,2023-09-12
Q008101,8.0,F13234,samsunginternet_android,engine_blink,yes,no,2018-07-18
Q008102,45,F16727,opera_android,engine_blink,yes,no,2018-02-15
Q008103,12,F15007,edge,engine_blink,yes,no,2015-07-29
Q008104,52,F03792,chrome_android,subtree_engine,yes,no,2016-07-27
Q008105,4.4,F08047,webview_android,engine_blink,yes,no,2013-12-09
Q008106,4.4,F17539,webview_android,engine_blink,yes,no,2013-12-09
Q008107,1,F07432,chrome,engine_blink,yes,no,2008-12-11
Q008108,9.3,F01283,safari_ios,engine_webkit,no,no,2016-03-21
Q008109,30,F08246,opera_android,engine_blink,yes,no,2015-06-10
Q008110,5.0,F13289,oculus,random2,no,no,2018-07-01
Q008111,5,F05937,safari,engine_webkit,no,no,2010-06-07
Q008112,false,F00766,webview_ios,lineage_pair,no,no,none
Q008113,24,F06195,firefox,source1,no,no,2013-09-17
Q008114,77,F03735,opera,engine_blink,yes,yes,2021-06-09
Q008115,10.1,F17881,safari,engine_webkit,no,no,2017-03-27
Q008116,false,F17113,safari_ios,engine_webkit,no,yes,none
Q008117,91,F07498,edge,engine_blink,yes,yes,2021-05-27
Q008118,146,F15910,chrome,engine_blink,yes,no,2026-03-10
Q008119,18,F06775,chrome_android,engine_blink,yes,no,2012-06-27
Q008120,18,F08552,chrome_android,engine_blink,yes,no,2012-06-27
Q008121,130,F00443,chrome,engine_blink,yes,no,2024-10-15
Q008122,false,F08623,edge,subtree_engine,yes,no,none
Q008123,2,F06720,webview_ios,random2,no,no,2008-07-11
Q008124,144,F11624,edge,engine_blink,yes,no,2026-01-21
Q008125,1.5,F10778,samsunginternet_android,subtree_engine,yes,no,2013-09-25
Q008126,69,F05994,chrome_android,subtree_engine,yes,no,2018-09-04
Q008127,26,F09046,safari,engine_webkit,no,no,2025-09-15
Q008128,127,F00223,webview_android,engine_blink,yes,no,2024-07-23
Q008129,79,F11028,webview_android,subtree_engine,yes,no,2019-12-17
Q008130,72,F11221,opera_android,engine_blink,yes,no,2022-10-21
Q008131,11.0,F04912,samsunginternet_android,engine_blink,yes,yes,2019-12-05
Q008132,69,F03939,webview_android,subtree_engine,yes,no,2018-09-04
Q008133,153,F14890,firefox_android,subtree_engine,yes,no,2026-07-21
Q008134,14,F06505,webview_ios,random2,no,no,2020-09-16
Q008135,8,F05885,firefox_android,subtree_engine,yes,no,2011-11-08
Q008136,false,F16570,oculus,subtree_engine,yes,no,none
Q008137,9.1,F08700,safari,source1,no,no,2016-03-21
Q008138,5.0,F04741,oculus,engine_blink,yes,no,2018-07-01
Q008139,1.0,F13834,samsunginternet_android,engine_blink,yes,no,2013-04-27
Q008140,1,F15734,chrome,lineage_pair,no,no,2008-12-11
Q008141,12.1,F05284,safari,source1,no,no,2019-03-25
Q008142,26.2,F17058,safari_ios,engine_webkit,no,no,2025-12-12
Q008143,11,F08425,safari,engine_webkit,no,yes,2017-09-19
Q008144,18,F12145,edge,random2,no,no,2018-10-02
Q008145,18,F09235,webview_ios,engine_webkit,no,no,2024-09-16
Q008146,5.0,F08684,samsunginternet_android,derivative1,no,no,2016-12-15
Q008147,false,F15661,edge,subtree_engine,yes,no,none
Q008148,false,F09020,chrome,engine_blink,yes,no,none
Q008149,79,F11739,edge,random2,no,no,2020-01-15
Q008150,80,F05329,chrome,subtree_engine,yes,no,2020-02-04
Q008151,150,F03855,firefox,lineage_pair,no,no,2026-04-21
Q008152,18,F16578,opera_android,engine_blink,yes,no,2013-11-20
Q008153,58,F10071,webview_android,subtree_engine,yes,no,2017-04-25
Q008154,45,F00531,opera,engine_blink,yes,no,2017-05-10
Q008155,false,F04354,oculus,random2,no,no,none
Q008156,91,F06329,chrome,engine_blink,yes,yes,2021-05-25
Q008157,12.0,F18289,samsunginternet_android,subtree_engine,yes,no,2020-06-19
Q008158,1.5,F02192,firefox,lineage_pair,no,no,2005-11-29
Q008159,false,F07969,safari,source1,no,yes,none
Q008160,1,F05622,webview_ios,engine_webkit,no,no,2007-06-29
Q008161,79,F06736,edge,engine_blink,yes,yes,2020-01-15
Q008162,83,F15310,opera,engine_blink,yes,no,2022-01-19
Q008163,16,F01819,edge,random2,no,yes,2017-10-17
Q008164,4.4,F09512,webview_android,engine_blink,yes,no,2013-12-09
Q008165,99,F16000,chrome,lineage_pair,no,no,2022-03-01
Q008166,1.2,F08107,safari,subtree_engine,yes,no,2004-02-02
Q008167,1.0,F04599,samsunginternet_android,engine_blink,yes,no,2013-04-27
Q008168,60,F11991,chrome,source1,no,no,2017-07-25
Q008169,80,F16298,chrome_android,subtree_engine,yes,no,2020-02-04
Q008170,130,F04893,firefox,subtree_engine,yes,no,2024-09-03
Q008171,12,F07038,edge,engine_blink,yes,no,2015-07-29
Q008172,1.5,F11290,firefox,lineage_pair,no,no,2005-11-29
Q008173,18,F11119,chrome_android,engine_blink,yes,no,2012-06-27
Q008174,46,F00347,webview_android,subtree_engine,yes,no,2015-10-14
Q008175,114,F01647,chrome,engine_blink,yes,no,2023-05-30
Q008176,5.0,F16550,oculus,engine_blink,yes,no,2018-07-01
Q008177,127,F02849,firefox_android,subtree_engine,yes,no,2024-06-11
Q008178,89,F11948,opera_android,engine_blink,yes,no,2025-04-29
Q008179,false,F17371,firefox,source1,no,no,none
Q008180,54,F15527,opera,engine_blink,yes,no,2018-06-28
Q008181,31.2,F06517,oculus,random2,no,yes,2024-01-15
Q008182,false,F03943,chrome,engine_blink,yes,no,none
Q008183,15,F09512,opera,engine_blink,yes,no,2013-07-02
Q008184,5.0,F11917,oculus,subtree_engine,yes,no,2018-07-01
Q008185,4.4,F15007,webview_android,engine_blink,yes,no,2013-12-09
Q008186,1,F13308,firefox,random2,no,no,2004-11-09
Q008187,44,F10890,opera,engine_blink,yes,no,2017-03-21
Q008188,26,F10366,safari_ios,engine_webkit,no,no,2025-09-15
Q008189,3.2,F07706,webview_ios,random2,no,no,2010-04-03
Q008190,26.2,F10198,webview_ios,random2,no,no,2025-12-12
Q008191,60,F16970,webview_android,subtree_engine,yes,no,2017-08-01
Q008192,18,F11862,chrome_android,engine_blink,yes,no,2012-06-27
Q008193,91,F10351,chrome,lineage_pair,no,yes,2021-05-25
Q008194,16.0,F06329,oculus,engine_blink,yes,yes,2021-06-07
Q008195,1,F04698,firefox,source1,no,yes,2004-11-09
Q008196,91,F03717,chrome,lineage_pair,no,no,2021-05-25
Q008197,57,F04387,opera,engine_blink,yes,no,2018-11-28
Q008198,98,F17467,opera_android,subtree_engine,yes,no,2026-05-05
Q008199,123,F17632,chrome_android,engine_blink,yes,no,2024-03-19
Q008200,false,F00504,chrome_android,engine_blink,yes,no,none
Q008201,7.0,F16264,samsunginternet_android,subtree_engine,yes,no,2018-03-16
Q008202,57,F06494,opera_android,subtree_engine,yes,no,2020-03-30
Q008203,13.4,F05112,webview_ios,engine_webkit,no,no,2020-03-24
Q008204,24,F09418,chrome,engine_blink,yes,no,2013-01-10
Q008205,62,F14814,webview_android,subtree_engine,yes,no,2017-10-24
Q008206,false,F17772,safari,engine_webkit,no,no,none
Q008207,53,F13876,opera,lineage_pair,no,no,2018-05-10
Q008208,31.2,F03245,oculus,engine_blink,yes,yes,2024-01-15
Q008209,61,F09113,opera_android,subtree_engine,yes,no,2020-12-07
Q008210,9.0,F08823,oculus,random2,no,no,2020-04-24
Q008211,16,F02524,safari_ios,subtree_engine,yes,no,2022-09-12
Q008212,94,F05898,chrome,lineage_pair,no,no,2021-09-21
Q008213,17,F02155,firefox,source1,no,no,2012-11-20
Q008214,5.0,F11283,oculus,subtree_engine,yes,no,2018-07-01
Q008215,3,F11976,safari,subtree_engine,yes,no,2007-10-26
Q008216,131,F12475,chrome_android,engine_blink,yes,no,2024-11-12
Q008217,125,F08968,webview_android,engine_blink,yes,no,2024-05-14
Q008218,94,F00277,opera_android,engine_blink,yes,no,2026-01-13
Q008219,false,F01291,oculus,derivative1,no,no,none
Q008220,4.4,F18513,webview_android,engine_blink,yes,no,2013-12-09
Q008221,79,F04466,edge,engine_blink,yes,no,2020-01-15
Q008222,12.1,F12870,opera_android,engine_blink,yes,no,2012-10-09
Q008223,false,F16527,safari_ios,engine_webkit,no,yes,none
Q008224,79,F11028,edge,subtree_engine,yes,no,2020-01-15
Q008225,17.0,F07444,oculus,engine_blink,yes,no,2021-09-13
Q008226,1.5,F02457,samsunginternet_android,engine_blink,yes,no,2013-09-25
Q008227,80,F03931,chrome_android,engine_blink,yes,no,2020-02-04
Q008228,88,F05553,opera_android,engine_blink,yes,no,2025-03-19
Q008229,69,F17267,chrome_android,engine_blink,yes,no,2018-09-04
Q008230,126,F13623,chrome_android,engine_blink,yes,no,2024-06-11
Q008231,127,F00277,opera,engine_blink,yes,no,2026-02-02
Q008232,147,F11546,firefox,lineage_pair,no,no,2026-01-13
Q008233,11,F00322,safari,subtree_engine,yes,no,2017-09-19
Q008234,5.0,F07226,oculus,engine_blink,yes,no,2018-07-01
Q008235,139,F16468,edge,engine_blink,yes,no,2025-08-07
Q008236,5.0,F11454,oculus,engine_blink,yes,no,2018-07-01
Q008237,1.0,F02985,samsunginternet_android,lineage_pair,no,no,2013-04-27
Q008238,18,F14871,chrome_android,engine_blink,yes,no,2012-06-27
Q008239,13,F16317,safari,subtree_engine,yes,no,2019-09-19
Q008240,93,F11158,opera_android,subtree_engine,yes,no,2025-11-25
Q008241,79,F02704,edge,engine_blink,yes,no,2020-01-15
Q008242,102,F11505,opera,engine_blink,yes,no,2023-08-23
Q008243,43,F11283,opera_android,subtree_engine,yes,no,2017-09-27
Q008244,false,F02397,safari_ios,engine_webkit,no,no,none
Q008245,4.0,F18509,samsunginternet_android,engine_blink,yes,no,2016-03-11
Q008246,109,F16126,firefox_android,random2,no,no,2023-01-17
Q008247,14.0,F15280,oculus,derivative1,no,yes,2021-02-08
Q008248,4.4,F11119,webview_android,engine_blink,yes,no,2013-12-09
Q008249,5,F16809,webview_ios,lineage_pair,no,no,2011-10-12
Q008250,12,F06090,edge,engine_blink,yes,no,2015-07-29
Q008251,false,F02547,webview_android,engine_blink,yes,no,none
Q008252,1,F01191,chrome,random2,no,no,2008-12-11
Q008253,26,F02685,safari_ios,engine_webkit,no,no,2025-09-15
Q008254,18,F09384,chrome_android,engine_blink,yes,no,2012-06-27
Q008255,32,F00106,opera,engine_blink,yes,no,2015-09-15
Q008256,false,F02737,firefox_android,lineage_pair,no,no,none
Q008257,5.0,F06164,samsunginternet_android,engine_blink,yes,no,2016-12-15
Q008258,17.0,F01017,samsunginternet_android,engine_blink,yes,no,2022-05-04
Q008259,108,F13228,edge,engine_blink,yes,no,2022-12-05
Q008260,5.0,F09253,oculus,engine_blink,yes,no,2018-07-01
Q008261,79,F02046,edge,subtree_engine,yes,no,2020-01-15
Q008262,79,F09734,edge,subtree_engine,yes,no,2020-01-15
Q008263,14,F11970,opera_android,subtree_engine,yes,no,2013-05-21
Q008264,18,F00302,chrome_android,engine_blink,yes,no,2012-06-27
Q008265,false,F10841,chrome,source1,no,yes,none
Q008266,false,F14008,chrome,engine_blink,yes,no,none
Q008267,109,F03509,chrome_android,derivative1,no,no,2023-01-10
Q008268,false,F04319,firefox,source1,no,no,none
Q008269,4,F04598,firefox,source1,no,no,2011-03-22
Q008270,1,F08305,firefox,subtree_engine,yes,yes,2004-11-09
Q008271,false,F07055,samsunginternet_android,engine_blink,yes,no,none
Q008272,15,F14535,opera,engine_blink,yes,no,2013-07-02
Q008273,false,F12373,safari,subtree_engine,yes,no,none
Q008274,66,F17840,chrome,engine_blink,yes,no,2018-04-17
Q008275,12.0,F00639,oculus,subtree_engine,yes,no,2020-11-03
Q008276,94,F02024,chrome,engine_blink,yes,no,2021-09-21
Q008277,4,F11381,webview_ios,engine_webkit,no,no,2010-06-21
Q008278,28.0,F17426,samsunginternet_android,engine_blink,yes,no,2025-04-02
Q008279,5.0,F09660,oculus,engine_blink,yes,no,2018-07-01
Q008280,1.0,F02884,samsunginternet_android,engine_blink,yes,no,2013-04-27
Q008281,28.0,F13555,samsunginternet_android,engine_blink,yes,yes,2025-04-02
Q008282,18,F02964,chrome_android,engine_blink,yes,no,2012-06-27
Q008283,false,F14257,opera,engine_blink,yes,no,none
Q008284,1.2,F07642,safari,subtree_engine,yes,no,2004-02-02
Q008285,79,F17498,edge,subtree_engine,yes,no,2020-01-15
Q008286,129,F00343,chrome,lineage_pair,no,no,2024-09-17
Q008287,21.0,F07002,samsunginternet_android,engine_blink,yes,no,2023-05-19
Q008288,12.1,F13333,opera,random2,no,no,2012-11-20
Q008289,80,F10116,opera,engine_blink,yes,no,2021-10-05
Q008290,12.2,F13838,safari_ios,random2,no,no,2019-03-25
Q008291,57,F10890,chrome,engine_blink,yes,no,2017-03-09
Q008292,77,F15931,webview_android,derivative1,no,no,2019-09-10
Q008293,143,F03247,chrome_android,engine_blink,yes,no,2025-12-02
Q008294,1,F01788,safari_ios,engine_webkit,no,no,2007-06-29
Q008295,14.5,F07133,webview_ios,subtree_engine,yes,no,2021-04-26
Q008296,14.5,F00208,safari_ios,engine_webkit,no,no,2021-04-26
Q008297,108,F02139,webview_android,engine_blink,yes,no,2022-11-29
Q008298,11.3,F09776,webview_ios,lineage_pair,no,no,2018-03-29
Q008299,false,F12212,chrome_android,engine_blink,yes,no,none
Q008300,130,F00443,edge,engine_blink,yes,no,2024-10-17
Q008301,15.4,F05501,safari_ios,engine_webkit,no,no,2022-03-14
Q008302,12.2,F12521,safari_ios,engine_webkit,no,no,2019-03-25
Q008303,94,F01179,opera,engine_blink,yes,no,2022-12-15
Q008304,10,F09654,chrome,engine_blink,yes,no,2011-03-08
Q008305,147,F06043,edge,subtree_engine,yes,no,2026-04-10
Q008306,3.1,F16902,safari,engine_webkit,no,no,2008-03-18
Q008307,26,F15462,safari_ios,engine_webkit,no,no,2025-09-15
Q008308,false,F05362,oculus,engine_blink,yes,no,none
Q008309,24,F06803,chrome,engine_blink,yes,no,2013-01-10
Q008310,3,F14499,safari,subtree_engine,yes,no,2007-10-26
Q008311,12.1,F13595,opera,random2,no,no,2012-11-20
Q008312,96,F05586,opera,engine_blink,yes,no,2023-02-22
Q008313,145,F05919,chrome,engine_blink,yes,no,2026-02-10
Q008314,12,F09098,firefox,lineage_pair,no,no,2012-04-24
Q008315,false,F16678,samsunginternet_android,engine_blink,yes,no,none
Q008316,87,F12370,chrome,engine_blink,yes,no,2020-11-17
Q008317,105,F09237,webview_android,subtree_engine,yes,no,2022-09-02
Q008318,false,F12156,firefox,subtree_engine,yes,no,none
Q008319,18,F13027,chrome_android,subtree_engine,yes,no,2012-06-27
Q008320,16.4,F01116,safari_ios,engine_webkit,no,yes,2023-03-27
Q008321,75,F09043,firefox,subtree_engine,yes,no,2020-04-07
Q008322,false,F07975,opera,engine_blink,yes,no,none
Q008323,4.4,F13457,webview_android,subtree_engine,yes,no,2013-12-09
Q008324,60,F11278,chrome_android,subtree_engine,yes,no,2017-08-01
Q008325,21,F15476,opera_android,engine_blink,yes,no,2014-04-22
Q008326,14,F08047,opera_android,engine_blink,yes,no,2013-05-21
Q008327,14,F15006,opera_android,engine_blink,yes,no,2013-05-21
Q008328,126,F07839,chrome_android,engine_blink,yes,no,2024-06-11
Q008329,5.0,F16264,oculus,subtree_engine,yes,no,2018-07-01
Q008330,26,F12007,webview_ios,random2,no,no,2025-09-15
Q008331,false,F04911,webview_ios,subtree_engine,yes,no,none
Q008332,false,F09857,webview_ios,engine_webkit,no,no,none
Q008333,91,F16341,chrome,engine_blink,yes,yes,2021-05-25
Q008334,1.0,F18287,samsunginternet_android,random2,no,no,2013-04-27
Q008335,15.4,F11010,safari,random2,no,no,2022-03-14
Q008336,false,F11061,edge,engine_blink,yes,no,none
Q008337,12,F05225,opera_android,engine_blink,yes,no,2012-02-25
Q008338,4,F04147,firefox_android,subtree_engine,yes,yes,2011-03-29
Q008339,155,F13388,firefox,source1,no,yes,2026-09-01
Q008340,3.5,F06774,firefox,source1,no,no,2009-06-30
Q008341,12,F02848,edge,engine_blink,yes,no,2015-07-29
Q008342,63,F12313,webview_android,engine_blink,yes,no,2017-12-05
Q008343,false,F01248,opera,subtree_engine,yes,yes,none
Q008344,18,F14979,chrome_android,subtree_engine,yes,no,2012-06-27
Q008345,1,F17987,webview_ios,engine_webkit,no,no,2007-06-29
Q008346,18,F14849,chrome_android,subtree_engine,yes,no,2012-06-27
Q008347,43,F13532,opera_android,subtree_engine,yes,no,2017-09-27
Q008348,false,F11338,oculus,derivative1,no,no,none
Q008349,9.0,F09741,samsunginternet_android,subtree_engine,yes,no,2018-09-15
Q008350,18,F08328,chrome_android,engine_blink,yes,no,2012-06-27
Q008351,47,F14298,webview_android,engine_blink,yes,no,2015-12-02
Q008352,79,F05122,edge,subtree_engine,yes,no,2020-01-15
Q008353,false,F10740,webview_ios,lineage_pair,no,no,none
Q008354,false,F06523,safari,engine_webkit,no,no,none
Q008355,6,F00541,webview_ios,engine_webkit,no,no,2012-09-10
Q008356,4.4,F14222,webview_android,random2,no,no,2013-12-09
Q008357,16.4,F10642,safari_ios,engine_webkit,no,no,2023-03-27
Q008358,5.0,F17390,oculus,random2,no,no,2018-07-01
Q008359,false,F15393,safari,subtree_engine,yes,no,none
Q008360,4,F02550,firefox_android,subtree_engine,yes,yes,2011-03-29
Q008361,45,F06348,opera_android,engine_blink,yes,no,2018-02-15
Q008362,71,F04674,opera_android,subtree_engine,yes,no,2022-09-16
Q008363,2.0,F01852,samsunginternet_android,engine_blink,yes,no,2014-10-17
Q008364,31.2,F02642,oculus,engine_blink,yes,no,2024-01-15
Q008365,4.4,F18328,webview_android,engine_blink,yes,no,2013-12-09
Q008366,false,F14389,webview_ios,engine_webkit,no,no,none
Q008367,false,F06277,safari,source1,no,no,none
Q008368,57,F11656,webview_android,derivative1,no,yes,2017-03-16
Q008369,91,F05596,chrome,source1,no,yes,2021-05-25
Q008370,69,F06902,webview_android,subtree_engine,yes,no,2018-09-04
Q008371,1.5,F02039,samsunginternet_android,engine_blink,yes,no,2013-09-25
Q008372,79,F01799,edge,subtree_engine,yes,no,2020-01-15
Q008373,18.4,F00084,webview_ios,subtree_engine,yes,yes,2025-03-31
Q008374,1.1,F17209,safari,lineage_pair,no,no,2003-10-24
Q008375,13.4,F13240,safari_ios,engine_webkit,no,no,2020-03-24
Q008376,12.1,F10216,opera_android,engine_blink,yes,no,2012-10-09
Q008377,79,F12569,edge,engine_blink,yes,no,2020-01-15
Q008378,29,F16801,firefox,lineage_pair,no,no,2014-04-29
Q008379,86,F13093,chrome_android,subtree_engine,yes,no,2020-10-20
Q008380,false,F18232,firefox,source1,no,no,none
Q008381,12.1,F15602,opera,engine_blink,yes,no,2012-11-20
Q008382,13.1,F12802,safari,engine_webkit,no,yes,2020-03-24
Q008383,false,F14599,samsunginternet_android,engine_blink,yes,no,none
Q008384,91,F16341,chrome_android,engine_blink,yes,yes,2021-05-25
Q008385,134,F05553,chrome_android,engine_blink,yes,no,2025-03-04
Q008386,5.0,F09738,oculus,engine_blink,yes,no,2018-07-01
Q008387,26.2,F02837,safari,engine_webkit,no,no,2025-12-12
Q008388,false,F03535,chrome,source1,no,no,none
Q008389,12.1,F07808,opera_android,engine_blink,yes,no,2012-10-09
Q008390,17,F16498,edge,engine_blink,yes,no,2018-04-30
Q008391,60,F15319,chrome,subtree_engine,yes,no,2017-07-25
Q008392,52,F14070,firefox,source1,no,no,2017-03-07
Q008393,57,F05468,webview_android,engine_blink,yes,yes,2017-03-16
Q008394,2,F01196,safari_ios,engine_webkit,no,no,2008-07-11
Q008395,31.2,F00381,oculus,engine_blink,yes,no,2024-01-15
Q008396,false,F12294,samsunginternet_android,engine_blink,yes,no,none
Q008397,40,F15819,chrome,lineage_pair,no,no,2015-01-21
Q008398,80,F07456,edge,subtree_engine,yes,no,2020-02-07
Q008399,12.1,F11545,opera_android,random2,no,no,2012-10-09
Q008400,1,F10678,safari,engine_webkit,no,no,2003-06-23
Q008401,5.0,F13027,oculus,subtree_engine,yes,no,2018-07-01
Q008402,17.0,F08518,samsunginternet_android,lineage_pair,no,no,2022-05-04
Q008403,1,F16635,safari,source1,no,no,2003-06-23
Q008404,6.0,F15510,oculus,engine_blink,yes,no,2019-08-12
Q008405,12,F18021,edge,subtree_engine,yes,no,2015-07-29
Q008406,7,F00369,webview_ios,random2,no,yes,2013-09-18
Q008407,109,F02901,edge,engine_blink,yes,yes,2023-01-12
Q008408,false,F07985,safari_ios,engine_webkit,no,no,none
Q008409,false,F12831,safari,random2,no,no,none
Q008410,1,F12586,webview_ios,engine_webkit,no,no,2007-06-29
Q008411,6,F09531,webview_ios,engine_webkit,no,no,2012-09-10
Q008412,12.1,F17743,opera,random2,no,no,2012-11-20
Q008413,129,F01038,chrome_android,engine_blink,yes,no,2024-09-17
Q008414,66,F09741,chrome,subtree_engine,yes,no,2018-04-17
Q008415,43,F09416,opera_android,engine_blink,yes,no,2017-09-27
Q008416,false,F08250,safari,engine_webkit,no,no,none
Q008417,7,F16603,opera,lineage_pair,no,no,2003-01-28
Q008418,11,F15103,opera_android,engine_blink,yes,no,2011-03-22
Q008419,10.3,F02994,safari_ios,engine_webkit,no,no,2017-03-27
Q008420,5.0,F11868,oculus,random2,no,no,2018-07-01
Q008421,133,F04659,webview_android,engine_blink,yes,yes,2025-02-04
Q008422,false,F16598,chrome_android,engine_blink,yes,no,none
Q008423,false,F13266,safari,engine_webkit,no,no,none
Q008424,1,F06977,chrome,engine_blink,yes,no,2008-12-11
Q008425,80,F11974,chrome,subtree_engine,yes,no,2020-02-04
Q008426,57,F05684,chrome,engine_blink,yes,yes,2017-03-09
Q008427,90,F18181,edge,derivative1,no,no,2021-04-15
Q008428,134,F05553,edge,engine_blink,yes,no,2025-03-06
Q008429,45,F08468,chrome,engine_blink,yes,no,2015-09-01
Q008430,10.1,F07056,safari,engine_webkit,no,no,2017-03-27
Q008431,24,F13305,chrome,lineage_pair,no,no,2013-01-10
Q008432,87,F06860,webview_android,engine_blink,yes,no,2020-11-17
Q008433,false,F08051,firefox_android,lineage_pair,no,no,none
Q008434,1,F02066,chrome,random2,no,no,2008-12-11
Q008435,7.0,F09734,samsunginternet_android,subtree_engine,yes,no,2018-03-16
Q008436,79,F08501,edge,random2,no,no,2020-01-15
Q008437,3,F13416,safari,engine_webkit,no,no,2007-10-26
Q008438,105,F13760,edge,subtree_engine,yes,no,2022-09-01
Q008439,16.4,F00001,safari,source1,no,yes,2023-03-27
Q008440,81,F03334,opera_android,engine_blink,yes,no,2024-03-14
Q008441,5.0,F16864,oculus,engine_blink,yes,no,2018-07-01
Q008442,8,F17175,opera,random2,no,no,2005-04-19
Q008443,131,F17719,webview_android,engine_blink,yes,no,2024-11-12
Q008444,50,F15412,firefox_android,derivative1,no,no,2016-11-15
Q008445,69,F01035,chrome,engine_blink,yes,yes,2018-09-04
Q008446,9.0,F01608,oculus,engine_blink,yes,no,2020-04-24
Q008447,false,F06101,chrome,engine_blink,yes,no,none
Q008448,false,F08751,edge,engine_blink,yes,no,none
Q008449,false,F05813,webview_ios,engine_webkit,no,no,none
Q008450,37,F02263,oculus,random2,no,no,2025-02-14
Q008451,false,F16527,webview_ios,engine_webkit,no,yes,none
Q008452,138,F06304,chrome,engine_blink,yes,no,2025-06-24
Q008453,24,F10495,opera_android,engine_blink,yes,no,2014-09-10
Q008454,6.0,F02890,samsunginternet_android,engine_blink,yes,no,2017-08-23
Q008455,14,F10778,opera_android,subtree_engine,yes,no,2013-05-21
Q008456,false,F16925,chrome,engine_blink,yes,yes,none
Q008457,80,F01174,opera,engine_blink,yes,no,2021-10-05
Q008458,11,F03228,webview_ios,engine_webkit,no,yes,2017-09-19
Q008459,17.2,F16594,safari,engine_webkit,no,no,2023-12-11
Q008460,false,F11859,samsunginternet_android,random2,no,no,none
Q008461,5.0,F16930,oculus,engine_blink,yes,no,2018-07-01
Q008462,60,F05326,webview_android,engine_blink,yes,no,2017-08-01
Q008463,15,F09464,opera,subtree_engine,yes,no,2013-07-02
Q008464,10,F17568,safari,engine_webkit,no,yes,2016-09-20
Q008465,15,F14561,safari,source1,no,no,2021-09-20
Q008466,10,F01329,webview_ios,engine_webkit,no,no,2016-09-13
Q008467,5.0,F00666,oculus,subtree_engine,yes,no,2018-07-01
Q008468,69,F14855,chrome,lineage_pair,no,no,2018-09-04
Q008469,false,F02359,safari,subtree_engine,yes,no,none
Q008470,9,F01738,chrome,source1,no,no,2011-02-03
Q008471,2,F03162,chrome,source1,no,no,2009-05-21
Q008472,48,F01035,opera_android,engine_blink,yes,yes,2018-11-08
Q008473,79,F06775,edge,engine_blink,yes,no,2020-01-15
Q008474,13.0,F11100,oculus,engine_blink,yes,no,2020-12-10
Q008475,26,F16044,webview_ios,lineage_pair,no,no,2025-09-15
Q008476,79,F02538,chrome,engine_blink,yes,no,2019-12-10
Q008477,7,F08113,firefox,lineage_pair,no,no,2011-09-27
Q008478,73,F03836,chrome_android,engine_blink,yes,no,2019-03-12
Q008479,69,F03939,chrome_android,subtree_engine,yes,no,2018-09-04
Q008480,1,F04277,chrome,source1,no,no,2008-12-11
Q008481,false,F15886,safari,engine_webkit,no,no,none
Q008482,13.0,F05245,samsunginternet_android,subtree_engine,yes,no,2020-12-02
Q008483,38.1,F09657,oculus,derivative1,no,no,2025-04-23
Q008484,131,F04382,chrome_android,random2,no,no,2024-11-12
Q008485,75,F11698,webview_android,subtree_engine,yes,no,2019-06-04
Q008486,false,F12957,firefox,lineage_pair,no,no,none
Q008487,6,F13997,safari,engine_webkit,no,no,2012-07-25
Q008488,7.0,F06599,samsunginternet_android,subtree_engine,yes,no,2018-03-16
Q008489,1.0,F01185,samsunginternet_android,random2,no,no,2013-04-27
Q008490,14.1,F06394,safari,engine_webkit,no,no,2021-04-26
Q008491,77,F08763,opera,engine_blink,yes,no,2021-06-09
Q008492,false,F01396,opera_android,engine_blink,yes,yes,none
Q008493,5.1,F13829,safari,engine_webkit,no,no,2011-07-20
Q008494,91,F17555,edge,engine_blink,yes,yes,2021-05-27
Q008495,9.0,F05065,oculus,subtree_engine,yes,no,2020-04-24
Q008496,91,F13398,webview_android,subtree_engine,yes,no,2021-05-25
Q008497,1.2,F07755,safari,subtree_engine,yes,no,2004-02-02
Q008498,5.0,F07045,oculus,engine_blink,yes,no,2018-07-01
Q008499,4,F15306,chrome,subtree_engine,yes,no,2010-01-25
Q008500,1,F03730,chrome,engine_blink,yes,no,2008-12-11
Q008501,125,F17970,opera,derivative1,no,no,2025-12-04
Q008502,9.0,F04995,samsunginternet_android,subtree_engine,yes,no,2018-09-15
Q008503,18,F00301,edge,derivative1,no,yes,2018-10-02
Q008504,10.3,F17881,webview_ios,engine_webkit,no,no,2017-03-27
Q008505,5.0,F14871,oculus,engine_blink,yes,no,2018-07-01
Q008506,14,F03423,safari,engine_webkit,no,yes,2020-09-16
Q008507,94,F04526,edge,random2,no,no,2021-09-24
Q008508,49,F09854,firefox_android,subtree_engine,yes,no,2016-09-20
Q008509,12.1,F02873,opera_android,engine_blink,yes,no,2012-10-09
Q008510,false,F02259,safari,engine_webkit,no,no,none
Q008511,96,F06645,opera,derivative1,no,no,2023-02-22
Q008512,57,F14780,webview_android,engine_blink,yes,yes,2017-03-16
Q008513,102,F14945,chrome,source1,no,no,2022-05-24
Q008514,94,F05898,chrome_android,lineage_pair,no,no,2021-09-21
Q008515,11,F16240,webview_ios,engine_webkit,no,yes,2017-09-19
Q008516,143,F00277,chrome,engine_blink,yes,no,2025-12-02
Q008517,66,F07444,opera_android,engine_blink,yes,no,2021-12-15
Q008518,63,F12468,firefox,subtree_engine,yes,no,2018-10-23
Q008519,57,F18268,opera_android,subtree_engine,yes,no,2020-03-30
Q008520,89,F15317,firefox,source1,no,yes,2021-06-01
Q008521,1.0,F11362,samsunginternet_android,engine_blink,yes,no,2013-04-27
Q008522,58,F14540,chrome_android,subtree_engine,yes,no,2017-04-25
Q008523,11.6,F17445,opera,engine_blink,yes,no,2011-12-06
Q008524,13,F12496,webview_ios,engine_webkit,no,no,2019-09-19
Q008525,115,F10236,opera,engine_blink,yes,no,2024-11-27
Q008526,12,F02805,edge,engine_blink,yes,no,2015-07-29
Q008527,false,F14453,firefox,subtree_engine,yes,no,none
Q008528,95,F05845,chrome_android,engine_blink,yes,no,2021-10-19
Q008529,79,F07427,webview_android,engine_blink,yes,no,2019-12-17
Q008530,6.0,F06736,oculus,engine_blink,yes,yes,2019-08-12
Q008531,87,F11100,chrome,engine_blink,yes,no,2020-11-17
Q008532,91,F00443,opera_android,engine_blink,yes,no,2025-08-19
Q008533,87,F06860,chrome,engine_blink,yes,no,2020-11-17
Q008534,14,F04981,opera_android,engine_blink,yes,no,2013-05-21
Q008535,4.4,F12653,webview_android,engine_blink,yes,no,2013-12-09
Q008536,3.2,F11679,webview_ios,random2,no,no,2010-04-03
Q008537,10,F01176,webview_ios,derivative1,no,no,2016-09-13
Q008538,80,F04889,edge,subtree_engine,yes,no,2020-02-07
Q008539,9.0,F10676,samsunginternet_android,derivative1,no,no,2018-09-15
Q008540,12.1,F02599,opera,engine_blink,yes,no,2012-11-20
Q008541,24,F10495,opera,engine_blink,yes,no,2014-09-02
Q008542,127,F06305,chrome,source1,no,no,2024-07-23
Q008543,87,F11100,chrome_android,engine_blink,yes,no,2020-11-17
Q008544,79,F03346,edge,subtree_engine,yes,no,2020-01-15
Q008545,80,F09863,edge,subtree_engine,yes,no,2020-02-07
Q008546,14,F10191,safari_ios,lineage_pair,no,no,2020-09-16
Q008547,12.2,F08783,webview_ios,lineage_pair,no,no,2019-03-25
Q008548,79,F14700,edge,random2,no,no,2020-01-15
Q008549,14,F15751,opera_android,subtree_engine,yes,no,2013-05-21
Q008550,119,F13858,firefox,random2,no,no,2023-10-24
Q008551,135,F10897,edge,engine_blink,yes,no,2025-04-04
Q008552,15,F07844,opera,engine_blink,yes,no,2013-07-02
Q008553,false,F08367,edge,engine_blink,yes,yes,none
Q008554,5.0,F14064,oculus,engine_blink,yes,no,2018-07-01
Q008555,139,F16847,chrome,source1,no,no,2025-08-05
Q008556,69,F02451,chrome,engine_blink,yes,no,2018-09-04
Q008557,9,F01766,safari_ios,subtree_engine,yes,no,2015-09-16
Q008558,1.0,F12972,samsunginternet_android,subtree_engine,yes,no,2013-04-27
Q008559,63,F14081,opera,subtree_engine,yes,no,2019-08-20
Q008560,false,F03829,safari,source1,no,no,none
Q008561,9.0,F13727,samsunginternet_android,engine_blink,yes,no,2018-09-15
Q008562,69,F07977,webview_android,engine_blink,yes,no,2018-09-04
Q008563,6,F04436,webview_ios,derivative1,no,no,2012-09-10
Q008564,1,F08339,webview_ios,derivative1,no,no,2007-06-29
Q008565,18,F16616,chrome_android,engine_blink,yes,no,2012-06-27
Q008566,59,F08672,firefox,subtree_engine,yes,no,2018-03-13
Q008567,79,F06494,chrome,subtree_engine,yes,no,2019-12-10
Q008568,109,F13984,edge,engine_blink,yes,yes,2023-01-12
Q008569,127,F00779,webview_android,engine_blink,yes,no,2024-07-23
Q008570,129,F10236,chrome_android,engine_blink,yes,no,2024-09-17
Q008571,100,F01884,chrome,engine_blink,yes,no,2022-03-29
Q008572,18,F07206,edge,derivative1,no,no,2018-10-02
Q008573,false,F07292,chrome,lineage_pair,no,no,none
Q008574,56,F04211,chrome,subtree_engine,yes,no,2017-01-25
Q008575,90,F06266,opera_android,subtree_engine,yes,no,2025-06-18
Q008576,46,F03574,webview_android,subtree_engine,yes,no,2015-10-14
Q008577,false,F10352,webview_ios,random2,no,no,none
Q008578,129,F01038,webview_android,engine_blink,yes,no,2024-09-17
Q008579,153,F17551,firefox_android,subtree_engine,yes,no,2026-07-21
Q008580,142,F03853,firefox_android,lineage_pair,no,no,2025-08-19
Q008581,15.0,F06255,samsunginternet_android,derivative1,no,no,2021-08-13
Q008582,44,F08266,firefox,source1,no,no,2016-01-26
Q008583,false,F00504,samsunginternet_android,engine_blink,yes,no,none
Q008584,1,F15007,chrome,engine_blink,yes,no,2008-12-11
Q008585,1,F17463,safari,engine_webkit,no,no,2003-06-23
Q008586,4,F00542,safari,lineage_pair,no,no,2009-06-08
Q008587,80,F11402,chrome_android,subtree_engine,yes,no,2020-02-04
Q008588,14.5,F04079,safari_ios,derivative1,no,no,2021-04-26
Q008589,18,F02848,chrome_android,engine_blink,yes,no,2012-06-27
Q008590,7.0,F06480,oculus,random2,no,no,2019-12-10
Q008591,15,F03309,opera,engine_blink,yes,no,2013-07-02
Q008592,31.2,F13385,oculus,engine_blink,yes,yes,2024-01-15
Q008593,146,F15910,edge,engine_blink,yes,no,2026-03-13
Q008594,12.1,F15978,opera_android,engine_blink,yes,no,2012-10-09
Q008595,14.1,F17077,safari,lineage_pair,no,no,2021-04-26
Q008596,12.1,F15591,opera_android,derivative1,no,no,2012-10-09
Q008597,12,F03773,edge,engine_blink,yes,no,2015-07-29
Q008598,5.0,F05354,oculus,engine_blink,yes,no,2018-07-01
Q008599,76,F10346,chrome_android,engine_blink,yes,no,2019-07-30
Q008600,43,F08635,opera_android,subtree_engine,yes,no,2017-09-27
Q008601,3.1,F05843,safari,engine_webkit,no,no,2008-03-18
Q008602,57,F09637,chrome,random2,no,yes,2017-03-09
Q008603,false,F02778,chrome_android,engine_blink,yes,no,none
Q008604,62,F15200,opera,engine_blink,yes,yes,2019-06-27
Q008605,17.5,F08832,safari,engine_webkit,no,no,2024-05-13
Q008606,39,F05419,opera,engine_blink,yes,no,2016-08-02
Q008607,83,F01829,opera_android,engine_blink,yes,no,2024-06-25
Q008608,149,F17873,webview_android,engine_blink,yes,no,2026-06-02
Q008609,false,F15968,chrome,subtree_engine,yes,no,none
Q008610,37,F05471,webview_android,engine_blink,yes,no,2014-09-03
Q008611,5.1,F10501,safari,subtree_engine,yes,no,2011-07-20
Q008612,false,F02424,webview_ios,subtree_engine,yes,no,none
Q008613,54,F02046,opera_android,subtree_engine,yes,no,2019-10-18
Q008614,120,F01437,webview_android,lineage_pair,no,no,2023-12-05
Q008615,5.1,F16418,safari,engine_webkit,no,no,2011-07-20
Q008616,false,F08833,safari,random2,no,no,none
Q008617,8.0,F12313,samsunginternet_android,engine_blink,yes,no,2018-07-18
Q008618,4,F01978,firefox_android,random2,no,no,2011-03-29
Q008619,6,F02349,webview_ios,engine_webkit,no,no,2012-09-10
Q008620,3.1,F04784,safari,engine_webkit,no,no,2008-03-18
Q008621,79,F10526,edge,derivative1,no,no,2020-01-15
Q008622,40.0,F16638,oculus,engine_blink,yes,no,2025-08-07
Q008623,1,F07505,firefox,source1,no,no,2004-11-09
Q008624,9.0,F18268,oculus,subtree_engine,yes,no,2020-04-24
Q008625,false,F10693,chrome_android,engine_blink,yes,no,none
Q008626,5,F06175,webview_ios,random2,no,no,2011-10-12
Q008627,2,F12958,safari_ios,engine_webkit,no,no,2008-07-11
Q008628,16.4,F10870,webview_ios,engine_webkit,no,yes,2023-03-27
Q008629,44,F06710,opera,random2,no,yes,2017-03-21
Q008630,131,F04049,chrome,random2,no,no,2024-11-12
Q008631,45,F17562,opera,engine_blink,yes,no,2017-05-10
Q008632,79,F18210,edge,subtree_engine,yes,no,2020-01-15
Q008633,1,F17210,safari_ios,engine_webkit,no,no,2007-06-29
Q008634,false,F16097,firefox,source1,no,no,none
Q008635,16.4,F08584,safari_ios,derivative1,no,no,2023-03-27
Q008636,12,F07045,edge,engine_blink,yes,no,2015-07-29
Q008637,80,F05865,opera_android,lineage_pair,no,no,2024-01-25
Q008638,5.0,F08246,oculus,engine_blink,yes,no,2018-07-01
Q008639,4.4,F14849,webview_android,subtree_engine,yes,no,2013-12-09
Q008640,91,F04450,chrome,lineage_pair,no,yes,2021-05-25
Q008641,26,F08415,safari_ios,derivative1,no,no,2025-09-15
Q008642,5.0,F16984,oculus,subtree_engine,yes,no,2018-07-01
Q008643,18,F15306,chrome_android,subtree_engine,yes,no,2012-06-27
Q008644,83,F18515,chrome_android,random2,no,no,2020-05-19
Q008645,false,F05214,safari,random2,no,no,none
Q008646,18,F10968,chrome_android,engine_blink,yes,no,2012-06-27
Q008647,25,F02457,chrome_android,engine_blink,yes,no,2013-02-27
Q008648,91,F16638,opera_android,engine_blink,yes,no,2025-08-19
Q008649,18,F15541,chrome_android,engine_blink,yes,no,2012-06-27
Q008650,18,F07226,chrome_android,engine_blink,yes,no,2012-06-27
Q008651,134,F06346,firefox,lineage_pair,no,yes,2025-01-07
Q008652,5.0,F12605,oculus,engine_blink,yes,no,2018-07-01
Q008653,50,F16856,firefox,source1,no,no,2016-11-15
Q008654,111,F04780,firefox,subtree_engine,yes,no,2023-03-14
Q008655,false,F15910,samsunginternet_android,engine_blink,yes,no,none
Q008656,4.4,F11362,webview_android,engine_blink,yes,no,2013-12-09
Q008657,95,F07021,chrome_android,subtree_engine,yes,no,2021-10-19
Q008658,3.2,F06615,safari_ios,derivative1,no,no,2010-04-03
Q008659,79,F02822,firefox,lineage_pair,no,no,2020-07-28
Q008660,false,F12212,opera,engine_blink,yes,no,none
Q008661,41,F08167,firefox_android,random2,no,no,2015-09-22
Q008662,105,F04412,chrome,engine_blink,yes,no,2022-09-02
Q008663,false,F12686,webview_ios,subtree_engine,yes,no,none
Q008664,41,F04572,firefox,subtree_engine,yes,no,2015-09-22
Q008665,31.2,F01179,oculus,engine_blink,yes,no,2024-01-15
Q008666,79,F07977,edge,engine_blink,yes,no,2020-01-15
Q008667,1.5,F04981,samsunginternet_android,engine_blink,yes,no,2013-09-25
Q008668,95,F07021,edge,subtree_engine,yes,no,2021-10-21
Q008669,49,F16498,chrome,engine_blink,yes,no,2016-03-02
Q008670,111,F10481,chrome,source1,no,no,2023-03-07
Q008671,8.0,F04767,samsunginternet_android,derivative1,no,no,2018-07-18
Q008672,1.0,F04718,samsunginternet_android,random2,no,no,2013-04-27
Q008673,79,F03269,webview_android,subtree_engine,yes,no,2019-12-17
Q008674,16,F13213,edge,engine_blink,yes,yes,2017-10-17
Q008675,31.2,F05442,oculus,random2,no,no,2024-01-15
Q008676,false,F03012,chrome_android,random2,no,no,none
Q008677,4.4,F05862,webview_android,random2,no,no,2013-12-09
Q008678,76,F18289,chrome_android,subtree_engine,yes,no,2019-07-30
Q008679,14.1,F16513,safari,engine_webkit,no,no,2021-04-26
Q008680,false,F01295,edge,lineage_pair,no,yes,none
Q008681,46,F12313,opera_android,engine_blink,yes,no,2018-05-14
Q008682,false,F09481,webview_ios,lineage_pair,no,no,none
Q008683,1.0,F17086,samsunginternet_android,engine_blink,yes,no,2013-04-27
Q008684,16.4,F06234,webview_ios,lineage_pair,no,yes,2023-03-27
Q008685,false,F04509,safari_ios,subtree_engine,yes,no,none
Q008686,86,F09113,webview_android,subtree_engine,yes,no,2020-10-20
Q008687,false,F08711,safari,random2,no,no,none
Q008688,15,F05301,opera,engine_blink,yes,no,2013-07-02
Q008689,16.0,F02963,oculus,engine_blink,yes,yes,2021-06-07
Q008690,56,F08158,firefox_android,lineage_pair,no,no,2017-09-28
Q008691,31.2,F06872,oculus,random2,no,yes,2024-01-15
Q008692,64,F10998,opera_android,engine_blink,yes,yes,2021-05-25
Q008693,31.2,F01876,oculus,subtree_engine,yes,no,2024-01-15
Q008694,1.5,F14535,samsunginternet_android,engine_blink,yes,no,2013-09-25
Q008695,17.0,F11587,samsunginternet_android,engine_blink,yes,no,2022-05-04
Q008696,25,F14425,opera_android,engine_blink,yes,no,2014-10-16
Q008697,18,F15602,chrome_android,engine_blink,yes,no,2012-06-27
Q008698,3,F11691,firefox,random2,no,no,2008-06-17
Q008699,31.2,F10173,oculus,random2,no,no,2024-01-15
Q008700,128,F13837,edge,random2,no,no,2024-08-22
Q008701,12,F09714,edge,engine_blink,yes,no,2015-07-29
Q008702,111,F07561,firefox,subtree_engine,yes,no,2023-03-14
Q008703,2,F17482,safari_ios,engine_webkit,no,no,2008-07-11
Q008704,false,F04515,safari_ios,subtree_engine,yes,no,none
Q008705,3,F07580,firefox,source1,no,no,2008-06-17
Q008706,false,F05771,opera,subtree_engine,yes,no,none
Q008707,4.0,F14196,samsunginternet_android,random2,no,no,2016-03-11
Q008708,4.4,F16550,webview_android,engine_blink,yes,no,2013-12-09
Q008709,5,F00477,safari,lineage_pair,no,no,2010-06-07
Q008710,111,F07858,webview_android,subtree_engine,yes,no,2023-03-01
Q008711,10,F04306,safari_ios,engine_webkit,no,no,2016-09-13
Q008712,4,F08047,chrome,engine_blink,yes,no,2010-01-25
Q008713,10.1,F08780,opera_android,engine_blink,yes,no,2010-11-09
Q008714,false,F16725,webview_ios,engine_webkit,no,no,none
Q008715,12.1,F09084,opera_android,engine_blink,yes,no,2012-10-09
Q008716,false,F12453,samsunginternet_android,engine_blink,yes,no,none
Q008717,false,F04412,samsunginternet_android,engine_blink,yes,no,none
Q008718,14.5,F03316,webview_ios,engine_webkit,no,no,2021-04-26
Q008719,16,F05198,safari,subtree_engine,yes,no,2022-09-12
Q008720,5.0,F14535,oculus,engine_blink,yes,no,2018-07-01
Q008721,4.4.3,F04215,webview_android,subtree_engine,yes,no,2014-06-02
Q008722,4,F12546,firefox_android,subtree_engine,yes,no,2011-03-29
Q008723,27,F13596,safari_ios,engine_webkit,no,no,2026-09-14
Q008724,58,F12806,opera,random2,no,no,2019-01-23
Q008725,false,F04668,opera,random2,no,no,none
Q008726,69,F13732,chrome,random2,no,no,2018-09-04
Q008727,14.5,F06015,webview_ios,engine_webkit,no,no,2021-04-26
Q008728,14.5,F14142,webview_ios,engine_webkit,no,no,2021-04-26
Q008729,125,F11191,chrome,engine_blink,yes,no,2024-05-14
Q008730,false,F08250,webview_ios,engine_webkit,no,no,none
Q008731,14.5,F09175,webview_ios,random2,no,no,2021-04-26
Q008732,65,F07801,opera_android,engine_blink,yes,no,2021-10-20
Q008733,false,F04132,firefox,source1,no,no,none
Q008734,5.0,F08508,oculus,derivative1,no,no,2018-07-01
Q008735,91,F17955,chrome,lineage_pair,no,yes,2021-05-25
Q008736,12,F09654,edge,engine_blink,yes,no,2015-07-29
Q008737,147,F08161,chrome_android,engine_blink,yes,no,2026-04-07
Q008738,120,F11948,opera,engine_blink,yes,no,2025-07-02
Q008739,12,F04121,edge,random2,no,no,2015-07-29
Q008740,false,F15427,chrome_android,engine_blink,yes,yes,none
Q008741,false,F01396,webview_android,engine_blink,yes,yes,none
Q008742,71,F04170,chrome,engine_blink,yes,no,2018-12-04
Q008743,44,F13250,firefox_android,lineage_pair,no,no,2016-01-26
Q008744,11,F02791,safari_ios,derivative1,no,no,2017-09-19
Q008745,36,F04345,opera,random2,no,no,2016-03-15
Q008746,133,F12453,opera,engine_blink,yes,no,2026-06-29
Q008747,false,F07565,safari,engine_webkit,no,no,none
Q008748,15,F17953,opera,subtree_engine,yes,no,2013-07-02
Q008749,11,F06710,safari,random2,no,yes,2017-09-19
Q008750,47,F05243,opera,subtree_engine,yes,no,2017-08-09
Q008751,10,F07493,safari_ios,lineage_pair,no,no,2016-09-13
Q008752,false,F15822,firefox_android,lineage_pair,no,no,none
Q008753,54,F05354,webview_android,engine_blink,yes,no,2016-10-19
Q008754,29,F15434,firefox,lineage_pair,no,no,2014-04-29
Q008755,140,F13771,edge,random2,no,no,2025-09-05
Q008756,false,F09632,firefox,lineage_pair,no,no,none
Q008757,false,F08258,opera_android,subtree_engine,yes,no,none
Q008758,false,F01303,webview_ios,subtree_engine,yes,no,none
Q008759,30,F07045,opera_android,engine_blink,yes,no,2015-06-10
Q008760,false,F11351,safari_ios,subtree_engine,yes,no,none
Q008761,1.0,F09738,samsunginternet_android,engine_blink,yes,no,2013-04-27
Q008762,129,F14191,firefox,subtree_engine,yes,no,2024-08-06
Q008763,43,F16288,opera_android,random2,no,yes,2017-09-27
Q008764,false,F13551,opera,subtree_engine,yes,no,none
Q008765,12.1,F00261,opera_android,engine_blink,yes,no,2012-10-09
Q008766,false,F16615,firefox,source1,no,no,none
Q008767,1,F16833,chrome,engine_blink,yes,no,2008-12-11
Q008768,false,F06267,safari,engine_webkit,no,no,none
Q008769,28.0,F18110,samsunginternet_android,engine_blink,yes,no,2025-04-02
Q008770,80,F05245,chrome_android,subtree_engine,yes,no,2020-02-04
Q008771,12.1,F07182,opera_android,engine_blink,yes,no,2012-10-09
Q008772,9,F13608,chrome,engine_blink,yes,no,2011-02-03
Q008773,53,F15542,chrome,engine_blink,yes,no,2016-08-31
Q008774,14,F03423,webview_ios,engine_webkit,no,yes,2020-09-16
Q008775,35,F18110,oculus,engine_blink,yes,no,2024-09-13
Q008776,1,F06652,webview_ios,engine_webkit,no,no,2007-06-29
Q008777,4,F16233,firefox,lineage_pair,no,no,2011-03-22
Q008778,false,F00060,firefox,lineage_pair,no,no,none
Q008779,16.0,F03735,oculus,engine_blink,yes,yes,2021-06-07
Q008780,37,F06090,webview_android,engine_blink,yes,no,2014-09-03
Q008781,12,F02937,edge,derivative1,no,no,2015-07-29
Q008782,69,F04722,chrome_android,engine_blink,yes,no,2018-09-04
Q008783,5.0,F11365,oculus,engine_blink,yes,no,2018-07-01
Q008784,40,F18509,webview_android,engine_blink,yes,no,2015-01-21
Q008785,1.0,F15780,samsunginternet_android,engine_blink,yes,no,2013-04-27
Q008786,91,F10596,chrome_android,engine_blink,yes,yes,2021-05-25
Q008787,57,F15639,webview_android,engine_blink,yes,yes,2017-03-16
Q008788,12,F16443,edge,random2,no,no,2015-07-29
Q008789,3.2,F05434,webview_ios,engine_webkit,no,no,2010-04-03
Q008790,5.0,F03188,oculus,derivative1,no,no,2018-07-01
Q008791,1.0,F14064,samsunginternet_android,engine_blink,yes,no,2013-04-27
Q008792,false,F14257,chrome,engine_blink,yes,no,none
Q008793,80,F14822,chrome_android,engine_blink,yes,no,2020-02-04
Q008794,5,F16689,chrome,lineage_pair,no,no,2010-05-25
Q008795,false,F10664,opera_android,subtree_engine,yes,no,none
Q008796,2,F15628,safari_ios,random2,no,no,2008-07-11
Q008797,false,F12381,webview_ios,engine_webkit,no,no,none
Q008798,45,F11329,opera_android,lineage_pair,no,no,2018-02-15
Q008799,6,F00427,safari,source1,no,no,2012-07-25
Q008800,26,F17667,webview_ios,subtree_engine,yes,no,2025-09-15
Q008801,12,F05540,edge,engine_blink,yes,no,2015-07-29
Q008802,11,F11049,safari_ios,engine_webkit,no,yes,2017-09-19
Q008803,false,F07855,webview_ios,engine_webkit,no,no,none
Q008804,false,F11340,chrome,lineage_pair,no,no,none
Q008805,91,F03735,chrome,engine_blink,yes,yes,2021-05-25
Q008806,12.2,F13909,webview_ios,engine_webkit,no,no,2019-03-25
Q008807,66,F11714,chrome,source1,no,no,2018-04-17
Q008808,75,F02589,opera_android,derivative1,no,no,2023-05-17
Q008809,false,F02228,samsunginternet_android,engine_blink,yes,no,none
Q008810,1,F15859,safari_ios,random2,no,no,2007-06-29
Q008811,69,F14230,chrome_android,engine_blink,yes,no,2018-09-04
Q008812,18,F15006,chrome_android,engine_blink,yes,no,2012-06-27
Q008813,15.4,F11524,webview_ios,subtree_engine,yes,no,2022-03-14
Q008814,false,F01248,oculus,subtree_engine,yes,yes,none
Q008815,83,F06975,opera_android,engine_blink,yes,no,2024-06-25
Q008816,18.0,F02024,oculus,engine_blink,yes,no,2021-11-30
Q008817,150,F00220,chrome,source1,no,no,2026-06-30
Q008818,39,F14175,opera,subtree_engine,yes,no,2016-08-02
Q008819,1,F10678,safari_ios,engine_webkit,no,no,2007-06-29
Q008820,67,F04889,opera,subtree_engine,yes,no,2020-03-03
Q008821,114,F17838,opera,engine_blink,yes,no,2024-09-25
Q008822,14.1,F03316,safari,engine_webkit,no,no,2021-04-26
Q008823,5.0,F02457,oculus,engine_blink,yes,no,2018-07-01
Q008824,12.1,F04792,opera_android,engine_blink,yes,no,2012-10-09
Q008825,45,F10611,opera_android,engine_blink,yes,no,2018-02-15
Q008826,false,F02706,firefox,subtree_engine,yes,no,none
Q008827,26,F05758,safari_ios,engine_webkit,no,no,2025-09-15
Q008828,15.4,F03215,safari,lineage_pair,no,no,2022-03-14
Q008829,14,F14535,opera_android,engine_blink,yes,no,2013-05-21
Q008830,89,F01220,chrome,lineage_pair,no,no,2021-03-02
Q008831,5.0,F03773,oculus,engine_blink,yes,no,2018-07-01
Q008832,102,F10241,edge,engine_blink,yes,no,2022-05-31
Q008833,13,F18433,webview_ios,derivative1,no,no,2019-09-19
Q008834,6,F06913,safari,engine_webkit,no,no,2012-07-25
Q008835,50,F06405,chrome,subtree_engine,yes,no,2016-04-13
Q008836,45,F01654,chrome,lineage_pair,no,no,2015-09-01
Q008837,109,F13984,chrome_android,engine_blink,yes,yes,2023-01-10
Q008838,77,F06329,opera,engine_blink,yes,yes,2021-06-09
Q008839,12,F02748,edge,engine_blink,yes,no,2015-07-29
Q008840,1.0,F00460,samsunginternet_android,engine_blink,yes,no,2013-04-27
Q008841,10.0,F08863,samsunginternet_android,engine_blink,yes,no,2019-08-22
Q008842,3,F11172,firefox,lineage_pair,no,no,2008-06-17
Q008843,38,F02527,chrome,source1,no,no,2014-10-07
Q008844,false,F05883,webview_ios,engine_webkit,no,no,none
Q008845,5.0,F10495,oculus,engine_blink,yes,no,2018-07-01
Q008846,16.4,F07909,safari,engine_webkit,no,yes,2023-03-27
Q008847,1.0,F01193,samsunginternet_android,engine_blink,yes,no,2013-04-27
Q008848,58,F04093,chrome,lineage_pair,no,no,2017-04-19
Q008849,26,F04658,webview_ios,subtree_engine,yes,no,2025-09-15
Q008850,5.0,F14900,oculus,engine_blink,yes,no,2018-07-01
Q008851,89,F05380,firefox,lineage_pair,no,yes,2021-06-01
Q008852,9,F10450,opera,lineage_pair,no,no,2006-06-20
Q008853,17,F12024,safari,subtree_engine,yes,no,2023-09-18
Q008854,false,F14111,webview_ios,subtree_engine,yes,no,none
Q008855,false,F16378,chrome,engine_blink,yes,yes,none
Q008856,72,F17335,opera,subtree_engine,yes,no,2020-10-21
Q008857,25,F03773,chrome_android,engine_blink,yes,no,2013-02-27
Q008858,43,F08635,opera,subtree_engine,yes,no,2017-02-07
Q008859,80,F18268,edge,subtree_engine,yes,no,2020-02-07
Q008860,5.0,F15831,oculus,lineage_pair,no,no,2018-07-01
Q008861,48,F05994,opera_android,subtree_engine,yes,no,2018-11-08
Q008862,1,F09646,chrome,subtree_engine,yes,no,2008-12-11
Q008863,109,F03245,webview_android,engine_blink,yes,yes,2023-01-10
Q008864,false,F14402,safari_ios,engine_webkit,no,no,none
Q008865,39,F11948,oculus,engine_blink,yes,no,2025-06-25
Q008866,18,F13122,chrome_android,engine_blink,yes,no,2012-06-27
Q008867,41,F02499,firefox,lineage_pair,no,no,2015-09-22
Q008868,6.0,F10790,samsunginternet_android,engine_blink,yes,no,2017-08-23
Q008869,5,F16156,firefox_android,derivative1,no,no,2011-06-21
Q008870,95,F05421,opera,engine_blink,yes,yes,2023-02-01
Q008871,60,F10813,webview_android,subtree_engine,yes,no,2017-08-01
Q008872,2.0,F15476,samsunginternet_android,engine_blink,yes,no,2014-10-17
Q008873,false,F08204,webview_android,derivative1,no,no,none
Q008874,5.0,F17292,oculus,subtree_engine,yes,no,2018-07-01
Q008875,1,F18404,chrome,source1,no,no,2008-12-11
Q008876,30.0,F17399,samsunginternet_android,engine_blink,yes,no,2026-05-11
Q008877,1,F11346,safari_ios,engine_webkit,no,no,2007-06-29
Q008878,16.4,F12587,safari_ios,lineage_pair,no,yes,2023-03-27
Q008879,56,F12544,chrome,subtree_engine,yes,no,2017-01-25
Q008880,6.0,F03792,samsunginternet_android,subtree_engine,yes,no,2017-08-23
Q008881,16,F05055,edge,engine_blink,yes,yes,2017-10-17
Q008882,false,F03639,chrome,engine_blink,yes,no,none
Q008883,10.0,F12569,samsunginternet_android,engine_blink,yes,no,2019-08-22
Q008884,false,F04830,webview_ios,engine_webkit,no,no,none
Q008885,18,F02195,chrome_android,random2,no,no,2012-06-27
Q008886,4,F02976,safari,engine_webkit,no,no,2009-06-08
Q008887,10.6,F02440,opera,engine_blink,yes,no,2010-07-01
Q008888,13.4,F17169,webview_ios,engine_webkit,no,yes,2020-03-24
Q008889,false,F09277,opera,engine_blink,yes,no,none
Q008890,7,F00520,safari_ios,engine_webkit,no,no,2013-09-18
Q008891,11.3,F14739,safari_ios,engine_webkit,no,no,2018-03-29
Q008892,false,F02107,webview_ios,engine_webkit,no,no,none
Q008893,127,F07864,chrome,source1,no,no,2024-07-23
Q008894,false,F07135,safari,engine_webkit,no,no,none
Q008895,12.2,F08308,webview_ios,derivative1,no,no,2019-03-25
Q008896,1,F02553,firefox,subtree_engine,yes,yes,2004-11-09
Q008897,11,F02594,webview_ios,engine_webkit,no,no,2017-09-19
Q008898,false,F15799,edge,subtree_engine,yes,no,none
Q008899,57,F08888,chrome_android,engine_blink,yes,yes,2017-03-16
Q008900,7,F17257,safari_ios,engine_webkit,no,no,2013-09-18
Q008901,false,F04836,opera,random2,no,no,none
Q008902,16,F10890,edge,engine_blink,yes,no,2017-10-17
Q008903,86,F09106,chrome,subtree_engine,yes,no,2020-10-20
Q008904,29.0,F03886,samsunginternet_android,random2,no,no,2025-10-25
Q008905,1.0,F17196,samsunginternet_android,engine_blink,yes,no,2013-04-27
Q008906,91,F04322,webview_android,engine_blink,yes,yes,2021-05-25
Q008907,1.0,F18513,samsunginternet_android,engine_blink,yes,no,2013-04-27
Q008908,105,F16707,chrome_android,engine_blink,yes,no,2022-09-02
Q008909,7,F14368,webview_ios,random2,no,no,2013-09-18
Q008910,28,F09613,firefox_android,subtree_engine,yes,no,2014-03-18
Q008911,116,F17354,chrome,engine_blink,yes,no,2023-08-15
Q008912,107,F05057,firefox,source1,no,no,2022-11-15
Q008913,141,F03086,firefox_android,subtree_engine,yes,no,2025-07-22
Q008914,125,F15924,chrome,engine_blink,yes,no,2024-05-14
Q008915,5.0,F14510,oculus,engine_blink,yes,no,2018-07-01
Q008916,79,F11192,edge,engine_blink,yes,no,2020-01-15
Q008917,14,F15274,webview_ios,engine_webkit,no,no,2020-09-16
Q008918,16.4,F13511,safari,lineage_pair,no,yes,2023-03-27
Q008919,12.1,F15178,opera_android,engine_blink,yes,no,2012-10-09
Q008920,10,F00302,opera,engine_blink,yes,no,2009-09-01
Q008921,16.0,F16341,oculus,engine_blink,yes,yes,2021-06-07
Q008922,12,F10590,edge,engine_blink,yes,no,2015-07-29
Q008923,5.1,F14891,safari,source1,no,yes,2011-07-20
Q008924,80,F17685,chrome_android,random2,no,no,2020-02-04
Q008925,52,F02890,chrome,engine_blink,yes,no,2016-07-20
Q008926,87,F01409,chrome,source1,no,no,2020-11-17
Q008927,5.0,F02599,oculus,engine_blink,yes,no,2018-07-01
Q008928,5.0,F17298,oculus,subtree_engine,yes,no,2018-07-01
Q008929,144,F15109,webview_android,engine_blink,yes,yes,2026-01-13
Q008930,136,F06266,webview_android,subtree_engine,yes,no,2025-04-29
Q008931,5.0,F06348,oculus,engine_blink,yes,no,2018-07-01
Q008932,false,F05771,chrome_android,subtree_engine,yes,no,none
Q008933,81,F02274,chrome_android,engine_blink,yes,no,2020-04-07
Q008934,147,F06043,chrome_android,subtree_engine,yes,no,2026-04-07
Q008935,15,F03966,safari_ios,engine_webkit,no,no,2021-09-20
Q008936,72,F15510,webview_android,engine_blink,yes,no,2019-01-29
Q008937,5.0,F12153,oculus,engine_blink,yes,no,2018-07-01
Q008938,113,F09262,firefox,lineage_pair,no,no,2023-05-09
Q008939,44,F08979,opera_android,subtree_engine,yes,no,2017-12-11
Q008940,117,F16205,chrome_android,engine_blink,yes,no,2023-09-12
Q008941,33,F18187,opera_android,engine_blink,yes,no,2015-11-03
Q008942,12,F02457,edge,engine_blink,yes,no,2015-07-29
Q008943,128,F10533,edge,engine_blink,yes,no,2024-08-22
Q008944,37,F02590,opera,engine_blink,yes,no,2016-05-04
Q008945,16,F02591,edge,engine_blink,yes,no,2017-10-17
Q008946,1,F01909,safari,source1,no,no,2003-06-23
Q008947,27.0,F06975,samsunginternet_android,engine_blink,yes,no,2024-11-06
Q008948,53,F16906,chrome_android,random2,no,no,2016-09-07
Q008949,126,F07839,chrome,engine_blink,yes,no,2024-06-11
Q008950,26,F07792,webview_ios,subtree_engine,yes,no,2025-09-15
Q008951,17.0,F05845,samsunginternet_android,engine_blink,yes,no,2022-05-04
Q008952,false,F09725,webview_android,engine_blink,yes,yes,none
Q008953,35,F00666,opera_android,subtree_engine,yes,no,2016-02-04
Q008954,3,F05294,safari,lineage_pair,no,no,2007-10-26
Q008955,3,F17445,webview_android,engine_blink,yes,no,2011-02-22
Q008956,2,F09301,safari_ios,engine_webkit,no,no,2008-07-11
Q008957,50,F10007,webview_android,engine_blink,yes,no,2016-04-13
Q008958,false,F07673,edge,lineage_pair,no,yes,none
Q008959,149,F15202,chrome_android,random2,no,no,2026-06-02
Q008960,8.0,F15361,oculus,subtree_engine,yes,no,2020-02-10
Q008961,5,F16617,safari,subtree_engine,yes,no,2010-06-07
Q008962,125,F12028,chrome,engine_blink,yes,no,2024-05-14
Q008963,16.4,F06891,safari_ios,engine_webkit,no,no,2023-03-27
Q008964,43,F11437,opera,subtree_engine,yes,no,2017-02-07
Q008965,16.0,F03735,samsunginternet_android,engine_blink,yes,yes,2021-11-25
Q008966,10.1,F07242,opera_android,engine_blink,yes,no,2010-11-09
Q008967,83,F04451,opera_android,derivative1,no,no,2024-06-25
Q008968,5.0,F12195,oculus,engine_blink,yes,no,2018-07-01
Q008969,5.0,F08465,oculus,engine_blink,yes,no,2018-07-01
Q008970,129,F00509,chrome,engine_blink,yes,no,2024-09-17
Q008971,false,F08751,chrome_android,engine_blink,yes,no,none
Q008972,14,F02884,opera_android,engine_blink,yes,no,2013-05-21
Q008973,80,F06083,chrome,engine_blink,yes,no,2020-02-04
Q008974,60,F08979,webview_android,subtree_engine,yes,no,2017-08-01
Q008975,false,F08615,webview_ios,derivative1,no,no,none
Q008976,21,F11403,chrome,engine_blink,yes,no,2012-07-31
Q008977,58,F17495,chrome,random2,no,no,2017-04-19
Q008978,2,F04784,webview_ios,engine_webkit,no,no,2008-07-11
Q008979,11.0,F15015,oculus,engine_blink,yes,no,2020-07-31
Q008980,1,F09084,chrome,engine_blink,yes,no,2008-12-11
Q008981,92,F11221,opera,engine_blink,yes,no,2022-10-19
Q008982,6,F07822,safari,lineage_pair,no,no,2012-07-25
Q008983,8.0,F11278,samsunginternet_android,subtree_engine,yes,no,2018-07-18
Q008984,false,F12111,firefox,lineage_pair,no,no,none
Q008985,18,F00832,chrome_android,engine_blink,yes,no,2012-06-27
Q008986,10.1,F11649,opera_android,random2,no,no,2010-11-09
Q008987,false,F11422,webview_ios,engine_webkit,no,no,none
Q008988,false,F11339,safari_ios,subtree_engine,yes,no,none
Q008989,false,F01904,samsunginternet_android,engine_blink,yes,no,none
Q008990,1.5,F13608,samsunginternet_android,engine_blink,yes,no,2013-09-25
Q008991,107,F11809,opera,derivative1,no,no,2024-02-07
Q008992,84,F02493,chrome_android,derivative1,no,no,2020-07-27
Q008993,5,F11449,webview_ios,lineage_pair,no,yes,2011-10-12
Q008994,47,F11278,opera,subtree_engine,yes,no,2017-08-09
Q008995,5.0,F10590,oculus,engine_blink,yes,no,2018-07-01
Q008996,false,F14904,webview_android,random2,no,no,none
Q008997,24,F06090,opera_android,engine_blink,yes,no,2014-09-10
Q008998,12.1,F17196,opera_android,engine_blink,yes,no,2012-10-09
Q008999,1,F15753,safari_ios,random2,no,no,2007-06-29
Q009000,79,F06902,edge,subtree_engine,yes,no,2020-01-15
Q009001,106,F11221,edge,engine_blink,yes,no,2022-10-03
Q009002,1.5,F06803,samsunginternet_android,engine_blink,yes,no,2013-09-25
Q009003,125,F01829,chrome,engine_blink,yes,no,2024-05-14
Q009004,false,F01504,firefox_android,lineage_pair,no,no,none
Q009005,83,F11812,chrome,subtree_engine,yes,no,2020-05-19
Q009006,false,F11389,safari,lineage_pair,no,no,none
Q009007,8,F15979,firefox,subtree_engine,yes,no,2011-11-08
Q009008,109,F00402,chrome,random2,no,yes,2023-01-10
Q009009,false,F15033,safari,subtree_engine,yes,no,none
Q009010,79,F07073,chrome,subtree_engine,yes,no,2019-12-10
Q009011,11.6,F04594,opera,engine_blink,yes,no,2011-12-06
Q009012,122,F06304,opera,engine_blink,yes,no,2025-09-11
Q009013,4.4,F03402,webview_android,random2,no,no,2013-12-09
Q009014,4.4,F10486,webview_android,engine_blink,yes,no,2013-12-09
Q009015,18.2,F11510,safari,engine_webkit,no,no,2024-12-11
Q009016,false,F01796,safari,subtree_engine,yes,no,none
Q009017,18,F09235,safari,engine_webkit,no,no,2024-09-16
Q009018,14.1,F06657,safari,source1,no,no,2021-04-26
Q009019,false,F15799,oculus,subtree_engine,yes,no,none
Q009020,37,F10495,chrome,engine_blink,yes,no,2014-08-26
Q009021,5.0,F02278,oculus,lineage_pair,no,no,2018-07-01
Q009022,18,F04912,edge,engine_blink,yes,yes,2018-10-02
Q009023,4,F04092,firefox_android,random2,no,no,2011-03-29
Q009024,67,F18115,opera,engine_blink,yes,no,2020-03-03
Q009025,false,F17113,webview_ios,engine_webkit,no,yes,none
Q009026,false,F02636,firefox_android,random2,no,no,none
Q009027,61,F13874,chrome,source1,no,no,2017-09-05
Q009028,141,F03086,firefox,subtree_engine,yes,no,2025-07-22
Q009029,26,F15574,safari_ios,engine_webkit,no,no,2025-09-15
Q009030,7,F13478,safari_ios,engine_webkit,no,no,2013-09-18
Q009031,18.4,F00084,safari_ios,subtree_engine,yes,yes,2025-03-31
Q009032,45,F03305,chrome_android,engine_blink,yes,no,2015-09-01
Q009033,16,F17975,safari,lineage_pair,no,no,2022-09-12
Q009034,86,F00639,edge,subtree_engine,yes,no,2020-10-09
Q009035,false,F01248,samsunginternet_android,subtree_engine,yes,yes,none
Q009036,79,F04433,firefox_android,subtree_engine,yes,no,2020-07-28
Q009037,false,F13266,safari_ios,engine_webkit,no,no,none
Q009038,149,F17873,edge,engine_blink,yes,no,2026-06-04
Q009039,79,F09384,edge,engine_blink,yes,no,2020-01-15
Q009040,6.0,F03172,samsunginternet_android,subtree_engine,yes,no,2017-08-23
Q009041,1,F17199,safari,engine_webkit,no,no,2003-06-23
Q009042,1.0,F08328,samsunginternet_android,engine_blink,yes,no,2013-04-27
Q009043,109,F03498,chrome,engine_blink,yes,no,2023-01-10
Q009044,91,F04621,chrome,random2,no,yes,2021-05-25
Q009045,3.1,F10443,safari,engine_webkit,no,no,2008-03-18
Q009046,57,F11758,opera_android,derivative1,no,no,2020-03-30
Q009047,91,F16468,opera_android,engine_blink,yes,no,2025-08-19
Q009048,122,F17767,chrome,engine_blink,yes,no,2024-02-20
Q009049,124,F05890,chrome,engine_blink,yes,no,2024-04-16
Q009050,5.0,F03318,oculus,derivative1,no,no,2018-07-01
Q009051,3,F16864,webview_android,engine_blink,yes,no,2011-02-22
Q009052,6,F09035,webview_ios,derivative1,no,no,2012-09-10
Q009053,1.0,F09075,samsunginternet_android,engine_blink,yes,no,2013-04-27
Q009054,26,F05758,safari,engine_webkit,no,no,2025-09-15
Q009055,48,F11493,chrome_android,engine_blink,yes,no,2016-01-26
Q009056,86,F09113,edge,subtree_engine,yes,no,2020-10-09
Q009057,11,F01916,webview_ios,engine_webkit,no,no,2017-09-19
Q009058,3.2,F17309,webview_ios,engine_webkit,no,no,2010-04-03
Q009059,75,F04894,firefox,subtree_engine,yes,no,2020-04-07
Q009060,false,F08784,chrome_android,derivative1,no,yes,none
Q009061,false,F15596,firefox,subtree_engine,yes,no,none
Q009062,18.2,F06850,safari,source1,no,no,2024-12-11
Q009063,1.0,F11862,samsunginternet_android,engine_blink,yes,no,2013-04-27
Q009064,5.0,F16258,oculus,random2,no,no,2018-07-01
Q009065,126,F13623,webview_android,engine_blink,yes,no,2024-06-11
Q009066,32,F02697,oculus,random2,no,no,2024-02-27
Q009067,5.0,F12972,oculus,subtree_engine,yes,no,2018-07-01
Q009068,false,F01683,firefox_android,subtree_engine,yes,no,none
Q009069,4.4,F06138,webview_android,engine_blink,yes,no,2013-12-09
Q009070,5.0,F00092,oculus,engine_blink,yes,no,2018-07-01
Q009071,33,F05401,chrome,source1,no,no,2014-02-20
Q009072,false,F05879,samsunginternet_android,engine_blink,yes,no,none
Q009073,18.4,F00084,safari,subtree_engine,yes,yes,2025-03-31
Q009074,1.0,F03117,samsunginternet_android,engine_blink,yes,no,2013-04-27
Q009075,14,F17016,edge,engine_blink,yes,no,2016-08-02
Q009076,false,F08258,opera,subtree_engine,yes,no,none
Q009077,79,F17267,edge,engine_blink,yes,no,2020-01-15
Q009078,false,F08858,opera_android,derivative1,no,no,none
Q009079,12,F11862,edge,engine_blink,yes,no,2015-07-29
Q009080,7,F17903,safari,engine_webkit,no,no,2013-10-22
Q009081,10.3,F11313,webview_ios,engine_webkit,no,no,2017-03-27
Q009082,15.4,F11647,safari,lineage_pair,no,no,2022-03-14
Q009083,129,F00509,chrome_android,engine_blink,yes,no,2024-09-17
Q009084,28.0,F07839,samsunginternet_android,engine_blink,yes,no,2025-04-02
Q009085,75,F00959,webview_android,lineage_pair,no,yes,2019-06-04
Q009086,false,F16818,firefox_android,subtree_engine,yes,no,none
Q009087,false,F16949,firefox,subtree_engine,yes,no,none
Q009088,8.0,F14814,samsunginternet_android,subtree_engine,yes,no,2018-07-18
Q009089,5.0,F09512,oculus,engine_blink,yes,no,2018-07-01
Q009090,37,F02590,opera_android,engine_blink,yes,no,2016-06-16
Q009091,127,F18110,edge,engine_blink,yes,no,2024-07-25
Q009092,109,F05421,chrome,engine_blink,yes,yes,2023-01-10
Q009093,52,F06446,chrome,subtree_engine,yes,no,2016-07-20
Q009094,false,F05915,safari_ios,engine_webkit,no,no,none
Q009095,34,F06259,oculus,engine_blink,yes,no,2024-06-26
Q009096,128,F10533,chrome_android,engine_blink,yes,no,2024-08-20
Q009097,37,F00927,opera_android,subtree_engine,yes,no,2016-06-16
Q009098,false,F03566,firefox_android,random2,no,no,none
Q009099,false,F16925,oculus,engine_blink,yes,yes,none
Q009100,37,F10495,chrome_android,engine_blink,yes,no,2014-09-03
Q009101,13,F05505,safari_ios,subtree_engine,yes,no,2019-09-19
Q009102,72,F04440,chrome_android,engine_blink,yes,no,2019-01-29
Q009103,57,F15801,chrome,source1,no,yes,2017-03-09
Q009104,false,F06101,opera_android,engine_blink,yes,no,none
Q009105,127,F12990,firefox,random2,no,no,2024-06-11
Q009106,false,F02138,oculus,derivative1,no,no,none
Q009107,8,F04070,firefox,subtree_engine,yes,no,2011-11-08
Q009108,false,F13985,safari_ios,lineage_pair,no,no,none
Q009109,18,F11365,chrome_android,engine_blink,yes,no,2012-06-27
Q009110,1.0,F15007,samsunginternet_android,engine_blink,yes,no,2013-04-27
Q009111,10.1,F14064,opera_android,engine_blink,yes,no,2010-11-09
Q009112,4,F06115,firefox_android,subtree_engine,yes,no,2011-03-29
Q009113,3,F04873,safari,engine_webkit,no,no,2007-10-26
Q009114,1,F14088,safari,engine_webkit,no,no,2003-06-23
Q009115,36,F17731,oculus,random2,no,no,2024-11-06
Q009116,47,F15292,opera,subtree_engine,yes,no,2017-08-09
Q009117,1,F17463,safari_ios,engine_webkit,no,no,2007-06-29
Q009118,43,F06268,chrome,engine_blink,yes,no,2015-05-19
Q009119,14,F02964,opera_android,engine_blink,yes,no,2013-05-21
Q009120,106,F11310,chrome,source1,no,no,2022-09-27
Q009121,129,F14794,opera,random2,no,no,2026-03-18
Q009122,1,F16718,firefox,source1,no,no,2004-11-09
Q009123,29.0,F00201,samsunginternet_android,engine_blink,yes,no,2025-10-25
Q009124,109,F04999,edge,engine_blink,yes,yes,2023-01-12
Q009125,56,F12484,chrome,subtree_engine,yes,no,2017-01-25
Q009126,94,F02024,webview_android,engine_blink,yes,no,2021-09-21
Q009127,69,F10786,chrome_android,engine_blink,yes,no,2018-09-04
Q009128,29,F01851,opera_android,engine_blink,yes,no,2015-04-28
Q009129,62,F14814,chrome_android,subtree_engine,yes,no,2017-10-24
Q009130,1,F00464,webview_ios,lineage_pair,no,no,2007-06-29
Q009131,54,F03321,webview_android,engine_blink,yes,no,2016-10-19
Q009132,false,F08833,opera_android,random2,no,no,none
Q009133,133,F04659,chrome_android,engine_blink,yes,yes,2025-02-04
Q009134,false,F00069,safari,engine_webkit,no,no,none
Q009135,47,F16444,opera_android,engine_blink,yes,no,2018-07-23
Q009136,26,F15032,webview_ios,random2,no,no,2025-09-15
Q009137,58,F01608,opera_android,engine_blink,yes,no,2020-05-13
Q009138,5,F17539,chrome,engine_blink,yes,no,2010-05-25
Q009139,56,F01365,chrome,subtree_engine,yes,no,2017-01-25
Q009140,15,F05448,firefox,lineage_pair,no,no,2012-08-28
Q009141,18,F07315,chrome_android,engine_blink,yes,no,2012-06-27
Q009142,4.0,F04529,samsunginternet_android,engine_blink,yes,no,2016-03-11
Q009143,1,F06790,safari,engine_webkit,no,no,2003-06-23
Q009144,false,F05840,firefox_android,subtree_engine,yes,no,none
Q009145,45,F03546,firefox_android,subtree_engine,yes,no,2016-03-08
Q009146,39,F06446,opera,subtree_engine,yes,no,2016-08-02
Q009147,1,F11119,chrome,engine_blink,yes,no,2008-12-11
Q009148,75,F00959,chrome,lineage_pair,no,yes,2019-06-04
Q009149,144,F06936,chrome,engine_blink,yes,no,2026-01-13
Q009150,5.0,F00557,oculus,lineage_pair,no,no,2018-07-01
Q009151,false,F15617,safari,engine_webkit,no,no,none
Q009152,16.4,F16114,safari,lineage_pair,no,no,2023-03-27
Q009153,79,F07072,edge,engine_blink,yes,no,2020-01-15
Q009154,13.0,F09863,samsunginternet_android,subtree_engine,yes,no,2020-12-02
Q009155,59,F04908,firefox,lineage_pair,no,no,2018-03-13
Q009156,17.2,F15699,safari,lineage_pair,no,no,2023-12-11
Q009157,false,F07642,safari_ios,subtree_engine,yes,no,none
Q009158,false,F11789,safari_ios,derivative1,no,no,none
Q009159,7,F16094,webview_ios,engine_webkit,no,no,2013-09-18
Q009160,false,F07557,safari_ios,lineage_pair,no,no,none
Q009161,false,F17304,opera,random2,no,no,none
Q009162,102,F00381,opera,engine_blink,yes,no,2023-08-23
Q009163,5.0,F05299,oculus,subtree_engine,yes,no,2018-07-01
Q009164,5.0,F18333,oculus,lineage_pair,no,no,2018-07-01
Q009165,91,F15807,chrome,lineage_pair,no,yes,2021-05-25
Q009166,97,F15310,chrome,engine_blink,yes,no,2022-01-04
Q009167,1.0,F11119,samsunginternet_android,engine_blink,yes,no,2013-04-27
Q009168,5.1,F13925,safari,engine_webkit,no,no,2011-07-20
Q009169,74,F13228,opera_android,engine_blink,yes,no,2023-03-13
Q009170,1,F17196,chrome,engine_blink,yes,no,2008-12-11
Q009171,16.4,F03443,safari_ios,random2,no,yes,2023-03-27
Q009172,6,F06117,chrome,lineage_pair,no,no,2010-09-02
Q009173,60,F12127,chrome_android,subtree_engine,yes,no,2017-08-01
Q009174,12,F10986,edge,engine_blink,yes,no,2015-07-29
Q009175,68,F06632,opera,random2,no,no,2020-04-22
Q009176,false,F16333,opera,engine_blink,yes,no,none
Q009177,123,F15986,opera,engine_blink,yes,no,2025-10-28
Q009178,false,F17760,samsunginternet_android,derivative1,no,yes,none
Q009179,111,F00512,chrome_android,engine_blink,yes,no,2023-03-07
Q009180,false,F17585,webview_ios,engine_webkit,no,no,none
Q009181,138,F06304,edge,engine_blink,yes,no,2025-06-26
Q009182,88,F10241,opera,engine_blink,yes,no,2022-06-08
Q009183,false,F09277,edge,engine_blink,yes,no,none
Q009184,4.4,F13610,webview_android,engine_blink,yes,no,2013-12-09
Q009185,91,F10567,opera_android,engine_blink,yes,no,2025-08-19
Q009186,148,F12294,edge,engine_blink,yes,no,2026-05-07
Q009187,false,F17723,edge,random2,no,no,none
Q009188,21.0,F11631,samsunginternet_android,random2,no,no,2023-05-19
Q009189,37,F00927,opera,subtree_engine,yes,no,2016-05-04
Q009190,79,F02540,firefox_android,derivative1,no,yes,2020-07-28
Q009191,8,F12749,safari_ios,engine_webkit,no,no,2014-09-17
Q009192,14.5,F13745,webview_ios,subtree_engine,yes,no,2021-04-26
Q009193,79,F16264,edge,subtree_engine,yes,no,2020-01-15
Q009194,65,F05897,firefox,lineage_pair,no,no,2019-01-29
Q009195,89,F04561,opera_android,engine_blink,yes,no,2025-04-29
Q009196,false,F07087,webview_ios,engine_webkit,no,no,none
Q009197,146,F17148,firefox,lineage_pair,no,no,2025-12-09
Q009198,109,F14522,chrome_android,engine_blink,yes,yes,2023-01-10
Q009199,79,F14175,edge,subtree_engine,yes,no,2020-01-15
Q009200,7.0,F18210,samsunginternet_android,subtree_engine,yes,no,2018-03-16
Q009201,24,F12327,chrome,lineage_pair,no,no,2013-01-10
Q009202,5.0,F04156,oculus,engine_blink,yes,no,2018-07-01
Q009203,10,F14990,chrome,lineage_pair,no,no,2011-03-08
Q009204,1,F13887,chrome,subtree_engine,yes,no,2008-12-11
Q009205,6,F00541,safari,engine_webkit,no,no,2012-07-25
Q009206,61,F14570,chrome,engine_blink,yes,no,2017-09-05
Q009207,49,F12758,firefox,subtree_engine,yes,no,2016-09-20
Q009208,3.2,F15213,webview_ios,subtree_engine,yes,no,2010-04-03
Q009209,18,F18087,chrome_android,derivative1,no,no,2012-06-27
Q009210,63,F04947,chrome,subtree_engine,yes,no,2017-12-06
Q009211,17,F03774,edge,random2,no,no,2018-04-30
Q009212,false,F17569,firefox,subtree_engine,yes,no,none
Q009213,75,F02013,opera_android,random2,no,no,2023-05-17
Q009214,14,F18509,edge,engine_blink,yes,no,2016-08-02
Q009215,16.4,F04808,safari_ios,engine_webkit,no,yes,2023-03-27
Q009216,false,F08765,firefox_android,lineage_pair,no,no,none
Q009217,7,F06865,safari_ios,engine_webkit,no,no,2013-09-18
Q009218,1,F13772,chrome,engine_blink,yes,no,2008-12-11
Q009219,false,F07766,opera,engine_blink,yes,yes,none
Q009220,false,F14732,webview_ios,engine_webkit,no,no,none
Q009221,1,F01589,firefox,lineage_pair,no,no,2004-11-09
Q009222,4,F02553,firefox_android,subtree_engine,yes,yes,2011-03-29
Q009223,31.2,F13228,oculus,engine_blink,yes,no,2024-01-15
Q009224,44,F13668,opera,engine_blink,yes,no,2017-03-21
Q009225,1.2,F17210,safari,engine_webkit,no,no,2004-02-02
Q009226,4.4.3,F08328,webview_android,engine_blink,yes,no,2014-06-02
Q009227,57,F11402,opera_android,subtree_engine,yes,no,2020-03-30
Q009228,5,F04505,safari,random2,no,no,2010-06-07
Q009229,1,F09259,firefox,source1,no,no,2004-11-09
Q009230,79,F02451,edge,engine_blink,yes,no,2020-01-15
Q009231,false,F01086,opera_android,engine_blink,yes,no,none
Q009232,false,F05785,webview_ios,engine_webkit,no,no,none
Q009233,141,F13267,chrome,lineage_pair,no,no,2025-09-30
Q009234,18,F15664,chrome_android,engine_blink,yes,no,2012-06-27
Q009235,false,F17809,safari_ios,derivative1,no,no,none
Q009236,10,F00877,safari_ios,engine_webkit,no,no,2016-09-13
Q009237,7.0,F09073,oculus,engine_blink,yes,no,2019-12-10
Q009238,10,F13875,webview_ios,engine_webkit,no,no,2016-09-13
Q009239,18.0,F06537,oculus,engine_blink,yes,no,2021-11-30
Q009240,10,F15141,safari,source1,no,no,2016-09-20
Q009241,50,F17292,chrome_android,subtree_engine,yes,no,2016-04-13
Q009242,4,F18031,firefox_android,lineage_pair,no,no,2011-03-29
Q009243,4,F10804,firefox_android,subtree_engine,yes,no,2011-03-29
Q009244,17,F12024,safari_ios,subtree_engine,yes,no,2023-09-18
Q009245,1,F18420,chrome,engine_blink,yes,no,2008-12-11
Q009246,37,F12475,oculus,engine_blink,yes,no,2025-02-14
Q009247,26,F04467,webview_ios,subtree_engine,yes,no,2025-09-15
Q009248,94,F10116,webview_android,engine_blink,yes,no,2021-09-21
Q009249,18,F08232,chrome_android,engine_blink,yes,no,2012-06-27
Q009250,12.1,F08552,opera,engine_blink,yes,no,2012-11-20
Q009251,false,F08623,chrome_android,subtree_engine,yes,no,none
Q009252,false,F06695,webview_android,derivative1,no,no,none
Q009253,false,F14008,opera_android,engine_blink,yes,no,none
Q009254,12,F05385,edge,random2,no,no,2015-07-29
Q009255,false,F05983,safari,source1,no,no,none
Q009256,5.0,F02964,oculus,engine_blink,yes,no,2018-07-01
Q009257,5.0,F17041,oculus,subtree_engine,yes,no,2018-07-01
Q009258,141,F04793,firefox_android,subtree_engine,yes,no,2025-07-22
Q009259,4.4,F17410,webview_android,subtree_engine,yes,no,2013-12-09
Q009260,79,F17292,edge,subtree_engine,yes,no,2020-01-15
Q009261,false,F12001,safari,source1,no,no,none
Q009262,1,F07550,webview_ios,engine_webkit,no,no,2007-06-29
Q009263,12,F13758,opera_android,engine_blink,yes,no,2012-02-25
Q009264,13,F05957,safari,subtree_engine,yes,no,2019-09-19
Q009265,false,F00189,safari,lineage_pair,no,no,none
Q009266,5.0,F18210,oculus,subtree_engine,yes,no,2018-07-01
Q009267,15,F00840,opera,random2,no,no,2013-07-02
Q009268,87,F05168,opera_android,random2,no,no,2025-01-22
Q009269,9.5,F17041,opera,subtree_engine,yes,no,2008-06-12
Q009270,14,F05991,opera_android,derivative1,no,no,2013-05-21
Q009271,26.2,F02030,webview_ios,engine_webkit,no,no,2025-12-12
Q009272,10,F04126,safari_ios,random2,no,no,2016-09-13
Q009273,11,F09730,webview_ios,engine_webkit,no,yes,2017-09-19
Q009274,139,F05927,webview_android,lineage_pair,no,no,2025-08-05
Q009275,96,F14991,chrome,lineage_pair,no,yes,2021-11-15
Q009276,false,F15562,webview_android,engine_blink,yes,no,none
Q009277,30.0,F01319,samsunginternet_android,engine_blink,yes,yes,2026-05-11
Q009278,79,F11028,chrome,subtree_engine,yes,no,2019-12-10
Q009279,false,F14594,safari,lineage_pair,no,no,none
Q009280,79,F15200,edge,engine_blink,yes,yes,2020-01-15
Q009281,false,F17027,chrome,lineage_pair,no,no,none
Q009282,79,F13976,edge,engine_blink,yes,no,2020-01-15
Q009283,false,F12401,firefox_android,lineage_pair,no,no,none
Q009284,116,F00915,webview_android,engine_blink,yes,no,2023-08-15
Q009285,4.4,F14510,webview_android,engine_blink,yes,no,2013-12-09
Q009286,49,F07967,firefox,source1,no,no,2016-09-20
Q009287,7.0,F13778,samsunginternet_android,subtree_engine,yes,no,2018-03-16
Q009288,14,F18513,opera_android,engine_blink,yes,no,2013-05-21
Q009289,false,F00031,safari,random2,no,no,none
Q009290,18,F12565,chrome_android,engine_blink,yes,no,2012-06-27
Q009291,5.0,F15319,oculus,subtree_engine,yes,no,2018-07-01
Q009292,false,F08027,webview_ios,engine_webkit,no,yes,none
Q009293,1,F10226,firefox,subtree_engine,yes,yes,2004-11-09
Q009294,79,F03582,edge,subtree_engine,yes,no,2020-01-15
Q009295,142,F06795,chrome_android,engine_blink,yes,no,2025-10-28
Q009296,false,F12482,opera,engine_blink,yes,no,none
Q009297,80,F05529,webview_android,subtree_engine,yes,no,2020-02-04
Q009298,16.4,F05722,webview_ios,engine_webkit,no,yes,2023-03-27
Q009299,13.0,F16298,samsunginternet_android,subtree_engine,yes,no,2020-12-02
Q009300,13,F16317,webview_ios,subtree_engine,yes,no,2019-09-19
Q009301,17,F10607,webview_ios,random2,no,no,2023-09-18
Q009302,36,F00277,oculus,engine_blink,yes,no,2024-11-06
Q009303,110,F18500,chrome_android,engine_blink,yes,no,2023-02-07
Q009304,3,F14264,webview_android,engine_blink,yes,no,2011-02-22
Q009305,6,F06913,safari_ios,engine_webkit,no,no,2012-09-10
Q009306,43,F13662,opera_android,subtree_engine,yes,no,2017-09-27
Q009307,11,F04023,webview_ios,lineage_pair,no,no,2017-09-19
Q009308,39,F05592,opera,subtree_engine,yes,no,2016-08-02
Q009309,false,F00577,chrome,random2,no,no,none
Q009310,15,F09995,opera,engine_blink,yes,no,2013-07-02
Q009311,115,F09105,opera,lineage_pair,no,no,2024-11-27
Q009312,12,F03305,edge,engine_blink,yes,no,2015-07-29
Q009313,5.1,F02418,safari,engine_webkit,no,no,2011-07-20
Q009314,false,F08623,oculus,subtree_engine,yes,no,none
Q009315,false,F15383,safari_ios,subtree_engine,yes,no,none
Q009316,12.2,F05221,safari_ios,random2,no,no,2019-03-25
Q009317,17,F15877,safari,lineage_pair,no,no,2023-09-18
Q009318,25.0,F06936,samsunginternet_android,engine_blink,yes,no,2024-04-24
Q009319,1,F12653,chrome,engine_blink,yes,no,2008-12-11
Q009320,125,F06196,webview_android,engine_blink,yes,no,2024-05-14
Q009321,3,F06649,safari_ios,engine_webkit,no,no,2009-06-17
Q009322,12.1,F06779,opera,engine_blink,yes,no,2012-11-20
Q009323,13.0,F14822,samsunginternet_android,engine_blink,yes,no,2020-12-02
Q009324,1,F06709,chrome,subtree_engine,yes,no,2008-12-11
Q009325,35,F07599,chrome,source1,no,no,2014-05-20
Q009326,79,F00609,edge,subtree_engine,yes,no,2020-01-15
Q009327,62,F00609,opera,subtree_engine,yes,no,2019-06-27
Q009328,32,F02018,oculus,derivative1,no,no,2024-02-27
Q009329,138,F16638,webview_android,engine_blink,yes,no,2025-06-24
Q009330,1.5,F03773,samsunginternet_android,engine_blink,yes,no,2013-09-25
Q009331,69,F12569,chrome_android,engine_blink,yes,no,2018-09-04
Q009332,17,F01715,safari,source1,no,no,2023-09-18
Q009333,4,F12495,safari,engine_webkit,no,no,2009-06-08
Q009334,21.0,F06102,oculus,engine_blink,yes,no,2022-04-25
Q009335,86,F15503,chrome_android,engine_blink,yes,yes,2020-10-20
Q009336,9.0,F18115,oculus,engine_blink,yes,no,2020-04-24
Q009337,145,F05919,edge,engine_blink,yes,no,2026-02-14
Q009338,136,F04413,chrome,subtree_engine,yes,no,2025-04-29
Q009339,false,F18476,webview_ios,engine_webkit,no,no,none
Q009340,153,F14925,firefox_android,random2,no,yes,2026-07-21
Q009341,7.0,F04211,samsunginternet_android,subtree_engine,yes,no,2018-03-16
Q009342,40,F11157,webview_android,engine_blink,yes,no,2015-01-21
Q009343,58,F00986,webview_android,subtree_engine,yes,no,2017-04-25
Q009344,108,F01179,webview_android,engine_blink,yes,no,2022-11-29
Q009345,false,F15968,opera_android,subtree_engine,yes,no,none
Q009346,44,F05684,opera,engine_blink,yes,yes,2017-03-21
Q009347,16,F10614,safari,engine_webkit,no,no,2022-09-12
Q009348,false,F10718,opera,derivative1,no,no,none
Q009349,129,F01186,webview_android,lineage_pair,no,no,2024-09-17
Q009350,4,F05299,chrome,subtree_engine,yes,no,2010-01-25
Q009351,4.4,F17229,webview_android,engine_blink,yes,no,2013-12-09
Q009352,136,F04413,webview_android,subtree_engine,yes,no,2025-04-29
Q009353,10.5,F15007,opera,engine_blink,yes,no,2010-03-02
Q009354,42.0,F06795,oculus,engine_blink,yes,no,2026-01-26
Q009355,4,F01704,firefox_android,lineage_pair,no,no,2011-03-29
Q009356,false,F10693,oculus,engine_blink,yes,no,none
Q009357,52,F03594,firefox_android,subtree_engine,yes,no,2017-03-07
Q009358,5.0,F17840,oculus,engine_blink,yes,no,2018-07-01
Q009359,16,F05198,webview_ios,subtree_engine,yes,no,2022-09-12
Q009360,62,F01083,opera_android,engine_blink,yes,no,2021-02-16
Q009361,11,F01916,safari_ios,engine_webkit,no,no,2017-09-19
Q009362,2,F14906,chrome,random2,no,no,2009-05-21
Q009363,1,F05906,safari_ios,engine_webkit,no,no,2007-06-29
Q009364,13,F16751,safari_ios,subtree_engine,yes,no,2019-09-19
Q009365,3.2,F00977,webview_ios,random2,no,no,2010-04-03
Q009366,72,F16695,firefox,lineage_pair,no,no,2020-01-07
Q009367,79,F06730,edge,engine_blink,yes,no,2020-01-15
Q009368,1,F07481,chrome,source1,no,no,2008-12-11
Q009369,57,F05744,chrome,engine_blink,yes,yes,2017-03-09
Q009370,75,F00850,firefox,subtree_engine,yes,no,2020-04-07
Q009371,95,F01668,opera,random2,no,yes,2023-02-01
Q009372,7,F05590,safari_ios,derivative1,no,no,2013-09-18
Q009373,4.4,F17655,webview_android,random2,no,no,2013-12-09
Q009374,1,F11619,webview_ios,engine_webkit,no,no,2007-06-29
Q009375,1.0,F16616,samsunginternet_android,engine_blink,yes,no,2013-04-27
Q009376,86,F06418,chrome_android,subtree_engine,yes,no,2020-10-20
Q009377,8,F00144,firefox,subtree_engine,yes,no,2011-11-08
Q009378,22.0,F11178,oculus,random2,no,no,2022-06-06
Q009379,24,F13610,chrome,engine_blink,yes,no,2013-01-10
Q009380,43,F04255,opera_android,subtree_engine,yes,no,2017-09-27
Q009381,7.0,F13786,samsunginternet_android,engine_blink,yes,no,2018-03-16
Q009382,false,F05180,firefox,subtree_engine,yes,no,none
Q009383,15,F18272,opera,subtree_engine,yes,no,2013-07-02
Q009384,false,F13232,webview_ios,derivative1,no,no,none
Q009385,79,F03172,edge,subtree_engine,yes,no,2020-01-15
Q009386,43,F14540,opera,subtree_engine,yes,no,2017-02-07
Q009387,79,F01115,edge,random2,no,no,2020-01-15
Q009388,12,F10486,edge,engine_blink,yes,no,2015-07-29
Q009389,108,F09505,chrome,lineage_pair,no,no,2022-11-29
Q009390,77,F09429,opera,engine_blink,yes,yes,2021-06-09
Q009391,false,F11579,safari_ios,derivative1,no,no,none
Q009392,105,F04412,edge,engine_blink,yes,no,2022-09-01
Q009393,3,F05526,webview_ios,random2,no,no,2009-06-17
Q009394,false,F02359,webview_ios,subtree_engine,yes,no,none
Q009395,53,F14240,chrome,engine_blink,yes,no,2016-08-31
Q009396,31.2,F00540,oculus,subtree_engine,yes,no,2024-01-15
Q009397,153,F03012,firefox,random2,no,no,2026-07-21
Q009398,false,F04515,webview_ios,subtree_engine,yes,no,none
Q009399,18,F00253,chrome_android,lineage_pair,no,no,2012-06-27
Q009400,77,F17570,opera,derivative1,no,yes,2021-06-09
Q009401,4.4,F17996,webview_android,engine_blink,yes,no,2013-12-09
Q009402,4.4,F12870,webview_android,engine_blink,yes,no,2013-12-09
Q009403,44,F06651,firefox,subtree_engine,yes,no,2016-01-26
Q009404,false,F17323,safari,engine_webkit,no,no,none
Q009405,134,F17166,chrome_android,engine_blink,yes,no,2025-03-04
Q009406,1.0,F08026,samsunginternet_android,derivative1,no,no,2013-04-27
Q009407,25,F05447,firefox,random2,no,no,2013-10-29
Q009408,5.0,F14083,oculus,engine_blink,yes,no,2018-07-01
Q009409,149,F18456,firefox,subtree_engine,yes,no,2026-03-24
Q009410,60,F15998,webview_android,engine_blink,yes,no,2017-08-01
Q009411,16,F02524,webview_ios,subtree_engine,yes,no,2022-09-12
Q009412,1.0,F15251,samsunginternet_android,engine_blink,yes,no,2013-04-27
Q009413,40,F15819,webview_android,lineage_pair,no,no,2015-01-21
Q009414,1.0,F07451,samsunginternet_android,engine_blink,yes,no,2013-04-27
Q009415,18,F16685,opera_android,engine_blink,yes,no,2013-11-20
Q009416,14.1,F13332,safari,engine_webkit,no,no,2021-04-26
Q009417,54,F02940,opera_android,derivative1,no,no,2019-10-18
Q009418,5.0,F13234,oculus,engine_blink,yes,no,2018-07-01
Q009419,14.5,F16956,webview_ios,random2,no,no,2021-04-26
Q009420,5,F09964,safari_ios,subtree_engine,yes,no,2011-10-12
Q009421,116,F17354,chrome_android,engine_blink,yes,no,2023-08-15
Q009422,2.0,F05876,samsunginternet_android,engine_blink,yes,no,2014-10-17
Q009423,2,F18420,webview_android,engine_blink,yes,no,2009-10-26
Q009424,12,F03851,edge,random2,no,no,2015-07-29
Q009425,20,F00092,chrome,engine_blink,yes,no,2012-06-26
Q009426,86,F18176,chrome,subtree_engine,yes,no,2020-10-20
Q009427,14,F04941,webview_ios,engine_webkit,no,no,2020-09-16
Q009428,4.4,F09636,webview_android,subtree_engine,yes,no,2013-12-09
Q009429,86,F15482,firefox_android,lineage_pair,no,no,2021-02-23
Q009430,12.2,F12798,webview_ios,engine_webkit,no,no,2019-03-25
Q009431,33,F00347,opera_android,subtree_engine,yes,no,2015-11-03
Q009432,25,F01404,chrome_android,engine_blink,yes,no,2013-02-27
Q009433,5.1,F05321,safari,subtree_engine,yes,no,2011-07-20
Q009434,12.1,F14083,opera,engine_blink,yes,no,2012-11-20
Q009435,120,F05308,opera,engine_blink,yes,no,2025-07-02
Q009436,59,F08672,firefox_android,subtree_engine,yes,no,2018-03-13
Q009437,80,F05529,chrome_android,subtree_engine,yes,no,2020-02-04
Q009438,12,F09512,edge,engine_blink,yes,no,2015-07-29
Q009439,139,F10567,chrome,engine_blink,yes,no,2025-08-05
Q009440,false,F00288,samsunginternet_android,random2,no,no,none
Q009441,6.0,F07515,oculus,subtree_engine,yes,no,2019-08-12
Q009442,1,F00825,safari_ios,engine_webkit,no,no,2007-06-29
Q009443,1,F13611,chrome,lineage_pair,no,no,2008-12-11
Q009444,false,F17906,webview_android,engine_blink,yes,no,none
Q009445,38,F15306,webview_android,subtree_engine,yes,no,2014-10-08
Q009446,6,F08758,safari,engine_webkit,no,no,2012-07-25
Q009447,12,F13608,edge,engine_blink,yes,no,2015-07-29
Q009448,40,F04529,webview_android,engine_blink,yes,no,2015-01-21
Q009449,80,F06767,edge,subtree_engine,yes,no,2020-02-07
Q009450,3,F10328,chrome,lineage_pair,no,no,2009-09-15
Q009451,44,F09416,opera,engine_blink,yes,no,2017-03-21
Q009452,16,F01852,opera,engine_blink,yes,no,2013-08-27
Q009453,121,F09339,chrome,source1,no,no,2024-01-23
Q009454,30,F00913,opera,engine_blink,yes,no,2015-06-09
Q009455,5.0,F14620,oculus,engine_blink,yes,no,2018-07-01
Q009456,false,F03235,webview_ios,engine_webkit,no,no,none
Q009457,14,F09282,opera_android,engine_blink,yes,no,2013-05-21
Q009458,36,F11921,oculus,lineage_pair,no,no,2024-11-06
Q009459,false,F06982,safari,engine_webkit,no,no,none
Q009460,41,F05854,opera_android,engine_blink,yes,no,2016-10-25
Q009461,8,F07795,firefox_android,subtree_engine,yes,no,2011-11-08
Q009462,26,F12044,safari,engine_webkit,no,no,2025-09-15
Q009463,55,F08086,opera,engine_blink,yes,no,2018-08-16
Q009464,12,F01204,edge,engine_blink,yes,no,2015-07-29
Q009465,false,F09990,webview_android,random2,no,no,none
Q009466,false,F11460,webview_ios,engine_webkit,no,no,none
Q009467,11.1,F01511,safari,lineage_pair,no,no,2018-04-12
Q009468,34,F13623,oculus,engine_blink,yes,no,2024-06-26
Q009469,60,F03595,webview_android,subtree_engine,yes,no,2017-08-01
Q009470,1,F03962,safari_ios,engine_webkit,no,no,2007-06-29
Q009471,38,F15709,opera,random2,no,no,2016-06-08
Q009472,129,F17426,chrome_android,engine_blink,yes,no,2024-09-17
Q009473,11,F02899,safari,lineage_pair,no,yes,2017-09-19
Q009474,5.0,F10790,oculus,engine_blink,yes,no,2018-07-01
Q009475,126,F17021,chrome,lineage_pair,no,no,2024-06-11
Q009476,79,F04714,chrome,source1,no,no,2019-12-10
Q009477,7.0,F13213,samsunginternet_android,engine_blink,yes,yes,2018-03-16
Q009478,13.4,F14848,webview_ios,engine_webkit,no,no,2020-03-24
Q009479,26,F15462,safari,engine_webkit,no,no,2025-09-15
Q009480,15,F15325,opera,random2,no,no,2013-07-02
Q009481,3.5,F08407,firefox,lineage_pair,no,no,2009-06-30
Q009482,9.0,F15764,oculus,engine_blink,yes,no,2020-04-24
Q009483,7.0,F02046,oculus,subtree_engine,yes,no,2019-12-10
Q009484,87,F13401,webview_android,engine_blink,yes,no,2020-11-17
Q009485,18,F09575,safari_ios,engine_webkit,no,no,2024-09-16
Q009486,1,F12479,safari_ios,subtree_engine,yes,no,2007-06-29
Q009487,1.0,F15978,samsunginternet_android,engine_blink,yes,no,2013-04-27
Q009488,16.4,F06111,safari,random2,no,yes,2023-03-27
Q009489,10.6,F06530,opera,engine_blink,yes,no,2010-07-01
Q009490,false,F09725,chrome,engine_blink,yes,yes,none
Q009491,41.0,F10567,oculus,engine_blink,yes,no,2025-10-21
Q009492,8.0,F01542,samsunginternet_android,random2,no,no,2018-07-18
Q009493,66,F18128,webview_android,derivative1,no,no,2018-04-17
Q009494,13.1,F09431,safari,engine_webkit,no,yes,2020-03-24
Q009495,4.4,F15751,webview_android,subtree_engine,yes,no,2013-12-09
Q009496,1.2,F06440,safari,subtree_engine,yes,no,2004-02-02
Q009497,35,F10238,chrome_android,engine_blink,yes,no,2014-05-20
Q009498,28.0,F06443,samsunginternet_android,lineage_pair,no,no,2025-04-02
Q009499,1,F03286,chrome,engine_blink,yes,no,2008-12-11
Q009500,1.0,F02324,samsunginternet_android,engine_blink,yes,no,2013-04-27
Q009501,false,F06395,webview_ios,random2,no,no,none
Q009502,149,F02666,chrome,engine_blink,yes,no,2026-06-02
Q009503,7,F08157,safari_ios,engine_webkit,no,no,2013-09-18
Q009504,11,F08425,safari_ios,engine_webkit,no,yes,2017-09-19
Q009505,4.4,F05431,webview_android,engine_blink,yes,no,2013-12-09
Q009506,false,F09261,safari_ios,engine_webkit,no,no,none
Q009507,false,F13047,safari_ios,engine_webkit,no,no,none
Q009508,11,F14431,opera_android,random2,no,no,2011-03-22
Q009509,52,F14175,chrome_android,subtree_engine,yes,no,2016-07-27
Q009510,144,F03506,firefox,lineage_pair,no,no,2025-10-14
Q009511,97,F15310,edge,engine_blink,yes,no,2022-01-06
Q009512,124,F09549,chrome_android,subtree_engine,yes,no,2024-04-16
Q009513,false,F14243,samsunginternet_android,engine_blink,yes,no,none
Q009514,79,F14932,chrome,source1,no,no,2019-12-10
Q009515,57,F03632,chrome,engine_blink,yes,yes,2017-03-09
Q009516,5.0,F01851,oculus,engine_blink,yes,no,2018-07-01
Q009517,76,F14081,chrome,subtree_engine,yes,no,2019-07-30
Q009518,14,F07325,opera_android,engine_blink,yes,no,2013-05-21
Q009519,7,F00520,webview_ios,engine_webkit,no,no,2013-09-18
Q009520,14,F11869,opera_android,engine_blink,yes,no,2013-05-21
Q009521,false,F07055,webview_android,engine_blink,yes,no,none
Q009522,94,F02139,opera,engine_blink,yes,no,2022-12-15
Q009523,79,F01162,edge,derivative1,no,no,2020-01-15
Q009524,8,F07426,firefox,subtree_engine,yes,no,2011-11-08
Q009525,80,F10277,webview_android,engine_blink,yes,no,2020-02-04
Q009526,46,F04947,opera_android,subtree_engine,yes,no,2018-05-14
Q009527,13.4,F11976,safari_ios,subtree_engine,yes,no,2020-03-24
Q009528,12,F16410,edge,derivative1,no,no,2015-07-29
Q009529,23,F15178,chrome,engine_blink,yes,no,2012-11-06
Q009530,false,F04738,chrome,subtree_engine,yes,no,none
Q009531,120,F12122,chrome,engine_blink,yes,no,2023-12-05
Q009532,33,F09549,oculus,subtree_engine,yes,no,2024-04-24
Q009533,16,F03511,safari,lineage_pair,no,no,2022-09-12
Q009534,15,F10778,opera,subtree_engine,yes,no,2013-07-02
Q009535,false,F07735,webview_ios,subtree_engine,yes,no,none
Q009536,false,F02547,opera_android,engine_blink,yes,no,none
Q009537,58,F03512,chrome_android,subtree_engine,yes,no,2017-04-25
Q009538,false,F03601,opera_android,engine_blink,yes,no,none
Q009539,1.0,F15920,samsunginternet_android,engine_blink,yes,no,2013-04-27
Q009540,5.0,F04193,oculus,lineage_pair,no,no,2018-07-01
Q009541,12,F07844,edge,engine_blink,yes,no,2015-07-29
Q009542,148,F12294,chrome,engine_blink,yes,no,2026-05-05
Q009543,false,F10903,safari,subtree_engine,yes,no,none
Q009544,false,F16570,edge,subtree_engine,yes,no,none
Q009545,87,F01083,chrome,engine_blink,yes,no,2020-11-17
Q009546,123,F17632,edge,engine_blink,yes,no,2024-03-22
Q009547,false,F12188,safari,source1,no,no,none
Q009548,false,F11319,safari_ios,engine_webkit,no,no,none
Q009549,85,F07932,chrome,engine_blink,yes,no,2020-08-25
Q009550,1,F04117,safari_ios,engine_webkit,no,no,2007-06-29
Q009551,10.0,F11414,samsunginternet_android,random2,no,yes,2019-08-22
Q009552,11.1,F08477,safari,engine_webkit,no,no,2018-04-12
Q009553,1,F16823,webview_ios,engine_webkit,no,no,2007-06-29
Q009554,91,F17412,chrome_android,engine_blink,yes,yes,2021-05-25
Q009555,60,F05235,webview_android,subtree_engine,yes,no,2017-08-01
Q009556,57,F10887,chrome,random2,no,yes,2017-03-09
Q009557,86,F18176,webview_android,subtree_engine,yes,no,2020-10-20
Q009558,128,F17838,webview_android,engine_blink,yes,no,2024-08-20
Q009559,63,F05701,firefox_android,subtree_engine,yes,no,2018-10-23
Q009560,14.0,F00765,samsunginternet_android,engine_blink,yes,no,2021-04-17
Q009561,11.1,F00096,safari,lineage_pair,no,no,2018-04-12
Q009562,12.1,F02038,opera_android,derivative1,no,no,2012-10-09
Q009563,1,F11099,chrome,engine_blink,yes,no,2008-12-11
Q009564,86,F17943,chrome,random2,no,no,2020-10-20
Q009565,38.1,F05553,oculus,engine_blink,yes,no,2025-04-23
Q009566,16,F17764,safari,source1,no,no,2022-09-12
Q009567,13,F09738,chrome,engine_blink,yes,no,2011-08-02
Q009568,43,F09455,firefox,lineage_pair,no,no,2015-12-15
Q009569,1,F08649,safari_ios,engine_webkit,no,no,2007-06-29
Q009570,5,F10409,safari,subtree_engine,yes,no,2010-06-07
Q009571,109,F03245,chrome_android,engine_blink,yes,yes,2023-01-10
Q009572,60,F11959,chrome,subtree_engine,yes,no,2017-07-25
Q009573,16,F09724,edge,engine_blink,yes,yes,2017-10-17
Q009574,105,F11136,webview_android,random2,no,no,2022-09-02
Q009575,5.0,F02544,oculus,engine_blink,yes,no,2018-07-01
Q009576,80,F00027,opera,engine_blink,yes,no,2021-10-05
Q009577,false,F04412,chrome_android,engine_blink,yes,no,none
Q009578,100,F12453,opera_android,engine_blink,yes,no,2026-07-01
Q009579,31.2,F16707,oculus,engine_blink,yes,no,2024-01-15
Q009580,26,F14200,safari_ios,engine_webkit,no,no,2025-09-15
Q009581,137,F01319,edge,engine_blink,yes,yes,2025-05-29
Q009582,79,F06052,edge,engine_blink,yes,no,2020-01-15
Q009583,1,F06652,safari,engine_webkit,no,no,2003-06-23
Q009584,6,F12595,webview_ios,engine_webkit,no,no,2012-09-10
Q009585,18,F16132,safari,engine_webkit,no,no,2024-09-16
Q009586,10,F01329,safari,engine_webkit,no,no,2016-09-20
Q009587,false,F05037,firefox,lineage_pair,no,no,none
Q009588,false,F05915,webview_ios,engine_webkit,no,no,none
Q009589,66,F12268,chrome_android,subtree_engine,yes,no,2018-04-17
Q009590,false,F09832,edge,subtree_engine,yes,yes,none
Q009591,68,F08086,chrome,engine_blink,yes,no,2018-07-24
Q009592,25,F06567,opera_android,engine_blink,yes,no,2014-10-16
Q009593,false,F17722,opera_android,engine_blink,yes,no,none
Q009594,14.1,F06347,safari,engine_webkit,no,no,2021-04-26
Q009595,44,F17565,opera_android,subtree_engine,yes,no,2017-12-11
Q009596,129,F01605,webview_android,engine_blink,yes,no,2024-09-17
Q009597,7,F13490,safari,subtree_engine,yes,no,2013-10-22
Q009598,79,F17565,edge,subtree_engine,yes,no,2020-01-15
Q009599,83,F11812,chrome_android,subtree_engine,yes,no,2020-05-19
Q009600,false,F16378,samsunginternet_android,engine_blink,yes,yes,none
Q009601,false,F10218,safari,engine_webkit,no,no,none
Q009602,14.1,F02253,safari,source1,no,no,2021-04-26
Q009603,80,F11155,chrome_android,random2,no,no,2020-02-04
Q009604,126,F09034,firefox,subtree_engine,yes,no,2024-05-14
Q009605,80,F10229,chrome_android,subtree_engine,yes,no,2020-02-04
Q009606,28.0,F01038,samsunginternet_android,engine_blink,yes,no,2025-04-02
Q009607,12.1,F06466,safari,engine_webkit,no,no,2019-03-25
Q009608,39,F11592,firefox,lineage_pair,no,no,2015-07-02
Q009609,false,F03201,firefox_android,derivative1,no,no,none
Q009610,141,F01929,firefox,source1,no,no,2025-07-22
Q009611,3.1,F07948,safari,random2,no,no,2008-03-18
Q009612,1,F00293,firefox,random2,no,no,2004-11-09
Q009613,46,F00347,chrome_android,subtree_engine,yes,no,2015-10-14
Q009614,4.4,F07057,webview_android,derivative1,no,no,2013-12-09
Q009615,1,F16145,safari_ios,random2,no,no,2007-06-29
Q009616,27.0,F16216,samsunginternet_android,derivative1,no,no,2024-11-06
Q009617,73,F11100,opera,engine_blink,yes,no,2020-12-09
Q009618,false,F15170,safari,source1,no,no,none
Q009619,55,F08874,webview_android,engine_blink,yes,no,2016-12-06
Q009620,70,F15527,chrome_android,engine_blink,yes,no,2018-10-17
Q009621,10.0,F11896,oculus,random2,no,no,2020-06-19
Q009622,12.2,F10881,safari_ios,engine_webkit,no,no,2019-03-25
Q009623,5.0,F08092,oculus,subtree_engine,yes,no,2018-07-01
Q009624,2,F08552,chrome,engine_blink,yes,no,2009-05-21
Q009625,10,F08402,chrome,source1,no,no,2011-03-08
Q009626,42,F08874,opera,engine_blink,yes,no,2016-12-13
Q009627,80,F11974,webview_android,subtree_engine,yes,no,2020-02-04
Q009628,7,F02985,chrome,lineage_pair,no,no,2010-10-19
Q009629,128,F01131,opera,random2,no,no,2026-02-26
Q009630,16,F01204,chrome,engine_blink,yes,no,2011-12-13
Q009631,7.0,F13532,samsunginternet_android,subtree_engine,yes,no,2018-03-16
Q009632,4.0,F00011,samsunginternet_android,random2,no,no,2016-03-11
Q009633,69,F10985,chrome_android,lineage_pair,no,yes,2018-09-04
Q009634,6.0,F12569,oculus,engine_blink,yes,no,2019-08-12
Q009635,1,F11458,safari_ios,engine_webkit,no,no,2007-06-29
Q009636,79,F10194,edge,engine_blink,yes,no,2020-01-15
Q009637,34,F14852,oculus,random2,no,no,2024-06-26
Q009638,153,F17551,firefox,subtree_engine,yes,no,2026-07-21
Q009639,4.4,F08474,webview_android,engine_blink,yes,no,2013-12-09
Q009640,10,F11966,safari,engine_webkit,no,no,2016-09-20
Q009641,58,F11833,chrome_android,subtree_engine,yes,no,2017-04-25
Q009642,62,F15215,opera_android,random2,no,no,2021-02-16
Q009643,6.0,F15527,oculus,engine_blink,yes,no,2019-08-12
Q009644,9,F04558,safari,engine_webkit,no,no,2015-09-30
Q009645,5.0,F05546,samsunginternet_android,engine_blink,yes,no,2016-12-15
Q009646,80,F16336,webview_android,subtree_engine,yes,no,2020-02-04
Q009647,153,F12731,firefox,subtree_engine,yes,no,2026-07-21
Q009648,15,F15613,opera,subtree_engine,yes,no,2013-07-02
Q009649,16,F14769,firefox,subtree_engine,yes,no,2012-10-09
Q009650,4,F08305,firefox_android,subtree_engine,yes,yes,2011-03-29
Q009651,14.0,F11485,samsunginternet_android,subtree_engine,yes,no,2021-04-17
Q009652,1.0,F12550,samsunginternet_android,engine_blink,yes,no,2013-04-27
Q009653,5.0,F02805,oculus,engine_blink,yes,no,2018-07-01
Q009654,17,F17216,edge,random2,no,no,2018-04-30
Q009655,false,F17587,firefox_android,subtree_engine,yes,no,none
Q009656,32,F00106,opera_android,engine_blink,yes,no,2015-09-23
Q009657,6,F12862,safari,engine_webkit,no,no,2012-07-25
Q009658,26,F17298,opera,subtree_engine,yes,no,2014-12-03
Q009659,false,F07766,edge,engine_blink,yes,yes,none
Q009660,false,F01821,webview_ios,engine_webkit,no,no,none
Q009661,64,F04322,opera_android,engine_blink,yes,yes,2021-05-25
Q009662,79,F13786,edge,engine_blink,yes,no,2020-01-15
Q009663,false,F07994,webview_android,random2,no,yes,none
Q009664,4.4,F03309,webview_android,engine_blink,yes,no,2013-12-09
Q009665,24,F12820,chrome,subtree_engine,yes,no,2013-01-10
Q009666,134,F09346,edge,random2,no,no,2025-03-06
Q009667,7,F02140,safari,engine_webkit,no,no,2013-10-22
Q009668,false,F14520,samsunginternet_android,engine_blink,yes,no,none
Q009669,1,F17025,firefox,source1,no,no,2004-11-09
Q009670,30.0,F15048,samsunginternet_android,random2,no,no,2026-05-11
Q009671,15,F16550,opera,engine_blink,yes,no,2013-07-02
Q009672,61,F06348,chrome,engine_blink,yes,no,2017-09-05
Q009673,18,F06963,chrome_android,engine_blink,yes,no,2012-06-27
Q009674,41.0,F15152,oculus,random2,no,no,2025-10-21
Q009675,5.0,F03413,oculus,engine_blink,yes,no,2018-07-01
Q009676,false,F12482,samsunginternet_android,engine_blink,yes,no,none
Q009677,81,F00647,chrome,source1,no,no,2020-04-07
Q009678,16.0,F17405,oculus,engine_blink,yes,yes,2021-06-07
Q009679,80,F18115,chrome_android,engine_blink,yes,no,2020-02-04
Q009680,31.2,F00512,oculus,engine_blink,yes,no,2024-01-15
Q009681,99,F17201,opera_android,engine_blink,yes,no,2026-06-10
Q009682,111,F07858,chrome,subtree_engine,yes,no,2023-03-07
Q009683,1,F10367,chrome,lineage_pair,no,no,2008-12-11
Q009684,false,F09993,safari,engine_webkit,no,no,none
Q009685,false,F17467,samsunginternet_android,subtree_engine,yes,no,none
Q009686,10,F11966,webview_ios,engine_webkit,no,no,2016-09-13
Q009687,60,F03595,chrome,subtree_engine,yes,no,2017-07-25
Q009688,false,F02704,webview_android,engine_blink,yes,no,none
Q009689,109,F10901,chrome_android,engine_blink,yes,no,2023-01-10
Q009690,24.0,F17354,samsunginternet_android,engine_blink,yes,no,2024-01-25
Q009691,8,F12749,safari,engine_webkit,no,no,2014-10-16
Q009692,4.4,F09660,webview_android,engine_blink,yes,no,2013-12-09
Q009693,false,F02326,samsunginternet_android,derivative1,no,no,none
Q009694,false,F06043,samsunginternet_android,subtree_engine,yes,no,none
Q009695,43,F06268,webview_android,engine_blink,yes,no,2015-05-27
Q009696,5.0,F08232,oculus,engine_blink,yes,no,2018-07-01
Q009697,12.2,F13084,webview_ios,engine_webkit,no,no,2019-03-25
Q009698,18,F12605,chrome_android,engine_blink,yes,no,2012-06-27
Q009699,126,F07839,webview_android,engine_blink,yes,no,2024-06-11
Q009700,87,F12370,edge,engine_blink,yes,no,2020-11-19
Q009701,147,F17467,edge,subtree_engine,yes,no,2026-04-10
Q009702,1.0,F02336,samsunginternet_android,derivative1,no,no,2013-04-27
Q009703,15,F12497,chrome,engine_blink,yes,no,2011-10-25
Q009704,false,F02653,firefox,subtree_engine,yes,no,none
Q009705,14.5,F00607,safari_ios,lineage_pair,no,no,2021-04-26
Q009706,7.0,F14780,samsunginternet_android,engine_blink,yes,yes,2018-03-16
Q009707,1.0,F02218,samsunginternet_android,derivative1,no,no,2013-04-27
Q009708,5.0,F02590,samsunginternet_android,engine_blink,yes,no,2016-12-15
Q009709,4,F00278,firefox_android,derivative1,no,no,2011-03-29
Q009710,8,F12515,firefox_android,subtree_engine,yes,no,2011-11-08
Q009711,5.0,F18099,oculus,random2,no,no,2018-07-01
Q009712,61,F07042,opera_android,subtree_engine,yes,no,2020-12-07
Q009713,69,F01410,chrome,source1,no,no,2018-09-04
Q009714,false,F10152,firefox,subtree_engine,yes,no,none
Q009715,5.0,F10328,oculus,lineage_pair,no,no,2018-07-01
Q009716,4.4,F12281,webview_android,random2,no,no,2013-12-09
Q009717,6.0,F07439,samsunginternet_android,engine_blink,yes,no,2017-08-23
Q009718,false,F16678,oculus,engine_blink,yes,no,none
Q009719,false,F11583,firefox_android,lineage_pair,no,no,none
Q009720,55,F05257,opera_android,random2,no,no,2019-12-03
Q009721,31.2,F05953,oculus,engine_blink,yes,no,2024-01-15
Q009722,false,F00060,firefox_android,lineage_pair,no,no,none
Q009723,58,F06599,webview_android,subtree_engine,yes,no,2017-04-25
Q009724,false,F08501,webview_android,random2,no,no,none
Q009725,5,F14083,chrome,engine_blink,yes,no,2010-05-25
Q009726,false,F08250,safari_ios,engine_webkit,no,no,none
Q009727,6.0,F15542,samsunginternet_android,engine_blink,yes,no,2017-08-23
Q009728,12.1,F13308,opera_android,random2,no,no,2012-10-09
Q009729,37,F06206,firefox_android,lineage_pair,no,no,2015-03-31
Q009730,11,F00995,safari_ios,lineage_pair,no,no,2017-09-19
Q009731,67,F06083,opera,engine_blink,yes,no,2020-03-03
Q009732,90,F10119,firefox,lineage_pair,no,no,2021-07-13
Q009733,34,F11191,oculus,engine_blink,yes,no,2024-06-26
Q009734,1,F17404,firefox,source1,no,no,2004-11-09
Q009735,146,F17105,chrome_android,engine_blink,yes,no,2026-03-10
Q009736,147,F14317,chrome_android,random2,no,no,2026-04-07
Q009737,10.1,F02865,safari,source1,no,no,2017-03-27
Q009738,16.4,F09146,safari_ios,lineage_pair,no,yes,2023-03-27
Q009739,false,F15427,oculus,engine_blink,yes,yes,none
Q009740,7,F07862,safari,lineage_pair,no,yes,2013-10-22
Q009741,false,F10693,opera,engine_blink,yes,no,none
Q009742,15,F16864,opera,engine_blink,yes,no,2013-07-02
Q009743,4.4,F15978,webview_android,engine_blink,yes,no,2013-12-09
Q009744,1.0,F00832,samsunginternet_android,engine_blink,yes,no,2013-04-27
Q009745,91,F04322,chrome_android,engine_blink,yes,yes,2021-05-25
Q009746,16.0,F16341,samsunginternet_android,engine_blink,yes,yes,2021-11-25
Q009747,47,F06164,chrome_android,engine_blink,yes,no,2015-12-02
Q009748,6.0,F06943,samsunginternet_android,subtree_engine,yes,no,2017-08-23
Q009749,1,F04758,firefox,subtree_engine,yes,yes,2004-11-09
Q009750,6,F18308,safari,engine_webkit,no,no,2012-07-25
Q009751,false,F09622,oculus,engine_blink,yes,no,none
Q009752,false,F07855,safari,engine_webkit,no,no,none
Q009753,34,F15924,oculus,engine_blink,yes,no,2024-06-26
Q009754,54,F07427,opera_android,engine_blink,yes,no,2019-10-18
Q009755,4.2,F09432,webview_ios,subtree_engine,yes,no,2010-11-22
Q009756,116,F11902,opera,random2,no,no,2025-01-08
Q009757,47,F10193,opera_android,subtree_engine,yes,no,2018-07-23
Q009758,6,F05051,safari_ios,engine_webkit,no,yes,2012-09-10
Q009759,48,F06672,opera,engine_blink,yes,no,2017-09-27
Q009760,129,F03196,edge,random2,no,no,2024-09-19
Q009761,4,F02272,firefox_android,derivative1,no,no,2011-03-29
Q009762,5.0,F08620,oculus,engine_blink,yes,no,2018-07-01
Q009763,12.1,F04339,opera,engine_blink,yes,no,2012-11-20
Q009764,4.4,F06709,webview_android,subtree_engine,yes,no,2013-12-09
Q009765,12.2,F07756,safari_ios,engine_webkit,no,no,2019-03-25
Q009766,8,F13994,webview_ios,engine_webkit,no,no,2014-09-17
Q009767,121,F06936,webview_android,engine_blink,yes,no,2024-01-23
Q009768,4.4,F15664,webview_android,engine_blink,yes,no,2013-12-09
Q009769,6,F02004,chrome,random2,no,no,2010-09-02
Q009770,12.1,F09069,opera_android,engine_blink,yes,no,2012-10-09
Q009771,91,F10596,edge,engine_blink,yes,yes,2021-05-27
Q009772,false,F16597,safari,engine_webkit,no,no,none
Q009773,120,F06086,edge,lineage_pair,no,no,2023-12-07
Q009774,16.4,F16210,webview_ios,engine_webkit,no,no,2023-03-27
Q009775,124,F08539,webview_android,derivative1,no,no,2024-04-16
Q009776,4,F06839,firefox_android,subtree_engine,yes,no,2011-03-29
Q009777,false,F07055,oculus,engine_blink,yes,no,none
Q009778,false,F08432,safari_ios,subtree_engine,yes,no,none
Q009779,31.2,F11682,oculus,subtree_engine,yes,yes,2024-01-15
Q009780,16,F05744,edge,engine_blink,yes,yes,2017-10-17
Q009781,12.1,F16791,opera_android,engine_blink,yes,no,2012-10-09
Q009782,91,F00508,chrome,random2,no,yes,2021-05-25
Q009783,10,F04716,webview_ios,engine_webkit,no,no,2016-09-13
Q009784,143,F03247,webview_android,engine_blink,yes,no,2025-12-02
Q009785,69,F11137,chrome_android,lineage_pair,no,no,2018-09-04
Q009786,120,F18251,chrome,engine_blink,yes,no,2023-12-05
Q009787,51,F02181,firefox,lineage_pair,no,no,2017-01-24
Q009788,102,F00915,opera,engine_blink,yes,no,2023-08-23
Q009789,1,F06971,safari_ios,random2,no,no,2007-06-29
Q009790,4,F04372,firefox,random2,no,no,2011-03-22
Q009791,16,F00355,webview_ios,random2,no,no,2022-09-12
Q009792,45,F14570,opera_android,engine_blink,yes,no,2018-02-15
Q009793,13.4,F10474,webview_ios,engine_webkit,no,no,2020-03-24
Q009794,3.2,F13522,safari_ios,engine_webkit,no,no,2010-04-03
Q009795,3,F06649,webview_ios,engine_webkit,no,no,2009-06-17
Q009796,16,F18416,edge,random2,no,yes,2017-10-17
Q009797,18,F17799,chrome_android,engine_blink,yes,no,2012-06-27
Q009798,25,F13758,chrome_android,engine_blink,yes,no,2013-02-27
Q009799,103,F01036,chrome,subtree_engine,yes,no,2022-06-21
Q009800,3.5,F00644,firefox,subtree_engine,yes,no,2009-06-30
Q009801,108,F01179,chrome,engine_blink,yes,no,2022-11-29
Q009802,4.4,F14900,webview_android,engine_blink,yes,no,2013-12-09
Q009803,79,F11696,edge,derivative1,no,no,2020-01-15
Q009804,24,F07295,chrome,engine_blink,yes,no,2013-01-10
Q009805,5.0,F03912,oculus,subtree_engine,yes,no,2018-07-01
Q009806,120,F00540,edge,subtree_engine,yes,no,2023-12-07
Q009807,18,F15920,chrome_android,engine_blink,yes,no,2012-06-27
Q009808,3,F05980,safari,lineage_pair,no,no,2007-10-26
Q009809,18,F15251,chrome_android,engine_blink,yes,no,2012-06-27
Q009810,130,F08058,firefox_android,lineage_pair,no,no,2024-09-03
Q009811,8.0,F14620,samsunginternet_android,engine_blink,yes,no,2018-07-18
Q009812,120,F02698,chrome,source1,no,no,2023-12-05
Q009813,4,F07138,firefox,lineage_pair,no,no,2011-03-22
Q009814,1,F00302,chrome,engine_blink,yes,no,2008-12-11
Q009815,3,F14115,safari,random2,no,no,2007-10-26
Q009816,119,F07340,firefox_android,random2,no,no,2023-10-24
Q009817,4.4.3,F06531,webview_android,random2,no,no,2014-06-02
Q009818,5,F12165,safari,engine_webkit,no,no,2010-06-07
Q009819,15,F07422,opera,subtree_engine,yes,no,2013-07-02
Q009820,15,F05116,edge,random2,no,no,2017-04-05
Q009821,false,F03836,webview_android,engine_blink,yes,no,none
Q009822,13.0,F11402,samsunginternet_android,subtree_engine,yes,no,2020-12-02
Q009823,41,F05354,opera_android,engine_blink,yes,no,2016-10-25
Q009824,109,F17908,chrome_android,derivative1,no,yes,2023-01-10
Q009825,10.0,F11480,samsunginternet_android,derivative1,no,no,2019-08-22
Q009826,false,F01354,samsunginternet_android,random2,no,no,none
Q009827,5.0,F15058,oculus,engine_blink,yes,no,2018-07-01
Q009828,false,F06528,webview_ios,engine_webkit,no,no,none
Q009829,1,F05081,webview_ios,subtree_engine,yes,no,2007-06-29
Q009830,5,F10174,safari,engine_webkit,no,no,2010-06-07
Q009831,57,F12613,chrome,source1,no,yes,2017-03-09
Q009832,false,F12318,webview_android,random2,no,no,none
Q009833,16.4,F01197,safari_ios,lineage_pair,no,no,2023-03-27
Q009834,false,F02778,edge,engine_blink,yes,no,none
Q009835,false,F15152,firefox,random2,no,no,none
Q009836,16,F13420,safari,source1,no,no,2022-09-12
Q009837,false,F03676,safari,engine_webkit,no,no,none
Q009838,60,F08092,chrome_android,subtree_engine,yes,no,2017-08-01
Q009839,12.1,F15978,opera,engine_blink,yes,no,2012-11-20
Q009840,14,F11099,opera_android,engine_blink,yes,no,2013-05-21
Q009841,11,F02918,safari,source1,no,no,2017-09-19
Q009842,79,F04255,edge,subtree_engine,yes,no,2020-01-15
Q009843,15,F18326,opera,engine_blink,yes,no,2013-07-02
Q009844,43,F05636,opera_android,engine_blink,yes,no,2017-09-27
Q009845,false,F08623,opera,subtree_engine,yes,no,none
Q009846,false,F10335,samsunginternet_android,engine_blink,yes,yes,none
Q009847,86,F09845,firefox_android,subtree_engine,yes,no,2021-02-23
Q009848,1,F15780,chrome,engine_blink,yes,no,2008-12-11
Q009849,79,F11403,edge,engine_blink,yes,no,2020-01-15
Q009850,13,F14001,safari,subtree_engine,yes,no,2019-09-19
Q009851,81,F17900,chrome_android,engine_blink,yes,no,2020-04-07
Q009852,113,F15130,firefox_android,derivative1,no,no,2023-05-09
Q009853,false,F17813,webview_ios,engine_webkit,no,no,none
Q009854,1,F15920,chrome,engine_blink,yes,no,2008-12-11
Q009855,12.1,F15868,safari,engine_webkit,no,no,2019-03-25
Q009856,71,F01036,opera_android,subtree_engine,yes,no,2022-09-16
Q009857,57,F11028,opera_android,subtree_engine,yes,no,2020-03-30
Q009858,9.0,F05122,samsunginternet_android,subtree_engine,yes,no,2018-09-15
Q009859,false,F18199,safari,random2,no,no,none
Q009860,12.1,F10550,safari,lineage_pair,no,no,2019-03-25
Q009861,29.0,F04971,samsunginternet_android,engine_blink,yes,no,2025-10-25
Q009862,4,F12846,firefox_android,subtree_engine,yes,no,2011-03-29
Q009863,50,F00927,chrome,subtree_engine,yes,no,2016-04-13
Q009864,5.0,F00906,oculus,subtree_engine,yes,no,2018-07-01
Q009865,false,F12453,oculus,engine_blink,yes,no,none
Q009866,false,F15413,safari_ios,subtree_engine,yes,no,none
Q009867,false,F09832,chrome_android,subtree_engine,yes,yes,none
Q009868,15.4,F11647,webview_ios,lineage_pair,no,no,2022-03-14
Q009869,false,F07766,oculus,engine_blink,yes,yes,none
Q009870,54,F05854,chrome_android,engine_blink,yes,no,2016-10-19
Q009871,66,F18495,opera,engine_blink,yes,no,2020-01-07
Q009872,11,F03197,safari,source1,no,yes,2017-09-19
Q009873,5.0,F18326,oculus,engine_blink,yes,no,2018-07-01
Q009874,6,F02349,safari_ios,engine_webkit,no,no,2012-09-10
Q009875,11.0,F06736,samsunginternet_android,engine_blink,yes,yes,2019-12-05
Q009876,6,F04584,safari,engine_webkit,no,no,2012-07-25
Q009877,1.0,F13122,samsunginternet_android,engine_blink,yes,no,2013-04-27
Q009878,18,F07843,chrome_android,engine_blink,yes,no,2012-06-27
Q009879,120,F00540,chrome_android,subtree_engine,yes,no,2023-12-05
Q009880,false,F15435,firefox,lineage_pair,no,no,none
Q009881,16.4,F04949,safari_ios,engine_webkit,no,no,2023-03-27
Q009882,false,F05676,safari,source1,no,no,none
Q009883,false,F01884,samsunginternet_android,engine_blink,yes,no,none
Q009884,16,F04076,firefox_android,subtree_engine,yes,no,2012-10-09
Q009885,false,F04649,oculus,engine_blink,yes,no,none
Q009886,34,F03515,opera_android,engine_blink,yes,no,2015-12-16
Q009887,72,F02444,opera,subtree_engine,yes,no,2020-10-21
Q009888,12,F13032,edge,derivative1,no,no,2015-07-29
Q009889,16,F02524,safari,subtree_engine,yes,no,2022-09-12
Q009890,139,F16053,chrome,lineage_pair,no,no,2025-08-05
Q009891,2.0,F17546,samsunginternet_android,random2,no,no,2014-10-17
Q009892,74,F03928,chrome_android,engine_blink,yes,no,2019-04-24
Q009893,5.0,F13213,oculus,engine_blink,yes,yes,2018-07-01
Q009894,5.0,F14570,oculus,engine_blink,yes,no,2018-07-01
Q009895,52,F08718,firefox,subtree_engine,yes,no,2017-03-07
Q009896,false,F02169,webview_android,random2,no,no,none
Q009897,4.0,F08488,samsunginternet_android,engine_blink,yes,no,2016-03-11
Q009898,5,F04019,safari,lineage_pair,no,no,2010-06-07
Q009899,10.0,F04891,samsunginternet_android,derivative1,no,no,2019-08-22
Q009900,false,F12294,oculus,engine_blink,yes,no,none
Q009901,5.0,F09418,oculus,engine_blink,yes,no,2018-07-01
Q009902,21.0,F13385,samsunginternet_android,engine_blink,yes,yes,2023-05-19
Q009903,11,F15648,safari_ios,lineage_pair,no,yes,2017-09-19
Q009904,79,F16678,edge,engine_blink,yes,no,2020-01-15
Q009905,131,F17719,chrome_android,engine_blink,yes,no,2024-11-12
Q009906,16.4,F15933,safari,engine_webkit,no,no,2023-03-27
Q009907,134,F05553,webview_android,engine_blink,yes,no,2025-03-04
Q009908,3.5,F10069,firefox,subtree_engine,yes,no,2009-06-30
Q009909,79,F16357,webview_android,subtree_engine,yes,no,2019-12-17
Q009910,3,F13528,safari,source1,no,no,2007-10-26
Q009911,false,F09622,samsunginternet_android,engine_blink,yes,no,none
Q009912,11,F02345,safari,engine_webkit,no,yes,2017-09-19
Q009913,false,F13759,chrome_android,derivative1,no,no,none
Q009914,16.4,F07761,safari,random2,no,no,2023-03-27
Q009915,16.4,F02743,webview_ios,engine_webkit,no,yes,2023-03-27
Q009916,114,F09628,edge,random2,no,yes,2023-06-02
Q009917,15,F05426,edge,derivative1,no,no,2017-04-05
Q009918,14.5,F12236,safari_ios,engine_webkit,no,no,2021-04-26
Q009919,false,F12025,webview_ios,derivative1,no,no,none
Q009920,5.0,F11833,oculus,subtree_engine,yes,no,2018-07-01
Q009921,109,F15813,edge,engine_blink,yes,yes,2023-01-12
Q009922,9,F07779,safari_ios,subtree_engine,yes,no,2015-09-16
Q009923,44,F03422,firefox_android,lineage_pair,no,no,2016-01-26
Q009924,87,F13329,edge,engine_blink,yes,no,2020-11-19
Q009925,16,F13282,edge,derivative1,no,yes,2017-10-17
Q009926,13.4,F08148,webview_ios,engine_webkit,no,no,2020-03-24
Q009927,1,F02550,firefox,subtree_engine,yes,yes,2004-11-09
Q009928,14.1,F13149,safari,source1,no,no,2021-04-26
Q009929,80,F16699,edge,random2,no,no,2020-02-07
Q009930,false,F01884,oculus,engine_blink,yes,no,none
Q009931,5.0,F10644,oculus,engine_blink,yes,no,2018-07-01
Q009932,43,F15556,chrome,lineage_pair,no,no,2015-05-19
Q009933,false,F00504,opera_android,engine_blink,yes,no,none
Q009934,39,F15058,chrome,engine_blink,yes,no,2014-11-18
Q009935,false,F17180,safari_ios,subtree_engine,yes,no,none
Q009936,29.0,F06320,samsunginternet_android,engine_blink,yes,no,2025-10-25
Q009937,44,F13250,firefox,lineage_pair,no,no,2016-01-26
Q009938,36,F00509,oculus,engine_blink,yes,no,2024-11-06
Q009939,3,F11009,safari,engine_webkit,no,no,2007-10-26
Q009940,4.0,F12153,samsunginternet_android,engine_blink,yes,no,2016-03-11
Q009941,39,F03524,firefox_android,random2,no,no,2015-07-02
Q009942,18,F17539,chrome_android,engine_blink,yes,no,2012-06-27
Q009943,false,F17413,webview_android,random2,no,yes,none
Q009944,79,F08799,firefox_android,subtree_engine,yes,no,2020-07-28
Q009945,145,F00349,webview_android,random2,no,no,2026-02-10
Q009946,9.1,F08792,safari,engine_webkit,no,no,2016-03-21
Q009947,138,F07055,edge,engine_blink,yes,no,2025-06-26
Q009948,18,F17214,chrome_android,derivative1,no,no,2012-06-27
Q009949,false,F11074,webview_ios,engine_webkit,no,no,none
Q009950,94,F12048,chrome,engine_blink,yes,no,2021-09-21
Q009951,27,F10453,safari,engine_webkit,no,no,2026-09-14
Q009952,130,F10274,firefox,source1,no,no,2024-09-03
Q009953,16.4,F11688,safari_ios,derivative1,no,yes,2023-03-27
Q009954,33,F01684,opera_android,engine_blink,yes,no,2015-11-03
Q009955,145,F06094,chrome,source1,no,no,2026-02-10
Q009956,69,F03501,webview_android,engine_blink,yes,no,2018-09-04
Q009957,33,F06962,chrome_android,derivative1,no,no,2014-02-26
Q009958,66,F05122,webview_android,subtree_engine,yes,no,2018-04-17
Q009959,false,F06244,chrome_android,engine_blink,yes,no,none
Q009960,80,F16548,edge,subtree_engine,yes,no,2020-02-07
Q009961,5.0,F05468,oculus,engine_blink,yes,yes,2018-07-01
Q009962,86,F00639,chrome_android,subtree_engine,yes,no,2020-10-20
Q009963,106,F11221,chrome_android,engine_blink,yes,no,2022-09-27
Q009964,149,F00295,edge,lineage_pair,no,no,2026-06-04
Q009965,4,F00460,chrome,engine_blink,yes,no,2010-01-25
Q009966,122,F13971,opera,engine_blink,yes,no,2025-09-11
Q009967,61,F10611,chrome_android,engine_blink,yes,no,2017-09-05
Q009968,4.4,F01691,webview_android,derivative1,no,no,2013-12-09
Q009969,5.0,F06405,samsunginternet_android,subtree_engine,yes,no,2016-12-15
Q009970,66,F02183,chrome,engine_blink,yes,no,2018-04-17
Q009971,104,F04674,chrome_android,subtree_engine,yes,no,2022-08-02
Q009972,14,F16829,safari,source1,no,no,2020-09-16
Q009973,4.2,F07278,safari_ios,engine_webkit,no,no,2010-11-22
Q009974,61,F13234,webview_android,engine_blink,yes,no,2017-09-05
Q009975,80,F18268,chrome_android,subtree_engine,yes,no,2020-02-04
Q009976,false,F05413,safari_ios,engine_webkit,no,no,none
Q009977,15.4,F08230,safari,lineage_pair,no,no,2022-03-14
Q009978,37,F09111,firefox,source1,no,no,2015-03-31
Q009979,15,F05712,safari_ios,engine_webkit,no,no,2021-09-20
Q009980,false,F16719,opera,engine_blink,yes,no,none
Q009981,1,F04147,firefox,subtree_engine,yes,yes,2004-11-09
Q009982,12.1,F03413,opera_android,engine_blink,yes,no,2012-10-09
Q009983,5.1,F02659,safari,engine_webkit,no,no,2011-07-20
Q009984,86,F01038,opera_android,engine_blink,yes,no,2024-12-02
Q009985,6,F09587,webview_ios,random2,no,no,2012-09-10
Q009986,14.1,F14479,safari,random2,no,no,2021-04-26
Q009987,4.4,F02873,webview_android,engine_blink,yes,no,2013-12-09
Q009988,46,F04466,opera_android,engine_blink,yes,no,2018-05-14
Q009989,42,F09714,opera,engine_blink,yes,no,2016-12-13
Q009990,false,F17906,opera_android,engine_blink,yes,no,none
Q009991,13,F14066,safari_ios,subtree_engine,yes,no,2019-09-19
Q009992,39,F14774,opera,subtree_engine,yes,no,2016-08-02
Q009993,3.2,F05434,safari_ios,engine_webkit,no,no,2010-04-03
Q009994,16.4,F00408,webview_ios,engine_webkit,no,no,2023-03-27
Q009995,4,F13322,firefox,source1,no,no,2011-03-22
Q009996,8,F05885,firefox,subtree_engine,yes,no,2011-11-08
Q009997,125,F15924,webview_android,engine_blink,yes,no,2024-05-14
Q009998,30.0,F13971,samsunginternet_android,engine_blink,yes,no,2026-05-11
Q009999,false,F09020,chrome_android,engine_blink,yes,no,none
Q010000,22,F13706,firefox,source1,no,no,2013-06-25
Q010001,11,F06204,safari_ios,engine_webkit,no,no,2017-09-19
Q010002,4.4,F06247,webview_android,engine_blink,yes,no,2013-12-09
Q010003,false,F12472,chrome,source1,no,yes,none
Q010004,74,F01668,opera_android,random2,no,yes,2023-03-13
Q010005,16.4,F10479,webview_ios,engine_webkit,no,no,2023-03-27
Q010006,139,F07459,edge,engine_blink,yes,no,2025-08-07
Q010007,3.2,F16690,safari_ios,engine_webkit,no,no,2010-04-03
Q010008,143,F03247,chrome,engine_blink,yes,no,2025-12-02
Q010009,false,F12298,safari_ios,subtree_engine,yes,no,none
Q010010,53,F13727,opera,engine_blink,yes,no,2018-05-10
Q010011,47,F05326,opera,engine_blink,yes,no,2017-08-09
Q010012,79,F06943,edge,subtree_engine,yes,no,2020-01-15
Q010013,1.0,F12653,samsunginternet_android,engine_blink,yes,no,2013-04-27
Q010014,false,F13453,chrome,lineage_pair,no,no,none
Q010015,4,F10256,safari,lineage_pair,no,no,2009-06-08
Q010016,5.0,F18420,oculus,engine_blink,yes,no,2018-07-01
Q010017,22,F18263,firefox_android,random2,no,no,2013-06-25
Q010018,155,F02587,firefox,source1,no,yes,2026-09-01
Q010019,1,F18333,chrome,lineage_pair,no,no,2008-12-11
Q010020,5,F01270,chrome,source1,no,no,2010-05-25
Q010021,21.0,F04999,samsunginternet_android,engine_blink,yes,yes,2023-05-19
Q010022,4.4,F12550,webview_android,engine_blink,yes,no,2013-12-09
Q010023,66,F03842,opera_android,derivative1,no,no,2021-12-15
Q010024,12,F17229,edge,engine_blink,yes,no,2015-07-29
Q010025,1,F06247,chrome,engine_blink,yes,no,2008-12-11
Q010026,14,F05431,opera_android,engine_blink,yes,no,2013-05-21
Q010027,false,F13894,opera,subtree_engine,yes,yes,none
Q010028,43,F05108,chrome,source1,no,no,2015-05-19
Q010029,16,F07193,edge,engine_blink,yes,yes,2017-10-17
Q010030,false,F13047,safari,engine_webkit,no,no,none
Q010031,3,F03272,safari,lineage_pair,no,no,2007-10-26
Q010032,false,F09130,chrome_android,random2,no,yes,none
Q010033,139,F16468,chrome,engine_blink,yes,no,2025-08-05
Q010034,125,F11191,webview_android,engine_blink,yes,no,2024-05-14
Q010035,4.4.3,F02851,webview_android,random2,no,no,2014-06-02
Q010036,41,F03172,opera_android,subtree_engine,yes,no,2016-10-25
Q010037,57,F16298,opera_android,subtree_engine,yes,no,2020-03-30
Q010038,11,F04975,webview_ios,lineage_pair,no,yes,2017-09-19
Q010039,5.0,F08552,oculus,engine_blink,yes,no,2018-07-01
Q010040,43,F12997,opera_android,subtree_engine,yes,no,2017-09-27
Q010041,false,F07855,safari_ios,engine_webkit,no,no,none
Q010042,129,F01605,chrome_android,engine_blink,yes,no,2024-09-17
Q010043,75,F02046,webview_android,subtree_engine,yes,no,2019-06-04
Q010044,false,F02169,safari,random2,no,no,none
Q010045,14.1,F14142,safari,engine_webkit,no,no,2021-04-26
Q010046,12.1,F13909,safari,engine_webkit,no,no,2019-03-25
Q010047,89,F05550,firefox,lineage_pair,no,yes,2021-06-01
Q010048,12,F17370,edge,derivative1,no,no,2015-07-29
Q010049,66,F05122,chrome,subtree_engine,yes,no,2018-04-17
Q010050,false,F11166,firefox,subtree_engine,yes,no,none
Q010051,false,F15834,chrome_android,subtree_engine,yes,no,none
Q010052,94,F00027,chrome,engine_blink,yes,no,2021-09-21
Q010053,false,F01086,chrome,engine_blink,yes,no,none
Q010054,144,F03334,chrome,engine_blink,yes,no,2026-01-13
Q010055,70,F01031,opera_android,engine_blink,yes,no,2022-06-29
Q010056,false,F11582,webview_ios,engine_webkit,no,no,none
Q010057,33,F03574,opera,subtree_engine,yes,no,2015-10-27
Q010058,87,F13401,chrome_android,engine_blink,yes,no,2020-11-17
Q010059,5.0,F10243,oculus,subtree_engine,yes,no,2018-07-01
Q010060,14.0,F13642,samsunginternet_android,engine_blink,yes,no,2021-04-17
Q010061,144,F10315,chrome,engine_blink,yes,no,2026-01-13
Q010062,79,F14004,edge,lineage_pair,no,no,2020-01-15
Q010063,18,F17401,chrome_android,engine_blink,yes,no,2012-06-27
Q010064,false,F10780,safari,engine_webkit,no,no,none
Q010065,30,F04389,opera,engine_blink,yes,no,2015-06-09
Q010066,13.0,F18216,samsunginternet_android,subtree_engine,yes,no,2020-12-02
Q010067,133,F04971,chrome,engine_blink,yes,no,2025-02-04
Q010068,5.0,F03172,oculus,subtree_engine,yes,no,2018-07-01
Q010069,14,F07480,safari_ios,engine_webkit,no,no,2020-09-16
Q010070,79,F16473,edge,random2,no,no,2020-01-15
Q010071,13.4,F10474,safari_ios,engine_webkit,no,no,2020-03-24
Q010072,47,F03912,opera_android,subtree_engine,yes,no,2018-07-23
Q010073,89,F13462,firefox,lineage_pair,no,yes,2021-06-01
Q010074,5.0,F04726,oculus,random2,no,no,2018-07-01
Q010075,79,F09591,edge,random2,no,no,2020-01-15
Q010076,1.5,F10953,firefox,lineage_pair,no,no,2005-11-29
Q010077,30,F01285,firefox_android,subtree_engine,yes,no,2014-06-10
Q010078,26,F09046,webview_ios,engine_webkit,no,no,2025-09-15
Q010079,3.2,F15213,safari_ios,subtree_engine,yes,no,2010-04-03
Q010080,26,F16791,chrome_android,engine_blink,yes,no,2013-04-03
Q010081,5.0,F17196,oculus,engine_blink,yes,no,2018-07-01
Q010082,5.0,F01284,oculus,engine_blink,yes,no,2018-07-01
Q010083,1.0,F11365,samsunginternet_android,engine_blink,yes,no,2013-04-27
Q010084,152,F04010,firefox,source1,no,no,2026-06-16
Q010085,144,F10199,edge,engine_blink,yes,no,2026-01-21
Q010086,26,F07370,safari,lineage_pair,no,no,2025-09-15
Q010087,86,F09106,webview_android,subtree_engine,yes,no,2020-10-20
Q010088,16.4,F04233,webview_ios,random2,no,no,2023-03-27
Q010089,34,F00226,firefox,source1,no,no,2014-12-01
Q010090,52,F05512,firefox_android,lineage_pair,no,yes,2017-03-07
Q010091,8,F04229,safari,source1,no,yes,2014-10-16
Q010092,false,F17015,webview_android,derivative1,no,no,none
Q010093,15,F13772,opera,engine_blink,yes,no,2013-07-02
Q010094,4,F18375,firefox,source1,no,no,2011-03-22
Q010095,5.0,F00912,oculus,engine_blink,yes,no,2018-07-01
Q010096,18,F17410,chrome_android,subtree_engine,yes,no,2012-06-27
Q010097,6,F15544,firefox,subtree_engine,yes,no,2011-08-16
Q010098,11,F02899,webview_ios,lineage_pair,no,yes,2017-09-19
Q010099,32,F12195,opera_android,engine_blink,yes,no,2015-09-23
Q010100,8,F08459,firefox,subtree_engine,yes,no,2011-11-08
Q010101,1.0,F03286,samsunginternet_android,engine_blink,yes,no,2013-04-27
Q010102,false,F15834,oculus,subtree_engine,yes,no,none
Q010103,false,F07766,opera_android,engine_blink,yes,yes,none
Q010104,111,F02741,firefox,subtree_engine,yes,no,2023-03-14
Q010105,4.4,F13873,webview_android,random2,no,no,2013-12-09
Q010106,false,F11730,safari,source1,no,no,none
Q010107,false,F08597,safari_ios,subtree_engine,yes,no,none
Q010108,134,F09346,chrome_android,random2,no,no,2025-03-04
Q010109,47,F04995,opera_android,subtree_engine,yes,no,2018-07-23
Q010110,18.4,F10776,webview_ios,random2,no,no,2025-03-31
Q010111,10.0,F16289,samsunginternet_android,lineage_pair,no,no,2019-08-22
Q010112,false,F02778,chrome,engine_blink,yes,no,none
Q010113,5.0,F02591,oculus,engine_blink,yes,no,2018-07-01
Q010114,false,F10780,safari_ios,engine_webkit,no,no,none
Q010115,60,F12127,chrome,subtree_engine,yes,no,2017-07-25
Q010116,12,F13027,edge,subtree_engine,yes,no,2015-07-29
Q010117,14,F17799,opera_android,engine_blink,yes,no,2013-05-21
Q010118,25,F13451,chrome_android,random2,no,no,2013-02-27
Q010119,43,F03632,opera_android,engine_blink,yes,yes,2017-09-27
Q010120,11.6,F05540,opera,engine_blink,yes,no,2011-12-06
Q010121,false,F17776,oculus,engine_blink,yes,yes,none
Q010122,26.2,F15695,safari,lineage_pair,no,no,2025-12-12
Q010123,false,F12740,safari,source1,no,no,none
Q010124,false,F06014,safari_ios,engine_webkit,no,no,none
Q010125,10,F16977,webview_ios,engine_webkit,no,yes,2016-09-13
Q010126,12,F03823,edge,derivative1,no,no,2015-07-29
Q010127,14.0,F11100,samsunginternet_android,engine_blink,yes,no,2021-04-17
Q010128,77,F09094,opera,engine_blink,yes,yes,2021-06-09
Q010129,false,F12317,samsunginternet_android,engine_blink,yes,no,none
Q010130,48,F11493,webview_android,engine_blink,yes,no,2016-01-26
Q010131,64,F16341,opera_android,engine_blink,yes,yes,2021-05-25
Q010132,false,F10218,webview_ios,engine_webkit,no,no,none
Q010133,false,F02128,safari,lineage_pair,no,no,none
Q010134,3,F17369,firefox,lineage_pair,no,no,2008-06-17
Q010135,false,F08481,opera,engine_blink,yes,no,none
Q010136,8.0,F16970,samsunginternet_android,subtree_engine,yes,no,2018-07-18
Q010137,false,F02778,samsunginternet_android,engine_blink,yes,no,none
Q010138,1.0,F12497,samsunginternet_android,engine_blink,yes,no,2013-04-27
Q010139,5.0,F10968,oculus,engine_blink,yes,no,2018-07-01
Q010140,79,F14901,firefox_android,lineage_pair,no,no,2020-07-28
Q010141,12,F06138,edge,engine_blink,yes,no,2015-07-29
Q010142,false,F08404,safari_ios,engine_webkit,no,yes,none
Q010143,12.1,F13858,safari,random2,no,no,2019-03-25
Q010144,false,F17722,edge,engine_blink,yes,no,none
Q010145,66,F12268,chrome,subtree_engine,yes,no,2018-04-17
Q010146,16.0,F17412,samsunginternet_android,engine_blink,yes,yes,2021-11-25
Q010147,116,F11505,webview_android,engine_blink,yes,no,2023-08-15
Q010148,18,F15613,chrome_android,subtree_engine,yes,no,2012-06-27
Q010149,72,F09237,opera_android,subtree_engine,yes,no,2022-10-21
Q010150,18,F12777,chrome_android,engine_blink,yes,no,2012-06-27
Q010151,48,F02451,opera_android,engine_blink,yes,no,2018-11-08
Q010152,52,F05660,firefox,source1,no,yes,2017-03-07
Q010153,1,F10135,safari,engine_webkit,no,no,2003-06-23
Q010154,75,F16101,opera,random2,no,no,2021-03-24
Q010155,75,F07858,opera_android,subtree_engine,yes,no,2023-05-17
Q010156,69,F10786,chrome,engine_blink,yes,no,2018-09-04
Q010157,147,F07878,firefox,source1,no,no,2026-01-13
Q010158,12,F16833,edge,engine_blink,yes,no,2015-07-29
Q010159,91,F03200,chrome,random2,no,yes,2021-05-25
Q010160,68,F14413,opera,random2,no,no,2020-04-22
Q010161,false,F15661,samsunginternet_android,subtree_engine,yes,no,none
Q010162,5.1,F04410,safari,source1,no,yes,2011-07-20
Q010163,12.1,F10986,opera,engine_blink,yes,no,2012-11-20
Q010164,1,F03069,chrome,source1,no,no,2008-12-11
Q010165,1.5,F06052,samsunginternet_android,engine_blink,yes,no,2013-09-25
Q010166,16.4,F01399,safari_ios,random2,no,yes,2023-03-27
Q010167,11,F02934,safari_ios,engine_webkit,no,yes,2017-09-19
Q010168,1,F00620,firefox,random2,no,yes,2004-11-09
Q010169,18.4,F06042,safari,subtree_engine,yes,yes,2025-03-31
Q010170,4,F06971,firefox_android,random2,no,no,2011-03-29
Q010171,false,F02205,safari,engine_webkit,no,no,none
Q010172,26.4,F05956,safari,lineage_pair,no,no,2026-03-24
Q010173,4,F00899,firefox_android,lineage_pair,no,no,2011-03-29
Q010174,70,F09419,opera,engine_blink,yes,no,2020-07-27
Q010175,14,F09253,edge,engine_blink,yes,no,2016-08-02
Q010176,10.0,F01035,samsunginternet_android,engine_blink,yes,yes,2019-08-22
Q010177,31.2,F01647,oculus,engine_blink,yes,no,2024-01-15
Q010178,79,F03928,edge,engine_blink,yes,no,2020-01-15
Q010179,false,F09342,webview_ios,engine_webkit,no,no,none
Q010180,28.0,F15545,samsunginternet_android,lineage_pair,no,no,2025-04-02
Q010181,16.4,F10479,safari,engine_webkit,no,no,2023-03-27
Q010182,94,F04916,opera,engine_blink,yes,no,2022-12-15
Q010183,false,F16719,opera_android,engine_blink,yes,no,none
Q010184,10.1,F13945,opera_android,engine_blink,yes,no,2010-11-09
Q010185,52,F07439,chrome_android,engine_blink,yes,no,2016-07-27
Q010186,15,F17598,opera,random2,no,no,2013-07-02
Q010187,1.0,F02848,samsunginternet_android,engine_blink,yes,no,2013-04-27
Q010188,115,F17687,opera,engine_blink,yes,no,2024-11-27
Q010189,4,F13775,firefox_android,random2,no,no,2011-03-29
Q010190,43,F17498,opera,subtree_engine,yes,no,2017-02-07
Q010191,117,F15883,chrome_android,random2,no,no,2023-09-12
Q010192,16.4,F05073,safari,engine_webkit,no,yes,2023-03-27
Q010193,60,F08092,chrome,subtree_engine,yes,no,2017-07-25
Q010194,100,F09628,opera,random2,no,yes,2023-06-29
Q010195,90,F15332,chrome,engine_blink,yes,no,2021-04-13
Q010196,53,F02183,opera,engine_blink,yes,no,2018-05-10
Q010197,36,F06090,chrome_android,engine_blink,yes,no,2014-07-16
Q010198,80,F04889,chrome,subtree_engine,yes,no,2020-02-04
Q010199,26,F01990,safari_ios,engine_webkit,no,no,2025-09-15
Q010200,3.5,F06115,firefox,subtree_engine,yes,no,2009-06-30
Q010201,27,F16692,webview_ios,engine_webkit,no,no,2026-09-14
Q010202,11,F02703,safari_ios,engine_webkit,no,no,2017-09-19
Q010203,12.1,F04612,opera_android,lineage_pair,no,no,2012-10-09
Q010204,false,F18025,chrome,subtree_engine,yes,no,none
Q010205,81,F01608,chrome,engine_blink,yes,no,2020-04-07
Q010206,5.0,F10813,oculus,subtree_engine,yes,no,2018-07-01
Q010207,26.4,F04605,safari,engine_webkit,no,no,2026-03-24
Q010208,false,F08130,safari,engine_webkit,no,no,none
Q010209,109,F15813,chrome,engine_blink,yes,yes,2023-01-10
Q010210,1,F12068,chrome,lineage_pair,no,no,2008-12-11
Q010211,1,F07315,chrome,engine_blink,yes,no,2008-12-11
Q010212,38,F17072,chrome_android,engine_blink,yes,no,2014-10-08
Q010213,96,F01709,opera_android,derivative1,no,no,2026-03-10
Q010214,102,F01031,chrome_android,engine_blink,yes,no,2022-05-24
Q010215,80,F18115,chrome,engine_blink,yes,no,2020-02-04
Q010216,5.0,F18328,oculus,engine_blink,yes,no,2018-07-01
Q010217,79,F07444,opera,engine_blink,yes,no,2021-09-14
Q010218,16.4,F06711,webview_ios,engine_webkit,no,no,2023-03-27
Q010219,18.0,F07021,oculus,subtree_engine,yes,no,2021-11-30
Q010220,77,F17412,opera,engine_blink,yes,yes,2021-06-09
Q010221,16.4,F07726,safari,source1,no,yes,2023-03-27
Q010222,false,F05785,safari,engine_webkit,no,no,none
Q010223,18,F11138,chrome_android,derivative1,no,no,2012-06-27
Q010224,9,F18474,firefox_android,subtree_engine,yes,no,2011-12-21
Q010225,1,F15541,chrome,engine_blink,yes,no,2008-12-11
Q010226,105,F07566,chrome_android,random2,no,no,2022-09-02
Q010227,64,F10596,opera_android,engine_blink,yes,yes,2021-05-25
Q010228,59,F04731,chrome,lineage_pair,no,no,2017-06-05
Q010229,128,F04976,opera,engine_blink,yes,no,2026-02-26
Q010230,93,F01174,edge,engine_blink,yes,no,2021-09-02
Q010231,18,F06257,chrome_android,engine_blink,yes,no,2012-06-27
Q010232,109,F04999,chrome_android,engine_blink,yes,yes,2023-01-10
Q010233,13.4,F07345,webview_ios,subtree_engine,yes,no,2020-03-24
Q010234,1.0,F11649,samsunginternet_android,random2,no,no,2013-04-27
Q010235,153,F02898,firefox,subtree_engine,yes,no,2026-07-21
Q010236,1,F08896,webview_ios,engine_webkit,no,no,2007-06-29
Q010237,false,F14008,samsunginternet_android,engine_blink,yes,no,none
Q010238,52,F12260,firefox_android,lineage_pair,no,yes,2017-03-07
Q010239,111,F02013,edge,random2,no,no,2023-03-13
Q010240,false,F04165,webview_android,random2,no,no,none
Q010241,42,F06215,chrome,source1,no,no,2015-04-14
Q010242,22,F02312,chrome,source1,no,no,2012-09-25
Q010243,142,F06795,edge,engine_blink,yes,no,2025-10-31
Q010244,7.0,F17498,samsunginternet_android,subtree_engine,yes,no,2018-03-16
Q010245,58,F02494,webview_android,subtree_engine,yes,no,2017-04-25
Q010246,113,F09262,firefox_android,lineage_pair,no,no,2023-05-09
Q010247,27.0,F06821,samsunginternet_android,engine_blink,yes,no,2024-11-06
Q010248,6.0,F17827,samsunginternet_android,subtree_engine,yes,no,2017-08-23
Q010249,149,F14941,firefox,random2,no,no,2026-03-24
Q010250,1,F03272,webview_ios,lineage_pair,no,no,2007-06-29
Q010251,18.0,F11587,oculus,engine_blink,yes,no,2021-11-30
Q010252,9,F12506,webview_ios,engine_webkit,no,no,2015-09-16
Q010253,43,F01345,opera_android,engine_blink,yes,no,2017-09-27
Q010254,47,F11959,opera,subtree_engine,yes,no,2017-08-09
Q010255,79,F08635,edge,subtree_engine,yes,no,2020-01-15
Q010256,5,F00363,safari_ios,engine_webkit,no,no,2011-10-12
Q010257,18,F16550,chrome_android,engine_blink,yes,no,2012-06-27
Q010258,3,F07511,safari,engine_webkit,no,no,2007-10-26
Q010259,5,F13829,webview_ios,engine_webkit,no,no,2011-10-12
Q010260,79,F14553,edge,random2,no,no,2020-01-15
Q010261,56,F10769,chrome,subtree_engine,yes,no,2017-01-25
Q010262,4,F11612,firefox_android,lineage_pair,no,no,2011-03-29
Q010263,108,F16549,firefox,random2,no,no,2022-12-13
Q010264,12.0,F09954,oculus,engine_blink,yes,yes,2020-11-03
Q010265,44,F14576,opera_android,subtree_engine,yes,no,2017-12-11
Q010266,26,F12923,webview_ios,lineage_pair,no,no,2025-09-15
Q010267,14.1,F13745,safari,subtree_engine,yes,no,2021-04-26
Q010268,91,F17412,webview_android,engine_blink,yes,yes,2021-05-25
Q010269,false,F13374,safari,engine_webkit,no,no,none
Q010270,1,F09058,chrome,lineage_pair,no,no,2008-12-11
Q010271,64,F17405,opera_android,engine_blink,yes,yes,2021-05-25
Q010272,12.1,F07451,opera_android,engine_blink,yes,no,2012-10-09
Q010273,5.0,F05854,oculus,engine_blink,yes,no,2018-07-01
Q010274,1.0,F17401,samsunginternet_android,engine_blink,yes,no,2013-04-27
Q010275,52,F09561,firefox_android,lineage_pair,no,yes,2017-03-07
Q010276,18,F10590,chrome_android,engine_blink,yes,no,2012-06-27
Q010277,44,F08092,opera_android,subtree_engine,yes,no,2017-12-11
Q010278,127,F18110,chrome_android,engine_blink,yes,no,2024-07-23
Q010279,31,F14166,firefox_android,subtree_engine,yes,no,2014-07-22
Q010280,false,F03601,samsunginternet_android,engine_blink,yes,no,none
Q010281,false,F10021,edge,engine_blink,yes,yes,none
Q010282,3.2,F13710,webview_ios,engine_webkit,no,no,2010-04-03
Q010283,123,F02228,opera,engine_blink,yes,no,2025-10-28
Q010284,21,F12428,opera,engine_blink,yes,no,2014-05-06
Q010285,139,F13689,edge,engine_blink,yes,no,2025-08-07
Q010286,25,F06567,opera,engine_blink,yes,no,2014-10-15
Q010287,76,F18475,opera_android,derivative1,no,no,2023-06-26
Q010288,6.0,F03501,oculus,engine_blink,yes,no,2019-08-12
Q010289,65,F02678,chrome,engine_blink,yes,no,2018-03-06
Q010290,79,F06494,edge,subtree_engine,yes,no,2020-01-15
Q010291,10.1,F15780,opera_android,engine_blink,yes,no,2010-11-09
Q010292,1.0,F18326,samsunginternet_android,engine_blink,yes,no,2013-04-27
Q010293,58,F10243,webview_android,subtree_engine,yes,no,2017-04-25
Q010294,false,F09416,webview_android,engine_blink,yes,no,none
Q010295,91,F12293,opera_android,engine_blink,yes,no,2025-08-19
Q010296,1,F13419,firefox,lineage_pair,no,no,2004-11-09
Q010297,44,F06651,firefox_android,subtree_engine,yes,no,2016-01-26
Q010298,119,F16282,chrome,source1,no,no,2023-10-31
Q010299,18,F14508,chrome_android,random2,no,no,2012-06-27
Q010300,124,F06821,chrome_android,engine_blink,yes,no,2024-04-16
Q010301,4,F03947,safari,engine_webkit,no,no,2009-06-08
Q010302,96,F11954,chrome,random2,no,yes,2021-11-15
Q010303,1,F02717,safari,lineage_pair,no,no,2003-06-23
Q010304,18,F16984,chrome_android,subtree_engine,yes,no,2012-06-27
Q010305,121,F10199,chrome_android,engine_blink,yes,no,2024-01-23
Q010306,1.0,F17041,samsunginternet_android,subtree_engine,yes,no,2013-04-27
Q010307,12,F05243,edge,subtree_engine,yes,no,2015-07-29
Q010308,14,F07549,edge,subtree_engine,yes,no,2016-08-02
Q010309,3,F14048,firefox,lineage_pair,no,no,2008-06-17
Q010310,48,F04881,opera_android,engine_blink,yes,no,2018-11-08
Q010311,79,F05419,edge,engine_blink,yes,no,2020-01-15
Q010312,5.0,F09384,oculus,engine_blink,yes,no,2018-07-01
Q010313,4.2,F12362,webview_ios,subtree_engine,yes,no,2010-11-22
Q010314,14,F02544,opera_android,engine_blink,yes,no,2013-05-21
Q010315,99,F09622,opera_android,engine_blink,yes,no,2026-06-10
Q010316,false,F08356,samsunginternet_android,engine_blink,yes,no,none
Q010317,46,F02576,firefox,source1,no,no,2016-04-26
Q010318,5.0,F17229,oculus,engine_blink,yes,no,2018-07-01
Q010319,80,F10298,chrome,source1,no,no,2020-02-04
Q010320,52,F05419,chrome,engine_blink,yes,no,2016-07-20
Q010321,1,F09536,safari,lineage_pair,no,no,2003-06-23
Q010322,16,F17363,edge,engine_blink,yes,no,2017-10-17
Q010323,10.0,F12764,samsunginternet_android,engine_blink,yes,no,2019-08-22
Q010324,91,F14605,chrome_android,lineage_pair,no,yes,2021-05-25
Q010325,106,F15479,opera,random2,no,no,2023-12-19
Q010326,4.4,F05301,webview_android,engine_blink,yes,no,2013-12-09
Q010327,14,F14509,opera_android,engine_blink,yes,no,2013-05-21
Q010328,18,F13834,chrome_android,engine_blink,yes,no,2012-06-27
Q010329,4.4,F14083,webview_android,engine_blink,yes,no,2013-12-09
Q010330,72,F04440,webview_android,engine_blink,yes,no,2019-01-29
Q010331,18,F15470,edge,engine_blink,yes,no,2018-10-02
Q010332,16.4,F13218,safari,source1,no,yes,2023-03-27
Q010333,153,F10512,firefox,subtree_engine,yes,no,2026-07-21
Q010334,1.5,F17953,samsunginternet_android,subtree_engine,yes,no,2013-09-25
Q010335,false,F17105,samsunginternet_android,engine_blink,yes,no,none
Q010336,66,F02024,opera_android,engine_blink,yes,no,2021-12-15
Q010337,9,F01766,webview_ios,subtree_engine,yes,no,2015-09-16
Q010338,4.4,F01284,webview_android,engine_blink,yes,no,2013-12-09
Q010339,5.0,F17137,oculus,engine_blink,yes,no,2018-07-01
Q010340,26,F01476,safari,source1,no,no,2025-09-15
Q010341,16.4,F10658,safari_ios,engine_webkit,no,yes,2023-03-27
Q010342,79,F04449,edge,subtree_engine,yes,no,2020-01-15
Q010343,4,F06613,firefox_android,random2,no,no,2011-03-29
Q010344,126,F08870,edge,random2,no,no,2024-06-13
Q010345,5.0,F12544,oculus,subtree_engine,yes,no,2018-07-01
Q010346,4.4,F02457,webview_android,engine_blink,yes,no,2013-12-09
Q010347,147,F09606,chrome,source1,no,no,2026-04-07
Q010348,false,F18304,oculus,random2,no,no,none
Q010349,5.0,F10736,oculus,subtree_engine,yes,no,2018-07-01
Q010350,10.3,F02529,webview_ios,engine_webkit,no,no,2017-03-27
Q010351,58,F04211,chrome_android,subtree_engine,yes,no,2017-04-25
Q010352,18,F13945,chrome_android,engine_blink,yes,no,2012-06-27
Q010353,9,F18474,firefox,subtree_engine,yes,no,2011-12-20
Q010354,43,F13778,opera,subtree_engine,yes,no,2017-02-07
Q010355,12,F07432,edge,engine_blink,yes,no,2015-07-29
Q010356,false,F13849,webview_ios,engine_webkit,no,yes,none
Q010357,false,F15968,samsunginternet_android,subtree_engine,yes,no,none
Q010358,43,F11833,opera,subtree_engine,yes,no,2017-02-07
Q010359,51,F10337,chrome,lineage_pair,no,no,2016-05-25
Q010360,false,F08130,webview_ios,engine_webkit,no,no,none
Q010361,121,F12930,chrome_android,engine_blink,yes,no,2024-01-23
Q010362,false,F16969,safari_ios,lineage_pair,no,yes,none
Q010363,4,F15914,firefox_android,derivative1,no,no,2011-03-29
Q010364,77,F09073,webview_android,engine_blink,yes,no,2019-09-10
Q010365,16,F12815,safari,engine_webkit,no,no,2022-09-12
Q010366,84,F15015,chrome_android,engine_blink,yes,no,2020-07-27
Q010367,15.4,F10946,safari_ios,random2,no,no,2022-03-14
Q010368,false,F17593,safari,source1,no,no,none
Q010369,false,F06024,webview_ios,subtree_engine,yes,no,none
Q010370,12,F08620,edge,engine_blink,yes,no,2015-07-29
Q010371,false,F04367,safari_ios,engine_webkit,no,no,none
Q010372,16.4,F09749,webview_ios,engine_webkit,no,yes,2023-03-27
Q010373,false,F01086,opera,engine_blink,yes,no,none
Q010374,3,F15847,safari,source1,no,no,2007-10-26
Q010375,53,F17314,opera_android,derivative1,no,no,2019-07-11
Q010376,10,F09162,safari_ios,engine_webkit,no,no,2016-09-13
Q010377,3,F05209,webview_android,engine_blink,yes,no,2011-02-22
Q010378,54,F14081,opera_android,subtree_engine,yes,no,2019-10-18
Q010379,14.5,F05350,webview_ios,derivative1,no,no,2021-04-26
Q010380,18,F16132,safari_ios,engine_webkit,no,no,2024-09-16
Q010381,7,F10962,chrome,engine_blink,yes,no,2010-10-19
Q010382,29.0,F17166,samsunginternet_android,engine_blink,yes,no,2025-10-25
Q010383,9.0,F07456,oculus,subtree_engine,yes,no,2020-04-24
Q010384,91,F09094,edge,engine_blink,yes,yes,2021-05-27
Q010385,125,F12028,chrome_android,engine_blink,yes,no,2024-05-14
Q010386,90,F15048,opera_android,random2,no,no,2025-06-18
Q010387,false,F07251,safari,engine_webkit,no,no,none
Q010388,76,F10346,webview_android,engine_blink,yes,no,2019-07-30
Q010389,134,F02894,chrome_android,random2,no,no,2025-03-04
Q010390,72,F00241,opera,subtree_engine,yes,no,2020-10-21
Q010391,1,F10280,safari,engine_webkit,no,no,2003-06-23
Q010392,67,F09863,opera,subtree_engine,yes,no,2020-03-03
Q010393,false,F10021,webview_android,engine_blink,yes,yes,none
Q010394,129,F16222,edge,engine_blink,yes,no,2024-09-19
Q010395,75,F00609,webview_android,subtree_engine,yes,no,2019-06-04
Q010396,11,F10702,safari_ios,engine_webkit,no,no,2017-09-19
Q010397,5,F05700,safari,source1,no,no,2010-06-07
Q010398,81,F06934,opera_android,random2,no,no,2024-03-14
Q010399,12,F08468,edge,engine_blink,yes,no,2015-07-29
Q010400,50,F02633,chrome_android,subtree_engine,yes,no,2016-04-13
Q010401,5.0,F18240,oculus,lineage_pair,no,no,2018-07-01
Q010402,86,F06418,webview_android,subtree_engine,yes,no,2020-10-20
Q010403,41,F09288,firefox,source1,no,no,2015-09-22
Q010404,35,F16015,opera_android,derivative1,no,no,2016-02-04
Q010405,1,F08061,webview_ios,lineage_pair,no,no,2007-06-29
Q010406,17.2,F10377,safari_ios,engine_webkit,no,no,2023-12-11
Q010407,1,F07945,webview_ios,engine_webkit,no,no,2007-06-29
Q010408,79,F03269,chrome,subtree_engine,yes,no,2019-12-10
Q010409,81,F01608,edge,engine_blink,yes,no,2020-04-13
Q010410,3,F10028,chrome,engine_blink,yes,no,2009-09-15
Q010411,8.0,F17565,samsunginternet_android,subtree_engine,yes,no,2018-07-18
Q010412,false,F10335,oculus,engine_blink,yes,yes,none
Q010413,79,F04995,edge,subtree_engine,yes,no,2020-01-15
Q010414,false,F00766,safari,lineage_pair,no,no,none
Q010415,false,F10476,firefox_android,lineage_pair,no,no,none
Q010416,14.0,F09113,samsunginternet_android,subtree_engine,yes,no,2021-04-17
Q010417,4.4,F09735,webview_android,random2,no,no,2013-12-09
Q010418,18.0,F10668,oculus,engine_blink,yes,no,2021-11-30
Q010419,15.4,F03215,safari_ios,lineage_pair,no,no,2022-03-14
Q010420,27,F06491,safari,engine_webkit,no,no,2026-09-14
Q010421,14,F17005,safari_ios,derivative1,no,no,2020-09-16
Q010422,false,F09492,webview_ios,subtree_engine,yes,no,none
Q010423,1,F16145,webview_ios,random2,no,no,2007-06-29
Q010424,66,F10727,chrome_android,derivative1,no,no,2018-04-17
Q010425,75,F04866,firefox,subtree_engine,yes,no,2020-04-07
Q010426,6,F18312,safari,random2,no,no,2012-07-25
Q010427,52,F03594,firefox,subtree_engine,yes,no,2017-03-07
Q010428,15,F01389,webview_ios,engine_webkit,no,no,2021-09-20
Q010429,15,F09338,safari,random2,no,no,2021-09-20
Q010430,67,F10137,opera_android,engine_blink,yes,yes,2022-01-31
Q010431,4,F09537,safari_ios,engine_webkit,no,no,2010-06-21
Q010432,false,F13374,webview_ios,engine_webkit,no,no,none
Q010433,12.1,F06724,safari,engine_webkit,no,no,2019-03-25
Q010434,15.1,F03064,safari,engine_webkit,no,yes,2021-10-25
Q010435,false,F16320,webview_ios,engine_webkit,no,no,none
Q010436,1.0,F02599,samsunginternet_android,engine_blink,yes,no,2013-04-27
Q010437,93,F12391,chrome,source1,no,no,2021-08-31
Q010438,26,F07910,webview_ios,subtree_engine,yes,no,2025-09-15
Q010439,false,F05390,safari,lineage_pair,no,no,none
Q010440,79,F14576,edge,subtree_engine,yes,no,2020-01-15
Q010441,26,F09647,safari,lineage_pair,no,no,2025-09-15
Q010442,6.0,F01035,oculus,engine_blink,yes,yes,2019-08-12
Q010443,11,F18339,webview_ios,engine_webkit,no,no,2017-09-19
Q010444,4.4,F04276,webview_android,derivative1,no,no,2013-12-09
Q010445,16.4,F13252,safari_ios,lineage_pair,no,no,2023-03-27
Q010446,18,F09058,chrome_android,lineage_pair,no,no,2012-06-27
Q010447,1.3,F00141,safari,lineage_pair,no,no,2005-04-15
Q010448,12.1,F14226,opera,derivative1,no,no,2012-11-20
Q010449,5.0,F04761,oculus,subtree_engine,yes,no,2018-07-01
Q010450,47,F10813,opera,subtree_engine,yes,no,2017-08-09
Q010451,13.0,F17900,samsunginternet_android,engine_blink,yes,no,2020-12-02
Q010452,13.1,F12295,safari,engine_webkit,no,no,2020-03-24
Q010453,false,F15910,oculus,engine_blink,yes,no,none
Q010454,94,F02512,webview_android,subtree_engine,yes,no,2021-09-21
Q010455,12.1,F15920,opera_android,engine_blink,yes,no,2012-10-09
Q010456,7.0,F01799,samsunginternet_android,subtree_engine,yes,no,2018-03-16
Q010457,79,F09418,edge,engine_blink,yes,no,2020-01-15
Q010458,7.0,F07549,samsunginternet_android,subtree_engine,yes,no,2018-03-16
Q010459,12,F07226,edge,engine_blink,yes,no,2015-07-29
Q010460,41,F18276,firefox,source1,no,no,2015-09-22
Q010461,30,F08246,opera,engine_blink,yes,no,2015-06-09
Q010462,17.4,F08165,safari,source1,no,no,2024-03-05
Q010463,5.0,F08488,oculus,engine_blink,yes,no,2018-07-01
Q010464,5.0,F16280,oculus,subtree_engine,yes,no,2018-07-01
Q010465,4.0,F06268,samsunginternet_android,engine_blink,yes,no,2016-03-11
Q010466,5.1,F08707,safari,random2,no,no,2011-07-20
Q010467,75,F15200,webview_android,engine_blink,yes,yes,2019-06-04
Q010468,61,F16727,webview_android,engine_blink,yes,no,2017-09-05
Q010469,5.1,F12367,safari,engine_webkit,no,yes,2011-07-20
Q010470,28.0,F04052,samsunginternet_android,engine_blink,yes,no,2025-04-02
Q010471,14,F09418,opera_android,engine_blink,yes,no,2013-05-21
Q010472,4,F11172,firefox_android,lineage_pair,no,no,2011-03-29
Q010473,48,F03939,opera_android,subtree_engine,yes,no,2018-11-08
Q010474,120,F02450,webview_android,engine_blink,yes,no,2023-12-05
Q010475,false,F17587,firefox,subtree_engine,yes,no,none
Q010476,69,F04447,webview_android,derivative1,no,yes,2018-09-04
Q010477,60,F17565,webview_android,subtree_engine,yes,no,2017-08-01
Q010478,102,F01031,webview_android,engine_blink,yes,no,2022-05-24
Q010479,12,F00763,edge,derivative1,no,no,2015-07-29
Q010480,false,F13849,safari,engine_webkit,no,yes,none
Q010481,26,F05803,webview_ios,engine_webkit,no,no,2025-09-15
Q010482,5.1,F09901,safari,engine_webkit,no,no,2011-07-20
Q010483,103,F01036,chrome_android,subtree_engine,yes,no,2022-06-21
Q010484,12,F09464,edge,subtree_engine,yes,no,2015-07-29
Q010485,49,F17016,opera,engine_blink,yes,no,2017-11-08
Q010486,12,F15268,opera,engine_blink,yes,no,2012-06-14
Q010487,83,F08053,opera_android,engine_blink,yes,no,2024-06-25
Q010488,1,F05457,chrome,engine_blink,yes,no,2008-12-11
Q010489,21.0,F07381,samsunginternet_android,engine_blink,yes,yes,2023-05-19
Q010490,66,F00111,firefox_android,lineage_pair,no,no,2019-03-19
Q010491,11,F01253,safari,lineage_pair,no,no,2017-09-19
Q010492,15,F17137,opera,engine_blink,yes,no,2013-07-02
Q010493,32,F16050,opera_android,random2,no,no,2015-09-23
Q010494,44,F04989,opera,engine_blink,yes,yes,2017-03-21
Q010495,1,F07047,webview_ios,engine_webkit,no,no,2007-06-29
Q010496,121,F12930,webview_android,engine_blink,yes,no,2024-01-23
Q010497,67,F13345,firefox,subtree_engine,yes,no,2019-05-21
Q010498,false,F12381,safari,engine_webkit,no,no,none
Q010499,4,F08702,firefox_android,random2,no,no,2011-03-29
Q010500,61,F09106,opera_android,subtree_engine,yes,no,2020-12-07
Q010501,14,F15007,opera_android,engine_blink,yes,no,2013-05-21
Q010502,1,F05285,chrome,lineage_pair,no,no,2008-12-11
Q010503,11,F02703,safari,engine_webkit,no,no,2017-09-19
Q010504,18,F10792,edge,random2,no,no,2018-10-02
Q010505,139,F16468,webview_android,engine_blink,yes,no,2025-08-05
Q010506,false,F04388,webview_android,subtree_engine,yes,no,none
Q010507,126,F06259,chrome_android,engine_blink,yes,no,2024-06-11
Q010508,24.0,F08796,samsunginternet_android,random2,no,no,2024-01-25
Q010509,false,F11061,opera,engine_blink,yes,no,none
Q010510,18,F14431,chrome_android,random2,no,no,2012-06-27
Q010511,80,F18268,chrome,subtree_engine,yes,no,2020-02-04
Q010512,5,F09432,safari,subtree_engine,yes,no,2010-06-07
Q010513,27,F13596,webview_ios,engine_webkit,no,no,2026-09-14
Q010514,4.2,F01149,webview_ios,derivative1,no,no,2010-11-22
Q010515,3,F07948,firefox,random2,no,no,2008-06-17
Q010516,9,F12506,safari,engine_webkit,no,no,2015-09-30
Q010517,91,F08763,chrome_android,engine_blink,yes,no,2021-05-25
Q010518,13.1,F14521,safari,source1,no,no,2020-03-24
Q010519,false,F16642,safari_ios,engine_webkit,no,no,none
Q010520,18,F08190,chrome_android,engine_blink,yes,no,2012-06-27
Q010521,11,F12067,webview_ios,random2,no,yes,2017-09-19
Q010522,15,F09738,opera,engine_blink,yes,no,2013-07-02
Q010523,138,F00443,chrome_android,engine_blink,yes,no,2025-06-24
Q010524,false,F04897,webview_ios,random2,no,no,none
Q010525,37,F02483,opera_android,engine_blink,yes,no,2016-06-16
Q010526,9.0,F02274,oculus,engine_blink,yes,no,2020-04-24
Q010527,40,F15542,opera,engine_blink,yes,no,2016-09-20
Q010528,1,F11580,chrome,engine_blink,yes,no,2008-12-11
Q010529,3.2,F10031,webview_ios,random2,no,no,2010-04-03
Q010530,27,F11157,opera_android,engine_blink,yes,no,2015-01-29
Q010531,41,F16656,firefox_android,subtree_engine,yes,no,2015-09-22
Q010532,79,F03527,edge,lineage_pair,no,no,2020-01-15
Q010533,26,F11253,safari,engine_webkit,no,no,2025-09-15
Q010534,1,F15347,webview_ios,engine_webkit,no,no,2007-06-29
Q010535,43,F04389,chrome_android,engine_blink,yes,no,2015-05-27
Q010536,80,F18115,edge,engine_blink,yes,no,2020-02-07
Q010537,false,F06039,safari,source1,no,no,none
Q010538,11,F08223,webview_ios,random2,no,yes,2017-09-19
Q010539,5.0,F06405,oculus,subtree_engine,yes,no,2018-07-01
Q010540,1,F18513,chrome,engine_blink,yes,no,2008-12-11
Q010541,3,F04509,safari,subtree_engine,yes,no,2007-10-26
Q010542,3,F03894,safari,lineage_pair,no,no,2007-10-26
Q010543,17,F11375,safari_ios,engine_webkit,no,no,2023-09-18
Q010544,10.3,F08559,webview_ios,engine_webkit,no,no,2017-03-27
Q010545,11,F17689,webview_ios,engine_webkit,no,yes,2017-09-19
Q010546,58,F04170,opera,engine_blink,yes,no,2019-01-23
Q010547,false,F01802,chrome_android,subtree_engine,yes,no,none
Q010548,58,F04255,webview_android,subtree_engine,yes,no,2017-04-25
Q010549,14,F06505,safari_ios,random2,no,no,2020-09-16
Q010550,false,F08680,firefox,subtree_engine,yes,no,none
Q010551,27,F18509,opera_android,engine_blink,yes,no,2015-01-29
Q010552,123,F15984,chrome_android,engine_blink,yes,no,2024-03-19
Q010553,39,F15350,oculus,lineage_pair,no,no,2025-06-25
Q010554,false,F15968,opera,subtree_engine,yes,no,none
Q010555,6.0,F01332,oculus,random2,no,no,2019-08-12
Q010556,12.2,F11155,safari_ios,random2,no,no,2019-03-25
Q010557,94,F10668,chrome,engine_blink,yes,no,2021-09-21
Q010558,12,F11099,edge,engine_blink,yes,no,2015-07-29
Q010559,false,F13290,firefox,source1,no,no,none
Q010560,3.2,F02976,safari_ios,engine_webkit,no,no,2010-04-03
Q010561,80,F06537,opera,engine_blink,yes,no,2021-10-05
Q010562,4,F11381,safari,engine_webkit,no,no,2009-06-08
Q010563,16,F08998,safari,engine_webkit,no,no,2022-09-12
Q010564,91,F09429,webview_android,engine_blink,yes,yes,2021-05-25
Q010565,15,F06900,safari_ios,subtree_engine,yes,no,2021-09-20
Q010566,16.4,F00408,safari,engine_webkit,no,no,2023-03-27
Q010567,3.2,F14493,safari_ios,engine_webkit,no,no,2010-04-03
Q010568,1,F07550,safari,engine_webkit,no,no,2003-06-23
Q010569,12.2,F01677,webview_ios,engine_webkit,no,no,2019-03-25
Q010570,1.5,F08198,webview_android,random2,no,no,2009-04-27
Q010571,false,F16381,safari,subtree_engine,yes,no,none
Q010572,115,F00443,opera,engine_blink,yes,no,2024-11-27
Q010573,false,F15163,safari_ios,derivative1,no,no,none
Q010574,4,F13981,safari,engine_webkit,no,no,2009-06-08
Q010575,12.1,F00832,opera,engine_blink,yes,no,2012-11-20
Q010576,false,F16333,oculus,engine_blink,yes,no,none
Q010577,false,F04911,safari,subtree_engine,yes,no,none
Q010578,12,F14900,edge,engine_blink,yes,no,2015-07-29
Q010579,15,F01193,opera,engine_blink,yes,no,2013-07-02
Q010580,6.0,F14175,samsunginternet_android,subtree_engine,yes,no,2017-08-23
Q010581,121,F17315,chrome,lineage_pair,no,no,2024-01-23
Q010582,11.3,F11089,webview_ios,engine_webkit,no,no,2018-03-29
Q010583,6,F07031,safari_ios,engine_webkit,no,no,2012-09-10
Q010584,41.0,F17399,oculus,engine_blink,yes,no,2025-10-21
Q010585,1,F01046,webview_ios,engine_webkit,no,no,2007-06-29
Q010586,109,F02084,webview_android,random2,no,yes,2023-01-10
Q010587,127,F17462,webview_android,engine_blink,yes,no,2024-07-23
Q010588,false,F17354,webview_android,engine_blink,yes,no,none
Q010589,1,F09249,safari_ios,lineage_pair,no,no,2007-06-29
Q010590,false,F04515,safari,subtree_engine,yes,no,none
Q010591,11.0,F04440,samsunginternet_android,engine_blink,yes,no,2019-12-05
Q010592,91,F11836,chrome,engine_blink,yes,yes,2021-05-25
Q010593,20,F03365,opera_android,engine_blink,yes,no,2014-03-06
Q010594,11,F14292,safari,lineage_pair,no,yes,2017-09-19
Q010595,false,F08306,oculus,engine_blink,yes,yes,none
Q010596,1,F10772,chrome,source1,no,no,2008-12-11
Q010597,1,F12674,webview_ios,engine_webkit,no,no,2007-06-29
Q010598,10.1,F13457,opera_android,subtree_engine,yes,no,2010-11-09
Q010599,16.4,F16281,safari_ios,random2,no,yes,2023-03-27
Q010600,false,F06501,webview_ios,engine_webkit,no,no,none
Q010601,14,F03309,opera_android,engine_blink,yes,no,2013-05-21
Q010602,false,F01898,samsunginternet_android,random2,no,yes,none
Q010603,false,F15324,oculus,derivative1,no,yes,none
Q010604,5.0,F00927,oculus,subtree_engine,yes,no,2018-07-01
Q010605,4.2,F12362,safari_ios,subtree_engine,yes,no,2010-11-22
Q010606,false,F16445,safari_ios,subtree_engine,yes,no,none
Q010607,18.2,F03696,safari,lineage_pair,no,no,2024-12-11
Q010608,75,F14879,firefox,subtree_engine,yes,no,2020-04-07
Q010609,27.0,F15924,samsunginternet_android,engine_blink,yes,no,2024-11-06
Q010610,14,F06720,opera_android,random2,no,no,2013-05-21
Q010611,16.4,F06891,safari,engine_webkit,no,no,2023-03-27
Q010612,12.0,F15361,samsunginternet_android,subtree_engine,yes,no,2020-06-19
Q010613,5,F14838,chrome,random2,no,no,2010-05-25
Q010614,12.0,F07073,samsunginternet_android,subtree_engine,yes,no,2020-06-19
Q010615,26,F12737,webview_ios,engine_webkit,no,no,2025-09-15
Q010616,30,F00913,opera_android,engine_blink,yes,no,2015-06-10
Q010617,16.4,F10658,webview_ios,engine_webkit,no,yes,2023-03-27
Q010618,1.0,F10471,samsunginternet_android,random2,no,no,2013-04-27
Q010619,false,F16598,oculus,engine_blink,yes,no,none
Q010620,5.0,F11917,samsunginternet_android,subtree_engine,yes,no,2016-12-15
Q010621,13,F15251,edge,engine_blink,yes,no,2015-11-12
Q010622,14,F14900,opera_android,engine_blink,yes,no,2013-05-21
Q010623,25,F02457,chrome,engine_blink,yes,no,2013-02-21
Q010624,5,F12524,safari,subtree_engine,yes,no,2010-06-07
Q010625,8,F04070,firefox_android,subtree_engine,yes,no,2011-11-08
Q010626,5,F13925,webview_ios,engine_webkit,no,no,2011-10-12
Q010627,1.2,F00321,safari,engine_webkit,no,no,2004-02-02
Q010628,14,F17691,opera_android,derivative1,no,no,2013-05-21
Q010629,36,F01605,oculus,engine_blink,yes,no,2024-11-06
Q010630,12,F06247,edge,engine_blink,yes,no,2015-07-29
Q010631,43,F00986,opera_android,subtree_engine,yes,no,2017-09-27
Q010632,84,F16551,chrome,random2,no,no,2020-07-27
Q010633,11,F16240,safari,engine_webkit,no,yes,2017-09-19
Q010634,1,F07844,chrome,engine_blink,yes,no,2008-12-11
Q010635,79,F10831,edge,random2,no,yes,2020-01-15
Q010636,false,F08625,safari,engine_webkit,no,no,none
Q010637,9,F16467,safari_ios,engine_webkit,no,no,2015-09-16
Q010638,24,F09591,opera,random2,no,no,2014-09-02
Q010639,60,F14808,opera_android,subtree_engine,yes,no,2020-09-23
Q010640,6,F16358,safari,engine_webkit,no,no,2012-07-25
Q010641,4,F16428,webview_ios,engine_webkit,no,no,2010-06-21
Q010642,4,F04611,firefox_android,subtree_engine,yes,no,2011-03-29
Q010643,12,F15753,firefox,random2,no,no,2012-04-24
Q010644,1,F17271,safari_ios,derivative1,no,no,2007-06-29
Q010645,26,F16612,safari,subtree_engine,yes,no,2025-09-15
Q010646,4,F04758,firefox_android,subtree_engine,yes,yes,2011-03-29
Q010647,16.0,F11836,oculus,engine_blink,yes,yes,2021-06-07
Q010648,82,F09549,opera_android,subtree_engine,yes,no,2024-05-02
Q010649,86,F00241,edge,subtree_engine,yes,no,2020-10-09
Q010650,false,F00272,edge,engine_blink,yes,no,none
Q010651,false,F05259,safari_ios,lineage_pair,no,no,none
Q010652,1,F13854,safari_ios,engine_webkit,no,no,2007-06-29
Q010653,false,F12761,safari,engine_webkit,no,no,none
Q010654,false,F07755,safari_ios,subtree_engine,yes,no,none
Q010655,false,F04649,chrome_android,engine_blink,yes,no,none
Q010656,79,F16357,edge,subtree_engine,yes,no,2020-01-15
Q010657,4,F06828,firefox,lineage_pair,no,no,2011-03-22
Q010658,false,F06003,webview_ios,lineage_pair,no,no,none
Q010659,15,F01389,safari,engine_webkit,no,no,2021-09-20
Q010660,79,F18362,firefox_android,lineage_pair,no,yes,2020-07-28
Q010661,49,F04345,chrome,random2,no,no,2016-03-02
Q010662,42.0,F16523,oculus,random2,no,no,2026-01-26
Q010663,131,F12475,edge,engine_blink,yes,no,2024-11-14
Q010664,91,F01430,chrome,lineage_pair,no,yes,2021-05-25
Q010665,51,F10337,chrome_android,lineage_pair,no,no,2016-06-08
Q010666,12.1,F14222,opera_android,random2,no,no,2012-10-09
Q010667,1.0,F08921,samsunginternet_android,derivative1,no,no,2013-04-27
Q010668,16,F13668,edge,engine_blink,yes,no,2017-10-17
Q010669,5.0,F06446,oculus,subtree_engine,yes,no,2018-07-01
Q010670,1.5,F09403,samsunginternet_android,engine_blink,yes,no,2013-09-25
Q010671,18,F08931,chrome_android,derivative1,no,no,2012-06-27
Q010672,8,F03960,firefox,subtree_engine,yes,no,2011-11-08
Q010673,124,F03736,chrome,engine_blink,yes,no,2024-04-16
Q010674,109,F10326,chrome,random2,no,no,2023-01-10
Q010675,43,F10900,opera_android,subtree_engine,yes,no,2017-09-27
Q010676,18,F06052,chrome_android,engine_blink,yes,no,2012-06-27
Q010677,95,F01921,opera,engine_blink,yes,yes,2023-02-01
Q010678,false,F16447,firefox,subtree_engine,yes,no,none
Q010679,1.0,F06977,samsunginternet_android,engine_blink,yes,no,2013-04-27
Q010680,54,F03321,chrome_android,engine_blink,yes,no,2016-10-19
Q010681,16.4,F01644,webview_ios,engine_webkit,no,no,2023-03-27
Q010682,55,F11530,firefox,lineage_pair,no,no,2017-08-08
Q010683,2,F00832,chrome,engine_blink,yes,no,2009-05-21
Q010684,5.0,F02483,oculus,engine_blink,yes,no,2018-07-01
Q010685,1,F08232,chrome,engine_blink,yes,no,2008-12-11
Q010686,5.0,F10769,oculus,subtree_engine,yes,no,2018-07-01
Q010687,4,F03236,safari,engine_webkit,no,no,2009-06-08
Q010688,125,F12028,edge,engine_blink,yes,no,2024-05-17
Q010689,7.0,F09416,samsunginternet_android,engine_blink,yes,no,2018-03-16
Q010690,1.0,F03730,samsunginternet_android,engine_blink,yes,no,2013-04-27
Q010691,79,F06446,edge,subtree_engine,yes,no,2020-01-15
Q010692,8,F13140,firefox,subtree_engine,yes,no,2011-11-08
Q010693,91,F13111,webview_android,engine_blink,yes,yes,2021-05-25
Q010694,5.0,F17679,oculus,random2,no,no,2018-07-01
Q010695,130,F13156,firefox,source1,no,no,2024-09-03
Q010696,30,F11530,firefox_android,lineage_pair,no,no,2014-06-10
Q010697,54,F11739,opera,random2,no,no,2018-06-28
Q010698,3.0,F09253,samsunginternet_android,engine_blink,yes,no,2015-04-10
Q010699,3,F18203,webview_android,engine_blink,yes,no,2011-02-22
Q010700,8.0,F07073,oculus,subtree_engine,yes,no,2020-02-10
Q010701,14.5,F16513,safari_ios,engine_webkit,no,no,2021-04-26
Q010702,25,F09418,chrome_android,engine_blink,yes,no,2013-02-27
Q010703,false,F07224,webview_android,random2,no,no,none
Q010704,5,F02872,safari,engine_webkit,no,yes,2010-06-07
Q010705,43,F17810,webview_android,derivative1,no,no,2015-05-27
Q010706,false,F02562,webview_ios,engine_webkit,no,yes,none
Q010707,43,F12153,webview_android,engine_blink,yes,no,2015-05-27
Q010708,26.4,F04605,webview_ios,engine_webkit,no,no,2026-03-24
Q010709,false,F00874,firefox,subtree_engine,yes,no,none
Q010710,12,F16616,opera_android,engine_blink,yes,no,2012-02-25
Q010711,56,F12489,chrome,subtree_engine,yes,no,2017-01-25
Q010712,115,F04397,opera,engine_blink,yes,no,2024-11-27
Q010713,79,F12153,edge,engine_blink,yes,no,2020-01-15
Q010714,42,F01851,webview_android,engine_blink,yes,no,2015-04-15
Q010715,132,F09622,opera,engine_blink,yes,no,2026-05-28
Q010716,false,F08068,safari,lineage_pair,no,no,none
Q010717,58,F06599,chrome_android,subtree_engine,yes,no,2017-04-25
Q010718,false,F11421,firefox,subtree_engine,yes,no,none
Q010719,12.1,F12653,opera,engine_blink,yes,no,2012-11-20
Q010720,false,F08751,webview_android,engine_blink,yes,no,none
Q010721,10.0,F08720,samsunginternet_android,engine_blink,yes,no,2019-08-22
Q010722,false,F16573,safari,lineage_pair,no,yes,none
Q010723,5.0,F08190,oculus,engine_blink,yes,no,2018-07-01
Q010724,18,F05225,chrome_android,engine_blink,yes,no,2012-06-27
Q010725,18,F10930,chrome_android,engine_blink,yes,no,2012-06-27
Q010726,4,F15112,firefox_android,subtree_engine,yes,no,2011-03-29
Q010727,62,F11100,opera_android,engine_blink,yes,no,2021-02-16
Q010728,25.0,F17226,samsunginternet_android,derivative1,no,no,2024-04-24
Q010729,14.5,F06288,webview_ios,engine_webkit,no,no,2021-04-26
Q010730,4,F08407,firefox_android,lineage_pair,no,no,2011-03-29
Q010731,false,F04171,firefox,lineage_pair,no,no,none
Q010732,124,F05890,chrome_android,engine_blink,yes,no,2024-04-16
Q010733,false,F14548,opera,derivative1,no,no,none
Q010734,false,F00519,safari,subtree_engine,yes,no,none
Q010735,31.2,F14494,oculus,derivative1,no,no,2024-01-15
Q010736,102,F17354,opera,engine_blink,yes,no,2023-08-23
Q010737,12,F08979,edge,subtree_engine,yes,no,2015-07-29
Q010738,false,F15661,opera_android,subtree_engine,yes,no,none
Q010739,1,F03540,webview_ios,random2,no,no,2007-06-29
Q010740,1.3,F01859,safari,source1,no,no,2005-04-15
Q010741,1,F02710,webview_ios,subtree_engine,yes,no,2007-06-29
Q010742,7,F11099,opera,engine_blink,yes,no,2003-01-28
Q010743,56,F08893,chrome,subtree_engine,yes,no,2017-01-25
Q010744,5.0,F12387,oculus,lineage_pair,no,no,2018-07-01
Q010745,54,F05698,opera_android,engine_blink,yes,no,2019-10-18
Q010746,false,F16320,safari_ios,engine_webkit,no,no,none
Q010747,144,F09160,chrome_android,lineage_pair,no,yes,2026-01-13
Q010748,15,F07072,opera,engine_blink,yes,no,2013-07-02
Q010749,148,F05438,firefox,source1,no,no,2026-02-24
Q010750,5.0,F02578,oculus,derivative1,no,no,2018-07-01
Q010751,5,F16319,safari,source1,no,yes,2010-06-07
Q010752,13.0,F13129,samsunginternet_android,subtree_engine,yes,no,2020-12-02
Q010753,14.5,F10438,webview_ios,engine_webkit,no,no,2021-04-26
Q010754,8,F09589,firefox,subtree_engine,yes,no,2011-11-08
Q010755,false,F14599,chrome,engine_blink,yes,no,none
Q010756,12.0,F09106,oculus,subtree_engine,yes,no,2020-11-03
Q010757,141,F04793,firefox,subtree_engine,yes,no,2025-07-22
Q010758,false,F02706,firefox_android,subtree_engine,yes,no,none
Q010759,11,F16402,safari_ios,engine_webkit,no,yes,2017-09-19
Q010760,1.0,F05457,samsunginternet_android,engine_blink,yes,no,2013-04-27
Q010761,4.4,F03413,webview_android,engine_blink,yes,no,2013-12-09
Q010762,66,F03269,opera,subtree_engine,yes,no,2020-01-07
Q010763,4.4,F07706,webview_android,random2,no,no,2013-12-09
Q010764,56,F16801,firefox_android,lineage_pair,no,no,2017-09-28
Q010765,5.0,F03365,oculus,engine_blink,yes,no,2018-07-01
Q010766,66,F02515,webview_android,subtree_engine,yes,no,2018-04-17
Q010767,58,F14540,webview_android,subtree_engine,yes,no,2017-04-25
Q010768,12.2,F12166,webview_ios,lineage_pair,no,no,2019-03-25
Q010769,13.1,F14848,safari,engine_webkit,no,no,2020-03-24
Q010770,66,F17176,webview_android,random2,no,no,2018-04-17
Q010771,false,F07251,safari_ios,engine_webkit,no,no,none
Q010772,26,F11255,firefox,lineage_pair,no,no,2013-12-10
Q010773,false,F09759,edge,engine_blink,yes,no,none
Q010774,43,F13662,opera,subtree_engine,yes,no,2017-02-07
Q010775,false,F16598,samsunginternet_android,engine_blink,yes,no,none
Q010776,4,F05537,firefox_android,subtree_engine,yes,yes,2011-03-29
Q010777,11.6,F13352,opera,derivative1,no,no,2011-12-06
Q010778,30.0,F09223,samsunginternet_android,derivative1,no,no,2026-05-11
Q010779,149,F18284,edge,engine_blink,yes,no,2026-06-04
Q010780,18,F13772,chrome_android,engine_blink,yes,no,2012-06-27
Q010781,4.4,F10028,webview_android,engine_blink,yes,no,2013-12-09
Q010782,false,F01821,safari_ios,engine_webkit,no,no,none
Q010783,12.1,F10881,safari,engine_webkit,no,no,2019-03-25
Q010784,130,F13555,edge,engine_blink,yes,yes,2024-10-17
Q010785,31.2,F02901,oculus,engine_blink,yes,yes,2024-01-15
Q010786,15,F10005,firefox_android,lineage_pair,no,no,2012-08-28
Q010787,false,F04168,chrome,source1,no,no,none
Q010788,false,F01821,safari,engine_webkit,no,no,none
Q010789,79,F18408,firefox,lineage_pair,no,yes,2020-07-28
Q010790,67,F10696,webview_android,random2,no,no,2018-05-31
Q010791,128,F15109,opera,engine_blink,yes,yes,2026-02-26
Q010792,43,F00906,opera,subtree_engine,yes,no,2017-02-07
Q010793,91,F11466,edge,derivative1,no,yes,2021-05-27
Q010794,31.2,F07002,oculus,engine_blink,yes,no,2024-01-15
Q010795,10,F08709,safari_ios,random2,no,yes,2016-09-13
Q010796,82,F05890,opera_android,engine_blink,yes,no,2024-05-02
Q010797,138,F13148,chrome,lineage_pair,no,no,2025-06-24
Q010798,65,F13976,chrome,engine_blink,yes,no,2018-03-06
Q010799,129,F10745,chrome,random2,no,no,2024-09-17
Q010800,12,F07295,edge,engine_blink,yes,no,2015-07-29
Q010801,1,F13834,chrome,engine_blink,yes,no,2008-12-11
Q010802,7,F03536,safari,engine_webkit,no,no,2013-10-22
Q010803,11,F17063,safari_ios,engine_webkit,no,yes,2017-09-19
Q010804,false,F16378,opera,engine_blink,yes,yes,none
Q010805,61,F03660,chrome_android,random2,no,no,2017-09-05
Q010806,11,F09730,safari_ios,engine_webkit,no,yes,2017-09-19
Q010807,16,F05684,edge,engine_blink,yes,yes,2017-10-17
Q010808,1.2,F15757,safari,engine_webkit,no,no,2004-02-02
Q010809,76,F15332,opera,engine_blink,yes,no,2021-04-28
Q010810,18,F07093,chrome_android,lineage_pair,no,no,2012-06-27
Q010811,104,F16234,opera,subtree_engine,yes,no,2023-10-23
Q010812,9.0,F17840,samsunginternet_android,engine_blink,yes,no,2018-09-15
Q010813,1.0,F05209,samsunginternet_android,engine_blink,yes,no,2013-04-27
Q010814,66,F12048,opera_android,engine_blink,yes,no,2021-12-15
Q010815,43,F12997,opera,subtree_engine,yes,no,2017-02-07
Q010816,144,F07032,firefox_android,lineage_pair,no,no,2025-10-14
Q010817,false,F01086,edge,engine_blink,yes,no,none
Q010818,1,F16102,webview_ios,engine_webkit,no,no,2007-06-29
Q010819,54,F04912,opera_android,engine_blink,yes,yes,2019-10-18
Q010820,5,F09916,chrome,lineage_pair,no,no,2010-05-25
Q010821,14,F18328,opera_android,engine_blink,yes,no,2013-05-21
Q010822,126,F09828,webview_android,lineage_pair,no,no,2024-06-11
Q010823,15.2,F07601,safari_ios,engine_webkit,no,yes,2021-12-13
Q010824,4.4,F12237,webview_android,engine_blink,yes,no,2013-12-09
Q010825,87,F01083,webview_android,engine_blink,yes,no,2020-11-17
Q010826,4,F03378,firefox_android,random2,no,no,2011-03-29
Q010827,25,F09403,chrome_android,engine_blink,yes,no,2013-02-27
Q010828,1.0,F08620,samsunginternet_android,engine_blink,yes,no,2013-04-27
Q010829,7,F13490,webview_ios,subtree_engine,yes,no,2013-09-18
Q010830,74,F10326,opera_android,random2,no,no,2023-03-13
Q010831,61,F15503,opera_android,engine_blink,yes,yes,2020-12-07
Q010832,false,F03844,webview_ios,engine_webkit,no,no,none
Q010833,1,F05294,safari_ios,lineage_pair,no,no,2007-06-29
Q010834,17,F11375,webview_ios,engine_webkit,no,no,2023-09-18
Q010835,4.4,F09738,webview_android,engine_blink,yes,no,2013-12-09
Q010836,false,F18153,webview_ios,subtree_engine,yes,no,none
Q010837,48,F03563,firefox_android,subtree_engine,yes,no,2016-08-02
Q010838,58,F00906,chrome_android,subtree_engine,yes,no,2017-04-25
Q010839,91,F14605,chrome,lineage_pair,no,yes,2021-05-25
Q010840,69,F13085,chrome,subtree_engine,yes,no,2018-09-04
Q010841,61,F14553,firefox_android,random2,no,no,2018-06-26
Q010842,43,F09407,opera_android,subtree_engine,yes,no,2017-09-27
Q010843,false,F11061,webview_android,engine_blink,yes,no,none
Q010844,79,F09407,edge,subtree_engine,yes,no,2020-01-15
Q010845,14,F01058,opera_android,derivative1,no,no,2013-05-21
Q010846,12.1,F09660,opera_android,engine_blink,yes,no,2012-10-09
Q010847,false,F04649,opera_android,engine_blink,yes,no,none
Q010848,79,F12489,edge,subtree_engine,yes,no,2020-01-15
Q010849,36,F17426,oculus,engine_blink,yes,no,2024-11-06
Q010850,95,F15569,chrome,random2,no,yes,2021-10-19
Q010851,135,F10897,chrome_android,engine_blink,yes,no,2025-04-01
Q010852,114,F01647,edge,engine_blink,yes,no,2023-06-02
Q010853,14,F12354,safari_ios,engine_webkit,no,no,2020-09-16
Q010854,false,F04102,safari,engine_webkit,no,no,none
Q010855,153,F17481,firefox_android,subtree_engine,yes,no,2026-07-21
Q010856,false,F13894,chrome_android,subtree_engine,yes,yes,none
Q010857,false,F11861,webview_ios,engine_webkit,no,yes,none
Q010858,67,F11402,opera,subtree_engine,yes,no,2020-03-03
Q010859,false,F05879,chrome_android,engine_blink,yes,no,none
Q010860,37,F17719,oculus,engine_blink,yes,no,2025-02-14
Q010861,57,F05684,webview_android,engine_blink,yes,yes,2017-03-16
Q010862,16.4,F12517,safari_ios,engine_webkit,no,yes,2023-03-27
Q010863,6,F16844,safari,source1,no,yes,2012-07-25
Q010864,111,F04780,firefox_android,subtree_engine,yes,no,2023-03-14
Q010865,false,F04083,webview_android,random2,no,yes,none
Q010866,37,F06206,firefox,lineage_pair,no,no,2015-03-31
Q010867,16.4,F11020,safari,engine_webkit,no,no,2023-03-27
Q010868,60,F04761,webview_android,subtree_engine,yes,no,2017-08-01
Q010869,47,F02183,opera_android,engine_blink,yes,no,2018-07-23
Q010870,57,F05055,chrome,engine_blink,yes,yes,2017-03-09
Q010871,12.1,F12605,opera,engine_blink,yes,no,2012-11-20
Q010872,9.0,F13976,samsunginternet_android,engine_blink,yes,no,2018-09-15
Q010873,109,F15687,webview_android,engine_blink,yes,no,2023-01-10
Q010874,12,F06332,safari_ios,engine_webkit,no,no,2018-09-17
Q010875,12.2,F08396,safari_ios,engine_webkit,no,no,2019-03-25
Q010876,5.0,F09734,oculus,subtree_engine,yes,no,2018-07-01
Q010877,25,F09512,chrome_android,engine_blink,yes,no,2013-02-27
Q010878,50,F00927,webview_android,subtree_engine,yes,no,2016-04-13
Q010879,12,F14763,edge,engine_blink,yes,no,2015-07-29
Q010880,6,F13477,webview_ios,engine_webkit,no,no,2012-09-10
Q010881,false,F00709,webview_ios,lineage_pair,no,no,none
Q010882,15.2,F10784,safari,source1,no,yes,2021-12-13
Q010883,false,F05362,opera,engine_blink,yes,no,none
Q010884,11,F15470,opera_android,engine_blink,yes,no,2011-03-22
Q010885,52,F07439,chrome,engine_blink,yes,no,2016-07-20
Q010886,18,F14814,edge,subtree_engine,yes,no,2018-10-02
Q010887,1,F17210,webview_ios,engine_webkit,no,no,2007-06-29
Q010888,39,F14948,firefox,subtree_engine,yes,no,2015-07-02
Q010889,1,F16479,chrome,lineage_pair,no,no,2008-12-11
Q010890,86,F15503,chrome,engine_blink,yes,yes,2020-10-20
Q010891,4,F12029,firefox_android,random2,no,yes,2011-03-29
Q010892,40.0,F00443,oculus,engine_blink,yes,no,2025-08-07
Q010893,8,F12336,firefox_android,subtree_engine,yes,no,2011-11-08
Q010894,11,F17093,safari,engine_webkit,no,no,2017-09-19
Q010895,1,F06216,webview_ios,lineage_pair,no,no,2007-06-29
Q010896,14,F07422,opera_android,subtree_engine,yes,no,2013-05-21
Q010897,false,F15806,safari_ios,lineage_pair,no,no,none
Q010898,false,F05879,webview_android,engine_blink,yes,no,none
Q010899,79,F08863,edge,engine_blink,yes,no,2020-01-15
Q010900,84,F16551,chrome_android,random2,no,no,2020-07-27
Q010901,false,F15295,webview_ios,engine_webkit,no,no,none
Q010902,102,F09273,firefox,lineage_pair,no,no,2022-06-28
Q010903,false,F09632,firefox_android,lineage_pair,no,no,none
Q010904,5,F02418,safari_ios,engine_webkit,no,no,2011-10-12
Q010905,4.4,F06257,webview_android,engine_blink,yes,no,2013-12-09
Q010906,27.0,F08968,samsunginternet_android,engine_blink,yes,no,2024-11-06
Q010907,false,F02900,firefox_android,lineage_pair,no,no,none
Q010908,false,F05037,firefox_android,lineage_pair,no,no,none
Q010909,6,F14289,safari,engine_webkit,no,no,2012-07-25
Q010910,false,F17906,samsunginternet_android,engine_blink,yes,no,none
Q010911,56,F04722,opera,engine_blink,yes,no,2018-09-25
Q010912,31.2,F18500,oculus,engine_blink,yes,no,2024-01-15
Q010913,5.0,F01684,oculus,engine_blink,yes,no,2018-07-01
Q010914,5.0,F10930,oculus,engine_blink,yes,no,2018-07-01
Q010915,135,F04561,chrome_android,engine_blink,yes,no,2025-04-01
Q010916,false,F11061,chrome,engine_blink,yes,no,none
Q010917,10.6,F10644,opera,engine_blink,yes,no,2010-07-01
Q010918,57,F17449,chrome,random2,no,yes,2017-03-09
Q010919,3.2,F16547,webview_ios,engine_webkit,no,no,2010-04-03
Q010920,false,F07257,samsunginternet_android,engine_blink,yes,yes,none
Q010921,5.1,F13994,safari,engine_webkit,no,no,2011-07-20
Q010922,1,F02498,safari,lineage_pair,no,no,2003-06-23
Q010923,7,F05208,webview_ios,engine_webkit,no,yes,2013-09-18
Q010924,false,F13818,safari,engine_webkit,no,no,none
Q010925,43,F09455,firefox_android,lineage_pair,no,no,2015-12-15
Q010926,13,F14066,webview_ios,subtree_engine,yes,no,2019-09-19
Q010927,6,F00108,webview_ios,random2,no,no,2012-09-10
Q010928,115,F16222,opera,engine_blink,yes,no,2024-11-27
Q010929,14,F01550,safari,engine_webkit,no,no,2020-09-16
Q010930,11,F10211,safari,source1,no,no,2017-09-19
Q010931,false,F05567,webview_ios,random2,no,no,none
Q010932,81,F17900,webview_android,engine_blink,yes,no,2020-04-07
Q010933,14,F01851,edge,engine_blink,yes,no,2016-08-02
Q010934,15,F11580,opera,engine_blink,yes,no,2013-07-02
Q010935,11,F01817,safari_ios,engine_webkit,no,no,2017-09-19
Q010936,11.1,F12633,safari,source1,no,no,2018-04-12
Q010937,10,F16977,safari_ios,engine_webkit,no,yes,2016-09-13
Q010938,false,F05261,webview_ios,subtree_engine,yes,no,none
Q010939,4,F02192,firefox_android,lineage_pair,no,no,2011-03-29
Q010940,38,F06567,chrome,engine_blink,yes,no,2014-10-07
Q010941,44,F12195,chrome,engine_blink,yes,no,2015-07-21
Q010942,11,F06640,safari_ios,engine_webkit,no,no,2017-09-19
Q010943,false,F01248,chrome,subtree_engine,yes,yes,none
Q010944,57,F01853,firefox_android,lineage_pair,no,no,2017-11-28
Q010945,4.4,F15613,webview_android,subtree_engine,yes,no,2013-12-09
Q010946,1.0,F16332,samsunginternet_android,derivative1,no,no,2013-04-27
Q010947,12.1,F04792,opera,engine_blink,yes,no,2012-11-20
Q010948,3,F06236,firefox,random2,no,no,2008-06-17
Q010949,66,F08629,firefox,source1,no,no,2019-03-19
Q010950,116,F14194,chrome,source1,no,no,2023-08-15
Q010951,false,F17776,chrome,engine_blink,yes,yes,none
Q010952,36,F16222,oculus,engine_blink,yes,no,2024-11-06
Q010953,15,F01457,edge,lineage_pair,no,no,2017-04-05
Q010954,124,F05890,edge,engine_blink,yes,no,2024-04-18
Q010955,47,F17289,opera_android,random2,no,no,2018-07-23
Q010956,33,F03574,opera_android,subtree_engine,yes,no,2015-11-03
Q010957,58,F02863,chrome_android,subtree_engine,yes,no,2017-04-25
Q010958,false,F12639,webview_ios,derivative1,no,no,none
Q010959,150,F04679,firefox,random2,no,no,2026-04-21
Q010960,91,F06329,chrome_android,engine_blink,yes,yes,2021-05-25
Q010961,72,F07566,opera_android,random2,no,no,2022-10-21
Q010962,6,F15891,webview_ios,random2,no,no,2012-09-10
Q010963,false,F12755,firefox_android,derivative1,no,no,none
Q010964,45,F08468,webview_android,engine_blink,yes,no,2015-09-01
Q010965,false,F00908,firefox,source1,no,no,none
Q010966,13.0,F09524,oculus,random2,no,no,2020-12-10
Q010967,false,F10470,chrome,source1,no,yes,none
Q010968,153,F15418,firefox,subtree_engine,yes,no,2026-07-21
Q010969,12,F04594,opera_android,engine_blink,yes,no,2012-02-25
Q010970,false,F10144,webview_android,derivative1,no,no,none
Q010971,15,F03638,opera,random2,no,no,2013-07-02
Q010972,false,F01904,oculus,engine_blink,yes,no,none
Q010973,7,F17903,safari_ios,engine_webkit,no,no,2013-09-18
Q010974,9,F11764,safari_ios,engine_webkit,no,no,2015-09-16
Q010975,94,F12048,chrome_android,engine_blink,yes,no,2021-09-21
Q010976,9,F09789,firefox,subtree_engine,yes,no,2011-12-20
Q010977,9.0,F18074,oculus,engine_blink,yes,no,2020-04-24
Q010978,33,F02482,chrome_android,derivative1,no,no,2014-02-26
Q010979,91,F02111,edge,derivative1,no,yes,2021-05-27
Q010980,5,F13122,chrome,engine_blink,yes,no,2010-05-25
Q010981,110,F05890,opera,engine_blink,yes,no,2024-05-14
Q010982,18.0,F05525,samsunginternet_android,derivative1,no,no,2022-08-08
Q010983,5.0,F05592,oculus,subtree_engine,yes,no,2018-07-01
Q010984,26.2,F05328,safari_ios,engine_webkit,no,yes,2025-12-12
Q010985,1,F11612,firefox,lineage_pair,no,no,2004-11-09
Q010986,79,F05509,firefox_android,subtree_engine,yes,no,2020-07-28
Q010987,87,F02255,edge,derivative1,no,no,2020-11-19
Q010988,69,F11192,chrome_android,engine_blink,yes,no,2018-09-04
Q010989,false,F04649,webview_android,engine_blink,yes,no,none
Q010990,12.2,F09353,webview_ios,engine_webkit,no,no,2019-03-25
Q010991,48,F12569,opera_android,engine_blink,yes,no,2018-11-08
Q010992,66,F06730,opera,engine_blink,yes,no,2020-01-07
Q010993,1,F06138,chrome,engine_blink,yes,no,2008-12-11
Q010994,8,F02261,safari_ios,engine_webkit,no,no,2014-09-17
Q010995,74,F08411,opera_android,derivative1,no,yes,2023-03-13
Q010996,false,F14599,opera_android,engine_blink,yes,no,none
Q010997,false,F05879,oculus,engine_blink,yes,no,none
Q010998,135,F10897,chrome,engine_blink,yes,no,2025-04-01
Q010999,31.2,F01921,oculus,engine_blink,yes,yes,2024-01-15
Q011000,13.0,F14372,samsunginternet_android,derivative1,no,no,2020-12-02
Q011001,43,F01385,opera_android,subtree_engine,yes,no,2017-09-27
Q011002,57,F09863,opera_android,subtree_engine,yes,no,2020-03-30
Q011003,false,F08625,safari_ios,engine_webkit,no,no,none
Q011004,false,F09756,safari_ios,random2,no,no,none
Q011005,10,F16771,safari_ios,derivative1,no,no,2016-09-13
Q011006,10.3,F15872,safari_ios,engine_webkit,no,no,2017-03-27
Q011007,false,F15799,webview_android,subtree_engine,yes,no,none
Q011008,false,F06641,webview_ios,lineage_pair,no,no,none
Q011009,38,F17072,chrome,engine_blink,yes,no,2014-10-07
Q011010,90,F01319,opera_android,engine_blink,yes,yes,2025-06-18
Q011011,1.2,F08912,safari,engine_webkit,no,no,2004-02-02
Q011012,false,F10072,safari,lineage_pair,no,no,none
Q011013,18,F02599,chrome_android,engine_blink,yes,no,2012-06-27
Q011014,32,F05484,oculus,lineage_pair,no,no,2024-02-27
Q011015,37,F16880,oculus,random2,no,no,2025-02-14
Q011016,false,F13501,firefox_android,lineage_pair,no,no,none
Q011017,7.0,F04741,samsunginternet_android,engine_blink,yes,no,2018-03-16
Q011018,4.4,F14475,webview_android,derivative1,no,no,2013-12-09
Q011019,false,F16013,safari,engine_webkit,no,no,none
Q011020,false,F16595,safari_ios,engine_webkit,no,no,none
Q011021,130,F04893,firefox_android,subtree_engine,yes,no,2024-09-03
Q011022,30.0,F15132,samsunginternet_android,derivative1,no,no,2026-05-11
Q011023,17.0,F01174,samsunginternet_android,engine_blink,yes,no,2022-05-04
Q011024,false,F04119,safari_ios,subtree_engine,yes,no,none
Q011025,7.0,F14396,samsunginternet_android,random2,no,no,2018-03-16
Q011026,16.4,F15256,safari,lineage_pair,no,yes,2023-03-27
Q011027,false,F18153,safari_ios,subtree_engine,yes,no,none
Q011028,117,F16783,chrome,source1,no,no,2023-09-12
Q011029,95,F16710,chrome,source1,no,no,2021-10-19
Q011030,91,F07459,opera_android,engine_blink,yes,no,2025-08-19
Q011031,127,F00779,edge,engine_blink,yes,no,2024-07-25
Q011032,false,F05362,chrome_android,engine_blink,yes,no,none
Q011033,32,F12930,oculus,engine_blink,yes,no,2024-02-27
Q011034,127,F03247,opera,engine_blink,yes,no,2026-02-02
Q011035,86,F07567,chrome,subtree_engine,yes,no,2020-10-20
Q011036,15.4,F10946,webview_ios,random2,no,no,2022-03-14
Q011037,141,F14633,firefox,source1,no,no,2025-07-22
Q011038,2,F18326,chrome,engine_blink,yes,no,2009-05-21
Q011039,31.2,F05573,oculus,lineage_pair,no,yes,2024-01-15
Q011040,91,F10998,edge,engine_blink,yes,yes,2021-05-27
Q011041,false,F17104,firefox_android,lineage_pair,no,no,none
Q011042,149,F12453,chrome_android,engine_blink,yes,no,2026-06-02
Q011043,false,F17873,samsunginternet_android,engine_blink,yes,no,none
Q011044,false,F03943,opera,engine_blink,yes,no,none
Q011045,71,F09954,opera,engine_blink,yes,yes,2020-09-15
Q011046,11,F11049,safari,engine_webkit,no,yes,2017-09-19
Q011047,16.1,F16945,safari_ios,engine_webkit,no,no,2022-10-24
Q011048,12.1,F14510,opera,engine_blink,yes,no,2012-11-20
Q011049,18,F05778,safari_ios,subtree_engine,yes,no,2024-09-16
Q011050,47,F04962,opera_android,engine_blink,yes,no,2018-07-23
Q011051,9.0,F09863,oculus,subtree_engine,yes,no,2020-04-24
Q011052,75,F09448,firefox,subtree_engine,yes,no,2020-04-07
Q011053,1.0,F07005,samsunginternet_android,engine_blink,yes,no,2013-04-27
Q011054,false,F01638,firefox_android,subtree_engine,yes,no,none
Q011055,10.3,F11313,safari_ios,engine_webkit,no,no,2017-03-27
Q011056,false,F17899,firefox,lineage_pair,no,no,none
Q011057,8,F14889,webview_ios,engine_webkit,no,no,2014-09-17
Q011058,12.1,F10486,opera,engine_blink,yes,no,2012-11-20
Q011059,61,F06672,chrome_android,engine_blink,yes,no,2017-09-05
Q011060,false,F02778,oculus,engine_blink,yes,no,none
Q011061,false,F04624,webview_ios,subtree_engine,yes,no,none
Q011062,39,F17298,webview_android,subtree_engine,yes,no,2014-11-12
Q011063,29.0,F07628,samsunginternet_android,engine_blink,yes,no,2025-10-25
Q011064,2,F03678,chrome,lineage_pair,no,no,2009-05-21
Q011065,false,F07257,webview_android,engine_blink,yes,yes,none
Q011066,6.0,F14230,oculus,engine_blink,yes,no,2019-08-12
Q011067,10,F17568,safari_ios,engine_webkit,no,yes,2016-09-13
Q011068,4,F13657,chrome,lineage_pair,no,no,2010-01-25
Q011069,26,F02685,webview_ios,engine_webkit,no,no,2025-09-15
Q011070,6.0,F07977,oculus,engine_blink,yes,no,2019-08-12
Q011071,13.1,F13240,safari,engine_webkit,no,no,2020-03-24
Q011072,false,F00063,samsunginternet_android,derivative1,no,no,none
Q011073,false,F08326,webview_ios,subtree_engine,yes,no,none
Q011074,4.4,F02599,webview_android,engine_blink,yes,no,2013-12-09
Q011075,false,F02704,oculus,engine_blink,yes,no,none
Q011076,129,F16222,webview_android,engine_blink,yes,no,2024-09-17
Q011077,7,F05209,chrome,engine_blink,yes,no,2010-10-19
Q011078,36,F17043,oculus,derivative1,no,yes,2024-11-06
Q011079,25.0,F10315,samsunginternet_android,engine_blink,yes,no,2024-04-24
Q011080,80,F16298,webview_android,subtree_engine,yes,no,2020-02-04
Q011081,10,F05682,safari,engine_webkit,no,no,2016-09-20
Q011082,14,F15664,opera_android,engine_blink,yes,no,2013-05-21
Q011083,26.4,F07149,safari,engine_webkit,no,no,2026-03-24
Q011084,false,F17906,oculus,engine_blink,yes,no,none
Q011085,16.4,F13494,webview_ios,engine_webkit,no,no,2023-03-27
Q011086,14.1,F08287,safari,engine_webkit,no,no,2021-04-26
Q011087,84,F09419,chrome,engine_blink,yes,no,2020-07-27
Q011088,false,F16486,edge,engine_blink,yes,no,none
Q011089,3.2,F09174,webview_ios,engine_webkit,no,no,2010-04-03
Q011090,16,F01749,firefox,subtree_engine,yes,no,2012-10-09
Q011091,94,F07640,webview_android,engine_blink,yes,no,2021-09-21
Q011092,5.0,F17797,oculus,random2,no,no,2018-07-01
Q011093,false,F18104,firefox_android,subtree_engine,yes,no,none
Q011094,1.0,F18418,samsunginternet_android,lineage_pair,no,no,2013-04-27
Q011095,148,F09622,chrome_android,engine_blink,yes,no,2026-05-05
Q011096,64,F17412,opera_android,engine_blink,yes,yes,2021-05-25
Q011097,5.0,F08874,oculus,engine_blink,yes,no,2018-07-01
Q011098,false,F14402,safari,engine_webkit,no,no,none
Q011099,109,F03245,edge,engine_blink,yes,yes,2023-01-12
Q011100,12.1,F17491,opera,engine_blink,yes,no,2012-11-20
Q011101,76,F05698,chrome_android,engine_blink,yes,no,2019-07-30
Q011102,12,F14123,edge,engine_blink,yes,no,2015-07-29
Q011103,1,F05884,chrome,source1,no,no,2008-12-11
Q011104,false,F00526,safari,lineage_pair,no,no,none
Q011105,14.5,F03815,webview_ios,engine_webkit,no,no,2021-04-26
Q011106,16.4,F15607,webview_ios,engine_webkit,no,yes,2023-03-27
Q011107,43,F01799,opera_android,subtree_engine,yes,no,2017-09-27
Q011108,30.0,F03093,samsunginternet_android,engine_blink,yes,no,2026-05-11
Q011109,16.4,F14800,safari_ios,engine_webkit,no,yes,2023-03-27
Q011110,3.0,F12428,samsunginternet_android,engine_blink,yes,no,2015-04-10
Q011111,2.0,F16685,samsunginternet_android,engine_blink,yes,no,2014-10-17
Q011112,4.4,F10590,webview_android,engine_blink,yes,no,2013-12-09
Q011113,41,F14175,opera_android,subtree_engine,yes,no,2016-10-25
Q011114,17,F00887,webview_ios,random2,no,no,2023-09-18
Q011115,146,F17105,chrome,engine_blink,yes,no,2026-03-10
Q011116,91,F13117,edge,random2,no,yes,2021-05-27
Q011117,11,F18371,webview_ios,engine_webkit,no,yes,2017-09-19
Q011118,false,F18403,safari_ios,lineage_pair,no,no,none
Q011119,false,F15427,samsunginternet_android,engine_blink,yes,yes,none
Q011120,14.1,F06068,safari,subtree_engine,yes,no,2021-04-26
Q011121,11,F18398,safari,source1,no,yes,2017-09-19
Q011122,1.5,F04312,samsunginternet_android,subtree_engine,yes,no,2013-09-25
Q011123,79,F13727,edge,engine_blink,yes,no,2020-01-15
Q011124,16.4,F14800,webview_ios,engine_webkit,no,yes,2023-03-27
Q011125,12.2,F15868,webview_ios,engine_webkit,no,no,2019-03-25
Q011126,false,F09725,edge,engine_blink,yes,yes,none
Q011127,134,F17166,edge,engine_blink,yes,no,2025-03-06
Q011128,false,F18284,oculus,engine_blink,yes,no,none
Q011129,48,F00666,webview_android,subtree_engine,yes,no,2016-01-26
Q011130,4,F17369,firefox_android,lineage_pair,no,no,2011-03-29
Q011131,5.0,F11314,oculus,engine_blink,yes,no,2018-07-01
Q011132,149,F12453,edge,engine_blink,yes,no,2026-06-04
Q011133,79,F05527,firefox_android,lineage_pair,no,yes,2020-07-28
Q011134,39,F11503,firefox,subtree_engine,yes,no,2015-07-02
Q011135,1.0,F08474,samsunginternet_android,engine_blink,yes,no,2013-04-27
Q011136,3,F06977,opera,engine_blink,yes,no,1997-12-01
Q011137,141,F11158,webview_android,subtree_engine,yes,no,2025-09-30
Q011138,11,F02345,webview_ios,engine_webkit,no,yes,2017-09-19
Q011139,25,F14939,opera,lineage_pair,no,no,2014-10-15
Q011140,false,F17569,firefox_android,subtree_engine,yes,no,none
Q011141,53,F15542,webview_android,engine_blink,yes,no,2016-09-07
Q011142,16.4,F13117,safari_ios,random2,no,yes,2023-03-27
Q011143,31.2,F07381,oculus,engine_blink,yes,yes,2024-01-15
Q011144,91,F17405,edge,engine_blink,yes,yes,2021-05-27
Q011145,5,F09384,chrome,engine_blink,yes,no,2010-05-25
Q011146,64,F14920,webview_android,derivative1,no,no,2018-01-23
Q011147,150,F06381,chrome,lineage_pair,no,no,2026-06-30
Q011148,1.0,F08682,samsunginternet_android,engine_blink,yes,no,2013-04-27
Q011149,5.0,F07038,oculus,engine_blink,yes,no,2018-07-01
Q011150,74,F11010,webview_android,random2,no,no,2019-04-24
Q011151,13,F14066,safari,subtree_engine,yes,no,2019-09-19
Q011152,1,F05021,webview_ios,lineage_pair,no,no,2007-06-29
Q011153,false,F03639,opera,engine_blink,yes,no,none
Q011154,false,F06701,firefox,subtree_engine,yes,no,none
Q011155,4,F15673,firefox_android,random2,no,yes,2011-03-29
Q011156,4.2,F16617,webview_ios,subtree_engine,yes,no,2010-11-22
Q011157,3.5,F15913,firefox,source1,no,no,2009-06-30
Q011158,109,F13385,chrome_android,engine_blink,yes,yes,2023-01-10
Q011159,33,F01005,firefox,random2,no,no,2014-10-14
Q011160,false,F00714,samsunginternet_android,random2,no,yes,none
Q011161,18,F06138,chrome_android,engine_blink,yes,no,2012-06-27
Q011162,4.4,F02324,webview_android,engine_blink,yes,no,2013-12-09
Q011163,80,F15364,chrome,random2,no,no,2020-02-04
Q011164,62,F06736,opera,engine_blink,yes,yes,2019-06-27
Q011165,12.2,F13084,safari_ios,engine_webkit,no,no,2019-03-25
Q011166,12,F06397,safari,lineage_pair,no,no,2018-09-17
Q011167,54,F05854,chrome,engine_blink,yes,no,2016-10-12
Q011168,42,F00061,chrome,source1,no,no,2015-04-14
Q011169,19.0,F14916,samsunginternet_android,derivative1,no,no,2022-11-01
Q011170,false,F02840,safari_ios,subtree_engine,yes,no,none
Q011171,false,F16333,samsunginternet_android,engine_blink,yes,no,none
Q011172,18.0,F00027,oculus,engine_blink,yes,no,2021-11-30
Q011173,11,F01991,webview_ios,engine_webkit,no,yes,2017-09-19
Q011174,79,F16655,chrome,subtree_engine,yes,no,2019-12-10
Q011175,147,F03566,chrome_android,random2,no,no,2026-04-07
Q011176,4,F06375,firefox,lineage_pair,no,no,2011-03-22
Q011177,5.0,F00106,samsunginternet_android,engine_blink,yes,no,2016-12-15
Q011178,18,F04594,chrome_android,engine_blink,yes,no,2012-06-27
Q011179,16.0,F17555,oculus,engine_blink,yes,yes,2021-06-07
Q011180,12,F05669,firefox,source1,no,no,2012-04-24
Q011181,16.4,F07068,safari,engine_webkit,no,yes,2023-03-27
Q011182,79,F06494,webview_android,subtree_engine,yes,no,2019-12-17
Q011183,15,F01284,chrome,engine_blink,yes,no,2011-10-25
Q011184,11,F02345,safari_ios,engine_webkit,no,yes,2017-09-19
Q011185,1,F06421,firefox,source1,no,no,2004-11-09
Q011186,13.4,F14460,webview_ios,lineage_pair,no,no,2020-03-24
Q011187,79,F00986,edge,subtree_engine,yes,no,2020-01-15
Q011188,5.0,F05876,oculus,engine_blink,yes,no,2018-07-01
Q011189,126,F03303,firefox_android,subtree_engine,yes,no,2024-05-14
Q011190,false,F02678,webview_android,engine_blink,yes,no,none
Q011191,60,F05326,chrome,engine_blink,yes,no,2017-07-25
Q011192,false,F15617,safari_ios,engine_webkit,no,no,none
Q011193,4,F16500,firefox_android,lineage_pair,no,yes,2011-03-29
Q011194,15.1,F10875,webview_ios,random2,no,yes,2021-10-25
Q011195,67,F18268,opera,subtree_engine,yes,no,2020-03-03
Q011196,58,F08893,webview_android,subtree_engine,yes,no,2017-04-25
Q011197,143,F00365,chrome_android,engine_blink,yes,no,2025-12-02
Q011198,4,F04739,firefox_android,derivative1,no,no,2011-03-29
Q011199,5.0,F08468,samsunginternet_android,engine_blink,yes,no,2016-12-15
Q011200,34,F17546,chrome_android,random2,no,no,2014-04-02
Q011201,false,F04102,webview_ios,engine_webkit,no,no,none
Q011202,12,F16719,edge,engine_blink,yes,no,2015-07-29
Q011203,false,F14115,edge,random2,no,no,none
Q011204,12,F13764,edge,lineage_pair,no,no,2015-07-29
Q011205,125,F02777,firefox,source1,no,no,2024-04-16
Q011206,false,F17180,webview_ios,subtree_engine,yes,no,none
Q011207,81,F02274,chrome,engine_blink,yes,no,2020-04-07
Q011208,6,F05051,webview_ios,engine_webkit,no,yes,2012-09-10
Q011209,false,F16486,chrome_android,engine_blink,yes,no,none
Q011210,false,F01666,webview_ios,engine_webkit,no,no,none
Q011211,14,F06046,safari_ios,engine_webkit,no,no,2020-09-16
Q011212,4.4.3,F14763,webview_android,engine_blink,yes,no,2014-06-02
Q011213,16.4,F04190,webview_ios,engine_webkit,no,no,2023-03-27
Q011214,114,F01647,webview_android,engine_blink,yes,no,2023-05-30
Q011215,false,F05883,safari_ios,engine_webkit,no,no,none
Q011216,79,F01385,edge,subtree_engine,yes,no,2020-01-15
Q011217,89,F07201,chrome,lineage_pair,no,no,2021-03-02
Q011218,false,F06440,webview_ios,subtree_engine,yes,no,none
Q011219,79,F10193,edge,subtree_engine,yes,no,2020-01-15
Q011220,111,F07858,edge,subtree_engine,yes,no,2023-03-13
Q011221,5.0,F08497,oculus,random2,no,no,2018-07-01
Q011222,47,F13976,opera_android,engine_blink,yes,no,2018-07-23
Q011223,11,F17063,safari,engine_webkit,no,yes,2017-09-19
Q011224,39,F14811,firefox_android,lineage_pair,no,no,2015-07-02
Q011225,false,F17776,webview_android,engine_blink,yes,yes,none
Q011226,102,F15448,opera,derivative1,no,no,2023-08-23
Q011227,14,F11580,opera_android,engine_blink,yes,no,2013-05-21
Q011228,8.0,F17016,samsunginternet_android,engine_blink,yes,no,2018-07-18
Q011229,5.0,F01654,samsunginternet_android,lineage_pair,no,no,2016-12-15
Q011230,10.1,F11119,opera_android,engine_blink,yes,no,2010-11-09
Q011231,58,F10900,webview_android,subtree_engine,yes,no,2017-04-25
Q011232,1.5,F15232,firefox,source1,no,no,2005-11-29
Q011233,15.2,F07930,safari,source1,no,yes,2021-12-13
Q011234,89,F17703,chrome,lineage_pair,no,no,2021-03-02
Q011235,41.0,F11949,oculus,random2,no,no,2025-10-21
Q011236,21.0,F13228,samsunginternet_android,engine_blink,yes,no,2023-05-19
Q011237,1,F02602,firefox,lineage_pair,no,no,2004-11-09
Q011238,58,F10071,chrome_android,subtree_engine,yes,no,2017-04-25
Q011239,86,F09929,opera,derivative1,no,no,2022-04-20
Q011240,1,F13525,safari_ios,engine_webkit,no,no,2007-06-29
Q011241,94,F10081,edge,derivative1,no,no,2021-09-24
Q011242,24,F03309,chrome,engine_blink,yes,no,2013-01-10
Q011243,43,F18210,opera,subtree_engine,yes,no,2017-02-07
Q011244,false,F13923,chrome,source1,no,yes,none
Q011245,58,F03512,webview_android,subtree_engine,yes,no,2017-04-25
Q011246,12.0,F03269,samsunginternet_android,subtree_engine,yes,no,2020-06-19
Q011247,16,F05198,safari_ios,subtree_engine,yes,no,2022-09-12
Q011248,94,F10668,webview_android,engine_blink,yes,no,2021-09-21
Q011249,5.0,F01365,oculus,subtree_engine,yes,no,2018-07-01
Q011250,1.2,F12674,safari,engine_webkit,no,no,2004-02-02
Q011251,50,F02590,chrome_android,engine_blink,yes,no,2016-04-13
Q011252,86,F16222,opera_android,engine_blink,yes,no,2024-12-02
Q011253,4,F13522,safari,engine_webkit,no,no,2009-06-08
Q011254,12,F13758,edge,engine_blink,yes,no,2015-07-29
Q011255,79,F16452,edge,random2,no,no,2020-01-15
Q011256,52,F14912,firefox_android,random2,no,yes,2017-03-07
Q011257,3.2,F07212,safari_ios,engine_webkit,no,no,2010-04-03
Q011258,46,F15907,opera,random2,no,no,2017-06-22
Q011259,27,F10672,safari,engine_webkit,no,no,2026-09-14
Q011260,4.0,F17298,samsunginternet_android,subtree_engine,yes,no,2016-03-11
Q011261,11,F04366,webview_ios,engine_webkit,no,no,2017-09-19
Q011262,58,F04211,webview_android,subtree_engine,yes,no,2017-04-25
Q011263,false,F09832,samsunginternet_android,subtree_engine,yes,yes,none
Q011264,79,F18387,firefox_android,lineage_pair,no,no,2020-07-28
Q011265,1,F10317,safari_ios,engine_webkit,no,no,2007-06-29
Q011266,3,F00547,webview_android,random2,no,no,2011-02-22
Q011267,2,F00128,safari_ios,engine_webkit,no,no,2008-07-11
Q011268,42,F08270,opera_android,engine_blink,yes,no,2017-01-21
Q011269,7.0,F17363,samsunginternet_android,engine_blink,yes,no,2018-03-16
Q011270,79,F11437,edge,subtree_engine,yes,no,2020-01-15
Q011271,false,F08623,webview_android,subtree_engine,yes,no,none
Q011272,15,F01852,edge,engine_blink,yes,no,2017-04-05
Q011273,false,F15425,samsunginternet_android,subtree_engine,yes,no,none
Q011274,5.0,F10007,samsunginternet_android,engine_blink,yes,no,2016-12-15
Q011275,18,F09984,opera,derivative1,no,no,2013-11-19
Q011276,79,F15720,chrome_android,random2,no,no,2019-12-17
Q011277,60,F00765,opera_android,engine_blink,yes,no,2020-09-23
Q011278,4.4,F03773,webview_android,engine_blink,yes,no,2013-12-09
Q011279,60,F15319,webview_android,subtree_engine,yes,no,2017-08-01
Q011280,false,F12482,opera_android,engine_blink,yes,no,none
Q011281,5.0,F17953,oculus,subtree_engine,yes,no,2018-07-01
Q011282,77,F11836,opera,engine_blink,yes,yes,2021-06-09
Q011283,68,F15310,opera_android,engine_blink,yes,no,2022-03-30
Q011284,6,F14289,webview_ios,engine_webkit,no,no,2012-09-10
Q011285,94,F13228,opera,engine_blink,yes,no,2022-12-15
Q011286,false,F03964,firefox,random2,no,no,none
Q011287,12.1,F04736,safari,source1,no,no,2019-03-25
Q011288,29,F00548,firefox,random2,no,no,2014-04-29
Q011289,false,F08908,webview_ios,subtree_engine,yes,no,none
Q011290,79,F17797,edge,random2,no,no,2020-01-15
Q011291,12,F12127,edge,subtree_engine,yes,no,2015-07-29
Q011292,65,F08334,opera_android,subtree_engine,yes,no,2021-10-20
Q011293,3,F10877,chrome,engine_blink,yes,no,2009-09-15
Q011294,41,F13489,firefox,lineage_pair,no,no,2015-09-22
Q011295,8,F13457,opera,subtree_engine,yes,no,2005-04-19
Q011296,1,F01754,firefox,source1,no,no,2004-11-09
Q011297,82,F00426,opera_android,engine_blink,yes,no,2024-05-02
Q011298,false,F12212,webview_android,engine_blink,yes,no,none
Q011299,94,F00027,chrome_android,engine_blink,yes,no,2021-09-21
Q011300,1,F17199,safari_ios,engine_webkit,no,no,2007-06-29
Q011301,1.0,F07432,samsunginternet_android,engine_blink,yes,no,2013-04-27
Q011302,98,F10115,firefox_android,subtree_engine,yes,no,2022-03-08
Q011303,1,F08757,safari_ios,random2,no,no,2007-06-29
Q011304,48,F16727,opera,engine_blink,yes,no,2017-09-27
Q011305,92,F08334,chrome_android,subtree_engine,yes,no,2021-07-20
Q011306,18,F17229,chrome_android,engine_blink,yes,no,2012-06-27
Q011307,false,F07385,webview_ios,lineage_pair,no,no,none
Q011308,105,F13760,chrome,subtree_engine,yes,no,2022-09-02
Q011309,79,F12484,edge,subtree_engine,yes,no,2020-01-15
Q011310,87,F00334,chrome,random2,no,no,2020-11-17
Q011311,14.1,F00607,safari,lineage_pair,no,no,2021-04-26
Q011312,11,F06921,webview_ios,subtree_engine,yes,no,2017-09-19
Q011313,false,F05239,firefox_android,subtree_engine,yes,no,none
Q011314,false,F17456,safari,engine_webkit,no,no,none
Q011315,15,F04929,firefox_android,lineage_pair,no,no,2012-08-28
Q011316,135,F15350,chrome,lineage_pair,no,no,2025-04-01
Q011317,6,F08758,safari_ios,engine_webkit,no,no,2012-09-10
Q011318,12,F10790,edge,engine_blink,yes,no,2015-07-29
Q011319,18.0,F01174,oculus,engine_blink,yes,no,2021-11-30
Q011320,4.4,F15251,webview_android,engine_blink,yes,no,2013-12-09
Q011321,11.2,F02538,samsunginternet_android,engine_blink,yes,no,2020-03-22
Q011322,57,F14354,chrome,source1,no,no,2017-03-09
Q011323,18,F00972,chrome_android,derivative1,no,no,2012-06-27
Q011324,14.1,F12236,safari,engine_webkit,no,no,2021-04-26
Q011325,58,F06996,webview_android,subtree_engine,yes,no,2017-04-25
Q011326,3,F13721,safari,engine_webkit,no,no,2007-10-26
Q011327,144,F09160,chrome,lineage_pair,no,yes,2026-01-13
Q011328,38.1,F17166,oculus,engine_blink,yes,no,2025-04-23
Q011329,58,F11283,webview_android,subtree_engine,yes,no,2017-04-25
Q011330,7,F15190,safari_ios,lineage_pair,no,yes,2013-09-18
Q011331,126,F06443,chrome,lineage_pair,no,no,2024-06-11
Q011332,false,F09248,safari,engine_webkit,no,no,none
Q011333,140,F06463,edge,derivative1,no,no,2025-09-05
Q011334,140,F07374,firefox,source1,no,no,2025-06-24
Q011335,102,F10241,webview_android,engine_blink,yes,no,2022-05-24
Q011336,16.4,F13567,webview_ios,engine_webkit,no,yes,2023-03-27
Q011337,false,F02254,safari_ios,subtree_engine,yes,no,none
Q011338,5.1,F01655,safari,engine_webkit,no,no,2011-07-20
Q011339,false,F08306,chrome,engine_blink,yes,yes,none
Q011340,28.0,F17687,samsunginternet_android,engine_blink,yes,no,2025-04-02
Q011341,61,F13093,opera_android,subtree_engine,yes,no,2020-12-07
Q011342,56,F15994,chrome,subtree_engine,yes,no,2017-01-25
Q011343,15.2,F07601,safari,engine_webkit,no,yes,2021-12-13
Q011344,7.0,F12544,samsunginternet_android,subtree_engine,yes,no,2018-03-16
Q011345,60,F15998,chrome_android,engine_blink,yes,no,2017-08-01
Q011346,false,F11821,webview_ios,derivative1,no,no,none
Q011347,65,F13976,webview_android,engine_blink,yes,no,2018-03-06
Q011348,74,F17245,opera_android,random2,no,yes,2023-03-13
Q011349,3,F02710,safari,subtree_engine,yes,no,2007-10-26
Q011350,false,F07801,samsunginternet_android,engine_blink,yes,no,none
Q011351,4,F09017,firefox_android,derivative1,no,no,2011-03-29
Q011352,false,F16442,webview_ios,lineage_pair,no,yes,none
Q011353,false,F17722,opera,engine_blink,yes,no,none
Q011354,4,F01219,firefox_android,lineage_pair,no,no,2011-03-29
Q011355,false,F16027,safari_ios,engine_webkit,no,no,none
Q011356,89,F12750,firefox,source1,no,yes,2021-06-01
Q011357,57,F10890,webview_android,engine_blink,yes,no,2017-03-16
Q011358,5.0,F07422,oculus,subtree_engine,yes,no,2018-07-01
Q011359,false,F01417,safari,source1,no,no,none
Q011360,16.4,F05722,safari,engine_webkit,no,yes,2023-03-27
Q011361,7.0,F09407,samsunginternet_android,subtree_engine,yes,no,2018-03-16
Q011362,26,F18075,safari_ios,lineage_pair,no,no,2025-09-15
Q011363,1,F06617,safari_ios,engine_webkit,no,no,2007-06-29
Q011364,133,F04659,chrome,engine_blink,yes,yes,2025-02-04
Q011365,1.0,F09759,samsunginternet_android,engine_blink,yes,no,2013-04-27
Q011366,43,F12544,opera,subtree_engine,yes,no,2017-02-07
Q011367,false,F06786,firefox_android,subtree_engine,yes,no,none
Q011368,52,F12865,firefox,source1,no,no,2017-03-07
Q011369,125,F03432,firefox,lineage_pair,no,no,2024-04-16
Q011370,1,F10678,webview_ios,engine_webkit,no,no,2007-06-29
Q011371,79,F02538,chrome_android,engine_blink,yes,no,2019-12-17
Q011372,20.0,F14776,samsunginternet_android,derivative1,no,no,2023-02-10
Q011373,26,F15417,safari_ios,derivative1,no,no,2025-09-15
Q011374,116,F00915,chrome,engine_blink,yes,no,2023-08-15
Q011375,12,F08047,edge,engine_blink,yes,no,2015-07-29
Q011376,false,F02010,samsunginternet_android,derivative1,no,no,none
Q011377,4.4.3,F08465,webview_android,engine_blink,yes,no,2014-06-02
Q011378,5.0,F02848,oculus,engine_blink,yes,no,2018-07-01
Q011379,11.3,F08477,webview_ios,engine_webkit,no,no,2018-03-29
Q011380,11,F07158,safari_ios,random2,no,yes,2017-09-19
Q011381,2,F09301,webview_ios,engine_webkit,no,no,2008-07-11
Q011382,16.4,F09146,safari,lineage_pair,no,yes,2023-03-27
Q011383,12,F06648,opera_android,random2,no,no,2012-02-25
Q011384,121,F05837,chrome_android,derivative1,no,no,2024-01-23
Q011385,12,F09654,opera,engine_blink,yes,no,2012-06-14
Q011386,12,F05546,edge,engine_blink,yes,no,2015-07-29
Q011387,15,F04913,opera,random2,no,no,2013-07-02
Q011388,147,F00953,edge,derivative1,no,no,2026-04-10
Q011389,1,F07186,chrome,engine_blink,yes,no,2008-12-11
Q011390,48,F07872,opera_android,engine_blink,yes,no,2018-11-08
Q011391,14,F06686,edge,random2,no,no,2016-08-02
Q011392,139,F12293,chrome_android,engine_blink,yes,no,2025-08-05
Q011393,false,F07283,safari_ios,engine_webkit,no,no,none
Q011394,32,F04976,oculus,engine_blink,yes,no,2024-02-27
Q011395,12,F17996,edge,engine_blink,yes,no,2015-07-29
Q011396,81,F12930,opera_android,engine_blink,yes,no,2024-03-14
Q011397,false,F09615,oculus,engine_blink,yes,no,none
Q011398,149,F06997,firefox,subtree_engine,yes,no,2026-03-24
Q011399,false,F01460,opera_android,engine_blink,yes,yes,none
Q011400,18,F14509,chrome_android,engine_blink,yes,no,2012-06-27
Q011401,4.2,F02872,webview_ios,engine_webkit,no,yes,2010-11-22
Q011402,12.2,F01217,webview_ios,engine_webkit,no,no,2019-03-25
Q011403,1,F08717,webview_ios,engine_webkit,no,no,2007-06-29
Q011404,false,F08306,samsunginternet_android,engine_blink,yes,yes,none
Q011405,66,F16469,opera,random2,no,no,2020-01-07
Q011406,false,F01396,chrome,engine_blink,yes,yes,none
Q011407,85,F09954,webview_android,engine_blink,yes,yes,2020-08-25
Q011408,52,F18416,firefox_android,random2,no,yes,2017-03-07
Q011409,2.0,F11225,samsunginternet_android,derivative1,no,no,2014-10-17
Q011410,false,F02778,webview_android,engine_blink,yes,no,none
Q011411,3,F01525,safari,lineage_pair,no,no,2007-10-26
Q011412,26,F11641,safari_ios,random2,no,no,2025-09-15
Q011413,12,F00832,edge,engine_blink,yes,no,2015-07-29
Q011414,86,F15482,firefox,lineage_pair,no,no,2021-02-23
Q011415,74,F03928,webview_android,engine_blink,yes,no,2019-04-24
Q011416,117,F13996,chrome,random2,no,no,2023-09-12
Q011417,146,F17105,webview_android,engine_blink,yes,no,2026-03-10
Q011418,11,F02594,safari_ios,engine_webkit,no,no,2017-09-19
Q011419,false,F09725,opera,engine_blink,yes,yes,none
Q011420,79,F15994,edge,subtree_engine,yes,no,2020-01-15
Q011421,69,F05994,webview_android,subtree_engine,yes,no,2018-09-04
Q011422,14,F09995,opera_android,engine_blink,yes,no,2013-05-21
Q011423,7.0,F12997,samsunginternet_android,subtree_engine,yes,no,2018-03-16
Q011424,45,F05546,chrome,engine_blink,yes,no,2015-09-01
Q011425,56,F13778,chrome,subtree_engine,yes,no,2017-01-25
Q011426,41,F04899,firefox,lineage_pair,no,no,2015-09-22
Q011427,7.0,F11698,oculus,subtree_engine,yes,no,2019-12-10
Q011428,14.0,F18176,samsunginternet_android,subtree_engine,yes,no,2021-04-17
Q011429,5.0,F07432,oculus,engine_blink,yes,no,2018-07-01
Q011430,27,F07153,webview_ios,engine_webkit,no,no,2026-09-14
Q011431,false,F10322,safari_ios,subtree_engine,yes,no,none
Q011432,false,F10667,safari_ios,engine_webkit,no,no,none
Q011433,5.0,F10071,oculus,subtree_engine,yes,no,2018-07-01
Q011434,2,F12565,chrome,engine_blink,yes,no,2009-05-21
Q011435,25.0,F10046,samsunginternet_android,derivative1,no,no,2024-04-24
Q011436,80,F05065,chrome_android,subtree_engine,yes,no,2020-02-04
Q011437,43,F04741,opera_android,engine_blink,yes,no,2017-09-27
Q011438,41,F06764,firefox_android,lineage_pair,no,no,2015-09-22
Q011439,91,F07498,webview_android,engine_blink,yes,yes,2021-05-25
Q011440,121,F17315,edge,lineage_pair,no,no,2024-01-25
Q011441,66,F04995,webview_android,subtree_engine,yes,no,2018-04-17
Q011442,false,F01884,chrome_android,engine_blink,yes,no,none
Q011443,false,F04367,webview_ios,engine_webkit,no,no,none
Q011444,false,F18025,samsunginternet_android,subtree_engine,yes,no,none
Q011445,11,F10269,safari_ios,engine_webkit,no,yes,2017-09-19
Q011446,60,F17565,chrome,subtree_engine,yes,no,2017-07-25
Q011447,123,F10586,opera,engine_blink,yes,no,2025-10-28
Q011448,6,F15544,firefox_android,subtree_engine,yes,no,2011-08-16
Q011449,false,F05785,safari_ios,engine_webkit,no,no,none
Q011450,17.4,F07118,safari,source1,no,no,2024-03-05
Q011451,79,F03512,edge,subtree_engine,yes,no,2020-01-15
Q011452,11.3,F01511,safari_ios,lineage_pair,no,no,2018-03-29
Q011453,false,F13985,safari,lineage_pair,no,no,none
Q011454,false,F04388,chrome_android,subtree_engine,yes,no,none
Q011455,128,F03334,opera,engine_blink,yes,no,2026-02-26
Q011456,16,F12573,safari,engine_webkit,no,no,2022-09-12
Q011457,139,F13689,webview_android,engine_blink,yes,no,2025-08-05
Q011458,false,F11382,chrome,source1,no,no,none
Q011459,129,F10236,webview_android,engine_blink,yes,no,2024-09-17
Q011460,12.1,F11365,opera_android,engine_blink,yes,no,2012-10-09
Q011461,false,F01802,webview_android,subtree_engine,yes,no,none
Q011462,10.3,F09169,safari_ios,engine_webkit,no,no,2017-03-27
Q011463,false,F17772,safari_ios,engine_webkit,no,no,none
Q011464,66,F00111,firefox,lineage_pair,no,no,2019-03-19
Q011465,false,F01952,safari_ios,engine_webkit,no,no,none
Q011466,18,F14781,chrome_android,random2,no,no,2012-06-27
Q011467,false,F13765,firefox_android,lineage_pair,no,no,none
Q011468,4.4,F00261,webview_android,engine_blink,yes,no,2013-12-09
Q011469,1.3,F08661,safari,source1,no,no,2005-04-15
Q011470,1,F10280,safari_ios,engine_webkit,no,no,2007-06-29
Q011471,1.5,F09512,samsunginternet_android,engine_blink,yes,no,2013-09-25
Q011472,11,F06824,safari_ios,engine_webkit,no,yes,2017-09-19
Q011473,99,F17869,chrome_android,derivative1,no,no,2022-03-01
Q011474,false,F04897,firefox_android,random2,no,no,none
Q011475,12,F14264,edge,engine_blink,yes,no,2015-07-29
Q011476,18,F07005,chrome_android,engine_blink,yes,no,2012-06-27
Q011477,11,F02381,safari,engine_webkit,no,yes,2017-09-19
Q011478,1,F07411,webview_ios,derivative1,no,no,2007-06-29
Q011479,false,F16642,webview_ios,engine_webkit,no,no,none
Q011480,6,F18308,webview_ios,engine_webkit,no,no,2012-09-10
Q011481,false,F02704,chrome_android,engine_blink,yes,no,none
Q011482,false,F04911,safari_ios,subtree_engine,yes,no,none
Q011483,60,F03700,opera_android,engine_blink,yes,no,2020-09-23
Q011484,69,F14230,webview_android,engine_blink,yes,no,2018-09-04
Q011485,3,F13455,safari,subtree_engine,yes,no,2007-10-26
Q011486,12,F10216,edge,engine_blink,yes,no,2015-07-29
Q011487,1,F15884,chrome,source1,no,no,2008-12-11
Q011488,58,F11437,chrome_android,subtree_engine,yes,no,2017-04-25
Q011489,57,F12403,firefox,lineage_pair,no,no,2017-11-14
Q011490,117,F16205,chrome,engine_blink,yes,no,2023-09-12
Q011491,75,F04459,opera_android,engine_blink,yes,no,2023-05-17
Q011492,4.0,F15306,samsunginternet_android,subtree_engine,yes,no,2016-03-11
Q011493,18,F11481,safari_ios,engine_webkit,no,no,2024-09-16
Q011494,4,F03991,firefox_android,random2,no,no,2011-03-29
Q011495,5.0,F01527,oculus,engine_blink,yes,no,2018-07-01
Q011496,42.0,F11158,oculus,subtree_engine,yes,no,2026-01-26
Q011497,105,F13760,chrome_android,subtree_engine,yes,no,2022-09-02
Q011498,125,F03432,firefox_android,lineage_pair,no,no,2024-04-16
Q011499,false,F01345,webview_android,engine_blink,yes,no,none
Q011500,11,F17829,webview_ios,engine_webkit,no,no,2017-09-19
Q011501,91,F03735,chrome_android,engine_blink,yes,yes,2021-05-25
Q011502,52,F06943,webview_android,subtree_engine,yes,no,2016-07-27
Q011503,43,F10111,opera_android,derivative1,no,yes,2017-09-27
Q011504,123,F00426,webview_android,engine_blink,yes,no,2024-03-19
Q011505,48,F04722,opera_android,engine_blink,yes,no,2018-11-08
Q011506,false,F06841,webview_android,random2,no,yes,none
Q011507,148,F02440,webview_android,engine_blink,yes,no,2026-05-05
Q011508,89,F01036,opera,subtree_engine,yes,no,2022-07-07
Q011509,false,F12029,webview_android,random2,no,yes,none
Q011510,1,F05467,safari,source1,no,no,2003-06-23
Q011511,14.5,F14142,safari_ios,engine_webkit,no,no,2021-04-26
Q011512,false,F11861,safari,engine_webkit,no,yes,none
Q011513,81,F13129,edge,subtree_engine,yes,no,2020-04-13
Q011514,66,F10736,chrome,subtree_engine,yes,no,2018-04-17
Q011515,45,F14396,opera,random2,no,no,2017-05-10
Q011516,5.0,F13885,oculus,derivative1,no,no,2018-07-01
Q011517,5,F11746,safari,engine_webkit,no,no,2010-06-07
Q011518,120,F00540,webview_android,subtree_engine,yes,no,2023-12-05
Q011519,5.0,F09069,oculus,engine_blink,yes,no,2018-07-01
Q011520,5,F12943,webview_ios,engine_webkit,no,no,2011-10-12
Q011521,false,F14681,webview_ios,lineage_pair,no,no,none
Q011522,66,F02183,webview_android,engine_blink,yes,no,2018-04-17
Q011523,52,F05592,chrome,subtree_engine,yes,no,2016-07-20
Q011524,18,F11763,chrome_android,engine_blink,yes,no,2012-06-27
Q011525,14,F08328,chrome,engine_blink,yes,no,2011-09-16
Q011526,5.0,F12300,oculus,lineage_pair,no,no,2018-07-01
Q011527,18,F10962,chrome_android,engine_blink,yes,no,2012-06-27
Q011528,5,F02153,safari,lineage_pair,no,no,2010-06-07
Q011529,142,F11617,chrome,source1,no,no,2025-10-28
Q011530,false,F16039,webview_ios,subtree_engine,yes,no,none
Q011531,false,F01396,oculus,engine_blink,yes,yes,none
Q011532,69,F06902,chrome_android,subtree_engine,yes,no,2018-09-04
Q011533,7.0,F04255,samsunginternet_android,subtree_engine,yes,no,2018-03-16
Q011534,148,F09622,webview_android,engine_blink,yes,no,2026-05-05
Q011535,16,F08485,webview_ios,subtree_engine,yes,no,2022-09-12
Q011536,false,F04202,safari,subtree_engine,yes,no,none
Q011537,false,F11651,safari,lineage_pair,no,no,none
Q011538,false,F02256,edge,derivative1,no,no,none
Q011539,4,F06375,firefox_android,lineage_pair,no,no,2011-03-29
Q011540,false,F08277,firefox,lineage_pair,no,no,none
Q011541,52,F10523,chrome_android,engine_blink,yes,no,2016-07-27
Q011542,7,F10941,webview_ios,engine_webkit,no,no,2013-09-18
Q011543,1.0,F14979,samsunginternet_android,subtree_engine,yes,no,2013-04-27
Q011544,111,F11191,opera,engine_blink,yes,no,2024-06-12
Q011545,87,F01083,edge,engine_blink,yes,no,2020-11-19
Q011546,18.0,F07913,samsunginternet_android,engine_blink,yes,no,2022-08-08
Q011547,4,F07110,firefox_android,derivative1,no,no,2011-03-29
Q011548,10.1,F03393,opera_android,random2,no,no,2010-11-09
Q011549,56,F08635,chrome,subtree_engine,yes,no,2017-01-25
Q011550,2,F17768,safari_ios,engine_webkit,no,no,2008-07-11
Q011551,5.0,F04225,oculus,engine_blink,yes,no,2018-07-01
Q011552,30,F10194,opera_android,engine_blink,yes,no,2015-06-10
Q011553,false,F18025,edge,subtree_engine,yes,no,none
Q011554,16,F03632,edge,engine_blink,yes,yes,2017-10-17
Q011555,30.0,F07459,samsunginternet_android,engine_blink,yes,no,2026-05-11
Q011556,12,F03365,edge,engine_blink,yes,no,2015-07-29
Q011557,89,F12316,firefox_android,subtree_engine,yes,no,2021-06-01
Q011558,60,F15015,opera_android,engine_blink,yes,no,2020-09-23
Q011559,1,F18328,chrome,engine_blink,yes,no,2008-12-11
Q011560,91,F03271,edge,engine_blink,yes,yes,2021-05-27
Q011561,4,F11103,firefox_android,lineage_pair,no,no,2011-03-29
Q011562,27,F11003,safari,engine_webkit,no,no,2026-09-14
Q011563,79,F00906,edge,subtree_engine,yes,no,2020-01-15
Q011564,false,F01460,samsunginternet_android,engine_blink,yes,yes,none
Q011565,6,F18485,safari,random2,no,no,2012-07-25
Q011566,57,F12403,firefox_android,lineage_pair,no,no,2017-11-28
Q011567,5,F03295,safari,subtree_engine,yes,no,2010-06-07
Q011568,33.3,F12293,oculus,engine_blink,yes,no,2024-05-31
Q011569,false,F01055,webview_ios,engine_webkit,no,no,none
Q011570,42.0,F13267,oculus,lineage_pair,no,no,2026-01-26
Q011571,26,F08073,safari,engine_webkit,no,no,2025-09-15
Q011572,74,F05586,opera_android,engine_blink,yes,no,2023-03-13
Q011573,57,F17461,chrome,source1,no,yes,2017-03-09
Q011574,51,F17933,chrome,engine_blink,yes,no,2016-05-25
Q011575,57,F16357,opera_android,subtree_engine,yes,no,2020-03-30
Q011576,18.2,F04556,safari,engine_webkit,no,no,2024-12-11
Q011577,18,F05209,chrome_android,engine_blink,yes,no,2012-06-27
Q011578,131,F17719,edge,engine_blink,yes,no,2024-11-14
Q011579,67,F04978,chrome,random2,no,no,2018-05-29
Q011580,33,F07700,chrome,lineage_pair,no,no,2014-02-20
Q011581,18,F15007,chrome_android,engine_blink,yes,no,2012-06-27
Q011582,false,F06267,safari_ios,engine_webkit,no,no,none
Q011583,111,F17789,opera,derivative1,no,no,2024-06-12
Q011584,139,F17399,chrome,engine_blink,yes,no,2025-08-05
Q011585,false,F05771,samsunginternet_android,subtree_engine,yes,no,none
Q011586,false,F15040,safari_ios,engine_webkit,no,no,none
Q011587,1,F09282,chrome,engine_blink,yes,no,2008-12-11
Q011588,8.0,F04096,samsunginternet_android,engine_blink,yes,no,2018-07-18
Q011589,52,F14575,firefox,lineage_pair,no,yes,2017-03-07
Q011590,36,F16498,opera_android,engine_blink,yes,no,2016-03-31
Q011591,58,F11708,webview_android,subtree_engine,yes,no,2017-04-25
Q011592,2.0,F03365,samsunginternet_android,engine_blink,yes,no,2014-10-17
Q011593,98,F04918,firefox,subtree_engine,yes,no,2022-03-08
Q011594,56,F03346,chrome,subtree_engine,yes,no,2017-01-25
Q011595,false,F16969,safari,lineage_pair,no,yes,none
Q011596,25,F00092,chrome_android,engine_blink,yes,no,2013-02-27
Q011597,14,F10877,opera_android,engine_blink,yes,no,2013-05-21
Q011598,153,F10383,firefox_android,subtree_engine,yes,no,2026-07-21
Q011599,false,F05472,webview_ios,subtree_engine,yes,no,none
Q011600,25,F14535,chrome_android,engine_blink,yes,no,2013-02-27
Q011601,5.0,F17799,oculus,engine_blink,yes,no,2018-07-01
Q011602,60,F11959,webview_android,subtree_engine,yes,no,2017-08-01
Q011603,44,F15292,opera_android,subtree_engine,yes,no,2017-12-11
Q011604,11,F17829,safari,engine_webkit,no,no,2017-09-19
Q011605,false,F15871,safari,engine_webkit,no,no,none
Q011606,17.2,F17636,safari_ios,engine_webkit,no,no,2023-12-11
Q011607,90,F03252,edge,derivative1,no,no,2021-04-15
Q011608,129,F10236,edge,engine_blink,yes,no,2024-09-19
Q011609,false,F17323,safari_ios,engine_webkit,no,no,none
Q011610,16.4,F13993,safari,engine_webkit,no,no,2023-03-27
Q011611,57,F06083,opera_android,engine_blink,yes,no,2020-03-30
Q011612,23,F07372,chrome,source1,no,no,2012-11-06
Q011613,5.0,F14540,oculus,subtree_engine,yes,no,2018-07-01
Q011614,17,F12024,webview_ios,subtree_engine,yes,no,2023-09-18
Q011615,5.0,F07242,oculus,engine_blink,yes,no,2018-07-01
Q011616,false,F17776,samsunginternet_android,engine_blink,yes,yes,none
Q011617,109,F13984,chrome,engine_blink,yes,yes,2023-01-10
Q011618,16.4,F06966,safari_ios,engine_webkit,no,yes,2023-03-27
Q011619,86,F13555,opera_android,engine_blink,yes,yes,2024-12-02
Q011620,63,F12313,chrome,engine_blink,yes,no,2017-12-06
Q011621,4,F12360,firefox_android,subtree_engine,yes,no,2011-03-29
Q011622,5.0,F07072,oculus,engine_blink,yes,no,2018-07-01
Q011623,31.2,F13984,oculus,engine_blink,yes,yes,2024-01-15
Q011624,68,F18216,opera,subtree_engine,yes,no,2020-04-22
Q011625,80,F16298,edge,subtree_engine,yes,no,2020-02-07
Q011626,5.0,F10193,oculus,subtree_engine,yes,no,2018-07-01
Q011627,31.2,F02139,oculus,engine_blink,yes,no,2024-01-15
Q011628,52,F00058,firefox,lineage_pair,no,yes,2017-03-07
Q011629,11.3,F03439,safari_ios,engine_webkit,no,no,2018-03-29
Q011630,false,F02175,safari_ios,engine_webkit,no,no,none
Q011631,false,F09834,edge,random2,no,yes,none
Q011632,43,F07549,opera_android,subtree_engine,yes,no,2017-09-27
Q011633,11,F17829,safari_ios,engine_webkit,no,no,2017-09-19
Q011634,18,F14510,edge,engine_blink,yes,no,2018-10-02
Q011635,5.0,F11493,samsunginternet_android,engine_blink,yes,no,2016-12-15
Q011636,1,F07787,firefox,random2,no,no,2004-11-09
Q011637,false,F03601,webview_android,engine_blink,yes,no,none
Q011638,5.0,F01039,oculus,engine_blink,yes,no,2018-07-01
Q011639,18,F09862,chrome_android,random2,no,no,2012-06-27
Q011640,12.1,F00832,opera_android,engine_blink,yes,no,2012-10-09
Q011641,89,F06111,firefox,random2,no,yes,2021-06-01
Q011642,14.5,F01521,safari_ios,lineage_pair,no,no,2021-04-26
Q011643,26.2,F17058,webview_ios,engine_webkit,no,no,2025-12-12
Q011644,4.2,F09432,safari_ios,subtree_engine,yes,no,2010-11-22
Q011645,14,F11862,opera_android,engine_blink,yes,no,2013-05-21
Q011646,43,F03512,opera,subtree_engine,yes,no,2017-02-07
Q011647,127,F10237,firefox_android,lineage_pair,no,no,2024-06-11
Q011648,false,F17027,webview_android,lineage_pair,no,no,none
Q011649,123,F00426,edge,engine_blink,yes,no,2024-03-22
Q011650,56,F13532,chrome,subtree_engine,yes,no,2017-01-25
Q011651,7.0,F09724,samsunginternet_android,engine_blink,yes,yes,2018-03-16
Q011652,47,F07290,chrome,source1,no,no,2015-12-01
Q011653,6.0,F03377,samsunginternet_android,engine_blink,yes,no,2017-08-23
Q011654,37,F11917,opera_android,subtree_engine,yes,no,2016-06-16
Q011655,8,F08126,firefox_android,subtree_engine,yes,no,2011-11-08
Q011656,7.0,F03512,samsunginternet_android,subtree_engine,yes,no,2018-03-16
Q011657,84,F14808,webview_android,subtree_engine,yes,no,2020-07-27
Q011658,58,F03346,chrome_android,subtree_engine,yes,no,2017-04-25
Q011659,4.4,F06977,webview_android,engine_blink,yes,no,2013-12-09
Q011660,6.0,F05419,samsunginternet_android,engine_blink,yes,no,2017-08-23
Q011661,52,F14934,firefox_android,random2,no,yes,2017-03-07
Q011662,43,F17562,opera_android,engine_blink,yes,no,2017-09-27
Q011663,1,F09938,safari_ios,engine_webkit,no,no,2007-06-29
Q011664,18,F08047,chrome_android,engine_blink,yes,no,2012-06-27
Q011665,116,F00381,chrome_android,engine_blink,yes,no,2023-08-15
Q011666,118,F04020,edge,engine_blink,yes,no,2023-10-13
Q011667,8.0,F11028,oculus,subtree_engine,yes,no,2020-02-10
Q011668,3,F01788,safari,engine_webkit,no,no,2007-10-26
Q011669,66,F07351,opera_android,random2,no,no,2021-12-15
Q011670,5.0,F01385,oculus,subtree_engine,yes,no,2018-07-01
Q011671,8,F08042,firefox_android,subtree_engine,yes,no,2011-11-08
Q011672,false,F09082,safari,source1,no,no,none
Q011673,6.0,F04440,oculus,engine_blink,yes,no,2019-08-12
Q011674,1.0,F07843,samsunginternet_android,engine_blink,yes,no,2013-04-27
Q011675,52,F11128,firefox,source1,no,yes,2017-03-07
Q011676,69,F10811,chrome_android,engine_blink,yes,no,2018-09-04
Q011677,6,F09531,safari_ios,engine_webkit,no,no,2012-09-10
Q011678,1,F02825,chrome,engine_blink,yes,no,2008-12-11
Q011679,11,F02594,safari,engine_webkit,no,no,2017-09-19
Q011680,139,F10546,chrome,random2,no,no,2025-08-05
Q011681,14,F08328,opera_android,engine_blink,yes,no,2013-05-21
Q011682,11,F04366,safari_ios,engine_webkit,no,no,2017-09-19
Q011683,16.4,F09805,safari,lineage_pair,no,no,2023-03-27
Q011684,103,F16205,opera,engine_blink,yes,no,2023-10-03
Q011685,false,F13663,firefox,source1,no,no,none
Q011686,12,F03377,edge,engine_blink,yes,no,2015-07-29
Q011687,76,F09837,chrome,source1,no,no,2019-07-30
Q011688,4.4,F04599,webview_android,engine_blink,yes,no,2013-12-09
Q011689,9,F16228,webview_ios,engine_webkit,no,no,2015-09-16
Q011690,60,F15292,chrome,subtree_engine,yes,no,2017-07-25
Q011691,14.1,F02768,safari,lineage_pair,no,no,2021-04-26
Q011692,3.2,F10427,safari_ios,random2,no,no,2010-04-03
Q011693,12.0,F11028,samsunginternet_android,subtree_engine,yes,no,2020-06-19
Q011694,47,F08092,opera,subtree_engine,yes,no,2017-08-09
Q011695,31.2,F04674,oculus,subtree_engine,yes,no,2024-01-15
Q011696,false,F15995,webview_ios,subtree_engine,yes,no,none
Q011697,7,F09608,webview_ios,engine_webkit,no,no,2013-09-18
Q011698,false,F15799,chrome_android,subtree_engine,yes,no,none
Q011699,13.0,F10277,samsunginternet_android,engine_blink,yes,no,2020-12-02
Q011700,3,F17714,webview_android,derivative1,no,no,2011-02-22
Q011701,1,F02966,firefox,lineage_pair,no,no,2004-11-09
Q011702,1.0,F04594,samsunginternet_android,engine_blink,yes,no,2013-04-27
Q011703,80,F10229,chrome,subtree_engine,yes,no,2020-02-04
Q011704,136,F18121,firefox_android,lineage_pair,no,no,2025-03-04
Q011705,79,F16357,chrome_android,subtree_engine,yes,no,2019-12-17
Q011706,15.4,F08104,safari_ios,subtree_engine,yes,no,2022-03-14
Q011707,false,F16719,oculus,engine_blink,yes,no,none
Q011708,false,F16906,webview_android,random2,no,no,none
Q011709,10,F00483,safari,source1,no,no,2016-09-20
Q011710,11,F15394,webview_ios,engine_webkit,no,yes,2017-09-19
Q011711,9.3,F01283,webview_ios,engine_webkit,no,no,2016-03-21
Q011712,4.4,F11274,webview_android,engine_blink,yes,no,2013-12-09
Q011713,false,F14471,webview_ios,engine_webkit,no,no,none
Q011714,6.0,F14690,oculus,derivative1,no,no,2019-08-12
Q011715,18.2,F10047,webview_ios,engine_webkit,no,no,2024-12-11
Q011716,74,F11682,opera_android,subtree_engine,yes,yes,2023-03-13
Q011717,10.1,F02491,safari,lineage_pair,no,no,2017-03-27
Q011718,false,F08051,firefox,lineage_pair,no,no,none
Q011719,89,F05062,firefox,lineage_pair,no,yes,2021-06-01
Q011720,8,F08610,firefox,subtree_engine,yes,no,2011-11-08
Q011721,59,F13786,chrome,engine_blink,yes,no,2017-06-05
Q011722,4.2,F10409,safari_ios,subtree_engine,yes,no,2010-11-22
Q011723,1,F12972,chrome,subtree_engine,yes,no,2008-12-11
Q011724,8,F08081,firefox,subtree_engine,yes,no,2011-11-08
Q011725,false,F09124,firefox,source1,no,no,none
Q011726,37,F03582,opera_android,subtree_engine,yes,no,2016-06-16
Q011727,56,F03939,opera,subtree_engine,yes,no,2018-09-25
Q011728,13.4,F02807,safari_ios,engine_webkit,no,no,2020-03-24
Q011729,false,F16925,samsunginternet_android,engine_blink,yes,yes,none
Q011730,18,F10929,safari_ios,derivative1,no,no,2024-09-16
Q011731,12,F03361,edge,derivative1,no,no,2015-07-29
Q011732,3.1,F03415,safari,engine_webkit,no,no,2008-03-18
Q011733,11,F10028,opera_android,engine_blink,yes,no,2011-03-22
Q011734,44,F05715,opera,random2,no,yes,2017-03-21
Q011735,12.2,F00376,webview_ios,engine_webkit,no,no,2019-03-25
Q011736,12,F10608,opera_android,derivative1,no,no,2012-02-25
Q011737,30.0,F16638,samsunginternet_android,engine_blink,yes,no,2026-05-11
Q011738,66,F05372,chrome,source1,no,no,2018-04-17
Q011739,false,F15049,webview_android,derivative1,no,no,none
Q011740,16.0,F03271,oculus,engine_blink,yes,yes,2021-06-07
Q011741,1.2,F18092,safari,subtree_engine,yes,no,2004-02-02
Q011742,121,F12930,edge,engine_blink,yes,no,2024-01-25
Q011743,1,F17763,safari,engine_webkit,no,no,2003-06-23
Q011744,false,F13453,oculus,lineage_pair,no,no,none
Q011745,52,F16492,firefox,source1,no,yes,2017-03-07
Q011746,52,F13976,opera,engine_blink,yes,no,2018-03-22
Q011747,67,F11574,opera_android,random2,no,no,2022-01-31
Q011748,1,F07550,safari_ios,engine_webkit,no,no,2007-06-29
Q011749,false,F11370,safari_ios,random2,no,no,none
Q011750,41,F02499,firefox_android,lineage_pair,no,no,2015-09-22
Q011751,16.4,F01888,safari_ios,engine_webkit,no,no,2023-03-27
Q011752,136,F06266,chrome,subtree_engine,yes,no,2025-04-29
Q011753,57,F18115,opera_android,engine_blink,yes,no,2020-03-30
Q011754,8,F00144,firefox_android,subtree_engine,yes,no,2011-11-08
Q011755,125,F04368,edge,lineage_pair,no,no,2024-05-17
Q011756,12,F17799,edge,engine_blink,yes,no,2015-07-29
Q011757,5.0,F13532,oculus,subtree_engine,yes,no,2018-07-01
Q011758,1,F06790,safari_ios,engine_webkit,no,no,2007-06-29
Q011759,10.1,F08559,safari,engine_webkit,no,no,2017-03-27
Q011760,5.0,F17562,oculus,engine_blink,yes,no,2018-07-01
Q011761,24,F13279,firefox_android,lineage_pair,no,no,2013-09-17
Q011762,81,F18216,edge,subtree_engine,yes,no,2020-04-13
Q011763,14.1,F17939,safari,engine_webkit,no,no,2021-04-26
Q011764,7,F16094,safari,engine_webkit,no,no,2013-10-22
Q011765,86,F06418,edge,subtree_engine,yes,no,2020-10-09
Q011766,81,F18216,webview_android,subtree_engine,yes,no,2020-04-07
Q011767,12.1,F17996,opera,engine_blink,yes,no,2012-11-20
Q011768,false,F04622,firefox_android,derivative1,no,no,none
Q011769,1,F15978,chrome,engine_blink,yes,no,2008-12-11
Q011770,5.0,F00531,oculus,engine_blink,yes,no,2018-07-01
Q011771,11,F16240,safari_ios,engine_webkit,no,yes,2017-09-19
Q011772,58,F12997,chrome_android,subtree_engine,yes,no,2017-04-25
Q011773,11,F00011,safari_ios,random2,no,no,2017-09-19
Q011774,false,F03741,safari_ios,random2,no,no,none
Q011775,95,F15687,opera,engine_blink,yes,no,2023-02-01
Q011776,5.0,F15639,oculus,engine_blink,yes,yes,2018-07-01
Q011777,1,F13086,chrome,source1,no,no,2008-12-11
Q011778,86,F17335,webview_android,subtree_engine,yes,no,2020-10-20
Q011779,12,F17952,edge,random2,no,no,2015-07-29
Q011780,117,F06146,chrome,random2,no,no,2023-09-12
Q011781,1.0,F14264,samsunginternet_android,engine_blink,yes,no,2013-04-27
Q011782,5.0,F07808,oculus,engine_blink,yes,no,2018-07-01
Q011783,10.1,F02994,safari,engine_webkit,no,no,2017-03-27
Q011784,1,F07798,safari,source1,no,no,2003-06-23
Q011785,20.0,F11221,samsunginternet_android,engine_blink,yes,no,2023-02-10
Q011786,1,F11628,safari,source1,no,no,2003-06-23
Q011787,18,F09746,safari,engine_webkit,no,no,2024-09-16
Q011788,136,F08588,chrome_android,subtree_engine,yes,no,2025-04-29
Q011789,95,F17402,firefox,lineage_pair,no,no,2021-12-07
Q011790,28.0,F16222,samsunginternet_android,engine_blink,yes,no,2025-04-02
Q011791,13.1,F09308,safari,lineage_pair,no,no,2020-03-24
Q011792,50,F04420,firefox_android,subtree_engine,yes,no,2016-11-15
Q011793,85,F09954,chrome,engine_blink,yes,yes,2020-08-25
Q011794,12.2,F14347,webview_ios,subtree_engine,yes,no,2019-03-25
Q011795,5.1,F06178,safari,subtree_engine,yes,no,2011-07-20
Q011796,7,F09793,webview_ios,random2,no,no,2013-09-18
Q011797,false,F06701,firefox_android,subtree_engine,yes,no,none
Q011798,false,F01124,chrome,source1,no,no,none
Q011799,60,F15292,webview_android,subtree_engine,yes,no,2017-08-01
Q011800,15.4,F00166,safari,source1,no,no,2022-03-14
Q011801,125,F11191,edge,engine_blink,yes,no,2024-05-17
Q011802,78,F14556,opera_android,random2,no,no,2023-10-23
Q011803,1,F04873,safari_ios,engine_webkit,no,no,2007-06-29
Q011804,146,F00694,webview_android,engine_blink,yes,no,2026-03-10
Q011805,false,F14008,edge,engine_blink,yes,no,none
Q011806,false,F11193,safari_ios,derivative1,no,no,none
Q011807,12.1,F09084,opera,engine_blink,yes,no,2012-11-20
Q011808,1,F04682,firefox,subtree_engine,yes,yes,2004-11-09
Q011809,16.4,F15421,safari_ios,random2,no,no,2023-03-27
Q011810,15,F03730,opera,engine_blink,yes,no,2013-07-02
Q011811,27,F04601,webview_ios,subtree_engine,yes,no,2026-09-14
Q011812,7,F15369,safari,lineage_pair,no,yes,2013-10-22
Q011813,56,F01345,chrome_android,engine_blink,yes,no,2017-02-01
Q011814,2,F05843,webview_ios,engine_webkit,no,no,2008-07-11
Q011815,false,F05771,webview_android,subtree_engine,yes,no,none
Q011816,false,F09406,firefox_android,lineage_pair,no,no,none
Q011817,5.0,F16326,oculus,random2,no,no,2018-07-01
Q011818,5.0,F06775,oculus,engine_blink,yes,no,2018-07-01
Q011819,6,F16358,webview_ios,engine_webkit,no,no,2012-09-10
Q011820,16.0,F18221,oculus,random2,no,yes,2021-06-07
Q011821,18,F12237,chrome_android,engine_blink,yes,no,2012-06-27
Q011822,false,F14073,safari,source1,no,no,none
Q011823,15,F04981,opera,engine_blink,yes,no,2013-07-02
Q011824,79,F10900,edge,subtree_engine,yes,no,2020-01-15
Q011825,133,F07628,edge,engine_blink,yes,no,2025-02-06
Q011826,31.2,F07858,oculus,subtree_engine,yes,no,2024-01-15
Q011827,56,F02863,chrome,subtree_engine,yes,no,2017-01-25
Q011828,15,F12972,opera,subtree_engine,yes,no,2013-07-02
Q011829,false,F17585,safari,engine_webkit,no,no,none
Q011830,95,F05845,edge,engine_blink,yes,no,2021-10-21
Q011831,1.0,F09131,samsunginternet_android,engine_blink,yes,no,2013-04-27
Q011832,16.0,F13398,samsunginternet_android,subtree_engine,yes,no,2021-11-25
Q011833,5.0,F02129,oculus,random2,no,no,2018-07-01
Q011834,10.1,F09169,safari,engine_webkit,no,no,2017-03-27
Q011835,12.1,F03413,opera,engine_blink,yes,no,2012-11-20
Q011836,1,F12203,safari,engine_webkit,no,no,2003-06-23
Q011837,4.4.3,F00092,webview_android,engine_blink,yes,no,2014-06-02
Q011838,12,F06333,edge,derivative1,no,no,2015-07-29
Q011839,81,F10199,opera_android,engine_blink,yes,no,2024-03-14
Q011840,13.0,F08639,oculus,random2,no,no,2020-12-10
Q011841,43,F00913,webview_android,engine_blink,yes,no,2015-05-27
Q011842,79,F17562,edge,engine_blink,yes,no,2020-01-15
Q011843,74,F15813,opera_android,engine_blink,yes,yes,2023-03-13
Q011844,15.6,F03693,safari,source1,no,no,2022-07-20
Q011845,129,F10707,chrome,engine_blink,yes,no,2024-09-17
Q011846,144,F06936,edge,engine_blink,yes,no,2026-01-21
Q011847,31,F13588,firefox,random2,no,no,2014-07-22
Q011848,6.0,F14774,samsunginternet_android,subtree_engine,yes,no,2017-08-23
Q011849,91,F13398,edge,subtree_engine,yes,no,2021-05-27
Q011850,60,F05952,opera_android,engine_blink,yes,no,2020-09-23
Q011851,12.1,F17086,opera,engine_blink,yes,no,2012-11-20
Q011852,5.1,F16809,safari,lineage_pair,no,no,2011-07-20
Q011853,false,F08353,safari_ios,subtree_engine,yes,no,none
Q011854,1,F17897,webview_ios,engine_webkit,no,no,2007-06-29
Q011855,5.0,F12625,oculus,derivative1,no,no,2018-07-01
Q011856,false,F01658,webview_ios,subtree_engine,yes,no,none
Q011857,12,F06332,webview_ios,engine_webkit,no,no,2018-09-17
Q011858,1.0,F06963,samsunginternet_android,engine_blink,yes,no,2013-04-27
Q011859,79,F11954,firefox_android,random2,no,yes,2020-07-28
Q011860,18,F08682,chrome_android,engine_blink,yes,no,2012-06-27
Q011861,12.1,F01217,safari,engine_webkit,no,no,2019-03-25
Q011862,26,F11102,webview_ios,engine_webkit,no,no,2025-09-15
Q011863,false,F15799,samsunginternet_android,subtree_engine,yes,no,none
Q011864,58,F12544,webview_android,subtree_engine,yes,no,2017-04-25
Q011865,2,F17768,webview_ios,engine_webkit,no,no,2008-07-11
Q011866,43,F16280,opera_android,subtree_engine,yes,no,2017-09-27
Q011867,58,F09734,chrome_android,subtree_engine,yes,no,2017-04-25
Q011868,false,F06653,firefox,subtree_engine,yes,no,none
Q011869,80,F15764,chrome_android,engine_blink,yes,no,2020-02-04
Q011870,false,F05238,safari_ios,derivative1,no,yes,none
Q011871,18,F09575,safari,engine_webkit,no,no,2024-09-16
Q011872,28.0,F08053,samsunginternet_android,engine_blink,yes,no,2025-04-02
Q011873,41.0,F15986,oculus,engine_blink,yes,no,2025-10-21
Q011874,74,F13984,opera_android,engine_blink,yes,yes,2023-03-13
Q011875,4.4,F04747,webview_android,derivative1,no,no,2013-12-09
Q011876,4,F13344,firefox_android,subtree_engine,yes,no,2011-03-29
Q011877,5.0,F09493,oculus,lineage_pair,no,no,2018-07-01
Q011878,5,F13829,safari_ios,engine_webkit,no,no,2011-10-12
Q011879,15.4,F08663,safari,engine_webkit,no,no,2022-03-14
Q011880,false,F10072,safari_ios,lineage_pair,no,no,none
Q011881,61,F17335,opera_android,subtree_engine,yes,no,2020-12-07
Q011882,false,F14599,webview_android,engine_blink,yes,no,none
Q011883,false,F05168,firefox,random2,no,no,none
Q011884,false,F14160,opera,derivative1,no,no,none
Q011885,34,F05477,oculus,derivative1,no,no,2024-06-26
Q011886,11.1,F12375,safari,engine_webkit,no,no,2018-04-12
Q011887,8.0,F08222,oculus,subtree_engine,yes,no,2020-02-10
Q011888,14.1,F01629,safari,random2,no,no,2021-04-26
Q011889,48,F07701,firefox,source1,no,no,2016-08-02
Q011890,false,F07536,firefox_android,lineage_pair,no,no,none
Q011891,false,F02704,opera_android,engine_blink,yes,no,none
Q011892,94,F06537,edge,engine_blink,yes,no,2021-09-24
Q011893,false,F12634,webview_ios,derivative1,no,no,none
Q011894,26,F16055,webview_ios,random2,no,no,2025-09-15
Q011895,6,F15891,safari,random2,no,no,2012-07-25
Q011896,5.0,F02633,samsunginternet_android,subtree_engine,yes,no,2016-12-15
Q011897,10,F17568,webview_ios,engine_webkit,no,yes,2016-09-13
Q011898,false,F00504,webview_android,engine_blink,yes,no,none
Q011899,80,F16548,chrome_android,subtree_engine,yes,no,2020-02-04
Q011900,16.4,F02743,safari_ios,engine_webkit,no,yes,2023-03-27
Q011901,false,F07913,webview_android,engine_blink,yes,no,none
Q011902,4,F02401,firefox,subtree_engine,yes,no,2011-03-22
Q011903,false,F05632,webview_ios,random2,no,no,none
Q011904,false,F00138,webview_ios,random2,no,no,none
Q011905,11.0,F09419,oculus,engine_blink,yes,no,2020-07-31
Q011906,14,F13122,opera_android,engine_blink,yes,no,2013-05-21
Q011907,31.2,F15813,oculus,engine_blink,yes,yes,2024-01-15
Q011908,15.2,F14791,webview_ios,lineage_pair,no,yes,2021-12-13
Q011909,14,F08620,chrome,engine_blink,yes,no,2011-09-16
Q011910,false,F11960,edge,lineage_pair,no,yes,none
Q011911,false,F06267,webview_ios,engine_webkit,no,no,none
Q011912,95,F05845,chrome,engine_blink,yes,no,2021-10-19
Q011913,56,F17834,chrome,subtree_engine,yes,no,2017-01-25
Q011914,false,F04978,firefox_android,random2,no,no,none
Q011915,30.0,F11822,samsunginternet_android,subtree_engine,yes,no,2026-05-11
Q011916,21,F05876,opera,engine_blink,yes,no,2014-05-06
Q011917,10.1,F06977,opera_android,engine_blink,yes,no,2010-11-09
Q011918,1,F01019,firefox,source1,no,no,2004-11-09
Q011919,11,F03228,safari_ios,engine_webkit,no,yes,2017-09-19
Q011920,1.2,F11388,safari,subtree_engine,yes,no,2004-02-02
Q011921,4,F15873,safari,engine_webkit,no,no,2009-06-08
Q011922,79,F02911,edge,engine_blink,yes,no,2020-01-15
Q011923,12,F17360,edge,derivative1,no,no,2015-07-29
Q011924,18.4,F14158,safari,subtree_engine,yes,yes,2025-03-31
Q011925,66,F08373,chrome_android,random2,no,no,2018-04-17
Q011926,18,F06709,chrome_android,subtree_engine,yes,no,2012-06-27
Q011927,3,F17897,safari,engine_webkit,no,no,2007-10-26
Q011928,1,F00825,webview_ios,engine_webkit,no,no,2007-06-29
Q011929,80,F16336,edge,subtree_engine,yes,no,2020-02-07
Q011930,false,F14137,edge,random2,no,no,none
Q011931,127,F00779,chrome_android,engine_blink,yes,no,2024-07-23
Q011932,123,F10567,opera,engine_blink,yes,no,2025-10-28
Q011933,10,F09810,safari,engine_webkit,no,no,2016-09-20
Q011934,14,F07844,opera_android,engine_blink,yes,no,2013-05-21
Q011935,11.1,F11089,safari,engine_webkit,no,no,2018-04-12
Q011936,3.2,F17309,safari_ios,engine_webkit,no,no,2010-04-03
Q011937,14.5,F03316,safari_ios,engine_webkit,no,no,2021-04-26
Q011938,false,F03880,safari,lineage_pair,no,no,none
Q011939,32,F10315,oculus,engine_blink,yes,no,2024-02-27
Q011940,39,F06270,firefox_android,lineage_pair,no,no,2015-07-02
Q011941,false,F14043,chrome,random2,no,no,none
Q011942,63,F14620,chrome,engine_blink,yes,no,2017-12-06
Q011943,45,F14123,chrome,engine_blink,yes,no,2015-09-01
Q011944,5,F12943,safari_ios,engine_webkit,no,no,2011-10-12
Q011945,1,F00321,safari_ios,engine_webkit,no,no,2007-06-29
Q011946,false,F00526,safari_ios,lineage_pair,no,no,none
Q011947,18.4,F12131,safari,engine_webkit,no,no,2025-03-31
Q011948,16.0,F04862,samsunginternet_android,random2,no,yes,2021-11-25
Q011949,5.0,F15859,oculus,random2,no,no,2018-07-01
Q011950,5.0,F16970,oculus,subtree_engine,yes,no,2018-07-01
Q011951,4.4,F14064,webview_android,engine_blink,yes,no,2013-12-09
Q011952,false,F10021,opera_android,engine_blink,yes,yes,none
Q011953,129,F00509,webview_android,engine_blink,yes,no,2024-09-17
Q011954,10,F05215,safari_ios,random2,no,yes,2016-09-13
Q011955,false,F02440,oculus,engine_blink,yes,no,none
Q011956,7,F13764,chrome,lineage_pair,no,no,2010-10-19
Q011957,11,F15085,safari_ios,engine_webkit,no,yes,2017-09-19
Q011958,3.2,F04961,safari_ios,lineage_pair,no,no,2010-04-03
Q011959,11,F16918,safari_ios,lineage_pair,no,yes,2017-09-19
Q011960,127,F08203,firefox_android,subtree_engine,yes,no,2024-06-11
Q011961,120,F04561,opera,engine_blink,yes,no,2025-07-02
Q011962,16,F09075,chrome,engine_blink,yes,no,2011-12-13
Q011963,16,F11710,safari,subtree_engine,yes,no,2022-09-12
Q011964,1.0,F17229,samsunginternet_android,engine_blink,yes,no,2013-04-27
Q011965,89,F11947,firefox_android,derivative1,no,yes,2021-06-01
Q011966,15,F07325,opera,engine_blink,yes,no,2013-07-02
Q011967,false,F00272,chrome,engine_blink,yes,no,none
Q011968,18,F09131,chrome_android,engine_blink,yes,no,2012-06-27
Q011969,18.4,F00333,safari,engine_webkit,no,yes,2025-03-31
Q011970,43,F00315,firefox,subtree_engine,yes,no,2015-12-15
Q011971,44,F15537,firefox,subtree_engine,yes,no,2016-01-26
Q011972,20.0,F02421,samsunginternet_android,subtree_engine,yes,no,2023-02-10
Q011973,5.0,F13772,oculus,engine_blink,yes,no,2018-07-01
Q011974,5.0,F11305,oculus,derivative1,no,no,2018-07-01
Q011975,false,F11749,webview_android,derivative1,no,no,none
Q011976,7.0,F07689,samsunginternet_android,derivative1,no,yes,2018-03-16
Q011977,false,F16688,edge,engine_blink,yes,no,none
Q011978,1.5,F18272,samsunginternet_android,subtree_engine,yes,no,2013-09-25
Q011979,false,F16205,webview_android,engine_blink,yes,no,none
Q011980,73,F13329,opera,engine_blink,yes,no,2020-12-09
Q011981,124,F09549,webview_android,subtree_engine,yes,no,2024-04-16
Q011982,3,F16095,safari,random2,no,no,2007-10-26
Q011983,false,F14111,safari_ios,subtree_engine,yes,no,none
Q011984,67,F14991,opera_android,lineage_pair,no,yes,2022-01-31
Q011985,37,F02483,opera,engine_blink,yes,no,2016-05-04
Q011986,58,F07549,chrome_android,subtree_engine,yes,no,2017-04-25
Q011987,7.0,F16830,oculus,random2,no,no,2019-12-10
Q011988,false,F00577,safari,random2,no,no,none
Q011989,31.2,F04459,oculus,engine_blink,yes,no,2024-01-15
Q011990,27,F07153,safari_ios,engine_webkit,no,no,2026-09-14
Q011991,109,F05421,chrome_android,engine_blink,yes,yes,2023-01-10
Q011992,18,F02005,chrome_android,engine_blink,yes,no,2012-06-27
Q011993,39,F03792,opera,subtree_engine,yes,no,2016-08-02
Q011994,false,F15543,chrome,source1,no,yes,none
Q011995,false,F00921,edge,random2,no,no,none
Q011996,15,F05299,opera,subtree_engine,yes,no,2013-07-02
Q011997,63,F18289,opera,subtree_engine,yes,no,2019-08-20
Q011998,1.2,F08353,safari,subtree_engine,yes,no,2004-02-02
Q011999,11,F12015,safari,random2,no,yes,2017-09-19
Q012000,7,F05105,safari_ios,engine_webkit,no,no,2013-09-18
Q012001,5.0,F17016,oculus,engine_blink,yes,no,2018-07-01
Q012002,1,F08896,safari_ios,engine_webkit,no,no,2007-06-29
Q012003,109,F02797,chrome,source1,no,yes,2023-01-10
Q012004,46,F02911,opera_android,engine_blink,yes,no,2018-05-14
Q012005,7.0,F18289,oculus,subtree_engine,yes,no,2019-12-10
Q012006,6.0,F04881,oculus,engine_blink,yes,no,2019-08-12
Q012007,1,F13176,safari,engine_webkit,no,no,2003-06-23
Q012008,18.4,F12131,webview_ios,engine_webkit,no,no,2025-03-31
Q012009,false,F11916,safari,source1,no,no,none
Q012010,17.0,F07801,oculus,engine_blink,yes,no,2021-09-13
Q012011,72,F15510,chrome_android,engine_blink,yes,no,2019-01-29
Q012012,26,F16612,webview_ios,subtree_engine,yes,no,2025-09-15
Q012013,false,F14169,webview_ios,engine_webkit,no,no,none
Q012014,false,F09844,oculus,engine_blink,yes,no,none
Q012015,41.0,F07459,oculus,engine_blink,yes,no,2025-10-21
Q012016,128,F13837,webview_android,random2,no,no,2024-08-20
Q012017,57,F07193,webview_android,engine_blink,yes,yes,2017-03-16
Q012018,3.2,F12495,webview_ios,engine_webkit,no,no,2010-04-03
Q012019,6.0,F16003,oculus,random2,no,no,2019-08-12
Q012020,74,F01921,opera_android,engine_blink,yes,yes,2023-03-13
Q012021,3.2,F10542,webview_ios,engine_webkit,no,no,2010-04-03
Q012022,12,F02599,edge,engine_blink,yes,no,2015-07-29
Q012023,18,F17196,chrome_android,engine_blink,yes,no,2012-06-27
Q012024,10.0,F05994,samsunginternet_android,subtree_engine,yes,no,2019-08-22
Q012025,57,F03632,webview_android,engine_blink,yes,yes,2017-03-16
Q012026,76,F18289,webview_android,subtree_engine,yes,no,2019-07-30
Q012027,118,F07484,webview_android,subtree_engine,yes,no,2023-10-10
Q012028,47,F03515,chrome_android,engine_blink,yes,no,2015-12-02
Q012029,false,F15968,webview_android,subtree_engine,yes,no,none
Q012030,false,F11319,safari,engine_webkit,no,no,none
Q012031,5.0,F01852,oculus,engine_blink,yes,no,2018-07-01
Q012032,12,F18242,edge,random2,no,no,2015-07-29
Q012033,65,F11279,chrome,source1,no,no,2018-03-06
Q012034,false,F03880,webview_ios,lineage_pair,no,no,none
Q012035,52,F02793,chrome,source1,no,no,2016-07-20
Q012036,75,F05811,chrome,lineage_pair,no,no,2019-06-04
Q012037,9,F06138,opera,engine_blink,yes,no,2006-06-20
Q012038,28,F03721,chrome_android,derivative1,no,no,2013-07-10
Q012039,43,F11437,opera_android,subtree_engine,yes,no,2017-09-27
Q012040,41,F03321,opera_android,engine_blink,yes,no,2016-10-25
Q012041,18,F06461,chrome_android,engine_blink,yes,no,2012-06-27
Q012042,80,F11402,webview_android,subtree_engine,yes,no,2020-02-04
Q012043,79,F15510,edge,engine_blink,yes,no,2020-01-15
Q012044,95,F03245,opera,engine_blink,yes,yes,2023-02-01
Q012045,5.1,F02516,safari,source1,no,no,2011-07-20
Q012046,4.4,F13803,webview_android,derivative1,no,no,2013-12-09
Q012047,false,F17906,chrome,engine_blink,yes,no,none
Q012048,false,F15968,edge,subtree_engine,yes,no,none
Q012049,36,F10707,oculus,engine_blink,yes,no,2024-11-06
Q012050,34,F01829,oculus,engine_blink,yes,no,2024-06-26
Q012051,44,F08888,opera,engine_blink,yes,yes,2017-03-21
Q012052,29,F08488,opera,engine_blink,yes,no,2015-04-28
Q012053,91,F16707,opera,engine_blink,yes,no,2022-09-14
Q012054,5,F15904,webview_ios,random2,no,yes,2011-10-12
Q012055,6,F06492,webview_ios,engine_webkit,no,no,2012-09-10
Q012056,7.0,F04989,samsunginternet_android,engine_blink,yes,yes,2018-03-16
Q012057,13.0,F07456,samsunginternet_android,subtree_engine,yes,no,2020-12-02
Q012058,90,F10119,firefox_android,lineage_pair,no,no,2021-07-13
Q012059,6,F16915,firefox,subtree_engine,yes,no,2011-08-16
Q012060,11.6,F10962,opera,engine_blink,yes,no,2011-12-06
Q012061,91,F02963,webview_android,engine_blink,yes,yes,2021-05-25
Q012062,14,F02005,opera_android,engine_blink,yes,no,2013-05-21
Q012063,67,F06820,opera_android,derivative1,no,yes,2022-01-31
Q012064,6.0,F15010,oculus,derivative1,no,no,2019-08-12
Q012065,5.1,F01336,safari,engine_webkit,no,yes,2011-07-20
Q012066,10.3,F07075,webview_ios,engine_webkit,no,no,2017-03-27
Q012067,70,F18362,firefox,lineage_pair,no,yes,2019-10-22
Q012068,6,F09531,safari,engine_webkit,no,no,2012-07-25
Q012069,13.0,F06083,samsunginternet_android,engine_blink,yes,no,2020-12-02
Q012070,32,F10790,chrome_android,engine_blink,yes,no,2014-01-15
Q012071,42,F08748,opera,engine_blink,yes,no,2016-12-13
Q012072,14.5,F08240,webview_ios,engine_webkit,no,no,2021-04-26
Q012073,43,F07045,chrome_android,engine_blink,yes,no,2015-05-27
Q012074,7.0,F12489,samsunginternet_android,subtree_engine,yes,no,2018-03-16
Q012075,57,F13781,chrome,lineage_pair,no,no,2017-03-09
Q012076,5.0,F17996,oculus,engine_blink,yes,no,2018-07-01
Q012077,21.0,F02139,samsunginternet_android,engine_blink,yes,no,2023-05-19
Q012078,23,F06090,opera,engine_blink,yes,no,2014-07-22
Q012079,4.4,F11454,webview_android,engine_blink,yes,no,2013-12-09
Q012080,3,F10317,safari,engine_webkit,no,no,2007-10-26
Q012081,75,F11698,chrome,subtree_engine,yes,no,2019-06-04
Q012082,4,F09548,firefox_android,lineage_pair,no,no,2011-03-29
Q012083,13.0,F13401,oculus,engine_blink,yes,no,2020-12-10
Q012084,false,F07263,firefox,lineage_pair,no,no,none
Q012085,109,F04999,chrome,engine_blink,yes,yes,2023-01-10
Q012086,12,F05899,edge,derivative1,no,no,2015-07-29
Q012087,3.5,F13649,firefox,subtree_engine,yes,no,2009-06-30
Q012088,58,F05636,chrome_android,engine_blink,yes,no,2017-04-25
Q012089,12,F00841,edge,derivative1,no,no,2015-07-29
Q012090,3,F15750,safari,source1,no,no,2007-10-26
Q012091,false,F08481,oculus,engine_blink,yes,no,none
Q012092,18,F08497,chrome_android,random2,no,no,2012-06-27
Q012093,1,F05081,safari_ios,subtree_engine,yes,no,2007-06-29
Q012094,66,F16649,firefox,random2,no,no,2019-03-19
Q012095,1.0,F16550,samsunginternet_android,engine_blink,yes,no,2013-04-27
Q012096,5,F17413,webview_ios,random2,no,yes,2011-10-12
Q012097,43,F04449,opera_android,subtree_engine,yes,no,2017-09-27
Q012098,8.0,F04466,samsunginternet_android,engine_blink,yes,no,2018-07-18
Q012099,79,F06494,chrome_android,subtree_engine,yes,no,2019-12-17
Q012100,35,F10120,oculus,derivative1,no,no,2024-09-13
Q012101,false,F01460,chrome,engine_blink,yes,yes,none
Q012102,128,F11641,chrome,random2,no,no,2024-08-20
Q012103,21.0,F05421,samsunginternet_android,engine_blink,yes,yes,2023-05-19
Q012104,86,F07567,webview_android,subtree_engine,yes,no,2020-10-20
Q012105,13,F01403,safari,source1,no,no,2019-09-19
Q012106,147,F11136,firefox_android,random2,no,no,2026-01-13
Q012107,false,F17906,chrome_android,engine_blink,yes,no,none
Q012108,4,F02468,firefox_android,subtree_engine,yes,no,2011-03-29
Q012109,27,F04601,safari_ios,subtree_engine,yes,no,2026-09-14
Q012110,7,F09191,firefox,lineage_pair,no,no,2011-09-27
Q012111,15,F00357,opera,random2,no,no,2013-07-02
Q012112,3.2,F13710,safari_ios,engine_webkit,no,no,2010-04-03
Q012113,12,F08328,edge,engine_blink,yes,no,2015-07-29
Q012114,1,F18021,chrome,subtree_engine,yes,no,2008-12-11
Q012115,109,F03498,chrome_android,engine_blink,yes,no,2023-01-10
Q012116,false,F12624,safari_ios,derivative1,no,no,none
Q012117,119,F17166,opera,engine_blink,yes,no,2025-05-13
Q012118,false,F09020,samsunginternet_android,engine_blink,yes,no,none
Q012119,18,F11481,webview_ios,engine_webkit,no,no,2024-09-16
Q012120,79,F00531,edge,engine_blink,yes,no,2020-01-15
Q012121,37,F05471,chrome,engine_blink,yes,no,2014-08-26
Q012122,74,F10901,opera_android,engine_blink,yes,no,2023-03-13
Q012123,false,F01795,webview_ios,derivative1,no,no,none
Q012124,86,F03266,chrome_android,subtree_engine,yes,no,2020-10-20
Q012125,12,F10813,edge,subtree_engine,yes,no,2015-07-29
Q012126,1,F15469,chrome,source1,no,no,2008-12-11
Q012127,14.5,F12089,webview_ios,engine_webkit,no,no,2021-04-26
Q012128,31.2,F00915,oculus,engine_blink,yes,no,2024-01-15
Q012129,5,F11869,chrome,engine_blink,yes,no,2010-05-25
Q012130,16,F08485,safari_ios,subtree_engine,yes,no,2022-09-12
Q012131,109,F17632,opera,engine_blink,yes,no,2024-03-27
Q012132,91,F01876,opera,subtree_engine,yes,no,2022-09-14
Q012133,129,F08453,chrome,source1,no,no,2024-09-17
Q012134,16.4,F13511,safari_ios,lineage_pair,no,yes,2023-03-27
Q012135,12,F00342,edge,random2,no,no,2015-07-29
Q012136,61,F12220,chrome,source1,no,no,2017-09-05
Q012137,94,F07351,chrome,random2,no,no,2021-09-21
Q012138,86,F11485,chrome,subtree_engine,yes,no,2020-10-20
Q012139,26.2,F09534,webview_ios,engine_webkit,no,no,2025-12-12
Q012140,106,F10503,opera,engine_blink,yes,yes,2023-12-19
Q012141,18,F04156,chrome_android,engine_blink,yes,no,2012-06-27
Q012142,39,F17298,chrome_android,subtree_engine,yes,no,2014-11-12
Q012143,85,F05952,chrome_android,engine_blink,yes,no,2020-08-25
Q012144,74,F03498,opera_android,engine_blink,yes,no,2023-03-13
Q012145,4,F15102,firefox_android,subtree_engine,yes,no,2011-03-29
Q012146,51,F01457,chrome,lineage_pair,no,no,2016-05-25
Q012147,7,F07994,safari,random2,no,yes,2013-10-22
Q012148,5.0,F03346,oculus,subtree_engine,yes,no,2018-07-01
Q012149,1,F12784,safari,lineage_pair,no,no,2003-06-23
Q012150,81,F10315,opera_android,engine_blink,yes,no,2024-03-14
Q012151,40,F00557,chrome,lineage_pair,no,no,2015-01-21
Q012152,15,F07315,opera,engine_blink,yes,no,2013-07-02
Q012153,11,F02381,safari_ios,engine_webkit,no,yes,2017-09-19
Q012154,9.0,F00198,oculus,derivative1,no,no,2020-04-24
Q012155,11,F08859,safari,subtree_engine,yes,no,2017-09-19
Q012156,1.0,F17480,samsunginternet_android,random2,no,no,2013-04-27
Q012157,36,F13555,oculus,engine_blink,yes,yes,2024-11-06
Q012158,7,F05317,safari_ios,engine_webkit,no,no,2013-09-18
Q012159,false,F04649,opera,engine_blink,yes,no,none
Q012160,131,F14771,webview_android,random2,no,no,2024-11-12
Q012161,15,F05431,opera,engine_blink,yes,no,2013-07-02
Q012162,false,F16839,safari_ios,engine_webkit,no,no,none
Q012163,21.0,F14522,samsunginternet_android,engine_blink,yes,yes,2023-05-19
Q012164,46,F09793,firefox,random2,no,no,2016-04-26
Q012165,16.0,F04450,oculus,lineage_pair,no,yes,2021-06-07
Q012166,7.0,F13562,samsunginternet_android,subtree_engine,yes,no,2018-03-16
Q012167,5.0,F11437,oculus,subtree_engine,yes,no,2018-07-01
Q012168,false,F05840,firefox,subtree_engine,yes,no,none
Q012169,109,F07221,chrome,lineage_pair,no,yes,2023-01-10
Q012170,26,F12737,safari_ios,engine_webkit,no,no,2025-09-15
Q012171,125,F06975,chrome_android,engine_blink,yes,no,2024-05-14
Q012172,65,F16444,chrome_android,engine_blink,yes,no,2018-03-06
Q012173,5.0,F00927,samsunginternet_android,subtree_engine,yes,no,2016-12-15
Q012174,26.4,F07149,webview_ios,engine_webkit,no,no,2026-03-24
Q012175,1.0,F08198,samsunginternet_android,random2,no,no,2013-04-27
Q012176,121,F09756,opera,random2,no,no,2025-08-27
Q012177,29.0,F05553,samsunginternet_android,engine_blink,yes,no,2025-10-25
Q012178,60,F16970,chrome_android,subtree_engine,yes,no,2017-08-01
Q012179,130,F09296,edge,subtree_engine,yes,no,2024-10-17
Q012180,10,F08288,safari,source1,no,no,2016-09-20
Q012181,false,F13080,safari,subtree_engine,yes,no,none
Q012182,5.0,F14486,oculus,random2,no,no,2018-07-01
Q012183,1,F06790,webview_ios,engine_webkit,no,no,2007-06-29
Q012184,7,F08780,opera,engine_blink,yes,no,2003-01-28
Q012185,1,F07242,chrome,engine_blink,yes,no,2008-12-11
Q012186,69,F01035,webview_android,engine_blink,yes,yes,2018-09-04
Q012187,26,F09693,safari_ios,engine_webkit,no,no,2025-09-15
Q012188,false,F16570,opera,subtree_engine,yes,no,none
Q012189,11.3,F14412,safari_ios,engine_webkit,no,no,2018-03-29
Q012190,56,F05994,opera,subtree_engine,yes,no,2018-09-25
Q012191,1.0,F08190,samsunginternet_android,engine_blink,yes,no,2013-04-27
Q012192,10.1,F06709,opera_android,subtree_engine,yes,no,2010-11-09
Q012193,89,F10472,firefox,lineage_pair,no,no,2021-06-01
Q012194,14.5,F13332,webview_ios,engine_webkit,no,no,2021-04-26
Q012195,1,F04857,safari_ios,derivative1,no,no,2007-06-29
Q012196,false,F08751,opera_android,engine_blink,yes,no,none
Q012197,5.0,F05385,oculus,random2,no,no,2018-07-01
Q012198,4.4.3,F12985,webview_android,engine_blink,yes,no,2014-06-02
Q012199,5.0,F02633,oculus,subtree_engine,yes,no,2018-07-01
Q012200,88,F04971,opera_android,engine_blink,yes,no,2025-03-19
Q012201,1.0,F06247,samsunginternet_android,engine_blink,yes,no,2013-04-27
Q012202,false,F16925,opera_android,engine_blink,yes,yes,none
Q012203,4.4,F11862,webview_android,engine_blink,yes,no,2013-12-09
Q012204,69,F10811,chrome,engine_blink,yes,no,2018-09-04
Q012205,10.1,F00302,opera_android,engine_blink,yes,no,2010-11-09
Q012206,5.0,F08707,oculus,random2,no,no,2018-07-01
Q012207,53,F09741,opera,subtree_engine,yes,no,2018-05-10
Q012208,122,F17767,webview_android,engine_blink,yes,no,2024-02-20
Q012209,7,F17903,webview_ios,engine_webkit,no,no,2013-09-18
Q012210,94,F02512,chrome,subtree_engine,yes,no,2021-09-21
Q012211,false,F07257,edge,engine_blink,yes,yes,none
Q012212,4,F04599,opera,engine_blink,yes,no,2000-06-28
Q012213,10,F08892,safari_ios,engine_webkit,no,no,2016-09-13
Q012214,false,F06003,safari,lineage_pair,no,no,none
Q012215,15,F14293,opera,random2,no,no,2013-07-02
Q012216,30.0,F00443,samsunginternet_android,engine_blink,yes,no,2026-05-11
Q012217,52,F12260,firefox,lineage_pair,no,yes,2017-03-07
Q012218,26.2,F15575,safari,engine_webkit,no,no,2025-12-12
Q012219,79,F04389,edge,engine_blink,yes,no,2020-01-15
Q012220,9,F18240,chrome,lineage_pair,no,no,2011-02-03
Q012221,12,F04215,edge,subtree_engine,yes,no,2015-07-29
Q012222,6,F15502,webview_ios,random2,no,yes,2012-09-10
Q012223,12,F12532,edge,derivative1,no,no,2015-07-29
Q012224,136,F04413,edge,subtree_engine,yes,no,2025-05-01
Q012225,18,F13508,safari_ios,engine_webkit,no,no,2024-09-16
Q012226,43,F08246,webview_android,engine_blink,yes,no,2015-05-27
Q012227,false,F09351,firefox,lineage_pair,no,no,none
Q012228,87,F11715,webview_android,engine_blink,yes,no,2020-11-17
Q012229,5.0,F02005,oculus,engine_blink,yes,no,2018-07-01
Q012230,62,F10675,firefox,lineage_pair,no,no,2018-09-05
Q012231,false,F03857,safari,lineage_pair,no,no,none
Q012232,1.0,F12237,samsunginternet_android,engine_blink,yes,no,2013-04-27
Q012233,5.0,F03305,samsunginternet_android,engine_blink,yes,no,2016-12-15
Q012234,18.0,F12048,oculus,engine_blink,yes,no,2021-11-30
Q012235,10.1,F08529,safari,lineage_pair,no,no,2017-03-27
Q012236,16.0,F08763,samsunginternet_android,engine_blink,yes,no,2021-11-25
Q012237,80,F06083,webview_android,engine_blink,yes,no,2020-02-04
Q012238,26,F04299,safari,engine_webkit,no,no,2025-09-15
Q012239,67,F07021,opera_android,subtree_engine,yes,no,2022-01-31
Q012240,80,F04889,chrome_android,subtree_engine,yes,no,2020-02-04
Q012241,43,F14540,opera_android,subtree_engine,yes,no,2017-09-27
Q012242,10,F09610,safari,random2,no,no,2016-09-20
Q012243,12.2,F13909,safari_ios,engine_webkit,no,no,2019-03-25
Q012244,1,F16305,safari,engine_webkit,no,no,2003-06-23
Q012245,144,F15109,chrome_android,engine_blink,yes,yes,2026-01-13
Q012246,false,F12197,webview_ios,derivative1,no,no,none
Q012247,121,F07416,chrome_android,random2,no,no,2024-01-23
Q012248,15,F16837,safari_ios,engine_webkit,no,no,2021-09-20
Q012249,1,F07944,firefox,source1,no,yes,2004-11-09
Q012250,15,F14245,firefox_android,random2,no,no,2012-08-28
Q012251,15.1,F12061,webview_ios,lineage_pair,no,yes,2021-10-25
Q012252,5,F12362,safari,subtree_engine,yes,no,2010-06-07
Q012253,65,F16952,firefox,source1,no,no,2019-01-29
Q012254,false,F12122,webview_android,engine_blink,yes,no,none
Q012255,12.1,F00912,opera_android,engine_blink,yes,no,2012-10-09
Q012256,130,F15579,firefox,source1,no,no,2024-09-03
Q012257,26,F10366,safari,engine_webkit,no,no,2025-09-15
Q012258,4.4,F04121,webview_android,random2,no,no,2013-12-09
Q012259,24.0,F11505,samsunginternet_android,engine_blink,yes,no,2024-01-25
Q012260,60,F14576,webview_android,subtree_engine,yes,no,2017-08-01
Q012261,18,F06172,chrome_android,derivative1,no,no,2012-06-27
Q012262,3,F12843,safari,subtree_engine,yes,no,2007-10-26
Q012263,9,F18005,safari_ios,engine_webkit,no,no,2015-09-16
Q012264,false,F01460,chrome_android,engine_blink,yes,yes,none
Q012265,129,F17687,chrome_android,engine_blink,yes,no,2024-09-17
Q012266,false,F14257,opera_android,engine_blink,yes,no,none
Q012267,false,F15277,firefox_android,lineage_pair,no,no,none
Q012268,80,F02480,webview_android,engine_blink,yes,no,2020-02-04
Q012269,118,F07484,chrome,subtree_engine,yes,no,2023-10-10
Q012270,1,F08124,chrome,engine_blink,yes,no,2008-12-11
Q012271,18,F08059,chrome_android,engine_blink,yes,no,2012-06-27
Q012272,7,F15369,safari_ios,lineage_pair,no,yes,2013-09-18
Q012273,5.0,F16450,samsunginternet_android,derivative1,no,no,2016-12-15
Q012274,14.5,F04464,webview_ios,random2,no,no,2021-04-26
Q012275,67,F05529,opera,subtree_engine,yes,no,2020-03-03
Q012276,4,F07262,opera,random2,no,no,2000-06-28
Q012277,false,F16333,chrome_android,engine_blink,yes,no,none
Q012278,44,F15537,firefox_android,subtree_engine,yes,no,2016-01-26
Q012279,5,F13733,webview_ios,lineage_pair,no,no,2011-10-12
Q012280,16,F10360,chrome,lineage_pair,no,no,2011-12-13
Q012281,140,F11373,chrome,source1,no,no,2025-09-02
Q012282,24.0,F00381,samsunginternet_android,engine_blink,yes,no,2024-01-25
Q012283,154,F07593,firefox,subtree_engine,yes,no,2026-08-18
Q012284,26,F09693,safari,engine_webkit,no,no,2025-09-15
Q012285,44,F17363,opera,engine_blink,yes,no,2017-03-21
Q012286,1,F17987,safari,engine_webkit,no,no,2003-06-23
Q012287,43,F10164,opera_android,subtree_engine,yes,no,2017-09-27
Q012288,1,F11773,chrome,source1,no,no,2008-12-11
Q012289,10.1,F09131,opera_android,engine_blink,yes,no,2010-11-09
Q012290,16,F03795,safari,source1,no,no,2022-09-12
Q012291,31.2,F12122,oculus,engine_blink,yes,no,2024-01-15
Q012292,134,F09615,opera,engine_blink,yes,no,2026-08-06
Q012293,153,F10383,firefox,subtree_engine,yes,no,2026-07-21
Q012294,120,F12973,chrome,source1,no,no,2023-12-05
Q012295,16,F04076,firefox,subtree_engine,yes,no,2012-10-09
Q012296,false,F01620,safari_ios,engine_webkit,no,no,none
Q012297,66,F06494,opera,subtree_engine,yes,no,2020-01-07
Q012298,15.1,F03064,webview_ios,engine_webkit,no,yes,2021-10-25
Q012299,31.2,F13760,oculus,subtree_engine,yes,no,2024-01-15
Q012300,31.2,F17354,oculus,engine_blink,yes,no,2024-01-15
Q012301,9,F13171,firefox,subtree_engine,yes,no,2011-12-20
Q012302,8.0,F05326,samsunginternet_android,engine_blink,yes,no,2018-07-18
Q012303,31.2,F05478,oculus,random2,no,no,2024-01-15
Q012304,17,F05876,edge,engine_blink,yes,no,2018-04-30
Q012305,2,F03415,webview_ios,engine_webkit,no,no,2008-07-11
Q012306,91,F13398,chrome,subtree_engine,yes,no,2021-05-25
Q012307,4.4,F06700,webview_android,random2,no,no,2013-12-09
Q012308,8.0,F01527,samsunginternet_android,engine_blink,yes,no,2018-07-18
Q012309,false,F07960,safari_ios,subtree_engine,yes,no,none
Q012310,5,F02153,webview_ios,lineage_pair,no,no,2011-10-12
Q012311,12.1,F08947,opera_android,engine_blink,yes,no,2012-10-09
Q012312,18.2,F03696,webview_ios,lineage_pair,no,no,2024-12-11
Q012313,false,F05810,firefox,source1,no,no,none
Q012314,false,F02778,opera,engine_blink,yes,no,none
Q012315,16.4,F09805,safari_ios,lineage_pair,no,no,2023-03-27
Q012316,2,F01196,webview_ios,engine_webkit,no,no,2008-07-11
Q012317,false,F10322,webview_ios,subtree_engine,yes,no,none
Q012318,4.4,F17491,webview_android,engine_blink,yes,no,2013-12-09
Q012319,80,F05329,webview_android,subtree_engine,yes,no,2020-02-04
Q012320,11.3,F13973,webview_ios,random2,no,no,2018-03-29
Q012321,11,F01817,safari,engine_webkit,no,no,2017-09-19
Q012322,58,F13662,chrome_android,subtree_engine,yes,no,2017-04-25
Q012323,8.0,F02811,oculus,subtree_engine,yes,no,2020-02-10
Q012324,43,F13213,opera_android,engine_blink,yes,yes,2017-09-27
Q012325,86,F09113,chrome_android,subtree_engine,yes,no,2020-10-20
Q012326,1,F09938,webview_ios,engine_webkit,no,no,2007-06-29
Q012327,21.0,F02901,samsunginternet_android,engine_blink,yes,yes,2023-05-19
Q012328,61,F06348,chrome_android,engine_blink,yes,no,2017-09-05
Q012329,4.4,F00422,webview_android,derivative1,no,no,2013-12-09
Q012330,14.1,F03815,safari,engine_webkit,no,no,2021-04-26
Q012331,18,F07451,chrome_android,engine_blink,yes,no,2012-06-27
Q012332,false,F12034,safari,subtree_engine,yes,no,none
Q012333,false,F02809,safari_ios,subtree_engine,yes,no,none
Q012334,7,F03273,safari,source1,no,no,2013-10-22
Q012335,15.4,F03752,webview_ios,engine_webkit,no,no,2022-03-14
Q012336,66,F10736,webview_android,subtree_engine,yes,no,2018-04-17
Q012337,100,F01641,chrome,source1,no,no,2022-03-29
Q012338,66,F11028,opera,subtree_engine,yes,no,2020-01-07
Q012339,false,F00778,firefox,subtree_engine,yes,no,none
Q012340,12,F10962,edge,engine_blink,yes,no,2015-07-29
Q012341,72,F11485,opera,subtree_engine,yes,no,2020-10-21
Q012342,52,F10523,chrome,engine_blink,yes,no,2016-07-20
Q012343,39,F06320,oculus,engine_blink,yes,no,2025-06-25
Q012344,false,F02907,oculus,random2,no,no,none
Q012345,116,F00381,edge,engine_blink,yes,no,2023-08-21
Q012346,false,F06244,opera,engine_blink,yes,no,none
Q012347,11.3,F05417,safari_ios,engine_webkit,no,no,2018-03-29
Q012348,64,F07498,opera_android,engine_blink,yes,yes,2021-05-25
Q012349,8,F00518,webview_ios,lineage_pair,no,yes,2014-09-17
Q012350,8,F08869,firefox_android,subtree_engine,yes,no,2011-11-08
Q012351,66,F02515,chrome,subtree_engine,yes,no,2018-04-17
Q012352,130,F09296,chrome_android,subtree_engine,yes,no,2024-10-15
Q012353,10.3,F05950,webview_ios,lineage_pair,no,no,2017-03-27
Q012354,false,F17776,opera,engine_blink,yes,yes,none
Q012355,false,F16688,webview_android,engine_blink,yes,no,none
Q012356,1.0,F05225,samsunginternet_android,engine_blink,yes,no,2013-04-27
Q012357,69,F12764,chrome,engine_blink,yes,no,2018-09-04
Q012358,4.4,F06963,webview_android,engine_blink,yes,no,2013-12-09
Q012359,12,F10968,edge,engine_blink,yes,no,2015-07-29
Q012360,126,F09828,chrome,lineage_pair,no,no,2024-06-11
Q012361,125,F11158,opera,subtree_engine,yes,no,2025-12-04
Q012362,5.0,F15602,oculus,engine_blink,yes,no,2018-07-01
Q012363,57,F02591,webview_android,engine_blink,yes,no,2017-03-16
Q012364,13.0,F03931,samsunginternet_android,engine_blink,yes,no,2020-12-02
Q012365,80,F18292,webview_android,random2,no,no,2020-02-04
Q012366,53,F10736,opera,subtree_engine,yes,no,2018-05-10
Q012367,false,F16570,chrome,subtree_engine,yes,no,none
Q012368,6,F18308,safari_ios,engine_webkit,no,no,2012-09-10
Q012369,false,F08865,oculus,derivative1,no,yes,none
Q012370,89,F09187,firefox,lineage_pair,no,yes,2021-06-01
Q012371,129,F01605,edge,engine_blink,yes,no,2024-09-19
Q012372,16.0,F06252,oculus,derivative1,no,yes,2021-06-07
Q012373,false,F16486,webview_android,engine_blink,yes,no,none
Q012374,12,F15780,edge,engine_blink,yes,no,2015-07-29
Q012375,79,F11698,edge,subtree_engine,yes,no,2020-01-15
Q012376,4,F17037,safari,random2,no,no,2009-06-08
Q012377,30.0,F06304,samsunginternet_android,engine_blink,yes,no,2026-05-11
Q012378,7,F13478,webview_ios,engine_webkit,no,no,2013-09-18
Q012379,68,F01811,firefox,source1,no,no,2019-07-09
Q012380,79,F05994,edge,subtree_engine,yes,no,2020-01-15
Q012381,1,F03459,firefox,subtree_engine,yes,no,2004-11-09
Q012382,false,F17090,opera,lineage_pair,no,no,none
Q012383,5,F09964,webview_ios,subtree_engine,yes,no,2011-10-12
Q012384,91,F15563,chrome_android,random2,no,yes,2021-05-25
Q012385,1,F07046,safari,engine_webkit,no,no,2003-06-23
Q012386,12.0,F03266,oculus,subtree_engine,yes,no,2020-11-03
Q012387,91,F14112,chrome,lineage_pair,no,yes,2021-05-25
Q012388,5,F04792,chrome,engine_blink,yes,no,2010-05-25
Q012389,false,F05475,safari_ios,engine_webkit,no,no,none
Q012390,false,F18476,safari_ios,engine_webkit,no,no,none
Q012391,108,F05953,chrome_android,engine_blink,yes,no,2022-11-29
Q012392,false,F09857,safari,engine_webkit,no,no,none
Q012393,7,F09608,safari_ios,engine_webkit,no,no,2013-09-18
Q012394,11,F06233,webview_ios,random2,no,yes,2017-09-19
Q012395,14,F03377,opera_android,engine_blink,yes,no,2013-05-21
Q012396,38,F14425,webview_android,engine_blink,yes,no,2014-10-08
Q012397,48,F08086,opera_android,engine_blink,yes,no,2018-11-08
Q012398,5.0,F07844,oculus,engine_blink,yes,no,2018-07-01
Q012399,129,F01038,edge,engine_blink,yes,no,2024-09-19
Q012400,91,F13551,edge,subtree_engine,yes,no,2021-05-27
Q012401,8,F18148,chrome,source1,no,no,2010-12-02
Q012402,12,F02964,edge,engine_blink,yes,no,2015-07-29
Q012403,15,F11862,opera,engine_blink,yes,no,2013-07-02
Q012404,30,F01285,firefox,subtree_engine,yes,no,2014-06-10
Q012405,7.0,F11437,samsunginternet_android,subtree_engine,yes,no,2018-03-16
Q012406,1,F13721,safari_ios,engine_webkit,no,no,2007-06-29
Q012407,false,F03774,webview_ios,random2,no,no,none
Q012408,17,F01761,safari,engine_webkit,no,no,2023-09-18
Q012409,4,F07262,firefox_android,random2,no,no,2011-03-29
Q012410,86,F11046,webview_android,subtree_engine,yes,no,2020-10-20
Q012411,17,F04529,edge,engine_blink,yes,no,2018-04-30
Q012412,false,F05987,firefox,random2,no,no,none
Q012413,6,F16258,chrome,random2,no,no,2010-09-02
Q012414,false,F17722,samsunginternet_android,engine_blink,yes,no,none
Q012415,52,F14774,webview_android,subtree_engine,yes,no,2016-07-27
Q012416,66,F11587,opera_android,engine_blink,yes,no,2021-12-15
Q012417,87,F04822,chrome,lineage_pair,no,no,2020-11-17
Q012418,17.2,F10377,webview_ios,engine_webkit,no,no,2023-12-11
Q012419,4.4,F02848,webview_android,engine_blink,yes,no,2013-12-09
Q012420,false,F18025,webview_android,subtree_engine,yes,no,none
Q012421,91,F11836,edge,engine_blink,yes,yes,2021-05-27
Q012422,47,F11769,chrome,lineage_pair,no,no,2015-12-01
Q012423,56,F01385,chrome,subtree_engine,yes,no,2017-01-25
Q012424,false,F06641,safari,lineage_pair,no,no,none
Q012425,62,F02046,opera,subtree_engine,yes,no,2019-06-27
Q012426,14,F11403,opera_android,engine_blink,yes,no,2013-05-21
Q012427,1,F14824,webview_ios,engine_webkit,no,no,2007-06-29
Q012428,12.1,F02324,opera_android,engine_blink,yes,no,2012-10-09
Q012429,8.0,F06730,oculus,engine_blink,yes,no,2020-02-10
Q012430,false,F15472,webview_ios,engine_webkit,no,no,none
Q012431,5,F06779,chrome,engine_blink,yes,no,2010-05-25
Q012432,111,F12504,chrome,source1,no,no,2023-03-07
Q012433,false,F05919,samsunginternet_android,engine_blink,yes,no,none
Q012434,52,F05592,chrome_android,subtree_engine,yes,no,2016-07-27
Q012435,false,F08306,chrome_android,engine_blink,yes,yes,none
Q012436,false,F02778,opera_android,engine_blink,yes,no,none
Q012437,50,F11917,webview_android,subtree_engine,yes,no,2016-04-13
Q012438,25,F17953,chrome_android,subtree_engine,yes,no,2013-02-27
Q012439,58,F16280,webview_android,subtree_engine,yes,no,2017-04-25
Q012440,1.0,F09646,samsunginternet_android,subtree_engine,yes,no,2013-04-27
Q012441,7,F03802,webview_ios,engine_webkit,no,no,2013-09-18
Q012442,18,F03286,chrome_android,engine_blink,yes,no,2012-06-27
Q012443,5.0,F10986,oculus,engine_blink,yes,no,2018-07-01
Q012444,1.2,F02840,safari,subtree_engine,yes,no,2004-02-02
Q012445,false,F15411,firefox_android,derivative1,no,no,none
Q012446,44,F16288,opera,random2,no,yes,2017-03-21
Q012447,127,F06521,chrome,random2,no,no,2024-07-23
Q012448,11,F00452,safari,engine_webkit,no,no,2017-09-19
Q012449,false,F17486,firefox_android,derivative1,no,no,none
Q012450,4.4.3,F10805,webview_android,engine_blink,yes,no,2014-06-02
Q012451,2,F02752,safari_ios,engine_webkit,no,no,2008-07-11
Q012452,109,F15687,edge,engine_blink,yes,no,2023-01-12
Q012453,4,F15718,safari,source1,no,no,2009-06-08
Q012454,6,F09767,webview_ios,engine_webkit,no,no,2012-09-10
Q012455,false,F08456,safari,lineage_pair,no,no,none
Q012456,91,F17405,chrome,engine_blink,yes,yes,2021-05-25
Q012457,4,F04048,safari,source1,no,no,2009-06-08
Q012458,11,F06204,webview_ios,engine_webkit,no,no,2017-09-19
Q012459,8,F16228,safari,engine_webkit,no,no,2014-10-16
Q012460,false,F08137,firefox,lineage_pair,no,no,none
Q012461,12.1,F09069,opera,engine_blink,yes,no,2012-11-20
Q012462,false,F04668,edge,random2,no,no,none
Q012463,7,F16094,safari_ios,engine_webkit,no,no,2013-09-18
Q012464,false,F15562,oculus,engine_blink,yes,no,none
Q012465,116,F11505,edge,engine_blink,yes,no,2023-08-21
Q012466,false,F01652,safari_ios,lineage_pair,no,no,none
Q012467,116,F00381,chrome,engine_blink,yes,no,2023-08-15
Q012468,63,F14620,chrome_android,engine_blink,yes,no,2017-12-05
Q012469,8,F04047,safari_ios,derivative1,no,no,2014-09-17
Q012470,110,F09549,opera,subtree_engine,yes,no,2024-05-14
Q012471,109,F01781,chrome_android,random2,no,yes,2023-01-10
Q012472,1,F14849,chrome,subtree_engine,yes,no,2008-12-11
Q012473,16,F08876,firefox_android,subtree_engine,yes,no,2012-10-09
Q012474,6.0,F10523,samsunginternet_android,engine_blink,yes,no,2017-08-23
Q012475,18,F08620,chrome_android,engine_blink,yes,no,2012-06-27
Q012476,57,F11974,opera_android,subtree_engine,yes,no,2020-03-30
Q012477,false,F05163,webview_ios,subtree_engine,yes,no,none
Q012478,47,F10679,opera,engine_blink,yes,no,2017-08-09
Q012479,42,F16206,chrome,lineage_pair,no,no,2015-04-14
Q012480,false,F12459,safari,source1,no,no,none
Q012481,129,F03986,firefox_android,subtree_engine,yes,no,2024-08-06
Q012482,150,F03855,firefox_android,lineage_pair,no,no,2026-04-21
Q012483,31.2,F02421,oculus,subtree_engine,yes,no,2024-01-15
Q012484,37,F06335,webview_android,engine_blink,yes,no,2014-09-03
Q012485,15,F07432,opera,engine_blink,yes,no,2013-07-02
Q012486,14.5,F05492,safari_ios,derivative1,no,no,2021-04-26
Q012487,false,F06244,oculus,engine_blink,yes,no,none
Q012488,141,F16261,firefox,source1,no,no,2025-07-22
Q012489,12,F12985,edge,engine_blink,yes,no,2015-07-29
Q012490,14.5,F06068,safari_ios,subtree_engine,yes,no,2021-04-26
Q012491,44,F15319,opera_android,subtree_engine,yes,no,2017-12-11
Q012492,15,F06900,webview_ios,subtree_engine,yes,no,2021-09-20
Q012493,1,F02964,chrome,engine_blink,yes,no,2008-12-11
Q012494,false,F04388,chrome,subtree_engine,yes,no,none
Q012495,30,F16578,chrome,engine_blink,yes,no,2013-10-01
Q012496,5.0,F15920,oculus,engine_blink,yes,no,2018-07-01
Q012497,12,F08947,edge,engine_blink,yes,no,2015-07-29
Q012498,5.0,F13457,oculus,subtree_engine,yes,no,2018-07-01
Q012499,1,F07046,safari_ios,engine_webkit,no,no,2007-06-29
Q012500,1.5,F16791,samsunginternet_android,engine_blink,yes,no,2013-09-25
Q012501,false,F05771,opera_android,subtree_engine,yes,no,none
Q012502,13.1,F03615,safari,source1,no,yes,2020-03-24
Q012503,56,F17267,opera,engine_blink,yes,no,2018-09-25
Q012504,10.6,F01632,opera,random2,no,no,2010-07-01
Q012505,91,F03717,edge,lineage_pair,no,no,2021-05-27
Q012506,110,F06821,opera,engine_blink,yes,no,2024-05-14
Q012507,21.0,F03498,samsunginternet_android,engine_blink,yes,no,2023-05-19
Q012508,91,F16341,webview_android,engine_blink,yes,yes,2021-05-25
Q012509,89,F09369,opera_android,derivative1,no,no,2025-04-29
Q012510,47,F17565,opera,subtree_engine,yes,no,2017-08-09
Q012511,58,F07549,webview_android,subtree_engine,yes,no,2017-04-25
Q012512,57,F01751,chrome,random2,no,yes,2017-03-09
Q012513,false,F09844,webview_android,engine_blink,yes,no,none
Q012514,130,F16175,firefox_android,subtree_engine,yes,no,2024-09-03
Q012515,45,F06672,opera_android,engine_blink,yes,no,2018-02-15
Q012516,false,F14257,samsunginternet_android,engine_blink,yes,no,none
Q012517,58,F01385,chrome_android,subtree_engine,yes,no,2017-04-25
Q012518,25,F10805,chrome_android,engine_blink,yes,no,2013-02-27
Q012519,1,F17627,firefox,source1,no,no,2004-11-09
Q012520,false,F16381,safari_ios,subtree_engine,yes,no,none
Q012521,18,F17445,chrome_android,engine_blink,yes,no,2012-06-27
Q012522,80,F03931,chrome,engine_blink,yes,no,2020-02-04
Q012523,42.0,F11822,oculus,subtree_engine,yes,no,2026-01-26
Q012524,false,F15425,chrome,subtree_engine,yes,no,none
Q012525,28.0,F13963,samsunginternet_android,random2,no,no,2025-04-02
Q012526,120,F18251,chrome_android,engine_blink,yes,no,2023-12-05
Q012527,false,F02927,firefox_android,lineage_pair,no,no,none
Q012528,2,F04784,safari_ios,engine_webkit,no,no,2008-07-11
Q012529,15,F01389,safari_ios,engine_webkit,no,no,2021-09-20
Q012530,8,F11643,webview_ios,derivative1,no,yes,2014-09-17
Q012531,false,F01796,webview_ios,subtree_engine,yes,no,none
Q012532,false,F06440,safari_ios,subtree_engine,yes,no,none
Q012533,false,F13645,webview_ios,engine_webkit,no,no,none
Q012534,14,F12751,opera_android,derivative1,no,no,2013-05-21
Q012535,false,F15425,opera,subtree_engine,yes,no,none
Q012536,79,F02854,edge,subtree_engine,yes,no,2020-01-15
Q012537,46,F18187,chrome,engine_blink,yes,no,2015-10-13
Q012538,1,F04876,firefox,subtree_engine,yes,yes,2004-11-09
Q012539,12.1,F02673,opera_android,derivative1,no,no,2012-10-09
Q012540,false,F02128,safari_ios,lineage_pair,no,no,none
Q012541,26,F11307,chrome,lineage_pair,no,no,2013-03-26
Q012542,26,F14200,webview_ios,engine_webkit,no,no,2025-09-15
Q012543,94,F01017,webview_android,engine_blink,yes,no,2021-09-21
Q012544,1,F10445,safari_ios,lineage_pair,no,no,2007-06-29
Q012545,5.0,F17410,oculus,subtree_engine,yes,no,2018-07-01
Q012546,15,F05471,edge,engine_blink,yes,no,2017-04-05
Q012547,88,F07002,opera,engine_blink,yes,no,2022-06-08
Q012548,80,F02480,chrome_android,engine_blink,yes,no,2020-02-04
Q012549,12.1,F12653,opera_android,engine_blink,yes,no,2012-10-09
Q012550,false,F09342,safari_ios,engine_webkit,no,no,none
Q012551,4.4,F14535,webview_android,engine_blink,yes,no,2013-12-09
Q012552,12,F06257,edge,engine_blink,yes,no,2015-07-29
Q012553,5.0,F17539,oculus,engine_blink,yes,no,2018-07-01
Q012554,126,F09034,firefox_android,subtree_engine,yes,no,2024-05-14
Q012555,18.4,F06042,webview_ios,subtree_engine,yes,yes,2025-03-31
Q012556,11,F17689,safari,engine_webkit,no,yes,2017-09-19
Q012557,52,F17827,chrome_android,subtree_engine,yes,no,2016-07-27
Q012558,2,F15636,webview_ios,engine_webkit,no,no,2008-07-11
Q012559,21.0,F10173,samsunginternet_android,random2,no,no,2023-05-19
Q012560,57,F17363,chrome,engine_blink,yes,no,2017-03-09
Q012561,100,F02666,opera_android,engine_blink,yes,no,2026-07-01
Q012562,1.0,F03029,samsunginternet_android,engine_blink,yes,no,2013-04-27
Q012563,16.4,F16114,safari_ios,lineage_pair,no,no,2023-03-27
Q012564,false,F05822,webview_android,random2,no,no,none
Q012565,false,F16593,firefox,subtree_engine,yes,no,none
Q012566,12,F03309,edge,engine_blink,yes,no,2015-07-29
Q012567,18,F12972,chrome_android,subtree_engine,yes,no,2012-06-27
Q012568,3.2,F05695,safari_ios,engine_webkit,no,no,2010-04-03
Q012569,3.0,F10495,samsunginternet_android,engine_blink,yes,no,2015-04-10
Q012570,12.0,F11485,oculus,subtree_engine,yes,no,2020-11-03
Q012571,16.4,F12815,safari_ios,engine_webkit,no,no,2023-03-27
Q012572,14.5,F06347,webview_ios,engine_webkit,no,no,2021-04-26
Q012573,69,F04881,chrome,engine_blink,yes,no,2018-09-04
Q012574,118,F05399,chrome,engine_blink,yes,no,2023-10-10
Q012575,5.0,F08635,oculus,subtree_engine,yes,no,2018-07-01
Q012576,62,F14814,chrome,subtree_engine,yes,no,2017-10-17
Q012577,104,F07484,opera,subtree_engine,yes,no,2023-10-23
Q012578,43,F11708,opera,subtree_engine,yes,no,2017-02-07
Q012579,46,F03574,chrome,subtree_engine,yes,no,2015-10-13
Q012580,106,F12122,opera,engine_blink,yes,no,2023-12-19
Q012581,25,F15178,chrome_android,engine_blink,yes,no,2013-02-27
Q012582,1,F03962,safari,engine_webkit,no,no,2003-06-23
Q012583,12,F03730,edge,engine_blink,yes,no,2015-07-29
Q012584,80,F15764,edge,engine_blink,yes,no,2020-02-07
Q012585,11,F10269,webview_ios,engine_webkit,no,yes,2017-09-19
Q012586,8,F07260,firefox,subtree_engine,yes,no,2011-11-08
Q012587,1,F13176,safari_ios,engine_webkit,no,no,2007-06-29
Q012588,79,F08222,webview_android,subtree_engine,yes,no,2019-12-17
Q012589,12.1,F14264,opera_android,engine_blink,yes,no,2012-10-09
Q012590,9.0,F04889,oculus,subtree_engine,yes,no,2020-04-24
Q012591,false,F00286,webview_ios,subtree_engine,yes,no,none
Q012592,5,F05321,webview_ios,subtree_engine,yes,no,2011-10-12
Q012593,4.4,F11869,webview_android,engine_blink,yes,no,2013-12-09
Q012594,1,F14984,safari_ios,derivative1,no,no,2007-06-29
Q012595,84,F00223,opera_android,engine_blink,yes,no,2024-08-26
Q012596,1,F03029,chrome,engine_blink,yes,no,2008-12-11
Q012597,8,F01733,webview_ios,engine_webkit,no,no,2014-09-17
Q012598,1,F05719,firefox,subtree_engine,yes,yes,2004-11-09
Q012599,41,F15542,opera_android,engine_blink,yes,no,2016-10-25
Q012600,false,F18409,firefox,random2,no,no,none
Q012601,5,F14242,webview_ios,derivative1,no,no,2011-10-12
Q012602,5.0,F08979,oculus,subtree_engine,yes,no,2018-07-01
Q012603,127,F00223,edge,engine_blink,yes,no,2024-07-25
Q012604,43,F11833,opera_android,subtree_engine,yes,no,2017-09-27
Q012605,5.0,F16050,oculus,random2,no,no,2018-07-01
Q012606,9,F13878,safari_ios,subtree_engine,yes,no,2015-09-16
Q012607,16,F11710,webview_ios,subtree_engine,yes,no,2022-09-12
Q012608,80,F11974,edge,subtree_engine,yes,no,2020-02-07
Q012609,53,F10679,chrome_android,engine_blink,yes,no,2016-09-07
Q012610,43,F14122,firefox_android,random2,no,no,2015-12-15
Q012611,7.0,F10243,samsunginternet_android,subtree_engine,yes,no,2018-03-16
Q012612,26,F17737,webview_ios,engine_webkit,no,no,2025-09-15
Q012613,1.0,F06280,samsunginternet_android,engine_blink,yes,no,2013-04-27
Q012614,12,F01632,edge,random2,no,no,2015-07-29
Q012615,5.0,F09464,oculus,subtree_engine,yes,no,2018-07-01
Q012616,43,F00913,chrome,engine_blink,yes,no,2015-05-19
Q012617,137,F01319,webview_android,engine_blink,yes,yes,2025-05-27
Q012618,25,F17072,opera_android,engine_blink,yes,no,2014-10-16
Q012619,false,F04509,webview_ios,subtree_engine,yes,no,none
Q012620,66,F04995,chrome,subtree_engine,yes,no,2018-04-17
Q012621,8,F03549,firefox,subtree_engine,yes,no,2011-11-08
Q012622,5.0,F17498,oculus,subtree_engine,yes,no,2018-07-01
Q012623,6,F04584,safari_ios,engine_webkit,no,no,2012-09-10
Q012624,1,F08190,chrome,engine_blink,yes,no,2008-12-11
Q012625,46,F13786,opera,engine_blink,yes,no,2017-06-22
Q012626,144,F09387,chrome,lineage_pair,no,no,2026-01-13
Q012627,false,F12357,safari_ios,subtree_engine,yes,no,none
Q012628,60,F16312,chrome,source1,no,no,2017-07-25
Q012629,false,F15306,opera_android,subtree_engine,yes,no,none
Q012630,17.0,F10116,samsunginternet_android,engine_blink,yes,no,2022-05-04
Q012631,1.5,F13610,samsunginternet_android,engine_blink,yes,no,2013-09-25
Q012632,4.4,F04182,webview_android,derivative1,no,no,2013-12-09
Q012633,12,F04594,edge,engine_blink,yes,no,2015-07-29
Q012634,false,F05915,safari,engine_webkit,no,no,none
Q012635,57,F05529,opera_android,subtree_engine,yes,no,2020-03-30
Q012636,3,F09131,opera,engine_blink,yes,no,1997-12-01
Q012637,6,F17750,safari,engine_webkit,no,no,2012-07-25
Q012638,79,F14405,edge,random2,no,no,2020-01-15
Q012639,143,F00365,webview_android,engine_blink,yes,no,2025-12-02
Q012640,19,F10790,opera,engine_blink,yes,no,2014-01-28
Q012641,43,F08888,opera_android,engine_blink,yes,yes,2017-09-27
Q012642,4.4,F07844,webview_android,engine_blink,yes,no,2013-12-09
Q012643,13.1,F14460,safari,lineage_pair,no,no,2020-03-24
Q012644,4.2,F16911,safari_ios,derivative1,no,no,2010-11-22
Q012645,73,F03836,chrome,engine_blink,yes,no,2019-03-12
