id,prediction,certain
Q000001,false,0
Q000002,false,0
Q000003,false,0
Q000004,false,0
Q000005,false,0
Q000006,false,0
Q000007,false,0
Q000008,false,0
Q000009,false,0
Q000010,false,0
Q000011,false,0
Q000012,false,0
Q000013,false,0
Q000014,false,0
Q000015,false,0
Q000016,false,0
Q000017,false,0
Q000018,false,0
Q000019,false,0
Q000020,false,0
Q000021,false,0
Q000022,false,0
Q000023,false,0
Q000024,false,0
Q000025,false,0
Q000026,false,0
Q000027,false,0
Q000028,false,0
Q000029,false,0
Q000030,false,0
Q000031,false,0
Q000032,false,0
Q000033,false,0
Q000034,false,0
Q000035,false,0
Q000036,false,0
Q000037,false,0
Q000038,false,0
Q000039,false,0
Q000040,false,0
Q000041,false,0
Q000042,false,0
Q000043,false,0
Q000044,false,0
Q000045,false,0
Q000046,false,0
Q000047,false,0
Q000048,false,0
Q000049,false,0
Q000050,false,0
Q000051,false,0
Q000052,false,0
Q000053,false,0
Q000054,false,0
Q000055,false,0
Q000056,false,0
Q000057,false,0
Q000058,false,0
Q000059,false,0
Q000060,false,0
Q000061,false,0
Q000062,false,0
Q000063,false,0
Q000064,false,0
Q000065,false,0
Q000066,false,0
Q000067,false,0
Q000068,false,0
Q000069,false,0
Q000070,false,0
Q000071,false,0
Q000072,false,0
Q000073,false,0
Q000074,false,0
Q000075,false,0
Q000076,false,0
Q000077,false,0
Q000078,false,0
Q000079,false,0
Q000080,false,0
Q000081,false,0
Q000082,false,0
Q000083,false,0
Q000084,false,0
Q000085,false,0
Q000086,false,0
Q000087,false,0
Q000088,false,0
Q000089,false,0
Q000090,false,0
Q000091,false,0
Q000092,false,0
Q000093,false,0
Q000094,false,0
Q000095,false,0
Q000096,false,0
Q000097,false,0
Q000098,false,0
Q000099,false,0
Q000100,false,0
Q000101,false,0
Q000102,false,0
Q000103,false,0
Q000104,false,0
Q000105,false,0
Q000106,false,0
Q000107,false,0
Q000108,false,0
Q000109,false,0
Q000110,false,0
Q000111,false,0
Q000112,false,0
Q000113,false,0
Q000114,false,0
Q000115,false,0
Q000116,false,0
Q000117,false,0
Q000118,false,0
Q000119,false,0
Q000120,false,0
Q000121,false,0
Q000122,false,0
Q000123,false,0
Q000124,false,0
Q000125,false,0
Q000126,false,0
Q000127,false,0
Q000128,false,0
Q000129,false,0
Q000130,false,0
Q000131,false,0
Q000132,false,0
Q000133,false,0
Q000134,false,0
Q000135,false,0
Q000136,false,0
Q000137,false,0
Q000138,false,0
Q000139,false,0
Q000140,false,0
Q000141,false,0
Q000142,false,0
Q000143,false,0
Q000144,false,0
Q000145,false,0
Q000146,false,0
Q000147,false,0
Q000148,false,0
Q000149,false,0
Q000150,false,0
Q000151,false,0
Q000152,false,0
Q000153,false,0
Q000154,false,0
Q000155,false,0
Q000156,false,0
Q000157,false,0
Q000158,false,0
Q000159,false,0
Q000160,false,0
Q000161,false,0
Q000162,false,0
Q000163,false,0
Q000164,false,0
Q000165,false,0
Q000166,false,0
Q000167,false,0
Q000168,false,0
Q000169,false,0
Q000170,false,0
Q000171,false,0
Q000172,false,0
Q000173,false,0
Q000174,false,0
Q000175,false,0
Q000176,false,0
Q000177,false,0
Q000178,false,0
Q000179,false,0
Q000180,false,0
Q000181,false,0
Q000182,false,0
Q000183,false,0
Q000184,false,0
Q000185,false,0
Q000186,false,0
Q000187,false,0
Q000188,false,0
Q000189,false,0
Q000190,false,0
Q000191,false,0
Q000192,false,0
Q000193,false,0
Q000194,false,0
Q000195,false,0
Q000196,false,0
Q000197,false,0
Q000198,false,0
Q000199,false,0
Q000200,false,0
Q000201,false,0
Q000202,false,0
Q000203,false,0
Q000204,false,0
Q000205,false,0
Q000206,false,0
Q000207,false,0
Q000208,false,0
Q000209,false,0
Q000210,false,0
Q000211,false,0
Q000212,false,0
Q000213,false,0
Q000214,false,0
Q000215,false,0
Q000216,false,0
Q000217,false,0
Q000218,false,0
Q000219,false,0
Q000220,false,0
Q000221,false,0
Q000222,false,0
Q000223,false,0
Q000224,false,0
Q000225,false,0
Q000226,false,0
Q000227,false,0
Q000228,false,0
Q000229,false,0
Q000230,false,0
Q000231,false,0
Q000232,false,0
Q000233,false,0
Q000234,false,0
Q000235,false,0
Q000236,false,0
Q000237,false,0
Q000238,false,0
Q000239,false,0
Q000240,false,0
Q000241,false,0
Q000242,false,0
Q000243,false,0
Q000244,false,0
Q000245,false,0
Q000246,false,0
Q000247,false,0
Q000248,false,0
Q000249,false,0
Q000250,false,0
Q000251,false,0
Q000252,false,0
Q000253,false,0
Q000254,false,0
Q000255,false,0
Q000256,false,0
Q000257,false,0
Q000258,false,0
Q000259,false,0
Q000260,false,0
Q000261,false,0
Q000262,false,0
Q000263,false,0
Q000264,false,0
Q000265,false,0
Q000266,false,0
Q000267,false,0
Q000268,false,0
Q000269,false,0
Q000270,false,0
Q000271,false,0
Q000272,false,0
Q000273,false,0
Q000274,false,0
Q000275,false,0
Q000276,false,0
Q000277,false,0
Q000278,false,0
Q000279,false,0
Q000280,false,0
Q000281,false,0
Q000282,false,0
Q000283,false,0
Q000284,false,0
Q000285,false,0
Q000286,false,0
Q000287,false,0
Q000288,false,0
Q000289,false,0
Q000290,false,0
Q000291,false,0
Q000292,false,0
Q000293,false,0
Q000294,false,0
Q000295,false,0
Q000296,false,0
Q000297,false,0
Q000298,false,0
Q000299,false,0
Q000300,false,0
Q000301,false,0
Q000302,false,0
Q000303,false,0
Q000304,false,0
Q000305,false,0
Q000306,false,0
Q000307,false,0
Q000308,false,0
Q000309,false,0
Q000310,false,0
Q000311,false,0
Q000312,false,0
Q000313,false,0
Q000314,false,0
Q000315,false,0
Q000316,false,0
Q000317,false,0
Q000318,false,0
Q000319,false,0
Q000320,false,0
Q000321,false,0
Q000322,false,0
Q000323,false,0
Q000324,false,0
Q000325,false,0
Q000326,false,0
Q000327,false,0
Q000328,false,0
Q000329,false,0
Q000330,false,0
Q000331,false,0
Q000332,false,0
Q000333,false,0
Q000334,false,0
Q000335,false,0
Q000336,false,0
Q000337,false,0
Q000338,false,0
Q000339,false,0
Q000340,false,0
Q000341,false,0
Q000342,false,0
Q000343,false,0
Q000344,false,0
Q000345,false,0
Q000346,false,0
Q000347,false,0
Q000348,false,0
Q000349,false,0
Q000350,false,0
Q000351,false,0
Q000352,false,0
Q000353,false,0
Q000354,false,0
Q000355,false,0
Q000356,false,0
Q000357,false,0
Q000358,false,0
Q000359,false,0
Q000360,false,0
Q000361,false,0
Q000362,false,0
Q000363,false,0
Q000364,false,0
Q000365,false,0
Q000366,false,0
Q000367,false,0
Q000368,false,0
Q000369,false,0
Q000370,false,0
Q000371,false,0
Q000372,false,0
Q000373,false,0
Q000374,false,0
Q000375,false,0
Q000376,false,0
Q000377,false,0
Q000378,false,0
Q000379,false,0
Q000380,false,0
Q000381,false,0
Q000382,false,0
Q000383,false,0
Q000384,false,0
Q000385,false,0
Q000386,false,0
Q000387,false,0
Q000388,false,0
Q000389,false,0
Q000390,false,0
Q000391,false,0
Q000392,false,0
Q000393,false,0
Q000394,false,0
Q000395,false,0
Q000396,false,0
Q000397,false,0
Q000398,false,0
Q000399,false,0
Q000400,false,0
Q000401,false,0
Q000402,false,0
Q000403,false,0
Q000404,false,0
Q000405,false,0
Q000406,false,0
Q000407,false,0
Q000408,false,0
Q000409,false,0
Q000410,false,0
Q000411,false,0
Q000412,false,0
Q000413,false,0
Q000414,false,0
Q000415,false,0
Q000416,false,0
Q000417,false,0
Q000418,false,0
Q000419,false,0
Q000420,false,0
Q000421,false,0
Q000422,false,0
Q000423,false,0
Q000424,false,0
Q000425,false,0
Q000426,false,0
Q000427,false,0
Q000428,false,0
Q000429,false,0
Q000430,false,0
Q000431,false,0
Q000432,false,0
Q000433,false,0
Q000434,false,0
Q000435,false,0
Q000436,false,0
Q000437,false,0
Q000438,false,0
Q000439,false,0
Q000440,false,0
Q000441,false,0
Q000442,false,0
Q000443,false,0
Q000444,false,0
Q000445,false,0
Q000446,false,0
Q000447,false,0
Q000448,false,0
Q000449,false,0
Q000450,false,0
Q000451,false,0
Q000452,false,0
Q000453,false,0
Q000454,false,0
Q000455,false,0
Q000456,false,0
Q000457,false,0
Q000458,false,0
Q000459,false,0
Q000460,false,0
Q000461,false,0
Q000462,false,0
Q000463,false,0
Q000464,false,0
Q000465,false,0
Q000466,false,0
Q000467,false,0
Q000468,false,0
Q000469,false,0
Q000470,false,0
Q000471,false,0
Q000472,false,0
Q000473,false,0
Q000474,false,0
Q000475,false,0
Q000476,false,0
Q000477,false,0
Q000478,false,0
Q000479,false,0
Q000480,false,0
Q000481,false,0
Q000482,false,0
Q000483,false,0
Q000484,false,0
Q000485,false,0
Q000486,false,0
Q000487,false,0
Q000488,false,0
Q000489,false,0
Q000490,false,0
Q000491,false,0
Q000492,false,0
Q000493,false,0
Q000494,false,0
Q000495,false,0
Q000496,false,0
Q000497,false,0
Q000498,false,0
Q000499,false,0
Q000500,false,0
Q000501,false,0
Q000502,false,0
Q000503,false,0
Q000504,false,0
Q000505,false,0
Q000506,false,0
Q000507,false,0
Q000508,false,0
Q000509,false,0
Q000510,false,0
Q000511,false,0
Q000512,false,0
Q000513,false,0
Q000514,false,0
Q000515,false,0
Q000516,false,0
Q000517,false,0
Q000518,false,0
Q000519,false,0
Q000520,false,0
Q000521,false,0
Q000522,false,0
Q000523,false,0
Q000524,false,0
Q000525,false,0
Q000526,false,0
Q000527,false,0
Q000528,false,0
Q000529,false,0
Q000530,false,0
Q000531,false,0
Q000532,false,0
Q000533,false,0
Q000534,false,0
Q000535,false,0
Q000536,false,0
Q000537,false,0
Q000538,false,0
Q000539,false,0
Q000540,false,0
Q000541,false,0
Q000542,false,0
Q000543,false,0
Q000544,false,0
Q000545,false,0
Q000546,false,0
Q000547,false,0
Q000548,false,0
Q000549,false,0
Q000550,false,0
Q000551,false,0
Q000552,false,0
Q000553,false,0
Q000554,false,0
Q000555,false,0
Q000556,false,0
Q000557,false,0
Q000558,false,0
Q000559,false,0
Q000560,false,0
Q000561,false,0
Q000562,false,0
Q000563,false,0
Q000564,false,0
Q000565,false,0
Q000566,false,0
Q000567,false,0
Q000568,false,0
Q000569,false,0
Q000570,false,0
Q000571,false,0
Q000572,false,0
Q000573,false,0
Q000574,false,0
Q000575,false,0
Q000576,false,0
Q000577,false,0
Q000578,false,0
Q000579,false,0
Q000580,false,0
Q000581,false,0
Q000582,false,0
Q000583,false,0
Q000584,false,0
Q000585,false,0
Q000586,false,0
Q000587,false,0
Q000588,false,0
Q000589,false,0
Q000590,false,0
Q000591,false,0
Q000592,false,0
Q000593,false,0
Q000594,false,0
Q000595,false,0
Q000596,false,0
Q000597,false,0
Q000598,false,0
Q000599,false,0
Q000600,false,0
Q000601,false,0
Q000602,false,0
Q000603,false,0
Q000604,false,0
Q000605,false,0
Q000606,false,0
Q000607,false,0
Q000608,false,0
Q000609,false,0
Q000610,false,0
Q000611,false,0
Q000612,false,0
Q000613,false,0
Q000614,false,0
Q000615,false,0
Q000616,false,0
Q000617,false,0
Q000618,false,0
Q000619,false,0
Q000620,false,0
Q000621,false,0
Q000622,false,0
Q000623,false,0
Q000624,false,0
Q000625,false,0
Q000626,false,0
Q000627,false,0
Q000628,false,0
Q000629,false,0
Q000630,false,0
Q000631,false,0
Q000632,false,0
Q000633,false,0
Q000634,false,0
Q000635,false,0
Q000636,false,0
Q000637,false,0
Q000638,false,0
Q000639,false,0
Q000640,false,0
Q000641,false,0
Q000642,false,0
Q000643,false,0
Q000644,false,0
Q000645,false,0
Q000646,false,0
Q000647,false,0
Q000648,false,0
Q000649,false,0
Q000650,false,0
Q000651,false,0
Q000652,false,0
Q000653,false,0
Q000654,false,0
Q000655,false,0
Q000656,false,0
Q000657,false,0
Q000658,false,0
Q000659,false,0
Q000660,false,0
Q000661,false,0
Q000662,false,0
Q000663,false,0
Q000664,false,0
Q000665,false,0
Q000666,false,0
Q000667,false,0
Q000668,false,0
Q000669,false,0
Q000670,false,0
Q000671,false,0
Q000672,false,0
Q000673,false,0
Q000674,false,0
Q000675,false,0
Q000676,false,0
Q000677,false,0
Q000678,false,0
Q000679,false,0
Q000680,false,0
Q000681,false,0
Q000682,false,0
Q000683,false,0
Q000684,false,0
Q000685,false,0
Q000686,false,0
Q000687,false,0
Q000688,false,0
Q000689,false,0
Q000690,false,0
Q000691,false,0
Q000692,false,0
Q000693,false,0
Q000694,false,0
Q000695,false,0
Q000696,false,0
Q000697,false,0
Q000698,false,0
Q000699,false,0
Q000700,false,0
Q000701,false,0
Q000702,false,0
Q000703,false,0
Q000704,false,0
Q000705,false,0
Q000706,false,0
Q000707,false,0
Q000708,false,0
Q000709,false,0
Q000710,false,0
Q000711,false,0
Q000712,false,0
Q000713,false,0
Q000714,false,0
Q000715,false,0
Q000716,false,0
Q000717,false,0
Q000718,false,0
Q000719,false,0
Q000720,false,0
Q000721,false,0
Q000722,false,0
Q000723,false,0
Q000724,false,0
Q000725,false,0
Q000726,false,0
Q000727,false,0
Q000728,false,0
Q000729,false,0
Q000730,false,0
Q000731,false,0
Q000732,false,0
Q000733,false,0
Q000734,false,0
Q000735,false,0
Q000736,false,0
Q000737,false,0
Q000738,false,0
Q000739,false,0
Q000740,false,0
Q000741,false,0
Q000742,false,0
Q000743,false,0
Q000744,false,0
Q000745,false,0
Q000746,false,0
Q000747,false,0
Q000748,false,0
Q000749,false,0
Q000750,false,0
Q000751,false,0
Q000752,false,0
Q000753,false,0
Q000754,false,0
Q000755,false,0
Q000756,false,0
Q000757,false,0
Q000758,false,0
Q000759,false,0
Q000760,false,0
Q000761,false,0
Q000762,false,0
Q000763,false,0
Q000764,false,0
Q000765,false,0
Q000766,false,0
Q000767,false,0
Q000768,false,0
Q000769,false,0
Q000770,false,0
Q000771,false,0
Q000772,false,0
Q000773,false,0
Q000774,false,0
Q000775,false,0
Q000776,false,0
Q000777,false,0
Q000778,false,0
Q000779,false,0
Q000780,false,0
Q000781,false,0
Q000782,false,0
Q000783,false,0
Q000784,false,0
Q000785,false,0
Q000786,false,0
Q000787,false,0
Q000788,false,0
Q000789,false,0
Q000790,false,0
Q000791,false,0
Q000792,false,0
Q000793,false,0
Q000794,false,0
Q000795,false,0
Q000796,false,0
Q000797,false,0
Q000798,false,0
Q000799,false,0
Q000800,false,0
Q000801,false,0
Q000802,false,0
Q000803,false,0
Q000804,false,0
Q000805,false,0
Q000806,false,0
Q000807,false,0
Q000808,false,0
Q000809,false,0
Q000810,false,0
Q000811,false,0
Q000812,false,0
Q000813,false,0
Q000814,false,0
Q000815,false,0
Q000816,false,0
Q000817,false,0
Q000818,false,0
Q000819,false,0
Q000820,false,0
Q000821,false,0
Q000822,false,0
Q000823,false,0
Q000824,false,0
Q000825,false,0
Q000826,false,0
Q000827,false,0
Q000828,false,0
Q000829,false,0
Q000830,false,0
Q000831,false,0
Q000832,false,0
Q000833,false,0
Q000834,false,0
Q000835,false,0
Q000836,false,0
Q000837,false,0
Q000838,false,0
Q000839,false,0
Q000840,false,0
Q000841,false,0
Q000842,false,0
Q000843,false,0
Q000844,false,0
Q000845,false,0
Q000846,false,0
Q000847,false,0
Q000848,false,0
Q000849,false,0
Q000850,false,0
Q000851,false,0
Q000852,false,0
Q000853,false,0
Q000854,false,0
Q000855,false,0
Q000856,false,0
Q000857,false,0
Q000858,false,0
Q000859,false,0
Q000860,false,0
Q000861,false,0
Q000862,false,0
Q000863,false,0
Q000864,false,0
Q000865,false,0
Q000866,false,0
Q000867,false,0
Q000868,false,0
Q000869,false,0
Q000870,false,0
Q000871,false,0
Q000872,false,0
Q000873,false,0
Q000874,false,0
Q000875,false,0
Q000876,false,0
Q000877,false,0
Q000878,false,0
Q000879,false,0
Q000880,false,0
Q000881,false,0
Q000882,false,0
Q000883,false,0
Q000884,false,0
Q000885,false,0
Q000886,false,0
Q000887,false,0
Q000888,false,0
Q000889,false,0
Q000890,false,0
Q000891,false,0
Q000892,false,0
Q000893,false,0
Q000894,false,0
Q000895,false,0
Q000896,false,0
Q000897,false,0
Q000898,false,0
Q000899,false,0
Q000900,false,0
Q000901,false,0
Q000902,false,0
Q000903,false,0
Q000904,false,0
Q000905,false,0
Q000906,false,0
Q000907,false,0
Q000908,false,0
Q000909,false,0
Q000910,false,0
Q000911,false,0
Q000912,false,0
Q000913,false,0
Q000914,false,0
Q000915,false,0
Q000916,false,0
Q000917,false,0
Q000918,false,0
Q000919,false,0
Q000920,false,0
Q000921,false,0
Q000922,false,0
Q000923,false,0
Q000924,false,0
Q000925,false,0
Q000926,false,0
Q000927,false,0
Q000928,false,0
Q000929,false,0
Q000930,false,0
Q000931,false,0
Q000932,false,0
Q000933,false,0
Q000934,false,0
Q000935,false,0
Q000936,false,0
Q000937,false,0
Q000938,false,0
Q000939,false,0
Q000940,false,0
Q000941,false,0
Q000942,false,0
Q000943,false,0
Q000944,false,0
Q000945,false,0
Q000946,false,0
Q000947,false,0
Q000948,false,0
Q000949,false,0
Q000950,false,0
Q000951,false,0
Q000952,false,0
Q000953,false,0
Q000954,false,0
Q000955,false,0
Q000956,false,0
Q000957,false,0
Q000958,false,0
Q000959,false,0
Q000960,false,0
Q000961,false,0
Q000962,false,0
Q000963,false,0
Q000964,false,0
Q000965,false,0
Q000966,false,0
Q000967,false,0
Q000968,false,0
Q000969,false,0
Q000970,false,0
Q000971,false,0
Q000972,false,0
Q000973,false,0
Q000974,false,0
Q000975,false,0
Q000976,false,0
Q000977,false,0
Q000978,false,0
Q000979,false,0
Q000980,false,0
Q000981,false,0
Q000982,false,0
Q000983,false,0
Q000984,false,0
Q000985,false,0
Q000986,false,0
Q000987,false,0
Q000988,false,0
Q000989,false,0
Q000990,false,0
Q000991,false,0
Q000992,false,0
Q000993,false,0
Q000994,false,0
Q000995,false,0
Q000996,false,0
Q000997,false,0
Q000998,false,0
Q000999,false,0
Q001000,false,0
Q001001,false,0
Q001002,false,0
Q001003,false,0
Q001004,false,0
Q001005,false,0
Q001006,false,0
Q001007,false,0
Q001008,false,0
Q001009,false,0
Q001010,false,0
Q001011,false,0
Q001012,false,0
Q001013,false,0
Q001014,false,0
Q001015,false,0
Q001016,false,0
Q001017,false,0
Q001018,false,0
Q001019,false,0
Q001020,false,0
Q001021,false,0
Q001022,false,0
Q001023,false,0
Q001024,false,0
Q001025,false,0
Q001026,false,0
Q001027,false,0
Q001028,false,0
Q001029,false,0
Q001030,false,0
Q001031,false,0
Q001032,false,0
Q001033,false,0
Q001034,false,0
Q001035,false,0
Q001036,false,0
Q001037,false,0
Q001038,false,0
Q001039,false,0
Q001040,false,0
Q001041,false,0
Q001042,false,0
Q001043,false,0
Q001044,false,0
Q001045,false,0
Q001046,false,0
Q001047,false,0
Q001048,false,0
Q001049,false,0
Q001050,false,0
Q001051,false,0
Q001052,false,0
Q001053,false,0
Q001054,false,0
Q001055,false,0
Q001056,false,0
Q001057,false,0
Q001058,false,0
Q001059,false,0
Q001060,false,0
Q001061,false,0
Q001062,false,0
Q001063,false,0
Q001064,false,0
Q001065,false,0
Q001066,false,0
Q001067,false,0
Q001068,false,0
Q001069,false,0
Q001070,false,0
Q001071,false,0
Q001072,false,0
Q001073,false,0
Q001074,false,0
Q001075,false,0
Q001076,false,0
Q001077,false,0
Q001078,false,0
Q001079,false,0
Q001080,false,0
Q001081,false,0
Q001082,false,0
Q001083,false,0
Q001084,false,0
Q001085,false,0
Q001086,false,0
Q001087,false,0
Q001088,false,0
Q001089,false,0
Q001090,false,0
Q001091,false,0
Q001092,false,0
Q001093,false,0
Q001094,false,0
Q001095,false,0
Q001096,false,0
Q001097,false,0
Q001098,false,0
Q001099,false,0
Q001100,false,0
Q001101,false,0
Q001102,false,0
Q001103,false,0
Q001104,false,0
Q001105,false,0
Q001106,false,0
Q001107,false,0
Q001108,false,0
Q001109,false,0
Q001110,false,0
Q001111,false,0
Q001112,false,0
Q001113,false,0
Q001114,false,0
Q001115,false,0
Q001116,false,0
Q001117,false,0
Q001118,false,0
Q001119,false,0
Q001120,false,0
Q001121,false,0
Q001122,false,0
Q001123,false,0
Q001124,false,0
Q001125,false,0
Q001126,false,0
Q001127,false,0
Q001128,false,0
Q001129,false,0
Q001130,false,0
Q001131,false,0
Q001132,false,0
Q001133,false,0
Q001134,false,0
Q001135,false,0
Q001136,false,0
Q001137,false,0
Q001138,false,0
Q001139,false,0
Q001140,false,0
Q001141,false,0
Q001142,false,0
Q001143,false,0
Q001144,false,0
Q001145,false,0
Q001146,false,0
Q001147,false,0
Q001148,false,0
Q001149,false,0
Q001150,false,0
Q001151,false,0
Q001152,false,0
Q001153,false,0
Q001154,false,0
Q001155,false,0
Q001156,false,0
Q001157,false,0
Q001158,false,0
Q001159,false,0
Q001160,false,0
Q001161,false,0
Q001162,false,0
Q001163,false,0
Q001164,false,0
Q001165,false,0
Q001166,false,0
Q001167,false,0
Q001168,false,0
Q001169,false,0
Q001170,false,0
Q001171,false,0
Q001172,false,0
Q001173,false,0
Q001174,false,0
Q001175,false,0
Q001176,false,0
Q001177,false,0
Q001178,false,0
Q001179,false,0
Q001180,false,0
Q001181,false,0
Q001182,false,0
Q001183,false,0
Q001184,false,0
Q001185,false,0
Q001186,false,0
Q001187,false,0
Q001188,false,0
Q001189,false,0
Q001190,false,0
Q001191,false,0
Q001192,false,0
Q001193,false,0
Q001194,false,0
Q001195,false,0
Q001196,false,0
Q001197,false,0
Q001198,false,0
Q001199,false,0
Q001200,false,0
Q001201,false,0
Q001202,false,0
Q001203,false,0
Q001204,false,0
Q001205,false,0
Q001206,false,0
Q001207,false,0
Q001208,false,0
Q001209,false,0
Q001210,false,0
Q001211,false,0
Q001212,false,0
Q001213,false,0
Q001214,false,0
Q001215,false,0
Q001216,false,0
Q001217,false,0
Q001218,false,0
Q001219,false,0
Q001220,false,0
Q001221,false,0
Q001222,false,0
Q001223,false,0
Q001224,false,0
Q001225,false,0
Q001226,false,0
Q001227,false,0
Q001228,false,0
Q001229,false,0
Q001230,false,0
Q001231,false,0
Q001232,false,0
Q001233,false,0
Q001234,false,0
Q001235,false,0
Q001236,false,0
Q001237,false,0
Q001238,false,0
Q001239,false,0
Q001240,false,0
Q001241,false,0
Q001242,false,0
Q001243,false,0
Q001244,false,0
Q001245,false,0
Q001246,false,0
Q001247,false,0
Q001248,false,0
Q001249,false,0
Q001250,false,0
Q001251,false,0
Q001252,false,0
Q001253,false,0
Q001254,false,0
Q001255,false,0
Q001256,false,0
Q001257,false,0
Q001258,false,0
Q001259,false,0
Q001260,false,0
Q001261,false,0
Q001262,false,0
Q001263,false,0
Q001264,false,0
Q001265,false,0
Q001266,false,0
Q001267,false,0
Q001268,false,0
Q001269,false,0
Q001270,false,0
Q001271,false,0
Q001272,false,0
Q001273,false,0
Q001274,false,0
Q001275,false,0
Q001276,false,0
Q001277,false,0
Q001278,false,0
Q001279,false,0
Q001280,false,0
Q001281,false,0
Q001282,false,0
Q001283,false,0
Q001284,false,0
Q001285,false,0
Q001286,false,0
Q001287,false,0
Q001288,false,0
Q001289,false,0
Q001290,false,0
Q001291,false,0
Q001292,false,0
Q001293,false,0
Q001294,false,0
Q001295,false,0
Q001296,false,0
Q001297,false,0
Q001298,false,0
Q001299,false,0
Q001300,false,0
Q001301,false,0
Q001302,false,0
Q001303,false,0
Q001304,false,0
Q001305,false,0
Q001306,false,0
Q001307,false,0
Q001308,false,0
Q001309,false,0
Q001310,false,0
Q001311,false,0
Q001312,false,0
Q001313,false,0
Q001314,false,0
Q001315,false,0
Q001316,false,0
Q001317,false,0
Q001318,false,0
Q001319,false,0
Q001320,false,0
Q001321,false,0
Q001322,false,0
Q001323,false,0
Q001324,false,0
Q001325,false,0
Q001326,false,0
Q001327,false,0
Q001328,false,0
Q001329,false,0
Q001330,false,0
Q001331,false,0
Q001332,false,0
Q001333,false,0
Q001334,false,0
Q001335,false,0
Q001336,false,0
Q001337,false,0
Q001338,false,0
Q001339,false,0
Q001340,false,0
Q001341,false,0
Q001342,false,0
Q001343,false,0
Q001344,false,0
Q001345,false,0
Q001346,false,0
Q001347,false,0
Q001348,false,0
Q001349,false,0
Q001350,false,0
Q001351,false,0
Q001352,false,0
Q001353,false,0
Q001354,false,0
Q001355,false,0
Q001356,false,0
Q001357,false,0
Q001358,false,0
Q001359,false,0
Q001360,false,0
Q001361,false,0
Q001362,false,0
Q001363,false,0
Q001364,false,0
Q001365,false,0
Q001366,false,0
Q001367,false,0
Q001368,false,0
Q001369,false,0
Q001370,false,0
Q001371,false,0
Q001372,false,0
Q001373,false,0
Q001374,false,0
Q001375,false,0
Q001376,false,0
Q001377,false,0
Q001378,false,0
Q001379,false,0
Q001380,false,0
Q001381,false,0
Q001382,false,0
Q001383,false,0
Q001384,false,0
Q001385,false,0
Q001386,false,0
Q001387,false,0
Q001388,false,0
Q001389,false,0
Q001390,false,0
Q001391,false,0
Q001392,false,0
Q001393,false,0
Q001394,false,0
Q001395,false,0
Q001396,false,0
Q001397,false,0
Q001398,false,0
Q001399,false,0
Q001400,false,0
Q001401,false,0
Q001402,false,0
Q001403,false,0
Q001404,false,0
Q001405,false,0
Q001406,false,0
Q001407,false,0
Q001408,false,0
Q001409,false,0
Q001410,false,0
Q001411,false,0
Q001412,false,0
Q001413,false,0
Q001414,false,0
Q001415,false,0
Q001416,false,0
Q001417,false,0
Q001418,false,0
Q001419,false,0
Q001420,false,0
Q001421,false,0
Q001422,false,0
Q001423,false,0
Q001424,false,0
Q001425,false,0
Q001426,false,0
Q001427,false,0
Q001428,false,0
Q001429,false,0
Q001430,false,0
Q001431,false,0
Q001432,false,0
Q001433,false,0
Q001434,false,0
Q001435,false,0
Q001436,false,0
Q001437,false,0
Q001438,false,0
Q001439,false,0
Q001440,false,0
Q001441,false,0
Q001442,false,0
Q001443,false,0
Q001444,false,0
Q001445,false,0
Q001446,false,0
Q001447,false,0
Q001448,false,0
Q001449,false,0
Q001450,false,0
Q001451,false,0
Q001452,false,0
Q001453,false,0
Q001454,false,0
Q001455,false,0
Q001456,false,0
Q001457,false,0
Q001458,false,0
Q001459,false,0
Q001460,false,0
Q001461,false,0
Q001462,false,0
Q001463,false,0
Q001464,false,0
Q001465,false,0
Q001466,false,0
Q001467,false,0
Q001468,false,0
Q001469,false,0
Q001470,false,0
Q001471,false,0
Q001472,false,0
Q001473,false,0
Q001474,false,0
Q001475,false,0
Q001476,false,0
Q001477,false,0
Q001478,false,0
Q001479,false,0
Q001480,false,0
Q001481,false,0
Q001482,false,0
Q001483,false,0
Q001484,false,0
Q001485,false,0
Q001486,false,0
Q001487,false,0
Q001488,false,0
Q001489,false,0
Q001490,false,0
Q001491,false,0
Q001492,false,0
Q001493,false,0
Q001494,false,0
Q001495,false,0
Q001496,false,0
Q001497,false,0
Q001498,false,0
Q001499,false,0
Q001500,false,0
Q001501,false,0
Q001502,false,0
Q001503,false,0
Q001504,false,0
Q001505,false,0
Q001506,false,0
Q001507,false,0
Q001508,false,0
Q001509,false,0
Q001510,false,0
Q001511,false,0
Q001512,false,0
Q001513,false,0
Q001514,false,0
Q001515,false,0
Q001516,false,0
Q001517,false,0
Q001518,false,0
Q001519,false,0
Q001520,false,0
Q001521,false,0
Q001522,false,0
Q001523,false,0
Q001524,false,0
Q001525,false,0
Q001526,false,0
Q001527,false,0
Q001528,false,0
Q001529,false,0
Q001530,false,0
Q001531,false,0
Q001532,false,0
Q001533,false,0
Q001534,false,0
Q001535,false,0
Q001536,false,0
Q001537,false,0
Q001538,false,0
Q001539,false,0
Q001540,false,0
Q001541,false,0
Q001542,false,0
Q001543,false,0
Q001544,false,0
Q001545,false,0
Q001546,false,0
Q001547,false,0
Q001548,false,0
Q001549,false,0
Q001550,false,0
Q001551,false,0
Q001552,false,0
Q001553,false,0
Q001554,false,0
Q001555,false,0
Q001556,false,0
Q001557,false,0
Q001558,false,0
Q001559,false,0
Q001560,false,0
Q001561,false,0
Q001562,false,0
Q001563,false,0
Q001564,false,0
Q001565,false,0
Q001566,false,0
Q001567,false,0
Q001568,false,0
Q001569,false,0
Q001570,false,0
Q001571,false,0
Q001572,false,0
Q001573,false,0
Q001574,false,0
Q001575,false,0
Q001576,false,0
Q001577,false,0
Q001578,false,0
Q001579,false,0
Q001580,false,0
Q001581,false,0
Q001582,false,0
Q001583,false,0
Q001584,false,0
Q001585,false,0
Q001586,false,0
Q001587,false,0
Q001588,false,0
Q001589,false,0
Q001590,false,0
Q001591,false,0
Q001592,false,0
Q001593,false,0
Q001594,false,0
Q001595,false,0
Q001596,false,0
Q001597,false,0
Q001598,false,0
Q001599,false,0
Q001600,false,0
Q001601,false,0
Q001602,false,0
Q001603,false,0
Q001604,false,0
Q001605,false,0
Q001606,false,0
Q001607,false,0
Q001608,false,0
Q001609,false,0
Q001610,false,0
Q001611,false,0
Q001612,false,0
Q001613,false,0
Q001614,false,0
Q001615,false,0
Q001616,false,0
Q001617,false,0
Q001618,false,0
Q001619,false,0
Q001620,false,0
Q001621,false,0
Q001622,false,0
Q001623,false,0
Q001624,false,0
Q001625,false,0
Q001626,false,0
Q001627,false,0
Q001628,false,0
Q001629,false,0
Q001630,false,0
Q001631,false,0
Q001632,false,0
Q001633,false,0
Q001634,false,0
Q001635,false,0
Q001636,false,0
Q001637,false,0
Q001638,false,0
Q001639,false,0
Q001640,false,0
Q001641,false,0
Q001642,false,0
Q001643,false,0
Q001644,false,0
Q001645,false,0
Q001646,false,0
Q001647,false,0
Q001648,false,0
Q001649,false,0
Q001650,false,0
Q001651,false,0
Q001652,false,0
Q001653,false,0
Q001654,false,0
Q001655,false,0
Q001656,false,0
Q001657,false,0
Q001658,false,0
Q001659,false,0
Q001660,false,0
Q001661,false,0
Q001662,false,0
Q001663,false,0
Q001664,false,0
Q001665,false,0
Q001666,false,0
Q001667,false,0
Q001668,false,0
Q001669,false,0
Q001670,false,0
Q001671,false,0
Q001672,false,0
Q001673,false,0
Q001674,false,0
Q001675,false,0
Q001676,false,0
Q001677,false,0
Q001678,false,0
Q001679,false,0
Q001680,false,0
Q001681,false,0
Q001682,false,0
Q001683,false,0
Q001684,false,0
Q001685,false,0
Q001686,false,0
Q001687,false,0
Q001688,false,0
Q001689,false,0
Q001690,false,0
Q001691,false,0
Q001692,false,0
Q001693,false,0
Q001694,false,0
Q001695,false,0
Q001696,false,0
Q001697,false,0
Q001698,false,0
Q001699,false,0
Q001700,false,0
Q001701,false,0
Q001702,false,0
Q001703,false,0
Q001704,false,0
Q001705,false,0
Q001706,false,0
Q001707,false,0
Q001708,false,0
Q001709,false,0
Q001710,false,0
Q001711,false,0
Q001712,false,0
Q001713,false,0
Q001714,false,0
Q001715,false,0
Q001716,false,0
Q001717,false,0
Q001718,false,0
Q001719,false,0
Q001720,false,0
Q001721,false,0
Q001722,false,0
Q001723,false,0
Q001724,false,0
Q001725,false,0
Q001726,false,0
Q001727,false,0
Q001728,false,0
Q001729,false,0
Q001730,false,0
Q001731,false,0
Q001732,false,0
Q001733,false,0
Q001734,false,0
Q001735,false,0
Q001736,false,0
Q001737,false,0
Q001738,false,0
Q001739,false,0
Q001740,false,0
Q001741,false,0
Q001742,false,0
Q001743,false,0
Q001744,false,0
Q001745,false,0
Q001746,false,0
Q001747,false,0
Q001748,false,0
Q001749,false,0
Q001750,false,0
Q001751,false,0
Q001752,false,0
Q001753,false,0
Q001754,false,0
Q001755,false,0
Q001756,false,0
Q001757,false,0
Q001758,false,0
Q001759,false,0
Q001760,false,0
Q001761,false,0
Q001762,false,0
Q001763,false,0
Q001764,false,0
Q001765,false,0
Q001766,false,0
Q001767,false,0
Q001768,false,0
Q001769,false,0
Q001770,false,0
Q001771,false,0
Q001772,false,0
Q001773,false,0
Q001774,false,0
Q001775,false,0
Q001776,false,0
Q001777,false,0
Q001778,false,0
Q001779,false,0
Q001780,false,0
Q001781,false,0
Q001782,false,0
Q001783,false,0
Q001784,false,0
Q001785,false,0
Q001786,false,0
Q001787,false,0
Q001788,false,0
Q001789,false,0
Q001790,false,0
Q001791,false,0
Q001792,false,0
Q001793,false,0
Q001794,false,0
Q001795,false,0
Q001796,false,0
Q001797,false,0
Q001798,false,0
Q001799,false,0
Q001800,false,0
Q001801,false,0
Q001802,false,0
Q001803,false,0
Q001804,false,0
Q001805,false,0
Q001806,false,0
Q001807,false,0
Q001808,false,0
Q001809,false,0
Q001810,false,0
Q001811,false,0
Q001812,false,0
Q001813,false,0
Q001814,false,0
Q001815,false,0
Q001816,false,0
Q001817,false,0
Q001818,false,0
Q001819,false,0
Q001820,false,0
Q001821,false,0
Q001822,false,0
Q001823,false,0
Q001824,false,0
Q001825,false,0
Q001826,false,0
Q001827,false,0
Q001828,false,0
Q001829,false,0
Q001830,false,0
Q001831,false,0
Q001832,false,0
Q001833,false,0
Q001834,false,0
Q001835,false,0
Q001836,false,0
Q001837,false,0
Q001838,false,0
Q001839,false,0
Q001840,false,0
Q001841,false,0
Q001842,false,0
Q001843,false,0
Q001844,false,0
Q001845,false,0
Q001846,false,0
Q001847,false,0
Q001848,false,0
Q001849,false,0
Q001850,false,0
Q001851,false,0
Q001852,false,0
Q001853,false,0
Q001854,false,0
Q001855,false,0
Q001856,false,0
Q001857,false,0
Q001858,false,0
Q001859,false,0
Q001860,false,0
Q001861,false,0
Q001862,false,0
Q001863,false,0
Q001864,false,0
Q001865,false,0
Q001866,false,0
Q001867,false,0
Q001868,false,0
Q001869,false,0
Q001870,false,0
Q001871,false,0
Q001872,false,0
Q001873,false,0
Q001874,false,0
Q001875,false,0
Q001876,false,0
Q001877,false,0
Q001878,false,0
Q001879,false,0
Q001880,false,0
Q001881,false,0
Q001882,false,0
Q001883,false,0
Q001884,false,0
Q001885,false,0
Q001886,false,0
Q001887,false,0
Q001888,false,0
Q001889,false,0
Q001890,false,0
Q001891,false,0
Q001892,false,0
Q001893,false,0
Q001894,false,0
Q001895,false,0
Q001896,false,0
Q001897,false,0
Q001898,false,0
Q001899,false,0
Q001900,false,0
Q001901,false,0
Q001902,false,0
Q001903,false,0
Q001904,false,0
Q001905,false,0
Q001906,false,0
Q001907,false,0
Q001908,false,0
Q001909,false,0
Q001910,false,0
Q001911,false,0
Q001912,false,0
Q001913,false,0
Q001914,false,0
Q001915,false,0
Q001916,false,0
Q001917,false,0
Q001918,false,0
Q001919,false,0
Q001920,false,0
Q001921,false,0
Q001922,false,0
Q001923,false,0
Q001924,false,0
Q001925,false,0
Q001926,false,0
Q001927,false,0
Q001928,false,0
Q001929,false,0
Q001930,false,0
Q001931,false,0
Q001932,false,0
Q001933,false,0
Q001934,false,0
Q001935,false,0
Q001936,false,0
Q001937,false,0
Q001938,false,0
Q001939,false,0
Q001940,false,0
Q001941,false,0
Q001942,false,0
Q001943,false,0
Q001944,false,0
Q001945,false,0
Q001946,false,0
Q001947,false,0
Q001948,false,0
Q001949,false,0
Q001950,false,0
Q001951,false,0
Q001952,false,0
Q001953,false,0
Q001954,false,0
Q001955,false,0
Q001956,false,0
Q001957,false,0
Q001958,false,0
Q001959,false,0
Q001960,false,0
Q001961,false,0
Q001962,false,0
Q001963,false,0
Q001964,false,0
Q001965,false,0
Q001966,false,0
Q001967,false,0
Q001968,false,0
Q001969,false,0
Q001970,false,0
Q001971,false,0
Q001972,false,0
Q001973,false,0
Q001974,false,0
Q001975,false,0
Q001976,false,0
Q001977,false,0
Q001978,false,0
Q001979,false,0
Q001980,false,0
Q001981,false,0
Q001982,false,0
Q001983,false,0
Q001984,false,0
Q001985,false,0
Q001986,false,0
Q001987,false,0
Q001988,false,0
Q001989,false,0
Q001990,false,0
Q001991,false,0
Q001992,false,0
Q001993,false,0
Q001994,false,0
Q001995,false,0
Q001996,false,0
Q001997,false,0
Q001998,false,0
Q001999,false,0
Q002000,false,0
Q002001,false,0
Q002002,false,0
Q002003,false,0
Q002004,false,0
Q002005,false,0
Q002006,false,0
Q002007,false,0
Q002008,false,0
Q002009,false,0
Q002010,false,0
Q002011,false,0
Q002012,false,0
Q002013,false,0
Q002014,false,0
Q002015,false,0
Q002016,false,0
Q002017,false,0
Q002018,false,0
Q002019,false,0
Q002020,false,0
Q002021,false,0
Q002022,false,0
Q002023,false,0
Q002024,false,0
Q002025,false,0
Q002026,false,0
Q002027,false,0
Q002028,false,0
Q002029,false,0
Q002030,false,0
Q002031,false,0
Q002032,false,0
Q002033,false,0
Q002034,false,0
Q002035,false,0
Q002036,false,0
Q002037,false,0
Q002038,false,0
Q002039,false,0
Q002040,false,0
Q002041,false,0
Q002042,false,0
Q002043,false,0
Q002044,false,0
Q002045,false,0
Q002046,false,0
Q002047,false,0
Q002048,false,0
Q002049,false,0
Q002050,false,0
Q002051,false,0
Q002052,false,0
Q002053,false,0
Q002054,false,0
Q002055,false,0
Q002056,false,0
Q002057,false,0
Q002058,false,0
Q002059,false,0
Q002060,false,0
Q002061,false,0
Q002062,false,0
Q002063,false,0
Q002064,false,0
Q002065,false,0
Q002066,false,0
Q002067,false,0
Q002068,false,0
Q002069,false,0
Q002070,false,0
Q002071,false,0
Q002072,false,0
Q002073,false,0
Q002074,false,0
Q002075,false,0
Q002076,false,0
Q002077,false,0
Q002078,false,0
Q002079,false,0
Q002080,false,0
Q002081,false,0
Q002082,false,0
Q002083,false,0
Q002084,false,0
Q002085,false,0
Q002086,false,0
Q002087,false,0
Q002088,false,0
Q002089,false,0
Q002090,false,0
Q002091,false,0
Q002092,false,0
Q002093,false,0
Q002094,false,0
Q002095,false,0
Q002096,false,0
Q002097,false,0
Q002098,false,0
Q002099,false,0
Q002100,false,0
Q002101,false,0
Q002102,false,0
Q002103,false,0
Q002104,false,0
Q002105,false,0
Q002106,false,0
Q002107,false,0
Q002108,false,0
Q002109,false,0
Q002110,false,0
Q002111,false,0
Q002112,false,0
Q002113,false,0
Q002114,false,0
Q002115,false,0
Q002116,false,0
Q002117,false,0
Q002118,false,0
Q002119,false,0
Q002120,false,0
Q002121,false,0
Q002122,false,0
Q002123,false,0
Q002124,false,0
Q002125,false,0
Q002126,false,0
Q002127,false,0
Q002128,false,0
Q002129,false,0
Q002130,false,0
Q002131,false,0
Q002132,false,0
Q002133,false,0
Q002134,false,0
Q002135,false,0
Q002136,false,0
Q002137,false,0
Q002138,false,0
Q002139,false,0
Q002140,false,0
Q002141,false,0
Q002142,false,0
Q002143,false,0
Q002144,false,0
Q002145,false,0
Q002146,false,0
Q002147,false,0
Q002148,false,0
Q002149,false,0
Q002150,false,0
Q002151,false,0
Q002152,false,0
Q002153,false,0
Q002154,false,0
Q002155,false,0
Q002156,false,0
Q002157,false,0
Q002158,false,0
Q002159,false,0
Q002160,false,0
Q002161,false,0
Q002162,false,0
Q002163,false,0
Q002164,false,0
Q002165,false,0
Q002166,false,0
Q002167,false,0
Q002168,false,0
Q002169,false,0
Q002170,false,0
Q002171,false,0
Q002172,false,0
Q002173,false,0
Q002174,false,0
Q002175,false,0
Q002176,false,0
Q002177,false,0
Q002178,false,0
Q002179,false,0
Q002180,false,0
Q002181,false,0
Q002182,false,0
Q002183,false,0
Q002184,false,0
Q002185,false,0
Q002186,false,0
Q002187,false,0
Q002188,false,0
Q002189,false,0
Q002190,false,0
Q002191,false,0
Q002192,false,0
Q002193,false,0
Q002194,false,0
Q002195,false,0
Q002196,false,0
Q002197,false,0
Q002198,false,0
Q002199,false,0
Q002200,false,0
Q002201,false,0
Q002202,false,0
Q002203,false,0
Q002204,false,0
Q002205,false,0
Q002206,false,0
Q002207,false,0
Q002208,false,0
Q002209,false,0
Q002210,false,0
Q002211,false,0
Q002212,false,0
Q002213,false,0
Q002214,false,0
Q002215,false,0
Q002216,false,0
Q002217,false,0
Q002218,false,0
Q002219,false,0
Q002220,false,0
Q002221,false,0
Q002222,false,0
Q002223,false,0
Q002224,false,0
Q002225,false,0
Q002226,false,0
Q002227,false,0
Q002228,false,0
Q002229,false,0
Q002230,false,0
Q002231,false,0
Q002232,false,0
Q002233,false,0
Q002234,false,0
Q002235,false,0
Q002236,false,0
Q002237,false,0
Q002238,false,0
Q002239,false,0
Q002240,false,0
Q002241,false,0
Q002242,false,0
Q002243,false,0
Q002244,false,0
Q002245,false,0
Q002246,false,0
Q002247,false,0
Q002248,false,0
Q002249,false,0
Q002250,false,0
Q002251,false,0
Q002252,false,0
Q002253,false,0
Q002254,false,0
Q002255,false,0
Q002256,false,0
Q002257,false,0
Q002258,false,0
Q002259,false,0
Q002260,false,0
Q002261,false,0
Q002262,false,0
Q002263,false,0
Q002264,false,0
Q002265,false,0
Q002266,false,0
Q002267,false,0
Q002268,false,0
Q002269,false,0
Q002270,false,0
Q002271,false,0
Q002272,false,0
Q002273,false,0
Q002274,false,0
Q002275,false,0
Q002276,false,0
Q002277,false,0
Q002278,false,0
Q002279,false,0
Q002280,false,0
Q002281,false,0
Q002282,false,0
Q002283,false,0
Q002284,false,0
Q002285,false,0
Q002286,false,0
Q002287,false,0
Q002288,false,0
Q002289,false,0
Q002290,false,0
Q002291,false,0
Q002292,false,0
Q002293,false,0
Q002294,false,0
Q002295,false,0
Q002296,false,0
Q002297,false,0
Q002298,false,0
Q002299,false,0
Q002300,false,0
Q002301,false,0
Q002302,false,0
Q002303,false,0
Q002304,false,0
Q002305,false,0
Q002306,false,0
Q002307,false,0
Q002308,false,0
Q002309,false,0
Q002310,false,0
Q002311,false,0
Q002312,false,0
Q002313,false,0
Q002314,false,0
Q002315,false,0
Q002316,false,0
Q002317,false,0
Q002318,false,0
Q002319,false,0
Q002320,false,0
Q002321,false,0
Q002322,false,0
Q002323,false,0
Q002324,false,0
Q002325,false,0
Q002326,false,0
Q002327,false,0
Q002328,false,0
Q002329,false,0
Q002330,false,0
Q002331,false,0
Q002332,false,0
Q002333,false,0
Q002334,false,0
Q002335,false,0
Q002336,false,0
Q002337,false,0
Q002338,false,0
Q002339,false,0
Q002340,false,0
Q002341,false,0
Q002342,false,0
Q002343,false,0
Q002344,false,0
Q002345,false,0
Q002346,false,0
Q002347,false,0
Q002348,false,0
Q002349,false,0
Q002350,false,0
Q002351,false,0
Q002352,false,0
Q002353,false,0
Q002354,false,0
Q002355,false,0
Q002356,false,0
Q002357,false,0
Q002358,false,0
Q002359,false,0
Q002360,false,0
Q002361,false,0
Q002362,false,0
Q002363,false,0
Q002364,false,0
Q002365,false,0
Q002366,false,0
Q002367,false,0
Q002368,false,0
Q002369,false,0
Q002370,false,0
Q002371,false,0
Q002372,false,0
Q002373,false,0
Q002374,false,0
Q002375,false,0
Q002376,false,0
Q002377,false,0
Q002378,false,0
Q002379,false,0
Q002380,false,0
Q002381,false,0
Q002382,false,0
Q002383,false,0
Q002384,false,0
Q002385,false,0
Q002386,false,0
Q002387,false,0
Q002388,false,0
Q002389,false,0
Q002390,false,0
Q002391,false,0
Q002392,false,0
Q002393,false,0
Q002394,false,0
Q002395,false,0
Q002396,false,0
Q002397,false,0
Q002398,false,0
Q002399,false,0
Q002400,false,0
Q002401,false,0
Q002402,false,0
Q002403,false,0
Q002404,false,0
Q002405,false,0
Q002406,false,0
Q002407,false,0
Q002408,false,0
Q002409,false,0
Q002410,false,0
Q002411,false,0
Q002412,false,0
Q002413,false,0
Q002414,false,0
Q002415,false,0
Q002416,false,0
Q002417,false,0
Q002418,false,0
Q002419,false,0
Q002420,false,0
Q002421,false,0
Q002422,false,0
Q002423,false,0
Q002424,false,0
Q002425,false,0
Q002426,false,0
Q002427,false,0
Q002428,false,0
Q002429,false,0
Q002430,false,0
Q002431,false,0
Q002432,false,0
Q002433,false,0
Q002434,false,0
Q002435,false,0
Q002436,false,0
Q002437,false,0
Q002438,false,0
Q002439,false,0
Q002440,false,0
Q002441,false,0
Q002442,false,0
Q002443,false,0
Q002444,false,0
Q002445,false,0
Q002446,false,0
Q002447,false,0
Q002448,false,0
Q002449,false,0
Q002450,false,0
Q002451,false,0
Q002452,false,0
Q002453,false,0
Q002454,false,0
Q002455,false,0
Q002456,false,0
Q002457,false,0
Q002458,false,0
Q002459,false,0
Q002460,false,0
Q002461,false,0
Q002462,false,0
Q002463,false,0
Q002464,false,0
Q002465,false,0
Q002466,false,0
Q002467,false,0
Q002468,false,0
Q002469,false,0
Q002470,false,0
Q002471,false,0
Q002472,false,0
Q002473,false,0
Q002474,false,0
Q002475,false,0
Q002476,false,0
Q002477,false,0
Q002478,false,0
Q002479,false,0
Q002480,false,0
Q002481,false,0
Q002482,false,0
Q002483,false,0
Q002484,false,0
Q002485,false,0
Q002486,false,0
Q002487,false,0
Q002488,false,0
Q002489,false,0
Q002490,false,0
Q002491,false,0
Q002492,false,0
Q002493,false,0
Q002494,false,0
Q002495,false,0
Q002496,false,0
Q002497,false,0
Q002498,false,0
Q002499,false,0
Q002500,false,0
Q002501,false,0
Q002502,false,0
Q002503,false,0
Q002504,false,0
Q002505,false,0
Q002506,false,0
Q002507,false,0
Q002508,false,0
Q002509,false,0
Q002510,false,0
Q002511,false,0
Q002512,false,0
Q002513,false,0
Q002514,false,0
Q002515,false,0
Q002516,false,0
Q002517,false,0
Q002518,false,0
Q002519,false,0
Q002520,false,0
Q002521,false,0
Q002522,false,0
Q002523,false,0
Q002524,false,0
Q002525,false,0
Q002526,false,0
Q002527,false,0
Q002528,false,0
Q002529,false,0
Q002530,false,0
Q002531,false,0
Q002532,false,0
Q002533,false,0
Q002534,false,0
Q002535,false,0
Q002536,false,0
Q002537,false,0
Q002538,false,0
Q002539,false,0
Q002540,false,0
Q002541,false,0
Q002542,false,0
Q002543,false,0
Q002544,false,0
Q002545,false,0
Q002546,false,0
Q002547,false,0
Q002548,false,0
Q002549,false,0
Q002550,false,0
Q002551,false,0
Q002552,false,0
Q002553,false,0
Q002554,false,0
Q002555,false,0
Q002556,false,0
Q002557,false,0
Q002558,false,0
Q002559,false,0
Q002560,false,0
Q002561,false,0
Q002562,false,0
Q002563,false,0
Q002564,false,0
Q002565,false,0
Q002566,false,0
Q002567,false,0
Q002568,false,0
Q002569,false,0
Q002570,false,0
Q002571,false,0
Q002572,false,0
Q002573,false,0
Q002574,false,0
Q002575,false,0
Q002576,false,0
Q002577,false,0
Q002578,false,0
Q002579,false,0
Q002580,false,0
Q002581,false,0
Q002582,false,0
Q002583,false,0
Q002584,false,0
Q002585,false,0
Q002586,false,0
Q002587,false,0
Q002588,false,0
Q002589,false,0
Q002590,false,0
Q002591,false,0
Q002592,false,0
Q002593,false,0
Q002594,false,0
Q002595,false,0
Q002596,false,0
Q002597,false,0
Q002598,false,0
Q002599,false,0
Q002600,false,0
Q002601,false,0
Q002602,false,0
Q002603,false,0
Q002604,false,0
Q002605,false,0
Q002606,false,0
Q002607,false,0
Q002608,false,0
Q002609,false,0
Q002610,false,0
Q002611,false,0
Q002612,false,0
Q002613,false,0
Q002614,false,0
Q002615,false,0
Q002616,false,0
Q002617,false,0
Q002618,false,0
Q002619,false,0
Q002620,false,0
Q002621,false,0
Q002622,false,0
Q002623,false,0
Q002624,false,0
Q002625,false,0
Q002626,false,0
Q002627,false,0
Q002628,false,0
Q002629,false,0
Q002630,false,0
Q002631,false,0
Q002632,false,0
Q002633,false,0
Q002634,false,0
Q002635,false,0
Q002636,false,0
Q002637,false,0
Q002638,false,0
Q002639,false,0
Q002640,false,0
Q002641,false,0
Q002642,false,0
Q002643,false,0
Q002644,false,0
Q002645,false,0
Q002646,false,0
Q002647,false,0
Q002648,false,0
Q002649,false,0
Q002650,false,0
Q002651,false,0
Q002652,false,0
Q002653,false,0
Q002654,false,0
Q002655,false,0
Q002656,false,0
Q002657,false,0
Q002658,false,0
Q002659,false,0
Q002660,false,0
Q002661,false,0
Q002662,false,0
Q002663,false,0
Q002664,false,0
Q002665,false,0
Q002666,false,0
Q002667,false,0
Q002668,false,0
Q002669,false,0
Q002670,false,0
Q002671,false,0
Q002672,false,0
Q002673,false,0
Q002674,false,0
Q002675,false,0
Q002676,false,0
Q002677,false,0
Q002678,false,0
Q002679,false,0
Q002680,false,0
Q002681,false,0
Q002682,false,0
Q002683,false,0
Q002684,false,0
Q002685,false,0
Q002686,false,0
Q002687,false,0
Q002688,false,0
Q002689,false,0
Q002690,false,0
Q002691,false,0
Q002692,false,0
Q002693,false,0
Q002694,false,0
Q002695,false,0
Q002696,false,0
Q002697,false,0
Q002698,false,0
Q002699,false,0
Q002700,false,0
Q002701,false,0
Q002702,false,0
Q002703,false,0
Q002704,false,0
Q002705,false,0
Q002706,false,0
Q002707,false,0
Q002708,false,0
Q002709,false,0
Q002710,false,0
Q002711,false,0
Q002712,false,0
Q002713,false,0
Q002714,false,0
Q002715,false,0
Q002716,false,0
Q002717,false,0
Q002718,false,0
Q002719,false,0
Q002720,false,0
Q002721,false,0
Q002722,false,0
Q002723,false,0
Q002724,false,0
Q002725,false,0
Q002726,false,0
Q002727,false,0
Q002728,false,0
Q002729,false,0
Q002730,false,0
Q002731,false,0
Q002732,false,0
Q002733,false,0
Q002734,false,0
Q002735,false,0
Q002736,false,0
Q002737,false,0
Q002738,false,0
Q002739,false,0
Q002740,false,0
Q002741,false,0
Q002742,false,0
Q002743,false,0
Q002744,false,0
Q002745,false,0
Q002746,false,0
Q002747,false,0
Q002748,false,0
Q002749,false,0
Q002750,false,0
Q002751,false,0
Q002752,false,0
Q002753,false,0
Q002754,false,0
Q002755,false,0
Q002756,false,0
Q002757,false,0
Q002758,false,0
Q002759,false,0
Q002760,false,0
Q002761,false,0
Q002762,false,0
Q002763,false,0
Q002764,false,0
Q002765,false,0
Q002766,false,0
Q002767,false,0
Q002768,false,0
Q002769,false,0
Q002770,false,0
Q002771,false,0
Q002772,false,0
Q002773,false,0
Q002774,false,0
Q002775,false,0
Q002776,false,0
Q002777,false,0
Q002778,false,0
Q002779,false,0
Q002780,false,0
Q002781,false,0
Q002782,false,0
Q002783,false,0
Q002784,false,0
Q002785,false,0
Q002786,false,0
Q002787,false,0
Q002788,false,0
Q002789,false,0
Q002790,false,0
Q002791,false,0
Q002792,false,0
Q002793,false,0
Q002794,false,0
Q002795,false,0
Q002796,false,0
Q002797,false,0
Q002798,false,0
Q002799,false,0
Q002800,false,0
Q002801,false,0
Q002802,false,0
Q002803,false,0
Q002804,false,0
Q002805,false,0
Q002806,false,0
Q002807,false,0
Q002808,false,0
Q002809,false,0
Q002810,false,0
Q002811,false,0
Q002812,false,0
Q002813,false,0
Q002814,false,0
Q002815,false,0
Q002816,false,0
Q002817,false,0
Q002818,false,0
Q002819,false,0
Q002820,false,0
Q002821,false,0
Q002822,false,0
Q002823,false,0
Q002824,false,0
Q002825,false,0
Q002826,false,0
Q002827,false,0
Q002828,false,0
Q002829,false,0
Q002830,false,0
Q002831,false,0
Q002832,false,0
Q002833,false,0
Q002834,false,0
Q002835,false,0
Q002836,false,0
Q002837,false,0
Q002838,false,0
Q002839,false,0
Q002840,false,0
Q002841,false,0
Q002842,false,0
Q002843,false,0
Q002844,false,0
Q002845,false,0
Q002846,false,0
Q002847,false,0
Q002848,false,0
Q002849,false,0
Q002850,false,0
Q002851,false,0
Q002852,false,0
Q002853,false,0
Q002854,false,0
Q002855,false,0
Q002856,false,0
Q002857,false,0
Q002858,false,0
Q002859,false,0
Q002860,false,0
Q002861,false,0
Q002862,false,0
Q002863,false,0
Q002864,false,0
Q002865,false,0
Q002866,false,0
Q002867,false,0
Q002868,false,0
Q002869,false,0
Q002870,false,0
Q002871,false,0
Q002872,false,0
Q002873,false,0
Q002874,false,0
Q002875,false,0
Q002876,false,0
Q002877,false,0
Q002878,false,0
Q002879,false,0
Q002880,false,0
Q002881,false,0
Q002882,false,0
Q002883,false,0
Q002884,false,0
Q002885,false,0
Q002886,false,0
Q002887,false,0
Q002888,false,0
Q002889,false,0
Q002890,false,0
Q002891,false,0
Q002892,false,0
Q002893,false,0
Q002894,false,0
Q002895,false,0
Q002896,false,0
Q002897,false,0
Q002898,false,0
Q002899,false,0
Q002900,false,0
Q002901,false,0
Q002902,false,0
Q002903,false,0
Q002904,false,0
Q002905,false,0
Q002906,false,0
Q002907,false,0
Q002908,false,0
Q002909,false,0
Q002910,false,0
Q002911,false,0
Q002912,false,0
Q002913,false,0
Q002914,false,0
Q002915,false,0
Q002916,false,0
Q002917,false,0
Q002918,false,0
Q002919,false,0
Q002920,false,0
Q002921,false,0
Q002922,false,0
Q002923,false,0
Q002924,false,0
Q002925,false,0
Q002926,false,0
Q002927,false,0
Q002928,false,0
Q002929,false,0
Q002930,false,0
Q002931,false,0
Q002932,false,0
Q002933,false,0
Q002934,false,0
Q002935,false,0
Q002936,false,0
Q002937,false,0
Q002938,false,0
Q002939,false,0
Q002940,false,0
Q002941,false,0
Q002942,false,0
Q002943,false,0
Q002944,false,0
Q002945,false,0
Q002946,false,0
Q002947,false,0
Q002948,false,0
Q002949,false,0
Q002950,false,0
Q002951,false,0
Q002952,false,0
Q002953,false,0
Q002954,false,0
Q002955,false,0
Q002956,false,0
Q002957,false,0
Q002958,false,0
Q002959,false,0
Q002960,false,0
Q002961,false,0
Q002962,false,0
Q002963,false,0
Q002964,false,0
Q002965,false,0
Q002966,false,0
Q002967,false,0
Q002968,false,0
Q002969,false,0
Q002970,false,0
Q002971,false,0
Q002972,false,0
Q002973,false,0
Q002974,false,0
Q002975,false,0
Q002976,false,0
Q002977,false,0
Q002978,false,0
Q002979,false,0
Q002980,false,0
Q002981,false,0
Q002982,false,0
Q002983,false,0
Q002984,false,0
Q002985,false,0
Q002986,false,0
Q002987,false,0
Q002988,false,0
Q002989,false,0
Q002990,false,0
Q002991,false,0
Q002992,false,0
Q002993,false,0
Q002994,false,0
Q002995,false,0
Q002996,false,0
Q002997,false,0
Q002998,false,0
Q002999,false,0
Q003000,false,0
Q003001,false,0
Q003002,false,0
Q003003,false,0
Q003004,false,0
Q003005,false,0
Q003006,false,0
Q003007,false,0
Q003008,false,0
Q003009,false,0
Q003010,false,0
Q003011,false,0
Q003012,false,0
Q003013,false,0
Q003014,false,0
Q003015,false,0
Q003016,false,0
Q003017,false,0
Q003018,false,0
Q003019,false,0
Q003020,false,0
Q003021,false,0
Q003022,false,0
Q003023,false,0
Q003024,false,0
Q003025,false,0
Q003026,false,0
Q003027,false,0
Q003028,false,0
Q003029,false,0
Q003030,false,0
Q003031,false,0
Q003032,false,0
Q003033,false,0
Q003034,false,0
Q003035,false,0
Q003036,false,0
Q003037,false,0
Q003038,false,0
Q003039,false,0
Q003040,false,0
Q003041,false,0
Q003042,false,0
Q003043,false,0
Q003044,false,0
Q003045,false,0
Q003046,false,0
Q003047,false,0
Q003048,false,0
Q003049,false,0
Q003050,false,0
Q003051,false,0
Q003052,false,0
Q003053,false,0
Q003054,false,0
Q003055,false,0
Q003056,false,0
Q003057,false,0
Q003058,false,0
Q003059,false,0
Q003060,false,0
Q003061,false,0
Q003062,false,0
Q003063,false,0
Q003064,false,0
Q003065,false,0
Q003066,false,0
Q003067,false,0
Q003068,false,0
Q003069,false,0
Q003070,false,0
Q003071,false,0
Q003072,false,0
Q003073,false,0
Q003074,false,0
Q003075,false,0
Q003076,false,0
Q003077,false,0
Q003078,false,0
Q003079,false,0
Q003080,false,0
Q003081,false,0
Q003082,false,0
Q003083,false,0
Q003084,false,0
Q003085,false,0
Q003086,false,0
Q003087,false,0
Q003088,false,0
Q003089,false,0
Q003090,false,0
Q003091,false,0
Q003092,false,0
Q003093,false,0
Q003094,false,0
Q003095,false,0
Q003096,false,0
Q003097,false,0
Q003098,false,0
Q003099,false,0
Q003100,false,0
Q003101,false,0
Q003102,false,0
Q003103,false,0
Q003104,false,0
Q003105,false,0
Q003106,false,0
Q003107,false,0
Q003108,false,0
Q003109,false,0
Q003110,false,0
Q003111,false,0
Q003112,false,0
Q003113,false,0
Q003114,false,0
Q003115,false,0
Q003116,false,0
Q003117,false,0
Q003118,false,0
Q003119,false,0
Q003120,false,0
Q003121,false,0
Q003122,false,0
Q003123,false,0
Q003124,false,0
Q003125,false,0
Q003126,false,0
Q003127,false,0
Q003128,false,0
Q003129,false,0
Q003130,false,0
Q003131,false,0
Q003132,false,0
Q003133,false,0
Q003134,false,0
Q003135,false,0
Q003136,false,0
Q003137,false,0
Q003138,false,0
Q003139,false,0
Q003140,false,0
Q003141,false,0
Q003142,false,0
Q003143,false,0
Q003144,false,0
Q003145,false,0
Q003146,false,0
Q003147,false,0
Q003148,false,0
Q003149,false,0
Q003150,false,0
Q003151,false,0
Q003152,false,0
Q003153,false,0
Q003154,false,0
Q003155,false,0
Q003156,false,0
Q003157,false,0
Q003158,false,0
Q003159,false,0
Q003160,false,0
Q003161,false,0
Q003162,false,0
Q003163,false,0
Q003164,false,0
Q003165,false,0
Q003166,false,0
Q003167,false,0
Q003168,false,0
Q003169,false,0
Q003170,false,0
Q003171,false,0
Q003172,false,0
Q003173,false,0
Q003174,false,0
Q003175,false,0
Q003176,false,0
Q003177,false,0
Q003178,false,0
Q003179,false,0
Q003180,false,0
Q003181,false,0
Q003182,false,0
Q003183,false,0
Q003184,false,0
Q003185,false,0
Q003186,false,0
Q003187,false,0
Q003188,false,0
Q003189,false,0
Q003190,false,0
Q003191,false,0
Q003192,false,0
Q003193,false,0
Q003194,false,0
Q003195,false,0
Q003196,false,0
Q003197,false,0
Q003198,false,0
Q003199,false,0
Q003200,false,0
Q003201,false,0
Q003202,false,0
Q003203,false,0
Q003204,false,0
Q003205,false,0
Q003206,false,0
Q003207,false,0
Q003208,false,0
Q003209,false,0
Q003210,false,0
Q003211,false,0
Q003212,false,0
Q003213,false,0
Q003214,false,0
Q003215,false,0
Q003216,false,0
Q003217,false,0
Q003218,false,0
Q003219,false,0
Q003220,false,0
Q003221,false,0
Q003222,false,0
Q003223,false,0
Q003224,false,0
Q003225,false,0
Q003226,false,0
Q003227,false,0
Q003228,false,0
Q003229,false,0
Q003230,false,0
Q003231,false,0
Q003232,false,0
Q003233,false,0
Q003234,false,0
Q003235,false,0
Q003236,false,0
Q003237,false,0
Q003238,false,0
Q003239,false,0
Q003240,false,0
Q003241,false,0
Q003242,false,0
Q003243,false,0
Q003244,false,0
Q003245,false,0
Q003246,false,0
Q003247,false,0
Q003248,false,0
Q003249,false,0
Q003250,false,0
Q003251,false,0
Q003252,false,0
Q003253,false,0
Q003254,false,0
Q003255,false,0
Q003256,false,0
Q003257,false,0
Q003258,false,0
Q003259,false,0
Q003260,false,0
Q003261,false,0
Q003262,false,0
Q003263,false,0
Q003264,false,0
Q003265,false,0
Q003266,false,0
Q003267,false,0
Q003268,false,0
Q003269,false,0
Q003270,false,0
Q003271,false,0
Q003272,false,0
Q003273,false,0
Q003274,false,0
Q003275,false,0
Q003276,false,0
Q003277,false,0
Q003278,false,0
Q003279,false,0
Q003280,false,0
Q003281,false,0
Q003282,false,0
Q003283,false,0
Q003284,false,0
Q003285,false,0
Q003286,false,0
Q003287,false,0
Q003288,false,0
Q003289,false,0
Q003290,false,0
Q003291,false,0
Q003292,false,0
Q003293,false,0
Q003294,false,0
Q003295,false,0
Q003296,false,0
Q003297,false,0
Q003298,false,0
Q003299,false,0
Q003300,false,0
Q003301,false,0
Q003302,false,0
Q003303,false,0
Q003304,false,0
Q003305,false,0
Q003306,false,0
Q003307,false,0
Q003308,false,0
Q003309,false,0
Q003310,false,0
Q003311,false,0
Q003312,false,0
Q003313,false,0
Q003314,false,0
Q003315,false,0
Q003316,false,0
Q003317,false,0
Q003318,false,0
Q003319,false,0
Q003320,false,0
Q003321,false,0
Q003322,false,0
Q003323,false,0
Q003324,false,0
Q003325,false,0
Q003326,false,0
Q003327,false,0
Q003328,false,0
Q003329,false,0
Q003330,false,0
Q003331,false,0
Q003332,false,0
Q003333,false,0
Q003334,false,0
Q003335,false,0
Q003336,false,0
Q003337,false,0
Q003338,false,0
Q003339,false,0
Q003340,false,0
Q003341,false,0
Q003342,false,0
Q003343,false,0
Q003344,false,0
Q003345,false,0
Q003346,false,0
Q003347,false,0
Q003348,false,0
Q003349,false,0
Q003350,false,0
Q003351,false,0
Q003352,false,0
Q003353,false,0
Q003354,false,0
Q003355,false,0
Q003356,false,0
Q003357,false,0
Q003358,false,0
Q003359,false,0
Q003360,false,0
Q003361,false,0
Q003362,false,0
Q003363,false,0
Q003364,false,0
Q003365,false,0
Q003366,false,0
Q003367,false,0
Q003368,false,0
Q003369,false,0
Q003370,false,0
Q003371,false,0
Q003372,false,0
Q003373,false,0
Q003374,false,0
Q003375,false,0
Q003376,false,0
Q003377,false,0
Q003378,false,0
Q003379,false,0
Q003380,false,0
Q003381,false,0
Q003382,false,0
Q003383,false,0
Q003384,false,0
Q003385,false,0
Q003386,false,0
Q003387,false,0
Q003388,false,0
Q003389,false,0
Q003390,false,0
Q003391,false,0
Q003392,false,0
Q003393,false,0
Q003394,false,0
Q003395,false,0
Q003396,false,0
Q003397,false,0
Q003398,false,0
Q003399,false,0
Q003400,false,0
Q003401,false,0
Q003402,false,0
Q003403,false,0
Q003404,false,0
Q003405,false,0
Q003406,false,0
Q003407,false,0
Q003408,false,0
Q003409,false,0
Q003410,false,0
Q003411,false,0
Q003412,false,0
Q003413,false,0
Q003414,false,0
Q003415,false,0
Q003416,false,0
Q003417,false,0
Q003418,false,0
Q003419,false,0
Q003420,false,0
Q003421,false,0
Q003422,false,0
Q003423,false,0
Q003424,false,0
Q003425,false,0
Q003426,false,0
Q003427,false,0
Q003428,false,0
Q003429,false,0
Q003430,false,0
Q003431,false,0
Q003432,false,0
Q003433,false,0
Q003434,false,0
Q003435,false,0
Q003436,false,0
Q003437,false,0
Q003438,false,0
Q003439,false,0
Q003440,false,0
Q003441,false,0
Q003442,false,0
Q003443,false,0
Q003444,false,0
Q003445,false,0
Q003446,false,0
Q003447,false,0
Q003448,false,0
Q003449,false,0
Q003450,false,0
Q003451,false,0
Q003452,false,0
Q003453,false,0
Q003454,false,0
Q003455,false,0
Q003456,false,0
Q003457,false,0
Q003458,false,0
Q003459,false,0
Q003460,false,0
Q003461,false,0
Q003462,false,0
Q003463,false,0
Q003464,false,0
Q003465,false,0
Q003466,false,0
Q003467,false,0
Q003468,false,0
Q003469,false,0
Q003470,false,0
Q003471,false,0
Q003472,false,0
Q003473,false,0
Q003474,false,0
Q003475,false,0
Q003476,false,0
Q003477,false,0
Q003478,false,0
Q003479,false,0
Q003480,false,0
Q003481,false,0
Q003482,false,0
Q003483,false,0
Q003484,false,0
Q003485,false,0
Q003486,false,0
Q003487,false,0
Q003488,false,0
Q003489,false,0
Q003490,false,0
Q003491,false,0
Q003492,false,0
Q003493,false,0
Q003494,false,0
Q003495,false,0
Q003496,false,0
Q003497,false,0
Q003498,false,0
Q003499,false,0
Q003500,false,0
Q003501,false,0
Q003502,false,0
Q003503,false,0
Q003504,false,0
Q003505,false,0
Q003506,false,0
Q003507,false,0
Q003508,false,0
Q003509,false,0
Q003510,false,0
Q003511,false,0
Q003512,false,0
Q003513,false,0
Q003514,false,0
Q003515,false,0
Q003516,false,0
Q003517,false,0
Q003518,false,0
Q003519,false,0
Q003520,false,0
Q003521,false,0
Q003522,false,0
Q003523,false,0
Q003524,false,0
Q003525,false,0
Q003526,false,0
Q003527,false,0
Q003528,false,0
Q003529,false,0
Q003530,false,0
Q003531,false,0
Q003532,false,0
Q003533,false,0
Q003534,false,0
Q003535,false,0
Q003536,false,0
Q003537,false,0
Q003538,false,0
Q003539,false,0
Q003540,false,0
Q003541,false,0
Q003542,false,0
Q003543,false,0
Q003544,false,0
Q003545,false,0
Q003546,false,0
Q003547,false,0
Q003548,false,0
Q003549,false,0
Q003550,false,0
Q003551,false,0
Q003552,false,0
Q003553,false,0
Q003554,false,0
Q003555,false,0
Q003556,false,0
Q003557,false,0
Q003558,false,0
Q003559,false,0
Q003560,false,0
Q003561,false,0
Q003562,false,0
Q003563,false,0
Q003564,false,0
Q003565,false,0
Q003566,false,0
Q003567,false,0
Q003568,false,0
Q003569,false,0
Q003570,false,0
Q003571,false,0
Q003572,false,0
Q003573,false,0
Q003574,false,0
Q003575,false,0
Q003576,false,0
Q003577,false,0
Q003578,false,0
Q003579,false,0
Q003580,false,0
Q003581,false,0
Q003582,false,0
Q003583,false,0
Q003584,false,0
Q003585,false,0
Q003586,false,0
Q003587,false,0
Q003588,false,0
Q003589,false,0
Q003590,false,0
Q003591,false,0
Q003592,false,0
Q003593,false,0
Q003594,false,0
Q003595,false,0
Q003596,false,0
Q003597,false,0
Q003598,false,0
Q003599,false,0
Q003600,false,0
Q003601,false,0
Q003602,false,0
Q003603,false,0
Q003604,false,0
Q003605,false,0
Q003606,false,0
Q003607,false,0
Q003608,false,0
Q003609,false,0
Q003610,false,0
Q003611,false,0
Q003612,false,0
Q003613,false,0
Q003614,false,0
Q003615,false,0
Q003616,false,0
Q003617,false,0
Q003618,false,0
Q003619,false,0
Q003620,false,0
Q003621,false,0
Q003622,false,0
Q003623,false,0
Q003624,false,0
Q003625,false,0
Q003626,false,0
Q003627,false,0
Q003628,false,0
Q003629,false,0
Q003630,false,0
Q003631,false,0
Q003632,false,0
Q003633,false,0
Q003634,false,0
Q003635,false,0
Q003636,false,0
Q003637,false,0
Q003638,false,0
Q003639,false,0
Q003640,false,0
Q003641,false,0
Q003642,false,0
Q003643,false,0
Q003644,false,0
Q003645,false,0
Q003646,false,0
Q003647,false,0
Q003648,false,0
Q003649,false,0
Q003650,false,0
Q003651,false,0
Q003652,false,0
Q003653,false,0
Q003654,false,0
Q003655,false,0
Q003656,false,0
Q003657,false,0
Q003658,false,0
Q003659,false,0
Q003660,false,0
Q003661,false,0
Q003662,false,0
Q003663,false,0
Q003664,false,0
Q003665,false,0
Q003666,false,0
Q003667,false,0
Q003668,false,0
Q003669,false,0
Q003670,false,0
Q003671,false,0
Q003672,false,0
Q003673,false,0
Q003674,false,0
Q003675,false,0
Q003676,false,0
Q003677,false,0
Q003678,false,0
Q003679,false,0
Q003680,false,0
Q003681,false,0
Q003682,false,0
Q003683,false,0
Q003684,false,0
Q003685,false,0
Q003686,false,0
Q003687,false,0
Q003688,false,0
Q003689,false,0
Q003690,false,0
Q003691,false,0
Q003692,false,0
Q003693,false,0
Q003694,false,0
Q003695,false,0
Q003696,false,0
Q003697,false,0
Q003698,false,0
Q003699,false,0
Q003700,false,0
Q003701,false,0
Q003702,false,0
Q003703,false,0
Q003704,false,0
Q003705,false,0
Q003706,false,0
Q003707,false,0
Q003708,false,0
Q003709,false,0
Q003710,false,0
Q003711,false,0
Q003712,false,0
Q003713,false,0
Q003714,false,0
Q003715,false,0
Q003716,false,0
Q003717,false,0
Q003718,false,0
Q003719,false,0
Q003720,false,0
Q003721,false,0
Q003722,false,0
Q003723,false,0
Q003724,false,0
Q003725,false,0
Q003726,false,0
Q003727,false,0
Q003728,false,0
Q003729,false,0
Q003730,false,0
Q003731,false,0
Q003732,false,0
Q003733,false,0
Q003734,false,0
Q003735,false,0
Q003736,false,0
Q003737,false,0
Q003738,false,0
Q003739,false,0
Q003740,false,0
Q003741,false,0
Q003742,false,0
Q003743,false,0
Q003744,false,0
Q003745,false,0
Q003746,false,0
Q003747,false,0
Q003748,false,0
Q003749,false,0
Q003750,false,0
Q003751,false,0
Q003752,false,0
Q003753,false,0
Q003754,false,0
Q003755,false,0
Q003756,false,0
Q003757,false,0
Q003758,false,0
Q003759,false,0
Q003760,false,0
Q003761,false,0
Q003762,false,0
Q003763,false,0
Q003764,false,0
Q003765,false,0
Q003766,false,0
Q003767,false,0
Q003768,false,0
Q003769,false,0
Q003770,false,0
Q003771,false,0
Q003772,false,0
Q003773,false,0
Q003774,false,0
Q003775,false,0
Q003776,false,0
Q003777,false,0
Q003778,false,0
Q003779,false,0
Q003780,false,0
Q003781,false,0
Q003782,false,0
Q003783,false,0
Q003784,false,0
Q003785,false,0
Q003786,false,0
Q003787,false,0
Q003788,false,0
Q003789,false,0
Q003790,false,0
Q003791,false,0
Q003792,false,0
Q003793,false,0
Q003794,false,0
Q003795,false,0
Q003796,false,0
Q003797,false,0
Q003798,false,0
Q003799,false,0
Q003800,false,0
Q003801,false,0
Q003802,false,0
Q003803,false,0
Q003804,false,0
Q003805,false,0
Q003806,false,0
Q003807,false,0
Q003808,false,0
Q003809,false,0
Q003810,false,0
Q003811,false,0
Q003812,false,0
Q003813,false,0
Q003814,false,0
Q003815,false,0
Q003816,false,0
Q003817,false,0
Q003818,false,0
Q003819,false,0
Q003820,false,0
Q003821,false,0
Q003822,false,0
Q003823,false,0
Q003824,false,0
Q003825,false,0
Q003826,false,0
Q003827,false,0
Q003828,false,0
Q003829,false,0
Q003830,false,0
Q003831,false,0
Q003832,false,0
Q003833,false,0
Q003834,false,0
Q003835,false,0
Q003836,false,0
Q003837,false,0
Q003838,false,0
Q003839,false,0
Q003840,false,0
Q003841,false,0
Q003842,false,0
Q003843,false,0
Q003844,false,0
Q003845,false,0
Q003846,false,0
Q003847,false,0
Q003848,false,0
Q003849,false,0
Q003850,false,0
Q003851,false,0
Q003852,false,0
Q003853,false,0
Q003854,false,0
Q003855,false,0
Q003856,false,0
Q003857,false,0
Q003858,false,0
Q003859,false,0
Q003860,false,0
Q003861,false,0
Q003862,false,0
Q003863,false,0
Q003864,false,0
Q003865,false,0
Q003866,false,0
Q003867,false,0
Q003868,false,0
Q003869,false,0
Q003870,false,0
Q003871,false,0
Q003872,false,0
Q003873,false,0
Q003874,false,0
Q003875,false,0
Q003876,false,0
Q003877,false,0
Q003878,false,0
Q003879,false,0
Q003880,false,0
Q003881,false,0
Q003882,false,0
Q003883,false,0
Q003884,false,0
Q003885,false,0
Q003886,false,0
Q003887,false,0
Q003888,false,0
Q003889,false,0
Q003890,false,0
Q003891,false,0
Q003892,false,0
Q003893,false,0
Q003894,false,0
Q003895,false,0
Q003896,false,0
Q003897,false,0
Q003898,false,0
Q003899,false,0
Q003900,false,0
Q003901,false,0
Q003902,false,0
Q003903,false,0
Q003904,false,0
Q003905,false,0
Q003906,false,0
Q003907,false,0
Q003908,false,0
Q003909,false,0
Q003910,false,0
Q003911,false,0
Q003912,false,0
Q003913,false,0
Q003914,false,0
Q003915,false,0
Q003916,false,0
Q003917,false,0
Q003918,false,0
Q003919,false,0
Q003920,false,0
Q003921,false,0
Q003922,false,0
Q003923,false,0
Q003924,false,0
Q003925,false,0
Q003926,false,0
Q003927,false,0
Q003928,false,0
Q003929,false,0
Q003930,false,0
Q003931,false,0
Q003932,false,0
Q003933,false,0
Q003934,false,0
Q003935,false,0
Q003936,false,0
Q003937,false,0
Q003938,false,0
Q003939,false,0
Q003940,false,0
Q003941,false,0
Q003942,false,0
Q003943,false,0
Q003944,false,0
Q003945,false,0
Q003946,false,0
Q003947,false,0
Q003948,false,0
Q003949,false,0
Q003950,false,0
Q003951,false,0
Q003952,false,0
Q003953,false,0
Q003954,false,0
Q003955,false,0
Q003956,false,0
Q003957,false,0
Q003958,false,0
Q003959,false,0
Q003960,false,0
Q003961,false,0
Q003962,false,0
Q003963,false,0
Q003964,false,0
Q003965,false,0
Q003966,false,0
Q003967,false,0
Q003968,false,0
Q003969,false,0
Q003970,false,0
Q003971,false,0
Q003972,false,0
Q003973,false,0
Q003974,false,0
Q003975,false,0
Q003976,false,0
Q003977,false,0
Q003978,false,0
Q003979,false,0
Q003980,false,0
Q003981,false,0
Q003982,false,0
Q003983,false,0
Q003984,false,0
Q003985,false,0
Q003986,false,0
Q003987,false,0
Q003988,false,0
Q003989,false,0
Q003990,false,0
Q003991,false,0
Q003992,false,0
Q003993,false,0
Q003994,false,0
Q003995,false,0
Q003996,false,0
Q003997,false,0
Q003998,false,0
Q003999,false,0
Q004000,false,0
Q004001,false,0
Q004002,false,0
Q004003,false,0
Q004004,false,0
Q004005,false,0
Q004006,false,0
Q004007,false,0
Q004008,false,0
Q004009,false,0
Q004010,false,0
Q004011,false,0
Q004012,false,0
Q004013,false,0
Q004014,false,0
Q004015,false,0
Q004016,false,0
Q004017,false,0
Q004018,false,0
Q004019,false,0
Q004020,false,0
Q004021,false,0
Q004022,false,0
Q004023,false,0
Q004024,false,0
Q004025,false,0
Q004026,false,0
Q004027,false,0
Q004028,false,0
Q004029,false,0
Q004030,false,0
Q004031,false,0
Q004032,false,0
Q004033,false,0
Q004034,false,0
Q004035,false,0
Q004036,false,0
Q004037,false,0
Q004038,false,0
Q004039,false,0
Q004040,false,0
Q004041,false,0
Q004042,false,0
Q004043,false,0
Q004044,false,0
Q004045,false,0
Q004046,false,0
Q004047,false,0
Q004048,false,0
Q004049,false,0
Q004050,false,0
Q004051,false,0
Q004052,false,0
Q004053,false,0
Q004054,false,0
Q004055,false,0
Q004056,false,0
Q004057,false,0
Q004058,false,0
Q004059,false,0
Q004060,false,0
Q004061,false,0
Q004062,false,0
Q004063,false,0
Q004064,false,0
Q004065,false,0
Q004066,false,0
Q004067,false,0
Q004068,false,0
Q004069,false,0
Q004070,false,0
Q004071,false,0
Q004072,false,0
Q004073,false,0
Q004074,false,0
Q004075,false,0
Q004076,false,0
Q004077,false,0
Q004078,false,0
Q004079,false,0
Q004080,false,0
Q004081,false,0
Q004082,false,0
Q004083,false,0
Q004084,false,0
Q004085,false,0
Q004086,false,0
Q004087,false,0
Q004088,false,0
Q004089,false,0
Q004090,false,0
Q004091,false,0
Q004092,false,0
Q004093,false,0
Q004094,false,0
Q004095,false,0
Q004096,false,0
Q004097,false,0
Q004098,false,0
Q004099,false,0
Q004100,false,0
Q004101,false,0
Q004102,false,0
Q004103,false,0
Q004104,false,0
Q004105,false,0
Q004106,false,0
Q004107,false,0
Q004108,false,0
Q004109,false,0
Q004110,false,0
Q004111,false,0
Q004112,false,0
Q004113,false,0
Q004114,false,0
Q004115,false,0
Q004116,false,0
Q004117,false,0
Q004118,false,0
Q004119,false,0
Q004120,false,0
Q004121,false,0
Q004122,false,0
Q004123,false,0
Q004124,false,0
Q004125,false,0
Q004126,false,0
Q004127,false,0
Q004128,false,0
Q004129,false,0
Q004130,false,0
Q004131,false,0
Q004132,false,0
Q004133,false,0
Q004134,false,0
Q004135,false,0
Q004136,false,0
Q004137,false,0
Q004138,false,0
Q004139,false,0
Q004140,false,0
Q004141,false,0
Q004142,false,0
Q004143,false,0
Q004144,false,0
Q004145,false,0
Q004146,false,0
Q004147,false,0
Q004148,false,0
Q004149,false,0
Q004150,false,0
Q004151,false,0
Q004152,false,0
Q004153,false,0
Q004154,false,0
Q004155,false,0
Q004156,false,0
Q004157,false,0
Q004158,false,0
Q004159,false,0
Q004160,false,0
Q004161,false,0
Q004162,false,0
Q004163,false,0
Q004164,false,0
Q004165,false,0
Q004166,false,0
Q004167,false,0
Q004168,false,0
Q004169,false,0
Q004170,false,0
Q004171,false,0
Q004172,false,0
Q004173,false,0
Q004174,false,0
Q004175,false,0
Q004176,false,0
Q004177,false,0
Q004178,false,0
Q004179,false,0
Q004180,false,0
Q004181,false,0
Q004182,false,0
Q004183,false,0
Q004184,false,0
Q004185,false,0
Q004186,false,0
Q004187,false,0
Q004188,false,0
Q004189,false,0
Q004190,false,0
Q004191,false,0
Q004192,false,0
Q004193,false,0
Q004194,false,0
Q004195,false,0
Q004196,false,0
Q004197,false,0
Q004198,false,0
Q004199,false,0
Q004200,false,0
Q004201,false,0
Q004202,false,0
Q004203,false,0
Q004204,false,0
Q004205,false,0
Q004206,false,0
Q004207,false,0
Q004208,false,0
Q004209,false,0
Q004210,false,0
Q004211,false,0
Q004212,false,0
Q004213,false,0
Q004214,false,0
Q004215,false,0
Q004216,false,0
Q004217,false,0
Q004218,false,0
Q004219,false,0
Q004220,false,0
Q004221,false,0
Q004222,false,0
Q004223,false,0
Q004224,false,0
Q004225,false,0
Q004226,false,0
Q004227,false,0
Q004228,false,0
Q004229,false,0
Q004230,false,0
Q004231,false,0
Q004232,false,0
Q004233,false,0
Q004234,false,0
Q004235,false,0
Q004236,false,0
Q004237,false,0
Q004238,false,0
Q004239,false,0
Q004240,false,0
Q004241,false,0
Q004242,false,0
Q004243,false,0
Q004244,false,0
Q004245,false,0
Q004246,false,0
Q004247,false,0
Q004248,false,0
Q004249,false,0
Q004250,false,0
Q004251,false,0
Q004252,false,0
Q004253,false,0
Q004254,false,0
Q004255,false,0
Q004256,false,0
Q004257,false,0
Q004258,false,0
Q004259,false,0
Q004260,false,0
Q004261,false,0
Q004262,false,0
Q004263,false,0
Q004264,false,0
Q004265,false,0
Q004266,false,0
Q004267,false,0
Q004268,false,0
Q004269,false,0
Q004270,false,0
Q004271,false,0
Q004272,false,0
Q004273,false,0
Q004274,false,0
Q004275,false,0
Q004276,false,0
Q004277,false,0
Q004278,false,0
Q004279,false,0
Q004280,false,0
Q004281,false,0
Q004282,false,0
Q004283,false,0
Q004284,false,0
Q004285,false,0
Q004286,false,0
Q004287,false,0
Q004288,false,0
Q004289,false,0
Q004290,false,0
Q004291,false,0
Q004292,false,0
Q004293,false,0
Q004294,false,0
Q004295,false,0
Q004296,false,0
Q004297,false,0
Q004298,false,0
Q004299,false,0
Q004300,false,0
Q004301,false,0
Q004302,false,0
Q004303,false,0
Q004304,false,0
Q004305,false,0
Q004306,false,0
Q004307,false,0
Q004308,false,0
Q004309,false,0
Q004310,false,0
Q004311,false,0
Q004312,false,0
Q004313,false,0
Q004314,false,0
Q004315,false,0
Q004316,false,0
Q004317,false,0
Q004318,false,0
Q004319,false,0
Q004320,false,0
Q004321,false,0
Q004322,false,0
Q004323,false,0
Q004324,false,0
Q004325,false,0
Q004326,false,0
Q004327,false,0
Q004328,false,0
Q004329,false,0
Q004330,false,0
Q004331,false,0
Q004332,false,0
Q004333,false,0
Q004334,false,0
Q004335,false,0
Q004336,false,0
Q004337,false,0
Q004338,false,0
Q004339,false,0
Q004340,false,0
Q004341,false,0
Q004342,false,0
Q004343,false,0
Q004344,false,0
Q004345,false,0
Q004346,false,0
Q004347,false,0
Q004348,false,0
Q004349,false,0
Q004350,false,0
Q004351,false,0
Q004352,false,0
Q004353,false,0
Q004354,false,0
Q004355,false,0
Q004356,false,0
Q004357,false,0
Q004358,false,0
Q004359,false,0
Q004360,false,0
Q004361,false,0
Q004362,false,0
Q004363,false,0
Q004364,false,0
Q004365,false,0
Q004366,false,0
Q004367,false,0
Q004368,false,0
Q004369,false,0
Q004370,false,0
Q004371,false,0
Q004372,false,0
Q004373,false,0
Q004374,false,0
Q004375,false,0
Q004376,false,0
Q004377,false,0
Q004378,false,0
Q004379,false,0
Q004380,false,0
Q004381,false,0
Q004382,false,0
Q004383,false,0
Q004384,false,0
Q004385,false,0
Q004386,false,0
Q004387,false,0
Q004388,false,0
Q004389,false,0
Q004390,false,0
Q004391,false,0
Q004392,false,0
Q004393,false,0
Q004394,false,0
Q004395,false,0
Q004396,false,0
Q004397,false,0
Q004398,false,0
Q004399,false,0
Q004400,false,0
Q004401,false,0
Q004402,false,0
Q004403,false,0
Q004404,false,0
Q004405,false,0
Q004406,false,0
Q004407,false,0
Q004408,false,0
Q004409,false,0
Q004410,false,0
Q004411,false,0
Q004412,false,0
Q004413,false,0
Q004414,false,0
Q004415,false,0
Q004416,false,0
Q004417,false,0
Q004418,false,0
Q004419,false,0
Q004420,false,0
Q004421,false,0
Q004422,false,0
Q004423,false,0
Q004424,false,0
Q004425,false,0
Q004426,false,0
Q004427,false,0
Q004428,false,0
Q004429,false,0
Q004430,false,0
Q004431,false,0
Q004432,false,0
Q004433,false,0
Q004434,false,0
Q004435,false,0
Q004436,false,0
Q004437,false,0
Q004438,false,0
Q004439,false,0
Q004440,false,0
Q004441,false,0
Q004442,false,0
Q004443,false,0
Q004444,false,0
Q004445,false,0
Q004446,false,0
Q004447,false,0
Q004448,false,0
Q004449,false,0
Q004450,false,0
Q004451,false,0
Q004452,false,0
Q004453,false,0
Q004454,false,0
Q004455,false,0
Q004456,false,0
Q004457,false,0
Q004458,false,0
Q004459,false,0
Q004460,false,0
Q004461,false,0
Q004462,false,0
Q004463,false,0
Q004464,false,0
Q004465,false,0
Q004466,false,0
Q004467,false,0
Q004468,false,0
Q004469,false,0
Q004470,false,0
Q004471,false,0
Q004472,false,0
Q004473,false,0
Q004474,false,0
Q004475,false,0
Q004476,false,0
Q004477,false,0
Q004478,false,0
Q004479,false,0
Q004480,false,0
Q004481,false,0
Q004482,false,0
Q004483,false,0
Q004484,false,0
Q004485,false,0
Q004486,false,0
Q004487,false,0
Q004488,false,0
Q004489,false,0
Q004490,false,0
Q004491,false,0
Q004492,false,0
Q004493,false,0
Q004494,false,0
Q004495,false,0
Q004496,false,0
Q004497,false,0
Q004498,false,0
Q004499,false,0
Q004500,false,0
Q004501,false,0
Q004502,false,0
Q004503,false,0
Q004504,false,0
Q004505,false,0
Q004506,false,0
Q004507,false,0
Q004508,false,0
Q004509,false,0
Q004510,false,0
Q004511,false,0
Q004512,false,0
Q004513,false,0
Q004514,false,0
Q004515,false,0
Q004516,false,0
Q004517,false,0
Q004518,false,0
Q004519,false,0
Q004520,false,0
Q004521,false,0
Q004522,false,0
Q004523,false,0
Q004524,false,0
Q004525,false,0
Q004526,false,0
Q004527,false,0
Q004528,false,0
Q004529,false,0
Q004530,false,0
Q004531,false,0
Q004532,false,0
Q004533,false,0
Q004534,false,0
Q004535,false,0
Q004536,false,0
Q004537,false,0
Q004538,false,0
Q004539,false,0
Q004540,false,0
Q004541,false,0
Q004542,false,0
Q004543,false,0
Q004544,false,0
Q004545,false,0
Q004546,false,0
Q004547,false,0
Q004548,false,0
Q004549,false,0
Q004550,false,0
Q004551,false,0
Q004552,false,0
Q004553,false,0
Q004554,false,0
Q004555,false,0
Q004556,false,0
Q004557,false,0
Q004558,false,0
Q004559,false,0
Q004560,false,0
Q004561,false,0
Q004562,false,0
Q004563,false,0
Q004564,false,0
Q004565,false,0
Q004566,false,0
Q004567,false,0
Q004568,false,0
Q004569,false,0
Q004570,false,0
Q004571,false,0
Q004572,false,0
Q004573,false,0
Q004574,false,0
Q004575,false,0
Q004576,false,0
Q004577,false,0
Q004578,false,0
Q004579,false,0
Q004580,false,0
Q004581,false,0
Q004582,false,0
Q004583,false,0
Q004584,false,0
Q004585,false,0
Q004586,false,0
Q004587,false,0
Q004588,false,0
Q004589,false,0
Q004590,false,0
Q004591,false,0
Q004592,false,0
Q004593,false,0
Q004594,false,0
Q004595,false,0
Q004596,false,0
Q004597,false,0
Q004598,false,0
Q004599,false,0
Q004600,false,0
Q004601,false,0
Q004602,false,0
Q004603,false,0
Q004604,false,0
Q004605,false,0
Q004606,false,0
Q004607,false,0
Q004608,false,0
Q004609,false,0
Q004610,false,0
Q004611,false,0
Q004612,false,0
Q004613,false,0
Q004614,false,0
Q004615,false,0
Q004616,false,0
Q004617,false,0
Q004618,false,0
Q004619,false,0
Q004620,false,0
Q004621,false,0
Q004622,false,0
Q004623,false,0
Q004624,false,0
Q004625,false,0
Q004626,false,0
Q004627,false,0
Q004628,false,0
Q004629,false,0
Q004630,false,0
Q004631,false,0
Q004632,false,0
Q004633,false,0
Q004634,false,0
Q004635,false,0
Q004636,false,0
Q004637,false,0
Q004638,false,0
Q004639,false,0
Q004640,false,0
Q004641,false,0
Q004642,false,0
Q004643,false,0
Q004644,false,0
Q004645,false,0
Q004646,false,0
Q004647,false,0
Q004648,false,0
Q004649,false,0
Q004650,false,0
Q004651,false,0
Q004652,false,0
Q004653,false,0
Q004654,false,0
Q004655,false,0
Q004656,false,0
Q004657,false,0
Q004658,false,0
Q004659,false,0
Q004660,false,0
Q004661,false,0
Q004662,false,0
Q004663,false,0
Q004664,false,0
Q004665,false,0
Q004666,false,0
Q004667,false,0
Q004668,false,0
Q004669,false,0
Q004670,false,0
Q004671,false,0
Q004672,false,0
Q004673,false,0
Q004674,false,0
Q004675,false,0
Q004676,false,0
Q004677,false,0
Q004678,false,0
Q004679,false,0
Q004680,false,0
Q004681,false,0
Q004682,false,0
Q004683,false,0
Q004684,false,0
Q004685,false,0
Q004686,false,0
Q004687,false,0
Q004688,false,0
Q004689,false,0
Q004690,false,0
Q004691,false,0
Q004692,false,0
Q004693,false,0
Q004694,false,0
Q004695,false,0
Q004696,false,0
Q004697,false,0
Q004698,false,0
Q004699,false,0
Q004700,false,0
Q004701,false,0
Q004702,false,0
Q004703,false,0
Q004704,false,0
Q004705,false,0
Q004706,false,0
Q004707,false,0
Q004708,false,0
Q004709,false,0
Q004710,false,0
Q004711,false,0
Q004712,false,0
Q004713,false,0
Q004714,false,0
Q004715,false,0
Q004716,false,0
Q004717,false,0
Q004718,false,0
Q004719,false,0
Q004720,false,0
Q004721,false,0
Q004722,false,0
Q004723,false,0
Q004724,false,0
Q004725,false,0
Q004726,false,0
Q004727,false,0
Q004728,false,0
Q004729,false,0
Q004730,false,0
Q004731,false,0
Q004732,false,0
Q004733,false,0
Q004734,false,0
Q004735,false,0
Q004736,false,0
Q004737,false,0
Q004738,false,0
Q004739,false,0
Q004740,false,0
Q004741,false,0
Q004742,false,0
Q004743,false,0
Q004744,false,0
Q004745,false,0
Q004746,false,0
Q004747,false,0
Q004748,false,0
Q004749,false,0
Q004750,false,0
Q004751,false,0
Q004752,false,0
Q004753,false,0
Q004754,false,0
Q004755,false,0
Q004756,false,0
Q004757,false,0
Q004758,false,0
Q004759,false,0
Q004760,false,0
Q004761,false,0
Q004762,false,0
Q004763,false,0
Q004764,false,0
Q004765,false,0
Q004766,false,0
Q004767,false,0
Q004768,false,0
Q004769,false,0
Q004770,false,0
Q004771,false,0
Q004772,false,0
Q004773,false,0
Q004774,false,0
Q004775,false,0
Q004776,false,0
Q004777,false,0
Q004778,false,0
Q004779,false,0
Q004780,false,0
Q004781,false,0
Q004782,false,0
Q004783,false,0
Q004784,false,0
Q004785,false,0
Q004786,false,0
Q004787,false,0
Q004788,false,0
Q004789,false,0
Q004790,false,0
Q004791,false,0
Q004792,false,0
Q004793,false,0
Q004794,false,0
Q004795,false,0
Q004796,false,0
Q004797,false,0
Q004798,false,0
Q004799,false,0
Q004800,false,0
Q004801,false,0
Q004802,false,0
Q004803,false,0
Q004804,false,0
Q004805,false,0
Q004806,false,0
Q004807,false,0
Q004808,false,0
Q004809,false,0
Q004810,false,0
Q004811,false,0
Q004812,false,0
Q004813,false,0
Q004814,false,0
Q004815,false,0
Q004816,false,0
Q004817,false,0
Q004818,false,0
Q004819,false,0
Q004820,false,0
Q004821,false,0
Q004822,false,0
Q004823,false,0
Q004824,false,0
Q004825,false,0
Q004826,false,0
Q004827,false,0
Q004828,false,0
Q004829,false,0
Q004830,false,0
Q004831,false,0
Q004832,false,0
Q004833,false,0
Q004834,false,0
Q004835,false,0
Q004836,false,0
Q004837,false,0
Q004838,false,0
Q004839,false,0
Q004840,false,0
Q004841,false,0
Q004842,false,0
Q004843,false,0
Q004844,false,0
Q004845,false,0
Q004846,false,0
Q004847,false,0
Q004848,false,0
Q004849,false,0
Q004850,false,0
Q004851,false,0
Q004852,false,0
Q004853,false,0
Q004854,false,0
Q004855,false,0
Q004856,false,0
Q004857,false,0
Q004858,false,0
Q004859,false,0
Q004860,false,0
Q004861,false,0
Q004862,false,0
Q004863,false,0
Q004864,false,0
Q004865,false,0
Q004866,false,0
Q004867,false,0
Q004868,false,0
Q004869,false,0
Q004870,false,0
Q004871,false,0
Q004872,false,0
Q004873,false,0
Q004874,false,0
Q004875,false,0
Q004876,false,0
Q004877,false,0
Q004878,false,0
Q004879,false,0
Q004880,false,0
Q004881,false,0
Q004882,false,0
Q004883,false,0
Q004884,false,0
Q004885,false,0
Q004886,false,0
Q004887,false,0
Q004888,false,0
Q004889,false,0
Q004890,false,0
Q004891,false,0
Q004892,false,0
Q004893,false,0
Q004894,false,0
Q004895,false,0
Q004896,false,0
Q004897,false,0
Q004898,false,0
Q004899,false,0
Q004900,false,0
Q004901,false,0
Q004902,false,0
Q004903,false,0
Q004904,false,0
Q004905,false,0
Q004906,false,0
Q004907,false,0
Q004908,false,0
Q004909,false,0
Q004910,false,0
Q004911,false,0
Q004912,false,0
Q004913,false,0
Q004914,false,0
Q004915,false,0
Q004916,false,0
Q004917,false,0
Q004918,false,0
Q004919,false,0
Q004920,false,0
Q004921,false,0
Q004922,false,0
Q004923,false,0
Q004924,false,0
Q004925,false,0
Q004926,false,0
Q004927,false,0
Q004928,false,0
Q004929,false,0
Q004930,false,0
Q004931,false,0
Q004932,false,0
Q004933,false,0
Q004934,false,0
Q004935,false,0
Q004936,false,0
Q004937,false,0
Q004938,false,0
Q004939,false,0
Q004940,false,0
Q004941,false,0
Q004942,false,0
Q004943,false,0
Q004944,false,0
Q004945,false,0
Q004946,false,0
Q004947,false,0
Q004948,false,0
Q004949,false,0
Q004950,false,0
Q004951,false,0
Q004952,false,0
Q004953,false,0
Q004954,false,0
Q004955,false,0
Q004956,false,0
Q004957,false,0
Q004958,false,0
Q004959,false,0
Q004960,false,0
Q004961,false,0
Q004962,false,0
Q004963,false,0
Q004964,false,0
Q004965,false,0
Q004966,false,0
Q004967,false,0
Q004968,false,0
Q004969,false,0
Q004970,false,0
Q004971,false,0
Q004972,false,0
Q004973,false,0
Q004974,false,0
Q004975,false,0
Q004976,false,0
Q004977,false,0
Q004978,false,0
Q004979,false,0
Q004980,false,0
Q004981,false,0
Q004982,false,0
Q004983,false,0
Q004984,false,0
Q004985,false,0
Q004986,false,0
Q004987,false,0
Q004988,false,0
Q004989,false,0
Q004990,false,0
Q004991,false,0
Q004992,false,0
Q004993,false,0
Q004994,false,0
Q004995,false,0
Q004996,false,0
Q004997,false,0
Q004998,false,0
Q004999,false,0
Q005000,false,0
Q005001,false,0
Q005002,false,0
Q005003,false,0
Q005004,false,0
Q005005,false,0
Q005006,false,0
Q005007,false,0
Q005008,false,0
Q005009,false,0
Q005010,false,0
Q005011,false,0
Q005012,false,0
Q005013,false,0
Q005014,false,0
Q005015,false,0
Q005016,false,0
Q005017,false,0
Q005018,false,0
Q005019,false,0
Q005020,false,0
Q005021,false,0
Q005022,false,0
Q005023,false,0
Q005024,false,0
Q005025,false,0
Q005026,false,0
Q005027,false,0
Q005028,false,0
Q005029,false,0
Q005030,false,0
Q005031,false,0
Q005032,false,0
Q005033,false,0
Q005034,false,0
Q005035,false,0
Q005036,false,0
Q005037,false,0
Q005038,false,0
Q005039,false,0
Q005040,false,0
Q005041,false,0
Q005042,false,0
Q005043,false,0
Q005044,false,0
Q005045,false,0
Q005046,false,0
Q005047,false,0
Q005048,false,0
Q005049,false,0
Q005050,false,0
Q005051,false,0
Q005052,false,0
Q005053,false,0
Q005054,false,0
Q005055,false,0
Q005056,false,0
Q005057,false,0
Q005058,false,0
Q005059,false,0
Q005060,false,0
Q005061,false,0
Q005062,false,0
Q005063,false,0
Q005064,false,0
Q005065,false,0
Q005066,false,0
Q005067,false,0
Q005068,false,0
Q005069,false,0
Q005070,false,0
Q005071,false,0
Q005072,false,0
Q005073,false,0
Q005074,false,0
Q005075,false,0
Q005076,false,0
Q005077,false,0
Q005078,false,0
Q005079,false,0
Q005080,false,0
Q005081,false,0
Q005082,false,0
Q005083,false,0
Q005084,false,0
Q005085,false,0
Q005086,false,0
Q005087,false,0
Q005088,false,0
Q005089,false,0
Q005090,false,0
Q005091,false,0
Q005092,false,0
Q005093,false,0
Q005094,false,0
Q005095,false,0
Q005096,false,0
Q005097,false,0
Q005098,false,0
Q005099,false,0
Q005100,false,0
Q005101,false,0
Q005102,false,0
Q005103,false,0
Q005104,false,0
Q005105,false,0
Q005106,false,0
Q005107,false,0
Q005108,false,0
Q005109,false,0
Q005110,false,0
Q005111,false,0
Q005112,false,0
Q005113,false,0
Q005114,false,0
Q005115,false,0
Q005116,false,0
Q005117,false,0
Q005118,false,0
Q005119,false,0
Q005120,false,0
Q005121,false,0
Q005122,false,0
Q005123,false,0
Q005124,false,0
Q005125,false,0
Q005126,false,0
Q005127,false,0
Q005128,false,0
Q005129,false,0
Q005130,false,0
Q005131,false,0
Q005132,false,0
Q005133,false,0
Q005134,false,0
Q005135,false,0
Q005136,false,0
Q005137,false,0
Q005138,false,0
Q005139,false,0
Q005140,false,0
Q005141,false,0
Q005142,false,0
Q005143,false,0
Q005144,false,0
Q005145,false,0
Q005146,false,0
Q005147,false,0
Q005148,false,0
Q005149,false,0
Q005150,false,0
Q005151,false,0
Q005152,false,0
Q005153,false,0
Q005154,false,0
Q005155,false,0
Q005156,false,0
Q005157,false,0
Q005158,false,0
Q005159,false,0
Q005160,false,0
Q005161,false,0
Q005162,false,0
Q005163,false,0
Q005164,false,0
Q005165,false,0
Q005166,false,0
Q005167,false,0
Q005168,false,0
Q005169,false,0
Q005170,false,0
Q005171,false,0
Q005172,false,0
Q005173,false,0
Q005174,false,0
Q005175,false,0
Q005176,false,0
Q005177,false,0
Q005178,false,0
Q005179,false,0
Q005180,false,0
Q005181,false,0
Q005182,false,0
Q005183,false,0
Q005184,false,0
Q005185,false,0
Q005186,false,0
Q005187,false,0
Q005188,false,0
Q005189,false,0
Q005190,false,0
Q005191,false,0
Q005192,false,0
Q005193,false,0
Q005194,false,0
Q005195,false,0
Q005196,false,0
Q005197,false,0
Q005198,false,0
Q005199,false,0
Q005200,false,0
Q005201,false,0
Q005202,false,0
Q005203,false,0
Q005204,false,0
Q005205,false,0
Q005206,false,0
Q005207,false,0
Q005208,false,0
Q005209,false,0
Q005210,false,0
Q005211,false,0
Q005212,false,0
Q005213,false,0
Q005214,false,0
Q005215,false,0
Q005216,false,0
Q005217,false,0
Q005218,false,0
Q005219,false,0
Q005220,false,0
Q005221,false,0
Q005222,false,0
Q005223,false,0
Q005224,false,0
Q005225,false,0
Q005226,false,0
Q005227,false,0
Q005228,false,0
Q005229,false,0
Q005230,false,0
Q005231,false,0
Q005232,false,0
Q005233,false,0
Q005234,false,0
Q005235,false,0
Q005236,false,0
Q005237,false,0
Q005238,false,0
Q005239,false,0
Q005240,false,0
Q005241,false,0
Q005242,false,0
Q005243,false,0
Q005244,false,0
Q005245,false,0
Q005246,false,0
Q005247,false,0
Q005248,false,0
Q005249,false,0
Q005250,false,0
Q005251,false,0
Q005252,false,0
Q005253,false,0
Q005254,false,0
Q005255,false,0
Q005256,false,0
Q005257,false,0
Q005258,false,0
Q005259,false,0
Q005260,false,0
Q005261,false,0
Q005262,false,0
Q005263,false,0
Q005264,false,0
Q005265,false,0
Q005266,false,0
Q005267,false,0
Q005268,false,0
Q005269,false,0
Q005270,false,0
Q005271,false,0
Q005272,false,0
Q005273,false,0
Q005274,false,0
Q005275,false,0
Q005276,false,0
Q005277,false,0
Q005278,false,0
Q005279,false,0
Q005280,false,0
Q005281,false,0
Q005282,false,0
Q005283,false,0
Q005284,false,0
Q005285,false,0
Q005286,false,0
Q005287,false,0
Q005288,false,0
Q005289,false,0
Q005290,false,0
Q005291,false,0
Q005292,false,0
Q005293,false,0
Q005294,false,0
Q005295,false,0
Q005296,false,0
Q005297,false,0
Q005298,false,0
Q005299,false,0
Q005300,false,0
Q005301,false,0
Q005302,false,0
Q005303,false,0
Q005304,false,0
Q005305,false,0
Q005306,false,0
Q005307,false,0
Q005308,false,0
Q005309,false,0
Q005310,false,0
Q005311,false,0
Q005312,false,0
Q005313,false,0
Q005314,false,0
Q005315,false,0
Q005316,false,0
Q005317,false,0
Q005318,false,0
Q005319,false,0
Q005320,false,0
Q005321,false,0
Q005322,false,0
Q005323,false,0
Q005324,false,0
Q005325,false,0
Q005326,false,0
Q005327,false,0
Q005328,false,0
Q005329,false,0
Q005330,false,0
Q005331,false,0
Q005332,false,0
Q005333,false,0
Q005334,false,0
Q005335,false,0
Q005336,false,0
Q005337,false,0
Q005338,false,0
Q005339,false,0
Q005340,false,0
Q005341,false,0
Q005342,false,0
Q005343,false,0
Q005344,false,0
Q005345,false,0
Q005346,false,0
Q005347,false,0
Q005348,false,0
Q005349,false,0
Q005350,false,0
Q005351,false,0
Q005352,false,0
Q005353,false,0
Q005354,false,0
Q005355,false,0
Q005356,false,0
Q005357,false,0
Q005358,false,0
Q005359,false,0
Q005360,false,0
Q005361,false,0
Q005362,false,0
Q005363,false,0
Q005364,false,0
Q005365,false,0
Q005366,false,0
Q005367,false,0
Q005368,false,0
Q005369,false,0
Q005370,false,0
Q005371,false,0
Q005372,false,0
Q005373,false,0
Q005374,false,0
Q005375,false,0
Q005376,false,0
Q005377,false,0
Q005378,false,0
Q005379,false,0
Q005380,false,0
Q005381,false,0
Q005382,false,0
Q005383,false,0
Q005384,false,0
Q005385,false,0
Q005386,false,0
Q005387,false,0
Q005388,false,0
Q005389,false,0
Q005390,false,0
Q005391,false,0
Q005392,false,0
Q005393,false,0
Q005394,false,0
Q005395,false,0
Q005396,false,0
Q005397,false,0
Q005398,false,0
Q005399,false,0
Q005400,false,0
Q005401,false,0
Q005402,false,0
Q005403,false,0
Q005404,false,0
Q005405,false,0
Q005406,false,0
Q005407,false,0
Q005408,false,0
Q005409,false,0
Q005410,false,0
Q005411,false,0
Q005412,false,0
Q005413,false,0
Q005414,false,0
Q005415,false,0
Q005416,false,0
Q005417,false,0
Q005418,false,0
Q005419,false,0
Q005420,false,0
Q005421,false,0
Q005422,false,0
Q005423,false,0
Q005424,false,0
Q005425,false,0
Q005426,false,0
Q005427,false,0
Q005428,false,0
Q005429,false,0
Q005430,false,0
Q005431,false,0
Q005432,false,0
Q005433,false,0
Q005434,false,0
Q005435,false,0
Q005436,false,0
Q005437,false,0
Q005438,false,0
Q005439,false,0
Q005440,false,0
Q005441,false,0
Q005442,false,0
Q005443,false,0
Q005444,false,0
Q005445,false,0
Q005446,false,0
Q005447,false,0
Q005448,false,0
Q005449,false,0
Q005450,false,0
Q005451,false,0
Q005452,false,0
Q005453,false,0
Q005454,false,0
Q005455,false,0
Q005456,false,0
Q005457,false,0
Q005458,false,0
Q005459,false,0
Q005460,false,0
Q005461,false,0
Q005462,false,0
Q005463,false,0
Q005464,false,0
Q005465,false,0
Q005466,false,0
Q005467,false,0
Q005468,false,0
Q005469,false,0
Q005470,false,0
Q005471,false,0
Q005472,false,0
Q005473,false,0
Q005474,false,0
Q005475,false,0
Q005476,false,0
Q005477,false,0
Q005478,false,0
Q005479,false,0
Q005480,false,0
Q005481,false,0
Q005482,false,0
Q005483,false,0
Q005484,false,0
Q005485,false,0
Q005486,false,0
Q005487,false,0
Q005488,false,0
Q005489,false,0
Q005490,false,0
Q005491,false,0
Q005492,false,0
Q005493,false,0
Q005494,false,0
Q005495,false,0
Q005496,false,0
Q005497,false,0
Q005498,false,0
Q005499,false,0
Q005500,false,0
Q005501,false,0
Q005502,false,0
Q005503,false,0
Q005504,false,0
Q005505,false,0
Q005506,false,0
Q005507,false,0
Q005508,false,0
Q005509,false,0
Q005510,false,0
Q005511,false,0
Q005512,false,0
Q005513,false,0
Q005514,false,0
Q005515,false,0
Q005516,false,0
Q005517,false,0
Q005518,false,0
Q005519,false,0
Q005520,false,0
Q005521,false,0
Q005522,false,0
Q005523,false,0
Q005524,false,0
Q005525,false,0
Q005526,false,0
Q005527,false,0
Q005528,false,0
Q005529,false,0
Q005530,false,0
Q005531,false,0
Q005532,false,0
Q005533,false,0
Q005534,false,0
Q005535,false,0
Q005536,false,0
Q005537,false,0
Q005538,false,0
Q005539,false,0
Q005540,false,0
Q005541,false,0
Q005542,false,0
Q005543,false,0
Q005544,false,0
Q005545,false,0
Q005546,false,0
Q005547,false,0
Q005548,false,0
Q005549,false,0
Q005550,false,0
Q005551,false,0
Q005552,false,0
Q005553,false,0
Q005554,false,0
Q005555,false,0
Q005556,false,0
Q005557,false,0
Q005558,false,0
Q005559,false,0
Q005560,false,0
Q005561,false,0
Q005562,false,0
Q005563,false,0
Q005564,false,0
Q005565,false,0
Q005566,false,0
Q005567,false,0
Q005568,false,0
Q005569,false,0
Q005570,false,0
Q005571,false,0
Q005572,false,0
Q005573,false,0
Q005574,false,0
Q005575,false,0
Q005576,false,0
Q005577,false,0
Q005578,false,0
Q005579,false,0
Q005580,false,0
Q005581,false,0
Q005582,false,0
Q005583,false,0
Q005584,false,0
Q005585,false,0
Q005586,false,0
Q005587,false,0
Q005588,false,0
Q005589,false,0
Q005590,false,0
Q005591,false,0
Q005592,false,0
Q005593,false,0
Q005594,false,0
Q005595,false,0
Q005596,false,0
Q005597,false,0
Q005598,false,0
Q005599,false,0
Q005600,false,0
Q005601,false,0
Q005602,false,0
Q005603,false,0
Q005604,false,0
Q005605,false,0
Q005606,false,0
Q005607,false,0
Q005608,false,0
Q005609,false,0
Q005610,false,0
Q005611,false,0
Q005612,false,0
Q005613,false,0
Q005614,false,0
Q005615,false,0
Q005616,false,0
Q005617,false,0
Q005618,false,0
Q005619,false,0
Q005620,false,0
Q005621,false,0
Q005622,false,0
Q005623,false,0
Q005624,false,0
Q005625,false,0
Q005626,false,0
Q005627,false,0
Q005628,false,0
Q005629,false,0
Q005630,false,0
Q005631,false,0
Q005632,false,0
Q005633,false,0
Q005634,false,0
Q005635,false,0
Q005636,false,0
Q005637,false,0
Q005638,false,0
Q005639,false,0
Q005640,false,0
Q005641,false,0
Q005642,false,0
Q005643,false,0
Q005644,false,0
Q005645,false,0
Q005646,false,0
Q005647,false,0
Q005648,false,0
Q005649,false,0
Q005650,false,0
Q005651,false,0
Q005652,false,0
Q005653,false,0
Q005654,false,0
Q005655,false,0
Q005656,false,0
Q005657,false,0
Q005658,false,0
Q005659,false,0
Q005660,false,0
Q005661,false,0
Q005662,false,0
Q005663,false,0
Q005664,false,0
Q005665,false,0
Q005666,false,0
Q005667,false,0
Q005668,false,0
Q005669,false,0
Q005670,false,0
Q005671,false,0
Q005672,false,0
Q005673,false,0
Q005674,false,0
Q005675,false,0
Q005676,false,0
Q005677,false,0
Q005678,false,0
Q005679,false,0
Q005680,false,0
Q005681,false,0
Q005682,false,0
Q005683,false,0
Q005684,false,0
Q005685,false,0
Q005686,false,0
Q005687,false,0
Q005688,false,0
Q005689,false,0
Q005690,false,0
Q005691,false,0
Q005692,false,0
Q005693,false,0
Q005694,false,0
Q005695,false,0
Q005696,false,0
Q005697,false,0
Q005698,false,0
Q005699,false,0
Q005700,false,0
Q005701,false,0
Q005702,false,0
Q005703,false,0
Q005704,false,0
Q005705,false,0
Q005706,false,0
Q005707,false,0
Q005708,false,0
Q005709,false,0
Q005710,false,0
Q005711,false,0
Q005712,false,0
Q005713,false,0
Q005714,false,0
Q005715,false,0
Q005716,false,0
Q005717,false,0
Q005718,false,0
Q005719,false,0
Q005720,false,0
Q005721,false,0
Q005722,false,0
Q005723,false,0
Q005724,false,0
Q005725,false,0
Q005726,false,0
Q005727,false,0
Q005728,false,0
Q005729,false,0
Q005730,false,0
Q005731,false,0
Q005732,false,0
Q005733,false,0
Q005734,false,0
Q005735,false,0
Q005736,false,0
Q005737,false,0
Q005738,false,0
Q005739,false,0
Q005740,false,0
Q005741,false,0
Q005742,false,0
Q005743,false,0
Q005744,false,0
Q005745,false,0
Q005746,false,0
Q005747,false,0
Q005748,false,0
Q005749,false,0
Q005750,false,0
Q005751,false,0
Q005752,false,0
Q005753,false,0
Q005754,false,0
Q005755,false,0
Q005756,false,0
Q005757,false,0
Q005758,false,0
Q005759,false,0
Q005760,false,0
Q005761,false,0
Q005762,false,0
Q005763,false,0
Q005764,false,0
Q005765,false,0
Q005766,false,0
Q005767,false,0
Q005768,false,0
Q005769,false,0
Q005770,false,0
Q005771,false,0
Q005772,false,0
Q005773,false,0
Q005774,false,0
Q005775,false,0
Q005776,false,0
Q005777,false,0
Q005778,false,0
Q005779,false,0
Q005780,false,0
Q005781,false,0
Q005782,false,0
Q005783,false,0
Q005784,false,0
Q005785,false,0
Q005786,false,0
Q005787,false,0
Q005788,false,0
Q005789,false,0
Q005790,false,0
Q005791,false,0
Q005792,false,0
Q005793,false,0
Q005794,false,0
Q005795,false,0
Q005796,false,0
Q005797,false,0
Q005798,false,0
Q005799,false,0
Q005800,false,0
Q005801,false,0
Q005802,false,0
Q005803,false,0
Q005804,false,0
Q005805,false,0
Q005806,false,0
Q005807,false,0
Q005808,false,0
Q005809,false,0
Q005810,false,0
Q005811,false,0
Q005812,false,0
Q005813,false,0
Q005814,false,0
Q005815,false,0
Q005816,false,0
Q005817,false,0
Q005818,false,0
Q005819,false,0
Q005820,false,0
Q005821,false,0
Q005822,false,0
Q005823,false,0
Q005824,false,0
Q005825,false,0
Q005826,false,0
Q005827,false,0
Q005828,false,0
Q005829,false,0
Q005830,false,0
Q005831,false,0
Q005832,false,0
Q005833,false,0
Q005834,false,0
Q005835,false,0
Q005836,false,0
Q005837,false,0
Q005838,false,0
Q005839,false,0
Q005840,false,0
Q005841,false,0
Q005842,false,0
Q005843,false,0
Q005844,false,0
Q005845,false,0
Q005846,false,0
Q005847,false,0
Q005848,false,0
Q005849,false,0
Q005850,false,0
Q005851,false,0
Q005852,false,0
Q005853,false,0
Q005854,false,0
Q005855,false,0
Q005856,false,0
Q005857,false,0
Q005858,false,0
Q005859,false,0
Q005860,false,0
Q005861,false,0
Q005862,false,0
Q005863,false,0
Q005864,false,0
Q005865,false,0
Q005866,false,0
Q005867,false,0
Q005868,false,0
Q005869,false,0
Q005870,false,0
Q005871,false,0
Q005872,false,0
Q005873,false,0
Q005874,false,0
Q005875,false,0
Q005876,false,0
Q005877,false,0
Q005878,false,0
Q005879,false,0
Q005880,false,0
Q005881,false,0
Q005882,false,0
Q005883,false,0
Q005884,false,0
Q005885,false,0
Q005886,false,0
Q005887,false,0
Q005888,false,0
Q005889,false,0
Q005890,false,0
Q005891,false,0
Q005892,false,0
Q005893,false,0
Q005894,false,0
Q005895,false,0
Q005896,false,0
Q005897,false,0
Q005898,false,0
Q005899,false,0
Q005900,false,0
Q005901,false,0
Q005902,false,0
Q005903,false,0
Q005904,false,0
Q005905,false,0
Q005906,false,0
Q005907,false,0
Q005908,false,0
Q005909,false,0
Q005910,false,0
Q005911,false,0
Q005912,false,0
Q005913,false,0
Q005914,false,0
Q005915,false,0
Q005916,false,0
Q005917,false,0
Q005918,false,0
Q005919,false,0
Q005920,false,0
Q005921,false,0
Q005922,false,0
Q005923,false,0
Q005924,false,0
Q005925,false,0
Q005926,false,0
Q005927,false,0
Q005928,false,0
Q005929,false,0
Q005930,false,0
Q005931,false,0
Q005932,false,0
Q005933,false,0
Q005934,false,0
Q005935,false,0
Q005936,false,0
Q005937,false,0
Q005938,false,0
Q005939,false,0
Q005940,false,0
Q005941,false,0
Q005942,false,0
Q005943,false,0
Q005944,false,0
Q005945,false,0
Q005946,false,0
Q005947,false,0
Q005948,false,0
Q005949,false,0
Q005950,false,0
Q005951,false,0
Q005952,false,0
Q005953,false,0
Q005954,false,0
Q005955,false,0
Q005956,false,0
Q005957,false,0
Q005958,false,0
Q005959,false,0
Q005960,false,0
Q005961,false,0
Q005962,false,0
Q005963,false,0
Q005964,false,0
Q005965,false,0
Q005966,false,0
Q005967,false,0
Q005968,false,0
Q005969,false,0
Q005970,false,0
Q005971,false,0
Q005972,false,0
Q005973,false,0
Q005974,false,0
Q005975,false,0
Q005976,false,0
Q005977,false,0
Q005978,false,0
Q005979,false,0
Q005980,false,0
Q005981,false,0
Q005982,false,0
Q005983,false,0
Q005984,false,0
Q005985,false,0
Q005986,false,0
Q005987,false,0
Q005988,false,0
Q005989,false,0
Q005990,false,0
Q005991,false,0
Q005992,false,0
Q005993,false,0
Q005994,false,0
Q005995,false,0
Q005996,false,0
Q005997,false,0
Q005998,false,0
Q005999,false,0
Q006000,false,0
Q006001,false,0
Q006002,false,0
Q006003,false,0
Q006004,false,0
Q006005,false,0
Q006006,false,0
Q006007,false,0
Q006008,false,0
Q006009,false,0
Q006010,false,0
Q006011,false,0
Q006012,false,0
Q006013,false,0
Q006014,false,0
Q006015,false,0
Q006016,false,0
Q006017,false,0
Q006018,false,0
Q006019,false,0
Q006020,false,0
Q006021,false,0
Q006022,false,0
Q006023,false,0
Q006024,false,0
Q006025,false,0
Q006026,false,0
Q006027,false,0
Q006028,false,0
Q006029,false,0
Q006030,false,0
Q006031,false,0
Q006032,false,0
Q006033,false,0
Q006034,false,0
Q006035,false,0
Q006036,false,0
Q006037,false,0
Q006038,false,0
Q006039,false,0
Q006040,false,0
Q006041,false,0
Q006042,false,0
Q006043,false,0
Q006044,false,0
Q006045,false,0
Q006046,false,0
Q006047,false,0
Q006048,false,0
Q006049,false,0
Q006050,false,0
Q006051,false,0
Q006052,false,0
Q006053,false,0
Q006054,false,0
Q006055,false,0
Q006056,false,0
Q006057,false,0
Q006058,false,0
Q006059,false,0
Q006060,false,0
Q006061,false,0
Q006062,false,0
Q006063,false,0
Q006064,false,0
Q006065,false,0
Q006066,false,0
Q006067,false,0
Q006068,false,0
Q006069,false,0
Q006070,false,0
Q006071,false,0
Q006072,false,0
Q006073,false,0
Q006074,false,0
Q006075,false,0
Q006076,false,0
Q006077,false,0
Q006078,false,0
Q006079,false,0
Q006080,false,0
Q006081,false,0
Q006082,false,0
Q006083,false,0
Q006084,false,0
Q006085,false,0
Q006086,false,0
Q006087,false,0
Q006088,false,0
Q006089,false,0
Q006090,false,0
Q006091,false,0
Q006092,false,0
Q006093,false,0
Q006094,false,0
Q006095,false,0
Q006096,false,0
Q006097,false,0
Q006098,false,0
Q006099,false,0
Q006100,false,0
Q006101,false,0
Q006102,false,0
Q006103,false,0
Q006104,false,0
Q006105,false,0
Q006106,false,0
Q006107,false,0
Q006108,false,0
Q006109,false,0
Q006110,false,0
Q006111,false,0
Q006112,false,0
Q006113,false,0
Q006114,false,0
Q006115,false,0
Q006116,false,0
Q006117,false,0
Q006118,false,0
Q006119,false,0
Q006120,false,0
Q006121,false,0
Q006122,false,0
Q006123,false,0
Q006124,false,0
Q006125,false,0
Q006126,false,0
Q006127,false,0
Q006128,false,0
Q006129,false,0
Q006130,false,0
Q006131,false,0
Q006132,false,0
Q006133,false,0
Q006134,false,0
Q006135,false,0
Q006136,false,0
Q006137,false,0
Q006138,false,0
Q006139,false,0
Q006140,false,0
Q006141,false,0
Q006142,false,0
Q006143,false,0
Q006144,false,0
Q006145,false,0
Q006146,false,0
Q006147,false,0
Q006148,false,0
Q006149,false,0
Q006150,false,0
Q006151,false,0
Q006152,false,0
Q006153,false,0
Q006154,false,0
Q006155,false,0
Q006156,false,0
Q006157,false,0
Q006158,false,0
Q006159,false,0
Q006160,false,0
Q006161,false,0
Q006162,false,0
Q006163,false,0
Q006164,false,0
Q006165,false,0
Q006166,false,0
Q006167,false,0
Q006168,false,0
Q006169,false,0
Q006170,false,0
Q006171,false,0
Q006172,false,0
Q006173,false,0
Q006174,false,0
Q006175,false,0
Q006176,false,0
Q006177,false,0
Q006178,false,0
Q006179,false,0
Q006180,false,0
Q006181,false,0
Q006182,false,0
Q006183,false,0
Q006184,false,0
Q006185,false,0
Q006186,false,0
Q006187,false,0
Q006188,false,0
Q006189,false,0
Q006190,false,0
Q006191,false,0
Q006192,false,0
Q006193,false,0
Q006194,false,0
Q006195,false,0
Q006196,false,0
Q006197,false,0
Q006198,false,0
Q006199,false,0
Q006200,false,0
Q006201,false,0
Q006202,false,0
Q006203,false,0
Q006204,false,0
Q006205,false,0
Q006206,false,0
Q006207,false,0
Q006208,false,0
Q006209,false,0
Q006210,false,0
Q006211,false,0
Q006212,false,0
Q006213,false,0
Q006214,false,0
Q006215,false,0
Q006216,false,0
Q006217,false,0
Q006218,false,0
Q006219,false,0
Q006220,false,0
Q006221,false,0
Q006222,false,0
Q006223,false,0
Q006224,false,0
Q006225,false,0
Q006226,false,0
Q006227,false,0
Q006228,false,0
Q006229,false,0
Q006230,false,0
Q006231,false,0
Q006232,false,0
Q006233,false,0
Q006234,false,0
Q006235,false,0
Q006236,false,0
Q006237,false,0
Q006238,false,0
Q006239,false,0
Q006240,false,0
Q006241,false,0
Q006242,false,0
Q006243,false,0
Q006244,false,0
Q006245,false,0
Q006246,false,0
Q006247,false,0
Q006248,false,0
Q006249,false,0
Q006250,false,0
Q006251,false,0
Q006252,false,0
Q006253,false,0
Q006254,false,0
Q006255,false,0
Q006256,false,0
Q006257,false,0
Q006258,false,0
Q006259,false,0
Q006260,false,0
Q006261,false,0
Q006262,false,0
Q006263,false,0
Q006264,false,0
Q006265,false,0
Q006266,false,0
Q006267,false,0
Q006268,false,0
Q006269,false,0
Q006270,false,0
Q006271,false,0
Q006272,false,0
Q006273,false,0
Q006274,false,0
Q006275,false,0
Q006276,false,0
Q006277,false,0
Q006278,false,0
Q006279,false,0
Q006280,false,0
Q006281,false,0
Q006282,false,0
Q006283,false,0
Q006284,false,0
Q006285,false,0
Q006286,false,0
Q006287,false,0
Q006288,false,0
Q006289,false,0
Q006290,false,0
Q006291,false,0
Q006292,false,0
Q006293,false,0
Q006294,false,0
Q006295,false,0
Q006296,false,0
Q006297,false,0
Q006298,false,0
Q006299,false,0
Q006300,false,0
Q006301,false,0
Q006302,false,0
Q006303,false,0
Q006304,false,0
Q006305,false,0
Q006306,false,0
Q006307,false,0
Q006308,false,0
Q006309,false,0
Q006310,false,0
Q006311,false,0
Q006312,false,0
Q006313,false,0
Q006314,false,0
Q006315,false,0
Q006316,false,0
Q006317,false,0
Q006318,false,0
Q006319,false,0
Q006320,false,0
Q006321,false,0
Q006322,false,0
Q006323,false,0
Q006324,false,0
Q006325,false,0
Q006326,false,0
Q006327,false,0
Q006328,false,0
Q006329,false,0
Q006330,false,0
Q006331,false,0
Q006332,false,0
Q006333,false,0
Q006334,false,0
Q006335,false,0
Q006336,false,0
Q006337,false,0
Q006338,false,0
Q006339,false,0
Q006340,false,0
Q006341,false,0
Q006342,false,0
Q006343,false,0
Q006344,false,0
Q006345,false,0
Q006346,false,0
Q006347,false,0
Q006348,false,0
Q006349,false,0
Q006350,false,0
Q006351,false,0
Q006352,false,0
Q006353,false,0
Q006354,false,0
Q006355,false,0
Q006356,false,0
Q006357,false,0
Q006358,false,0
Q006359,false,0
Q006360,false,0
Q006361,false,0
Q006362,false,0
Q006363,false,0
Q006364,false,0
Q006365,false,0
Q006366,false,0
Q006367,false,0
Q006368,false,0
Q006369,false,0
Q006370,false,0
Q006371,false,0
Q006372,false,0
Q006373,false,0
Q006374,false,0
Q006375,false,0
Q006376,false,0
Q006377,false,0
Q006378,false,0
Q006379,false,0
Q006380,false,0
Q006381,false,0
Q006382,false,0
Q006383,false,0
Q006384,false,0
Q006385,false,0
Q006386,false,0
Q006387,false,0
Q006388,false,0
Q006389,false,0
Q006390,false,0
Q006391,false,0
Q006392,false,0
Q006393,false,0
Q006394,false,0
Q006395,false,0
Q006396,false,0
Q006397,false,0
Q006398,false,0
Q006399,false,0
Q006400,false,0
Q006401,false,0
Q006402,false,0
Q006403,false,0
Q006404,false,0
Q006405,false,0
Q006406,false,0
Q006407,false,0
Q006408,false,0
Q006409,false,0
Q006410,false,0
Q006411,false,0
Q006412,false,0
Q006413,false,0
Q006414,false,0
Q006415,false,0
Q006416,false,0
Q006417,false,0
Q006418,false,0
Q006419,false,0
Q006420,false,0
Q006421,false,0
Q006422,false,0
Q006423,false,0
Q006424,false,0
Q006425,false,0
Q006426,false,0
Q006427,false,0
Q006428,false,0
Q006429,false,0
Q006430,false,0
Q006431,false,0
Q006432,false,0
Q006433,false,0
Q006434,false,0
Q006435,false,0
Q006436,false,0
Q006437,false,0
Q006438,false,0
Q006439,false,0
Q006440,false,0
Q006441,false,0
Q006442,false,0
Q006443,false,0
Q006444,false,0
Q006445,false,0
Q006446,false,0
Q006447,false,0
Q006448,false,0
Q006449,false,0
Q006450,false,0
Q006451,false,0
Q006452,false,0
Q006453,false,0
Q006454,false,0
Q006455,false,0
Q006456,false,0
Q006457,false,0
Q006458,false,0
Q006459,false,0
Q006460,false,0
Q006461,false,0
Q006462,false,0
Q006463,false,0
Q006464,false,0
Q006465,false,0
Q006466,false,0
Q006467,false,0
Q006468,false,0
Q006469,false,0
Q006470,false,0
Q006471,false,0
Q006472,false,0
Q006473,false,0
Q006474,false,0
Q006475,false,0
Q006476,false,0
Q006477,false,0
Q006478,false,0
Q006479,false,0
Q006480,false,0
Q006481,false,0
Q006482,false,0
Q006483,false,0
Q006484,false,0
Q006485,false,0
Q006486,false,0
Q006487,false,0
Q006488,false,0
Q006489,false,0
Q006490,false,0
Q006491,false,0
Q006492,false,0
Q006493,false,0
Q006494,false,0
Q006495,false,0
Q006496,false,0
Q006497,false,0
Q006498,false,0
Q006499,false,0
Q006500,false,0
Q006501,false,0
Q006502,false,0
Q006503,false,0
Q006504,false,0
Q006505,false,0
Q006506,false,0
Q006507,false,0
Q006508,false,0
Q006509,false,0
Q006510,false,0
Q006511,false,0
Q006512,false,0
Q006513,false,0
Q006514,false,0
Q006515,false,0
Q006516,false,0
Q006517,false,0
Q006518,false,0
Q006519,false,0
Q006520,false,0
Q006521,false,0
Q006522,false,0
Q006523,false,0
Q006524,false,0
Q006525,false,0
Q006526,false,0
Q006527,false,0
Q006528,false,0
Q006529,false,0
Q006530,false,0
Q006531,false,0
Q006532,false,0
Q006533,false,0
Q006534,false,0
Q006535,false,0
Q006536,false,0
Q006537,false,0
Q006538,false,0
Q006539,false,0
Q006540,false,0
Q006541,false,0
Q006542,false,0
Q006543,false,0
Q006544,false,0
Q006545,false,0
Q006546,false,0
Q006547,false,0
Q006548,false,0
Q006549,false,0
Q006550,false,0
Q006551,false,0
Q006552,false,0
Q006553,false,0
Q006554,false,0
Q006555,false,0
Q006556,false,0
Q006557,false,0
Q006558,false,0
Q006559,false,0
Q006560,false,0
Q006561,false,0
Q006562,false,0
Q006563,false,0
Q006564,false,0
Q006565,false,0
Q006566,false,0
Q006567,false,0
Q006568,false,0
Q006569,false,0
Q006570,false,0
Q006571,false,0
Q006572,false,0
Q006573,false,0
Q006574,false,0
Q006575,false,0
Q006576,false,0
Q006577,false,0
Q006578,false,0
Q006579,false,0
Q006580,false,0
Q006581,false,0
Q006582,false,0
Q006583,false,0
Q006584,false,0
Q006585,false,0
Q006586,false,0
Q006587,false,0
Q006588,false,0
Q006589,false,0
Q006590,false,0
Q006591,false,0
Q006592,false,0
Q006593,false,0
Q006594,false,0
Q006595,false,0
Q006596,false,0
Q006597,false,0
Q006598,false,0
Q006599,false,0
Q006600,false,0
Q006601,false,0
Q006602,false,0
Q006603,false,0
Q006604,false,0
Q006605,false,0
Q006606,false,0
Q006607,false,0
Q006608,false,0
Q006609,false,0
Q006610,false,0
Q006611,false,0
Q006612,false,0
Q006613,false,0
Q006614,false,0
Q006615,false,0
Q006616,false,0
Q006617,false,0
Q006618,false,0
Q006619,false,0
Q006620,false,0
Q006621,false,0
Q006622,false,0
Q006623,false,0
Q006624,false,0
Q006625,false,0
Q006626,false,0
Q006627,false,0
Q006628,false,0
Q006629,false,0
Q006630,false,0
Q006631,false,0
Q006632,false,0
Q006633,false,0
Q006634,false,0
Q006635,false,0
Q006636,false,0
Q006637,false,0
Q006638,false,0
Q006639,false,0
Q006640,false,0
Q006641,false,0
Q006642,false,0
Q006643,false,0
Q006644,false,0
Q006645,false,0
Q006646,false,0
Q006647,false,0
Q006648,false,0
Q006649,false,0
Q006650,false,0
Q006651,false,0
Q006652,false,0
Q006653,false,0
Q006654,false,0
Q006655,false,0
Q006656,false,0
Q006657,false,0
Q006658,false,0
Q006659,false,0
Q006660,false,0
Q006661,false,0
Q006662,false,0
Q006663,false,0
Q006664,false,0
Q006665,false,0
Q006666,false,0
Q006667,false,0
Q006668,false,0
Q006669,false,0
Q006670,false,0
Q006671,false,0
Q006672,false,0
Q006673,false,0
Q006674,false,0
Q006675,false,0
Q006676,false,0
Q006677,false,0
Q006678,false,0
Q006679,false,0
Q006680,false,0
Q006681,false,0
Q006682,false,0
Q006683,false,0
Q006684,false,0
Q006685,false,0
Q006686,false,0
Q006687,false,0
Q006688,false,0
Q006689,false,0
Q006690,false,0
Q006691,false,0
Q006692,false,0
Q006693,false,0
Q006694,false,0
Q006695,false,0
Q006696,false,0
Q006697,false,0
Q006698,false,0
Q006699,false,0
Q006700,false,0
Q006701,false,0
Q006702,false,0
Q006703,false,0
Q006704,false,0
Q006705,false,0
Q006706,false,0
Q006707,false,0
Q006708,false,0
Q006709,false,0
Q006710,false,0
Q006711,false,0
Q006712,false,0
Q006713,false,0
Q006714,false,0
Q006715,false,0
Q006716,false,0
Q006717,false,0
Q006718,false,0
Q006719,false,0
Q006720,false,0
Q006721,false,0
Q006722,false,0
Q006723,false,0
Q006724,false,0
Q006725,false,0
Q006726,false,0
Q006727,false,0
Q006728,false,0
Q006729,false,0
Q006730,false,0
Q006731,false,0
Q006732,false,0
Q006733,false,0
Q006734,false,0
Q006735,false,0
Q006736,false,0
Q006737,false,0
Q006738,false,0
Q006739,false,0
Q006740,false,0
Q006741,false,0
Q006742,false,0
Q006743,false,0
Q006744,false,0
Q006745,false,0
Q006746,false,0
Q006747,false,0
Q006748,false,0
Q006749,false,0
Q006750,false,0
Q006751,false,0
Q006752,false,0
Q006753,false,0
Q006754,false,0
Q006755,false,0
Q006756,false,0
Q006757,false,0
Q006758,false,0
Q006759,false,0
Q006760,false,0
Q006761,false,0
Q006762,false,0
Q006763,false,0
Q006764,false,0
Q006765,false,0
Q006766,false,0
Q006767,false,0
Q006768,false,0
Q006769,false,0
Q006770,false,0
Q006771,false,0
Q006772,false,0
Q006773,false,0
Q006774,false,0
Q006775,false,0
Q006776,false,0
Q006777,false,0
Q006778,false,0
Q006779,false,0
Q006780,false,0
Q006781,false,0
Q006782,false,0
Q006783,false,0
Q006784,false,0
Q006785,false,0
Q006786,false,0
Q006787,false,0
Q006788,false,0
Q006789,false,0
Q006790,false,0
Q006791,false,0
Q006792,false,0
Q006793,false,0
Q006794,false,0
Q006795,false,0
Q006796,false,0
Q006797,false,0
Q006798,false,0
Q006799,false,0
Q006800,false,0
Q006801,false,0
Q006802,false,0
Q006803,false,0
Q006804,false,0
Q006805,false,0
Q006806,false,0
Q006807,false,0
Q006808,false,0
Q006809,false,0
Q006810,false,0
Q006811,false,0
Q006812,false,0
Q006813,false,0
Q006814,false,0
Q006815,false,0
Q006816,false,0
Q006817,false,0
Q006818,false,0
Q006819,false,0
Q006820,false,0
Q006821,false,0
Q006822,false,0
Q006823,false,0
Q006824,false,0
Q006825,false,0
Q006826,false,0
Q006827,false,0
Q006828,false,0
Q006829,false,0
Q006830,false,0
Q006831,false,0
Q006832,false,0
Q006833,false,0
Q006834,false,0
Q006835,false,0
Q006836,false,0
Q006837,false,0
Q006838,false,0
Q006839,false,0
Q006840,false,0
Q006841,false,0
Q006842,false,0
Q006843,false,0
Q006844,false,0
Q006845,false,0
Q006846,false,0
Q006847,false,0
Q006848,false,0
Q006849,false,0
Q006850,false,0
Q006851,false,0
Q006852,false,0
Q006853,false,0
Q006854,false,0
Q006855,false,0
Q006856,false,0
Q006857,false,0
Q006858,false,0
Q006859,false,0
Q006860,false,0
Q006861,false,0
Q006862,false,0
Q006863,false,0
Q006864,false,0
Q006865,false,0
Q006866,false,0
Q006867,false,0
Q006868,false,0
Q006869,false,0
Q006870,false,0
Q006871,false,0
Q006872,false,0
Q006873,false,0
Q006874,false,0
Q006875,false,0
Q006876,false,0
Q006877,false,0
Q006878,false,0
Q006879,false,0
Q006880,false,0
Q006881,false,0
Q006882,false,0
Q006883,false,0
Q006884,false,0
Q006885,false,0
Q006886,false,0
Q006887,false,0
Q006888,false,0
Q006889,false,0
Q006890,false,0
Q006891,false,0
Q006892,false,0
Q006893,false,0
Q006894,false,0
Q006895,false,0
Q006896,false,0
Q006897,false,0
Q006898,false,0
Q006899,false,0
Q006900,false,0
Q006901,false,0
Q006902,false,0
Q006903,false,0
Q006904,false,0
Q006905,false,0
Q006906,false,0
Q006907,false,0
Q006908,false,0
Q006909,false,0
Q006910,false,0
Q006911,false,0
Q006912,false,0
Q006913,false,0
Q006914,false,0
Q006915,false,0
Q006916,false,0
Q006917,false,0
Q006918,false,0
Q006919,false,0
Q006920,false,0
Q006921,false,0
Q006922,false,0
Q006923,false,0
Q006924,false,0
Q006925,false,0
Q006926,false,0
Q006927,false,0
Q006928,false,0
Q006929,false,0
Q006930,false,0
Q006931,false,0
Q006932,false,0
Q006933,false,0
Q006934,false,0
Q006935,false,0
Q006936,false,0
Q006937,false,0
Q006938,false,0
Q006939,false,0
Q006940,false,0
Q006941,false,0
Q006942,false,0
Q006943,false,0
Q006944,false,0
Q006945,false,0
Q006946,false,0
Q006947,false,0
Q006948,false,0
Q006949,false,0
Q006950,false,0
Q006951,false,0
Q006952,false,0
Q006953,false,0
Q006954,false,0
Q006955,false,0
Q006956,false,0
Q006957,false,0
Q006958,false,0
Q006959,false,0
Q006960,false,0
Q006961,false,0
Q006962,false,0
Q006963,false,0
Q006964,false,0
Q006965,false,0
Q006966,false,0
Q006967,false,0
Q006968,false,0
Q006969,false,0
Q006970,false,0
Q006971,false,0
Q006972,false,0
Q006973,false,0
Q006974,false,0
Q006975,false,0
Q006976,false,0
Q006977,false,0
Q006978,false,0
Q006979,false,0
Q006980,false,0
Q006981,false,0
Q006982,false,0
Q006983,false,0
Q006984,false,0
Q006985,false,0
Q006986,false,0
Q006987,false,0
Q006988,false,0
Q006989,false,0
Q006990,false,0
Q006991,false,0
Q006992,false,0
Q006993,false,0
Q006994,false,0
Q006995,false,0
Q006996,false,0
Q006997,false,0
Q006998,false,0
Q006999,false,0
Q007000,false,0
Q007001,false,0
Q007002,false,0
Q007003,false,0
Q007004,false,0
Q007005,false,0
Q007006,false,0
Q007007,false,0
Q007008,false,0
Q007009,false,0
Q007010,false,0
Q007011,false,0
Q007012,false,0
Q007013,false,0
Q007014,false,0
Q007015,false,0
Q007016,false,0
Q007017,false,0
Q007018,false,0
Q007019,false,0
Q007020,false,0
Q007021,false,0
Q007022,false,0
Q007023,false,0
Q007024,false,0
Q007025,false,0
Q007026,false,0
Q007027,false,0
Q007028,false,0
Q007029,false,0
Q007030,false,0
Q007031,false,0
Q007032,false,0
Q007033,false,0
Q007034,false,0
Q007035,false,0
Q007036,false,0
Q007037,false,0
Q007038,false,0
Q007039,false,0
Q007040,false,0
Q007041,false,0
Q007042,false,0
Q007043,false,0
Q007044,false,0
Q007045,false,0
Q007046,false,0
Q007047,false,0
Q007048,false,0
Q007049,false,0
Q007050,false,0
Q007051,false,0
Q007052,false,0
Q007053,false,0
Q007054,false,0
Q007055,false,0
Q007056,false,0
Q007057,false,0
Q007058,false,0
Q007059,false,0
Q007060,false,0
Q007061,false,0
Q007062,false,0
Q007063,false,0
Q007064,false,0
Q007065,false,0
Q007066,false,0
Q007067,false,0
Q007068,false,0
Q007069,false,0
Q007070,false,0
Q007071,false,0
Q007072,false,0
Q007073,false,0
Q007074,false,0
Q007075,false,0
Q007076,false,0
Q007077,false,0
Q007078,false,0
Q007079,false,0
Q007080,false,0
Q007081,false,0
Q007082,false,0
Q007083,false,0
Q007084,false,0
Q007085,false,0
Q007086,false,0
Q007087,false,0
Q007088,false,0
Q007089,false,0
Q007090,false,0
Q007091,false,0
Q007092,false,0
Q007093,false,0
Q007094,false,0
Q007095,false,0
Q007096,false,0
Q007097,false,0
Q007098,false,0
Q007099,false,0
Q007100,false,0
Q007101,false,0
Q007102,false,0
Q007103,false,0
Q007104,false,0
Q007105,false,0
Q007106,false,0
Q007107,false,0
Q007108,false,0
Q007109,false,0
Q007110,false,0
Q007111,false,0
Q007112,false,0
Q007113,false,0
Q007114,false,0
Q007115,false,0
Q007116,false,0
Q007117,false,0
Q007118,false,0
Q007119,false,0
Q007120,false,0
Q007121,false,0
Q007122,false,0
Q007123,false,0
Q007124,false,0
Q007125,false,0
Q007126,false,0
Q007127,false,0
Q007128,false,0
Q007129,false,0
Q007130,false,0
Q007131,false,0
Q007132,false,0
Q007133,false,0
Q007134,false,0
Q007135,false,0
Q007136,false,0
Q007137,false,0
Q007138,false,0
Q007139,false,0
Q007140,false,0
Q007141,false,0
Q007142,false,0
Q007143,false,0
Q007144,false,0
Q007145,false,0
Q007146,false,0
Q007147,false,0
Q007148,false,0
Q007149,false,0
Q007150,false,0
Q007151,false,0
Q007152,false,0
Q007153,false,0
Q007154,false,0
Q007155,false,0
Q007156,false,0
Q007157,false,0
Q007158,false,0
Q007159,false,0
Q007160,false,0
Q007161,false,0
Q007162,false,0
Q007163,false,0
Q007164,false,0
Q007165,false,0
Q007166,false,0
Q007167,false,0
Q007168,false,0
Q007169,false,0
Q007170,false,0
Q007171,false,0
Q007172,false,0
Q007173,false,0
Q007174,false,0
Q007175,false,0
Q007176,false,0
Q007177,false,0
Q007178,false,0
Q007179,false,0
Q007180,false,0
Q007181,false,0
Q007182,false,0
Q007183,false,0
Q007184,false,0
Q007185,false,0
Q007186,false,0
Q007187,false,0
Q007188,false,0
Q007189,false,0
Q007190,false,0
Q007191,false,0
Q007192,false,0
Q007193,false,0
Q007194,false,0
Q007195,false,0
Q007196,false,0
Q007197,false,0
Q007198,false,0
Q007199,false,0
Q007200,false,0
Q007201,false,0
Q007202,false,0
Q007203,false,0
Q007204,false,0
Q007205,false,0
Q007206,false,0
Q007207,false,0
Q007208,false,0
Q007209,false,0
Q007210,false,0
Q007211,false,0
Q007212,false,0
Q007213,false,0
Q007214,false,0
Q007215,false,0
Q007216,false,0
Q007217,false,0
Q007218,false,0
Q007219,false,0
Q007220,false,0
Q007221,false,0
Q007222,false,0
Q007223,false,0
Q007224,false,0
Q007225,false,0
Q007226,false,0
Q007227,false,0
Q007228,false,0
Q007229,false,0
Q007230,false,0
Q007231,false,0
Q007232,false,0
Q007233,false,0
Q007234,false,0
Q007235,false,0
Q007236,false,0
Q007237,false,0
Q007238,false,0
Q007239,false,0
Q007240,false,0
Q007241,false,0
Q007242,false,0
Q007243,false,0
Q007244,false,0
Q007245,false,0
Q007246,false,0
Q007247,false,0
Q007248,false,0
Q007249,false,0
Q007250,false,0
Q007251,false,0
Q007252,false,0
Q007253,false,0
Q007254,false,0
Q007255,false,0
Q007256,false,0
Q007257,false,0
Q007258,false,0
Q007259,false,0
Q007260,false,0
Q007261,false,0
Q007262,false,0
Q007263,false,0
Q007264,false,0
Q007265,false,0
Q007266,false,0
Q007267,false,0
Q007268,false,0
Q007269,false,0
Q007270,false,0
Q007271,false,0
Q007272,false,0
Q007273,false,0
Q007274,false,0
Q007275,false,0
Q007276,false,0
Q007277,false,0
Q007278,false,0
Q007279,false,0
Q007280,false,0
Q007281,false,0
Q007282,false,0
Q007283,false,0
Q007284,false,0
Q007285,false,0
Q007286,false,0
Q007287,false,0
Q007288,false,0
Q007289,false,0
Q007290,false,0
Q007291,false,0
Q007292,false,0
Q007293,false,0
Q007294,false,0
Q007295,false,0
Q007296,false,0
Q007297,false,0
Q007298,false,0
Q007299,false,0
Q007300,false,0
Q007301,false,0
Q007302,false,0
Q007303,false,0
Q007304,false,0
Q007305,false,0
Q007306,false,0
Q007307,false,0
Q007308,false,0
Q007309,false,0
Q007310,false,0
Q007311,false,0
Q007312,false,0
Q007313,false,0
Q007314,false,0
Q007315,false,0
Q007316,false,0
Q007317,false,0
Q007318,false,0
Q007319,false,0
Q007320,false,0
Q007321,false,0
Q007322,false,0
Q007323,false,0
Q007324,false,0
Q007325,false,0
Q007326,false,0
Q007327,false,0
Q007328,false,0
Q007329,false,0
Q007330,false,0
Q007331,false,0
Q007332,false,0
Q007333,false,0
Q007334,false,0
Q007335,false,0
Q007336,false,0
Q007337,false,0
Q007338,false,0
Q007339,false,0
Q007340,false,0
Q007341,false,0
Q007342,false,0
Q007343,false,0
Q007344,false,0
Q007345,false,0
Q007346,false,0
Q007347,false,0
Q007348,false,0
Q007349,false,0
Q007350,false,0
Q007351,false,0
Q007352,false,0
Q007353,false,0
Q007354,false,0
Q007355,false,0
Q007356,false,0
Q007357,false,0
Q007358,false,0
Q007359,false,0
Q007360,false,0
Q007361,false,0
Q007362,false,0
Q007363,false,0
Q007364,false,0
Q007365,false,0
Q007366,false,0
Q007367,false,0
Q007368,false,0
Q007369,false,0
Q007370,false,0
Q007371,false,0
Q007372,false,0
Q007373,false,0
Q007374,false,0
Q007375,false,0
Q007376,false,0
Q007377,false,0
Q007378,false,0
Q007379,false,0
Q007380,false,0
Q007381,false,0
Q007382,false,0
Q007383,false,0
Q007384,false,0
Q007385,false,0
Q007386,false,0
Q007387,false,0
Q007388,false,0
Q007389,false,0
Q007390,false,0
Q007391,false,0
Q007392,false,0
Q007393,false,0
Q007394,false,0
Q007395,false,0
Q007396,false,0
Q007397,false,0
Q007398,false,0
Q007399,false,0
Q007400,false,0
Q007401,false,0
Q007402,false,0
Q007403,false,0
Q007404,false,0
Q007405,false,0
Q007406,false,0
Q007407,false,0
Q007408,false,0
Q007409,false,0
Q007410,false,0
Q007411,false,0
Q007412,false,0
Q007413,false,0
Q007414,false,0
Q007415,false,0
Q007416,false,0
Q007417,false,0
Q007418,false,0
Q007419,false,0
Q007420,false,0
Q007421,false,0
Q007422,false,0
Q007423,false,0
Q007424,false,0
Q007425,false,0
Q007426,false,0
Q007427,false,0
Q007428,false,0
Q007429,false,0
Q007430,false,0
Q007431,false,0
Q007432,false,0
Q007433,false,0
Q007434,false,0
Q007435,false,0
Q007436,false,0
Q007437,false,0
Q007438,false,0
Q007439,false,0
Q007440,false,0
Q007441,false,0
Q007442,false,0
Q007443,false,0
Q007444,false,0
Q007445,false,0
Q007446,false,0
Q007447,false,0
Q007448,false,0
Q007449,false,0
Q007450,false,0
Q007451,false,0
Q007452,false,0
Q007453,false,0
Q007454,false,0
Q007455,false,0
Q007456,false,0
Q007457,false,0
Q007458,false,0
Q007459,false,0
Q007460,false,0
Q007461,false,0
Q007462,false,0
Q007463,false,0
Q007464,false,0
Q007465,false,0
Q007466,false,0
Q007467,false,0
Q007468,false,0
Q007469,false,0
Q007470,false,0
Q007471,false,0
Q007472,false,0
Q007473,false,0
Q007474,false,0
Q007475,false,0
Q007476,false,0
Q007477,false,0
Q007478,false,0
Q007479,false,0
Q007480,false,0
Q007481,false,0
Q007482,false,0
Q007483,false,0
Q007484,false,0
Q007485,false,0
Q007486,false,0
Q007487,false,0
Q007488,false,0
Q007489,false,0
Q007490,false,0
Q007491,false,0
Q007492,false,0
Q007493,false,0
Q007494,false,0
Q007495,false,0
Q007496,false,0
Q007497,false,0
Q007498,false,0
Q007499,false,0
Q007500,false,0
Q007501,false,0
Q007502,false,0
Q007503,false,0
Q007504,false,0
Q007505,false,0
Q007506,false,0
Q007507,false,0
Q007508,false,0
Q007509,false,0
Q007510,false,0
Q007511,false,0
Q007512,false,0
Q007513,false,0
Q007514,false,0
Q007515,false,0
Q007516,false,0
Q007517,false,0
Q007518,false,0
Q007519,false,0
Q007520,false,0
Q007521,false,0
Q007522,false,0
Q007523,false,0
Q007524,false,0
Q007525,false,0
Q007526,false,0
Q007527,false,0
Q007528,false,0
Q007529,false,0
Q007530,false,0
Q007531,false,0
Q007532,false,0
Q007533,false,0
Q007534,false,0
Q007535,false,0
Q007536,false,0
Q007537,false,0
Q007538,false,0
Q007539,false,0
Q007540,false,0
Q007541,false,0
Q007542,false,0
Q007543,false,0
Q007544,false,0
Q007545,false,0
Q007546,false,0
Q007547,false,0
Q007548,false,0
Q007549,false,0
Q007550,false,0
Q007551,false,0
Q007552,false,0
Q007553,false,0
Q007554,false,0
Q007555,false,0
Q007556,false,0
Q007557,false,0
Q007558,false,0
Q007559,false,0
Q007560,false,0
Q007561,false,0
Q007562,false,0
Q007563,false,0
Q007564,false,0
Q007565,false,0
Q007566,false,0
Q007567,false,0
Q007568,false,0
Q007569,false,0
Q007570,false,0
Q007571,false,0
Q007572,false,0
Q007573,false,0
Q007574,false,0
Q007575,false,0
Q007576,false,0
Q007577,false,0
Q007578,false,0
Q007579,false,0
Q007580,false,0
Q007581,false,0
Q007582,false,0
Q007583,false,0
Q007584,false,0
Q007585,false,0
Q007586,false,0
Q007587,false,0
Q007588,false,0
Q007589,false,0
Q007590,false,0
Q007591,false,0
Q007592,false,0
Q007593,false,0
Q007594,false,0
Q007595,false,0
Q007596,false,0
Q007597,false,0
Q007598,false,0
Q007599,false,0
Q007600,false,0
Q007601,false,0
Q007602,false,0
Q007603,false,0
Q007604,false,0
Q007605,false,0
Q007606,false,0
Q007607,false,0
Q007608,false,0
Q007609,false,0
Q007610,false,0
Q007611,false,0
Q007612,false,0
Q007613,false,0
Q007614,false,0
Q007615,false,0
Q007616,false,0
Q007617,false,0
Q007618,false,0
Q007619,false,0
Q007620,false,0
Q007621,false,0
Q007622,false,0
Q007623,false,0
Q007624,false,0
Q007625,false,0
Q007626,false,0
Q007627,false,0
Q007628,false,0
Q007629,false,0
Q007630,false,0
Q007631,false,0
Q007632,false,0
Q007633,false,0
Q007634,false,0
Q007635,false,0
Q007636,false,0
Q007637,false,0
Q007638,false,0
Q007639,false,0
Q007640,false,0
Q007641,false,0
Q007642,false,0
Q007643,false,0
Q007644,false,0
Q007645,false,0
Q007646,false,0
Q007647,false,0
Q007648,false,0
Q007649,false,0
Q007650,false,0
Q007651,false,0
Q007652,false,0
Q007653,false,0
Q007654,false,0
Q007655,false,0
Q007656,false,0
Q007657,false,0
Q007658,false,0
Q007659,false,0
Q007660,false,0
Q007661,false,0
Q007662,false,0
Q007663,false,0
Q007664,false,0
Q007665,false,0
Q007666,false,0
Q007667,false,0
Q007668,false,0
Q007669,false,0
Q007670,false,0
Q007671,false,0
Q007672,false,0
Q007673,false,0
Q007674,false,0
Q007675,false,0
Q007676,false,0
Q007677,false,0
Q007678,false,0
Q007679,false,0
Q007680,false,0
Q007681,false,0
Q007682,false,0
Q007683,false,0
Q007684,false,0
Q007685,false,0
Q007686,false,0
Q007687,false,0
Q007688,false,0
Q007689,false,0
Q007690,false,0
Q007691,false,0
Q007692,false,0
Q007693,false,0
Q007694,false,0
Q007695,false,0
Q007696,false,0
Q007697,false,0
Q007698,false,0
Q007699,false,0
Q007700,false,0
Q007701,false,0
Q007702,false,0
Q007703,false,0
Q007704,false,0
Q007705,false,0
Q007706,false,0
Q007707,false,0
Q007708,false,0
Q007709,false,0
Q007710,false,0
Q007711,false,0
Q007712,false,0
Q007713,false,0
Q007714,false,0
Q007715,false,0
Q007716,false,0
Q007717,false,0
Q007718,false,0
Q007719,false,0
Q007720,false,0
Q007721,false,0
Q007722,false,0
Q007723,false,0
Q007724,false,0
Q007725,false,0
Q007726,false,0
Q007727,false,0
Q007728,false,0
Q007729,false,0
Q007730,false,0
Q007731,false,0
Q007732,false,0
Q007733,false,0
Q007734,false,0
Q007735,false,0
Q007736,false,0
Q007737,false,0
Q007738,false,0
Q007739,false,0
Q007740,false,0
Q007741,false,0
Q007742,false,0
Q007743,false,0
Q007744,false,0
Q007745,false,0
Q007746,false,0
Q007747,false,0
Q007748,false,0
Q007749,false,0
Q007750,false,0
Q007751,false,0
Q007752,false,0
Q007753,false,0
Q007754,false,0
Q007755,false,0
Q007756,false,0
Q007757,false,0
Q007758,false,0
Q007759,false,0
Q007760,false,0
Q007761,false,0
Q007762,false,0
Q007763,false,0
Q007764,false,0
Q007765,false,0
Q007766,false,0
Q007767,false,0
Q007768,false,0
Q007769,false,0
Q007770,false,0
Q007771,false,0
Q007772,false,0
Q007773,false,0
Q007774,false,0
Q007775,false,0
Q007776,false,0
Q007777,false,0
Q007778,false,0
Q007779,false,0
Q007780,false,0
Q007781,false,0
Q007782,false,0
Q007783,false,0
Q007784,false,0
Q007785,false,0
Q007786,false,0
Q007787,false,0
Q007788,false,0
Q007789,false,0
Q007790,false,0
Q007791,false,0
Q007792,false,0
Q007793,false,0
Q007794,false,0
Q007795,false,0
Q007796,false,0
Q007797,false,0
Q007798,false,0
Q007799,false,0
Q007800,false,0
Q007801,false,0
Q007802,false,0
Q007803,false,0
Q007804,false,0
Q007805,false,0
Q007806,false,0
Q007807,false,0
Q007808,false,0
Q007809,false,0
Q007810,false,0
Q007811,false,0
Q007812,false,0
Q007813,false,0
Q007814,false,0
Q007815,false,0
Q007816,false,0
Q007817,false,0
Q007818,false,0
Q007819,false,0
Q007820,false,0
Q007821,false,0
Q007822,false,0
Q007823,false,0
Q007824,false,0
Q007825,false,0
Q007826,false,0
Q007827,false,0
Q007828,false,0
Q007829,false,0
Q007830,false,0
Q007831,false,0
Q007832,false,0
Q007833,false,0
Q007834,false,0
Q007835,false,0
Q007836,false,0
Q007837,false,0
Q007838,false,0
Q007839,false,0
Q007840,false,0
Q007841,false,0
Q007842,false,0
Q007843,false,0
Q007844,false,0
Q007845,false,0
Q007846,false,0
Q007847,false,0
Q007848,false,0
Q007849,false,0
Q007850,false,0
Q007851,false,0
Q007852,false,0
Q007853,false,0
Q007854,false,0
Q007855,false,0
Q007856,false,0
Q007857,false,0
Q007858,false,0
Q007859,false,0
Q007860,false,0
Q007861,false,0
Q007862,false,0
Q007863,false,0
Q007864,false,0
Q007865,false,0
Q007866,false,0
Q007867,false,0
Q007868,false,0
Q007869,false,0
Q007870,false,0
Q007871,false,0
Q007872,false,0
Q007873,false,0
Q007874,false,0
Q007875,false,0
Q007876,false,0
Q007877,false,0
Q007878,false,0
Q007879,false,0
Q007880,false,0
Q007881,false,0
Q007882,false,0
Q007883,false,0
Q007884,false,0
Q007885,false,0
Q007886,false,0
Q007887,false,0
Q007888,false,0
Q007889,false,0
Q007890,false,0
Q007891,false,0
Q007892,false,0
Q007893,false,0
Q007894,false,0
Q007895,false,0
Q007896,false,0
Q007897,false,0
Q007898,false,0
Q007899,false,0
Q007900,false,0
Q007901,false,0
Q007902,false,0
Q007903,false,0
Q007904,false,0
Q007905,false,0
Q007906,false,0
Q007907,false,0
Q007908,false,0
Q007909,false,0
Q007910,false,0
Q007911,false,0
Q007912,false,0
Q007913,false,0
Q007914,false,0
Q007915,false,0
Q007916,false,0
Q007917,false,0
Q007918,false,0
Q007919,false,0
Q007920,false,0
Q007921,false,0
Q007922,false,0
Q007923,false,0
Q007924,false,0
Q007925,false,0
Q007926,false,0
Q007927,false,0
Q007928,false,0
Q007929,false,0
Q007930,false,0
Q007931,false,0
Q007932,false,0
Q007933,false,0
Q007934,false,0
Q007935,false,0
Q007936,false,0
Q007937,false,0
Q007938,false,0
Q007939,false,0
Q007940,false,0
Q007941,false,0
Q007942,false,0
Q007943,false,0
Q007944,false,0
Q007945,false,0
Q007946,false,0
Q007947,false,0
Q007948,false,0
Q007949,false,0
Q007950,false,0
Q007951,false,0
Q007952,false,0
Q007953,false,0
Q007954,false,0
Q007955,false,0
Q007956,false,0
Q007957,false,0
Q007958,false,0
Q007959,false,0
Q007960,false,0
Q007961,false,0
Q007962,false,0
Q007963,false,0
Q007964,false,0
Q007965,false,0
Q007966,false,0
Q007967,false,0
Q007968,false,0
Q007969,false,0
Q007970,false,0
Q007971,false,0
Q007972,false,0
Q007973,false,0
Q007974,false,0
Q007975,false,0
Q007976,false,0
Q007977,false,0
Q007978,false,0
Q007979,false,0
Q007980,false,0
Q007981,false,0
Q007982,false,0
Q007983,false,0
Q007984,false,0
Q007985,false,0
Q007986,false,0
Q007987,false,0
Q007988,false,0
Q007989,false,0
Q007990,false,0
Q007991,false,0
Q007992,false,0
Q007993,false,0
Q007994,false,0
Q007995,false,0
Q007996,false,0
Q007997,false,0
Q007998,false,0
Q007999,false,0
Q008000,false,0
Q008001,false,0
Q008002,false,0
Q008003,false,0
Q008004,false,0
Q008005,false,0
Q008006,false,0
Q008007,false,0
Q008008,false,0
Q008009,false,0
Q008010,false,0
Q008011,false,0
Q008012,false,0
Q008013,false,0
Q008014,false,0
Q008015,false,0
Q008016,false,0
Q008017,false,0
Q008018,false,0
Q008019,false,0
Q008020,false,0
Q008021,false,0
Q008022,false,0
Q008023,false,0
Q008024,false,0
Q008025,false,0
Q008026,false,0
Q008027,false,0
Q008028,false,0
Q008029,false,0
Q008030,false,0
Q008031,false,0
Q008032,false,0
Q008033,false,0
Q008034,false,0
Q008035,false,0
Q008036,false,0
Q008037,false,0
Q008038,false,0
Q008039,false,0
Q008040,false,0
Q008041,false,0
Q008042,false,0
Q008043,false,0
Q008044,false,0
Q008045,false,0
Q008046,false,0
Q008047,false,0
Q008048,false,0
Q008049,false,0
Q008050,false,0
Q008051,false,0
Q008052,false,0
Q008053,false,0
Q008054,false,0
Q008055,false,0
Q008056,false,0
Q008057,false,0
Q008058,false,0
Q008059,false,0
Q008060,false,0
Q008061,false,0
Q008062,false,0
Q008063,false,0
Q008064,false,0
Q008065,false,0
Q008066,false,0
Q008067,false,0
Q008068,false,0
Q008069,false,0
Q008070,false,0
Q008071,false,0
Q008072,false,0
Q008073,false,0
Q008074,false,0
Q008075,false,0
Q008076,false,0
Q008077,false,0
Q008078,false,0
Q008079,false,0
Q008080,false,0
Q008081,false,0
Q008082,false,0
Q008083,false,0
Q008084,false,0
Q008085,false,0
Q008086,false,0
Q008087,false,0
Q008088,false,0
Q008089,false,0
Q008090,false,0
Q008091,false,0
Q008092,false,0
Q008093,false,0
Q008094,false,0
Q008095,false,0
Q008096,false,0
Q008097,false,0
Q008098,false,0
Q008099,false,0
Q008100,false,0
Q008101,false,0
Q008102,false,0
Q008103,false,0
Q008104,false,0
Q008105,false,0
Q008106,false,0
Q008107,false,0
Q008108,false,0
Q008109,false,0
Q008110,false,0
Q008111,false,0
Q008112,false,0
Q008113,false,0
Q008114,false,0
Q008115,false,0
Q008116,false,0
Q008117,false,0
Q008118,false,0
Q008119,false,0
Q008120,false,0
Q008121,false,0
Q008122,false,0
Q008123,false,0
Q008124,false,0
Q008125,false,0
Q008126,false,0
Q008127,false,0
Q008128,false,0
Q008129,false,0
Q008130,false,0
Q008131,false,0
Q008132,false,0
Q008133,false,0
Q008134,false,0
Q008135,false,0
Q008136,false,0
Q008137,false,0
Q008138,false,0
Q008139,false,0
Q008140,false,0
Q008141,false,0
Q008142,false,0
Q008143,false,0
Q008144,false,0
Q008145,false,0
Q008146,false,0
Q008147,false,0
Q008148,false,0
Q008149,false,0
Q008150,false,0
Q008151,false,0
Q008152,false,0
Q008153,false,0
Q008154,false,0
Q008155,false,0
Q008156,false,0
Q008157,false,0
Q008158,false,0
Q008159,false,0
Q008160,false,0
Q008161,false,0
Q008162,false,0
Q008163,false,0
Q008164,false,0
Q008165,false,0
Q008166,false,0
Q008167,false,0
Q008168,false,0
Q008169,false,0
Q008170,false,0
Q008171,false,0
Q008172,false,0
Q008173,false,0
Q008174,false,0
Q008175,false,0
Q008176,false,0
Q008177,false,0
Q008178,false,0
Q008179,false,0
Q008180,false,0
Q008181,false,0
Q008182,false,0
Q008183,false,0
Q008184,false,0
Q008185,false,0
Q008186,false,0
Q008187,false,0
Q008188,false,0
Q008189,false,0
Q008190,false,0
Q008191,false,0
Q008192,false,0
Q008193,false,0
Q008194,false,0
Q008195,false,0
Q008196,false,0
Q008197,false,0
Q008198,false,0
Q008199,false,0
Q008200,false,0
Q008201,false,0
Q008202,false,0
Q008203,false,0
Q008204,false,0
Q008205,false,0
Q008206,false,0
Q008207,false,0
Q008208,false,0
Q008209,false,0
Q008210,false,0
Q008211,false,0
Q008212,false,0
Q008213,false,0
Q008214,false,0
Q008215,false,0
Q008216,false,0
Q008217,false,0
Q008218,false,0
Q008219,false,0
Q008220,false,0
Q008221,false,0
Q008222,false,0
Q008223,false,0
Q008224,false,0
Q008225,false,0
Q008226,false,0
Q008227,false,0
Q008228,false,0
Q008229,false,0
Q008230,false,0
Q008231,false,0
Q008232,false,0
Q008233,false,0
Q008234,false,0
Q008235,false,0
Q008236,false,0
Q008237,false,0
Q008238,false,0
Q008239,false,0
Q008240,false,0
Q008241,false,0
Q008242,false,0
Q008243,false,0
Q008244,false,0
Q008245,false,0
Q008246,false,0
Q008247,false,0
Q008248,false,0
Q008249,false,0
Q008250,false,0
Q008251,false,0
Q008252,false,0
Q008253,false,0
Q008254,false,0
Q008255,false,0
Q008256,false,0
Q008257,false,0
Q008258,false,0
Q008259,false,0
Q008260,false,0
Q008261,false,0
Q008262,false,0
Q008263,false,0
Q008264,false,0
Q008265,false,0
Q008266,false,0
Q008267,false,0
Q008268,false,0
Q008269,false,0
Q008270,false,0
Q008271,false,0
Q008272,false,0
Q008273,false,0
Q008274,false,0
Q008275,false,0
Q008276,false,0
Q008277,false,0
Q008278,false,0
Q008279,false,0
Q008280,false,0
Q008281,false,0
Q008282,false,0
Q008283,false,0
Q008284,false,0
Q008285,false,0
Q008286,false,0
Q008287,false,0
Q008288,false,0
Q008289,false,0
Q008290,false,0
Q008291,false,0
Q008292,false,0
Q008293,false,0
Q008294,false,0
Q008295,false,0
Q008296,false,0
Q008297,false,0
Q008298,false,0
Q008299,false,0
Q008300,false,0
Q008301,false,0
Q008302,false,0
Q008303,false,0
Q008304,false,0
Q008305,false,0
Q008306,false,0
Q008307,false,0
Q008308,false,0
Q008309,false,0
Q008310,false,0
Q008311,false,0
Q008312,false,0
Q008313,false,0
Q008314,false,0
Q008315,false,0
Q008316,false,0
Q008317,false,0
Q008318,false,0
Q008319,false,0
Q008320,false,0
Q008321,false,0
Q008322,false,0
Q008323,false,0
Q008324,false,0
Q008325,false,0
Q008326,false,0
Q008327,false,0
Q008328,false,0
Q008329,false,0
Q008330,false,0
Q008331,false,0
Q008332,false,0
Q008333,false,0
Q008334,false,0
Q008335,false,0
Q008336,false,0
Q008337,false,0
Q008338,false,0
Q008339,false,0
Q008340,false,0
Q008341,false,0
Q008342,false,0
Q008343,false,0
Q008344,false,0
Q008345,false,0
Q008346,false,0
Q008347,false,0
Q008348,false,0
Q008349,false,0
Q008350,false,0
Q008351,false,0
Q008352,false,0
Q008353,false,0
Q008354,false,0
Q008355,false,0
Q008356,false,0
Q008357,false,0
Q008358,false,0
Q008359,false,0
Q008360,false,0
Q008361,false,0
Q008362,false,0
Q008363,false,0
Q008364,false,0
Q008365,false,0
Q008366,false,0
Q008367,false,0
Q008368,false,0
Q008369,false,0
Q008370,false,0
Q008371,false,0
Q008372,false,0
Q008373,false,0
Q008374,false,0
Q008375,false,0
Q008376,false,0
Q008377,false,0
Q008378,false,0
Q008379,false,0
Q008380,false,0
Q008381,false,0
Q008382,false,0
Q008383,false,0
Q008384,false,0
Q008385,false,0
Q008386,false,0
Q008387,false,0
Q008388,false,0
Q008389,false,0
Q008390,false,0
Q008391,false,0
Q008392,false,0
Q008393,false,0
Q008394,false,0
Q008395,false,0
Q008396,false,0
Q008397,false,0
Q008398,false,0
Q008399,false,0
Q008400,false,0
Q008401,false,0
Q008402,false,0
Q008403,false,0
Q008404,false,0
Q008405,false,0
Q008406,false,0
Q008407,false,0
Q008408,false,0
Q008409,false,0
Q008410,false,0
Q008411,false,0
Q008412,false,0
Q008413,false,0
Q008414,false,0
Q008415,false,0
Q008416,false,0
Q008417,false,0
Q008418,false,0
Q008419,false,0
Q008420,false,0
Q008421,false,0
Q008422,false,0
Q008423,false,0
Q008424,false,0
Q008425,false,0
Q008426,false,0
Q008427,false,0
Q008428,false,0
Q008429,false,0
Q008430,false,0
Q008431,false,0
Q008432,false,0
Q008433,false,0
Q008434,false,0
Q008435,false,0
Q008436,false,0
Q008437,false,0
Q008438,false,0
Q008439,false,0
Q008440,false,0
Q008441,false,0
Q008442,false,0
Q008443,false,0
Q008444,false,0
Q008445,false,0
Q008446,false,0
Q008447,false,0
Q008448,false,0
Q008449,false,0
Q008450,false,0
Q008451,false,0
Q008452,false,0
Q008453,false,0
Q008454,false,0
Q008455,false,0
Q008456,false,0
Q008457,false,0
Q008458,false,0
Q008459,false,0
Q008460,false,0
Q008461,false,0
Q008462,false,0
Q008463,false,0
Q008464,false,0
Q008465,false,0
Q008466,false,0
Q008467,false,0
Q008468,false,0
Q008469,false,0
Q008470,false,0
Q008471,false,0
Q008472,false,0
Q008473,false,0
Q008474,false,0
Q008475,false,0
Q008476,false,0
Q008477,false,0
Q008478,false,0
Q008479,false,0
Q008480,false,0
Q008481,false,0
Q008482,false,0
Q008483,false,0
Q008484,false,0
Q008485,false,0
Q008486,false,0
Q008487,false,0
Q008488,false,0
Q008489,false,0
Q008490,false,0
Q008491,false,0
Q008492,false,0
Q008493,false,0
Q008494,false,0
Q008495,false,0
Q008496,false,0
Q008497,false,0
Q008498,false,0
Q008499,false,0
Q008500,false,0
Q008501,false,0
Q008502,false,0
Q008503,false,0
Q008504,false,0
Q008505,false,0
Q008506,false,0
Q008507,false,0
Q008508,false,0
Q008509,false,0
Q008510,false,0
Q008511,false,0
Q008512,false,0
Q008513,false,0
Q008514,false,0
Q008515,false,0
Q008516,false,0
Q008517,false,0
Q008518,false,0
Q008519,false,0
Q008520,false,0
Q008521,false,0
Q008522,false,0
Q008523,false,0
Q008524,false,0
Q008525,false,0
Q008526,false,0
Q008527,false,0
Q008528,false,0
Q008529,false,0
Q008530,false,0
Q008531,false,0
Q008532,false,0
Q008533,false,0
Q008534,false,0
Q008535,false,0
Q008536,false,0
Q008537,false,0
Q008538,false,0
Q008539,false,0
Q008540,false,0
Q008541,false,0
Q008542,false,0
Q008543,false,0
Q008544,false,0
Q008545,false,0
Q008546,false,0
Q008547,false,0
Q008548,false,0
Q008549,false,0
Q008550,false,0
Q008551,false,0
Q008552,false,0
Q008553,false,0
Q008554,false,0
Q008555,false,0
Q008556,false,0
Q008557,false,0
Q008558,false,0
Q008559,false,0
Q008560,false,0
Q008561,false,0
Q008562,false,0
Q008563,false,0
Q008564,false,0
Q008565,false,0
Q008566,false,0
Q008567,false,0
Q008568,false,0
Q008569,false,0
Q008570,false,0
Q008571,false,0
Q008572,false,0
Q008573,false,0
Q008574,false,0
Q008575,false,0
Q008576,false,0
Q008577,false,0
Q008578,false,0
Q008579,false,0
Q008580,false,0
Q008581,false,0
Q008582,false,0
Q008583,false,0
Q008584,false,0
Q008585,false,0
Q008586,false,0
Q008587,false,0
Q008588,false,0
Q008589,false,0
Q008590,false,0
Q008591,false,0
Q008592,false,0
Q008593,false,0
Q008594,false,0
Q008595,false,0
Q008596,false,0
Q008597,false,0
Q008598,false,0
Q008599,false,0
Q008600,false,0
Q008601,false,0
Q008602,false,0
Q008603,false,0
Q008604,false,0
Q008605,false,0
Q008606,false,0
Q008607,false,0
Q008608,false,0
Q008609,false,0
Q008610,false,0
Q008611,false,0
Q008612,false,0
Q008613,false,0
Q008614,false,0
Q008615,false,0
Q008616,false,0
Q008617,false,0
Q008618,false,0
Q008619,false,0
Q008620,false,0
Q008621,false,0
Q008622,false,0
Q008623,false,0
Q008624,false,0
Q008625,false,0
Q008626,false,0
Q008627,false,0
Q008628,false,0
Q008629,false,0
Q008630,false,0
Q008631,false,0
Q008632,false,0
Q008633,false,0
Q008634,false,0
Q008635,false,0
Q008636,false,0
Q008637,false,0
Q008638,false,0
Q008639,false,0
Q008640,false,0
Q008641,false,0
Q008642,false,0
Q008643,false,0
Q008644,false,0
Q008645,false,0
Q008646,false,0
Q008647,false,0
Q008648,false,0
Q008649,false,0
Q008650,false,0
Q008651,false,0
Q008652,false,0
Q008653,false,0
Q008654,false,0
Q008655,false,0
Q008656,false,0
Q008657,false,0
Q008658,false,0
Q008659,false,0
Q008660,false,0
Q008661,false,0
Q008662,false,0
Q008663,false,0
Q008664,false,0
Q008665,false,0
Q008666,false,0
Q008667,false,0
Q008668,false,0
Q008669,false,0
Q008670,false,0
Q008671,false,0
Q008672,false,0
Q008673,false,0
Q008674,false,0
Q008675,false,0
Q008676,false,0
Q008677,false,0
Q008678,false,0
Q008679,false,0
Q008680,false,0
Q008681,false,0
Q008682,false,0
Q008683,false,0
Q008684,false,0
Q008685,false,0
Q008686,false,0
Q008687,false,0
Q008688,false,0
Q008689,false,0
Q008690,false,0
Q008691,false,0
Q008692,false,0
Q008693,false,0
Q008694,false,0
Q008695,false,0
Q008696,false,0
Q008697,false,0
Q008698,false,0
Q008699,false,0
Q008700,false,0
Q008701,false,0
Q008702,false,0
Q008703,false,0
Q008704,false,0
Q008705,false,0
Q008706,false,0
Q008707,false,0
Q008708,false,0
Q008709,false,0
Q008710,false,0
Q008711,false,0
Q008712,false,0
Q008713,false,0
Q008714,false,0
Q008715,false,0
Q008716,false,0
Q008717,false,0
Q008718,false,0
Q008719,false,0
Q008720,false,0
Q008721,false,0
Q008722,false,0
Q008723,false,0
Q008724,false,0
Q008725,false,0
Q008726,false,0
Q008727,false,0
Q008728,false,0
Q008729,false,0
Q008730,false,0
Q008731,false,0
Q008732,false,0
Q008733,false,0
Q008734,false,0
Q008735,false,0
Q008736,false,0
Q008737,false,0
Q008738,false,0
Q008739,false,0
Q008740,false,0
Q008741,false,0
Q008742,false,0
Q008743,false,0
Q008744,false,0
Q008745,false,0
Q008746,false,0
Q008747,false,0
Q008748,false,0
Q008749,false,0
Q008750,false,0
Q008751,false,0
Q008752,false,0
Q008753,false,0
Q008754,false,0
Q008755,false,0
Q008756,false,0
Q008757,false,0
Q008758,false,0
Q008759,false,0
Q008760,false,0
Q008761,false,0
Q008762,false,0
Q008763,false,0
Q008764,false,0
Q008765,false,0
Q008766,false,0
Q008767,false,0
Q008768,false,0
Q008769,false,0
Q008770,false,0
Q008771,false,0
Q008772,false,0
Q008773,false,0
Q008774,false,0
Q008775,false,0
Q008776,false,0
Q008777,false,0
Q008778,false,0
Q008779,false,0
Q008780,false,0
Q008781,false,0
Q008782,false,0
Q008783,false,0
Q008784,false,0
Q008785,false,0
Q008786,false,0
Q008787,false,0
Q008788,false,0
Q008789,false,0
Q008790,false,0
Q008791,false,0
Q008792,false,0
Q008793,false,0
Q008794,false,0
Q008795,false,0
Q008796,false,0
Q008797,false,0
Q008798,false,0
Q008799,false,0
Q008800,false,0
Q008801,false,0
Q008802,false,0
Q008803,false,0
Q008804,false,0
Q008805,false,0
Q008806,false,0
Q008807,false,0
Q008808,false,0
Q008809,false,0
Q008810,false,0
Q008811,false,0
Q008812,false,0
Q008813,false,0
Q008814,false,0
Q008815,false,0
Q008816,false,0
Q008817,false,0
Q008818,false,0
Q008819,false,0
Q008820,false,0
Q008821,false,0
Q008822,false,0
Q008823,false,0
Q008824,false,0
Q008825,false,0
Q008826,false,0
Q008827,false,0
Q008828,false,0
Q008829,false,0
Q008830,false,0
Q008831,false,0
Q008832,false,0
Q008833,false,0
Q008834,false,0
Q008835,false,0
Q008836,false,0
Q008837,false,0
Q008838,false,0
Q008839,false,0
Q008840,false,0
Q008841,false,0
Q008842,false,0
Q008843,false,0
Q008844,false,0
Q008845,false,0
Q008846,false,0
Q008847,false,0
Q008848,false,0
Q008849,false,0
Q008850,false,0
Q008851,false,0
Q008852,false,0
Q008853,false,0
Q008854,false,0
Q008855,false,0
Q008856,false,0
Q008857,false,0
Q008858,false,0
Q008859,false,0
Q008860,false,0
Q008861,false,0
Q008862,false,0
Q008863,false,0
Q008864,false,0
Q008865,false,0
Q008866,false,0
Q008867,false,0
Q008868,false,0
Q008869,false,0
Q008870,false,0
Q008871,false,0
Q008872,false,0
Q008873,false,0
Q008874,false,0
Q008875,false,0
Q008876,false,0
Q008877,false,0
Q008878,false,0
Q008879,false,0
Q008880,false,0
Q008881,false,0
Q008882,false,0
Q008883,false,0
Q008884,false,0
Q008885,false,0
Q008886,false,0
Q008887,false,0
Q008888,false,0
Q008889,false,0
Q008890,false,0
Q008891,false,0
Q008892,false,0
Q008893,false,0
Q008894,false,0
Q008895,false,0
Q008896,false,0
Q008897,false,0
Q008898,false,0
Q008899,false,0
Q008900,false,0
Q008901,false,0
Q008902,false,0
Q008903,false,0
Q008904,false,0
Q008905,false,0
Q008906,false,0
Q008907,false,0
Q008908,false,0
Q008909,false,0
Q008910,false,0
Q008911,false,0
Q008912,false,0
Q008913,false,0
Q008914,false,0
Q008915,false,0
Q008916,false,0
Q008917,false,0
Q008918,false,0
Q008919,false,0
Q008920,false,0
Q008921,false,0
Q008922,false,0
Q008923,false,0
Q008924,false,0
Q008925,false,0
Q008926,false,0
Q008927,false,0
Q008928,false,0
Q008929,false,0
Q008930,false,0
Q008931,false,0
Q008932,false,0
Q008933,false,0
Q008934,false,0
Q008935,false,0
Q008936,false,0
Q008937,false,0
Q008938,false,0
Q008939,false,0
Q008940,false,0
Q008941,false,0
Q008942,false,0
Q008943,false,0
Q008944,false,0
Q008945,false,0
Q008946,false,0
Q008947,false,0
Q008948,false,0
Q008949,false,0
Q008950,false,0
Q008951,false,0
Q008952,false,0
Q008953,false,0
Q008954,false,0
Q008955,false,0
Q008956,false,0
Q008957,false,0
Q008958,false,0
Q008959,false,0
Q008960,false,0
Q008961,false,0
Q008962,false,0
Q008963,false,0
Q008964,false,0
Q008965,false,0
Q008966,false,0
Q008967,false,0
Q008968,false,0
Q008969,false,0
Q008970,false,0
Q008971,false,0
Q008972,false,0
Q008973,false,0
Q008974,false,0
Q008975,false,0
Q008976,false,0
Q008977,false,0
Q008978,false,0
Q008979,false,0
Q008980,false,0
Q008981,false,0
Q008982,false,0
Q008983,false,0
Q008984,false,0
Q008985,false,0
Q008986,false,0
Q008987,false,0
Q008988,false,0
Q008989,false,0
Q008990,false,0
Q008991,false,0
Q008992,false,0
Q008993,false,0
Q008994,false,0
Q008995,false,0
Q008996,false,0
Q008997,false,0
Q008998,false,0
Q008999,false,0
Q009000,false,0
Q009001,false,0
Q009002,false,0
Q009003,false,0
Q009004,false,0
Q009005,false,0
Q009006,false,0
Q009007,false,0
Q009008,false,0
Q009009,false,0
Q009010,false,0
Q009011,false,0
Q009012,false,0
Q009013,false,0
Q009014,false,0
Q009015,false,0
Q009016,false,0
Q009017,false,0
Q009018,false,0
Q009019,false,0
Q009020,false,0
Q009021,false,0
Q009022,false,0
Q009023,false,0
Q009024,false,0
Q009025,false,0
Q009026,false,0
Q009027,false,0
Q009028,false,0
Q009029,false,0
Q009030,false,0
Q009031,false,0
Q009032,false,0
Q009033,false,0
Q009034,false,0
Q009035,false,0
Q009036,false,0
Q009037,false,0
Q009038,false,0
Q009039,false,0
Q009040,false,0
Q009041,false,0
Q009042,false,0
Q009043,false,0
Q009044,false,0
Q009045,false,0
Q009046,false,0
Q009047,false,0
Q009048,false,0
Q009049,false,0
Q009050,false,0
Q009051,false,0
Q009052,false,0
Q009053,false,0
Q009054,false,0
Q009055,false,0
Q009056,false,0
Q009057,false,0
Q009058,false,0
Q009059,false,0
Q009060,false,0
Q009061,false,0
Q009062,false,0
Q009063,false,0
Q009064,false,0
Q009065,false,0
Q009066,false,0
Q009067,false,0
Q009068,false,0
Q009069,false,0
Q009070,false,0
Q009071,false,0
Q009072,false,0
Q009073,false,0
Q009074,false,0
Q009075,false,0
Q009076,false,0
Q009077,false,0
Q009078,false,0
Q009079,false,0
Q009080,false,0
Q009081,false,0
Q009082,false,0
Q009083,false,0
Q009084,false,0
Q009085,false,0
Q009086,false,0
Q009087,false,0
Q009088,false,0
Q009089,false,0
Q009090,false,0
Q009091,false,0
Q009092,false,0
Q009093,false,0
Q009094,false,0
Q009095,false,0
Q009096,false,0
Q009097,false,0
Q009098,false,0
Q009099,false,0
Q009100,false,0
Q009101,false,0
Q009102,false,0
Q009103,false,0
Q009104,false,0
Q009105,false,0
Q009106,false,0
Q009107,false,0
Q009108,false,0
Q009109,false,0
Q009110,false,0
Q009111,false,0
Q009112,false,0
Q009113,false,0
Q009114,false,0
Q009115,false,0
Q009116,false,0
Q009117,false,0
Q009118,false,0
Q009119,false,0
Q009120,false,0
Q009121,false,0
Q009122,false,0
Q009123,false,0
Q009124,false,0
Q009125,false,0
Q009126,false,0
Q009127,false,0
Q009128,false,0
Q009129,false,0
Q009130,false,0
Q009131,false,0
Q009132,false,0
Q009133,false,0
Q009134,false,0
Q009135,false,0
Q009136,false,0
Q009137,false,0
Q009138,false,0
Q009139,false,0
Q009140,false,0
Q009141,false,0
Q009142,false,0
Q009143,false,0
Q009144,false,0
Q009145,false,0
Q009146,false,0
Q009147,false,0
Q009148,false,0
Q009149,false,0
Q009150,false,0
Q009151,false,0
Q009152,false,0
Q009153,false,0
Q009154,false,0
Q009155,false,0
Q009156,false,0
Q009157,false,0
Q009158,false,0
Q009159,false,0
Q009160,false,0
Q009161,false,0
Q009162,false,0
Q009163,false,0
Q009164,false,0
Q009165,false,0
Q009166,false,0
Q009167,false,0
Q009168,false,0
Q009169,false,0
Q009170,false,0
Q009171,false,0
Q009172,false,0
Q009173,false,0
Q009174,false,0
Q009175,false,0
Q009176,false,0
Q009177,false,0
Q009178,false,0
Q009179,false,0
Q009180,false,0
Q009181,false,0
Q009182,false,0
Q009183,false,0
Q009184,false,0
Q009185,false,0
Q009186,false,0
Q009187,false,0
Q009188,false,0
Q009189,false,0
Q009190,false,0
Q009191,false,0
Q009192,false,0
Q009193,false,0
Q009194,false,0
Q009195,false,0
Q009196,false,0
Q009197,false,0
Q009198,false,0
Q009199,false,0
Q009200,false,0
Q009201,false,0
Q009202,false,0
Q009203,false,0
Q009204,false,0
Q009205,false,0
Q009206,false,0
Q009207,false,0
Q009208,false,0
Q009209,false,0
Q009210,false,0
Q009211,false,0
Q009212,false,0
Q009213,false,0
Q009214,false,0
Q009215,false,0
Q009216,false,0
Q009217,false,0
Q009218,false,0
Q009219,false,0
Q009220,false,0
Q009221,false,0
Q009222,false,0
Q009223,false,0
Q009224,false,0
Q009225,false,0
Q009226,false,0
Q009227,false,0
Q009228,false,0
Q009229,false,0
Q009230,false,0
Q009231,false,0
Q009232,false,0
Q009233,false,0
Q009234,false,0
Q009235,false,0
Q009236,false,0
Q009237,false,0
Q009238,false,0
Q009239,false,0
Q009240,false,0
Q009241,false,0
Q009242,false,0
Q009243,false,0
Q009244,false,0
Q009245,false,0
Q009246,false,0
Q009247,false,0
Q009248,false,0
Q009249,false,0
Q009250,false,0
Q009251,false,0
Q009252,false,0
Q009253,false,0
Q009254,false,0
Q009255,false,0
Q009256,false,0
Q009257,false,0
Q009258,false,0
Q009259,false,0
Q009260,false,0
Q009261,false,0
Q009262,false,0
Q009263,false,0
Q009264,false,0
Q009265,false,0
Q009266,false,0
Q009267,false,0
Q009268,false,0
Q009269,false,0
Q009270,false,0
Q009271,false,0
Q009272,false,0
Q009273,false,0
Q009274,false,0
Q009275,false,0
Q009276,false,0
Q009277,false,0
Q009278,false,0
Q009279,false,0
Q009280,false,0
Q009281,false,0
Q009282,false,0
Q009283,false,0
Q009284,false,0
Q009285,false,0
Q009286,false,0
Q009287,false,0
Q009288,false,0
Q009289,false,0
Q009290,false,0
Q009291,false,0
Q009292,false,0
Q009293,false,0
Q009294,false,0
Q009295,false,0
Q009296,false,0
Q009297,false,0
Q009298,false,0
Q009299,false,0
Q009300,false,0
Q009301,false,0
Q009302,false,0
Q009303,false,0
Q009304,false,0
Q009305,false,0
Q009306,false,0
Q009307,false,0
Q009308,false,0
Q009309,false,0
Q009310,false,0
Q009311,false,0
Q009312,false,0
Q009313,false,0
Q009314,false,0
Q009315,false,0
Q009316,false,0
Q009317,false,0
Q009318,false,0
Q009319,false,0
Q009320,false,0
Q009321,false,0
Q009322,false,0
Q009323,false,0
Q009324,false,0
Q009325,false,0
Q009326,false,0
Q009327,false,0
Q009328,false,0
Q009329,false,0
Q009330,false,0
Q009331,false,0
Q009332,false,0
Q009333,false,0
Q009334,false,0
Q009335,false,0
Q009336,false,0
Q009337,false,0
Q009338,false,0
Q009339,false,0
Q009340,false,0
Q009341,false,0
Q009342,false,0
Q009343,false,0
Q009344,false,0
Q009345,false,0
Q009346,false,0
Q009347,false,0
Q009348,false,0
Q009349,false,0
Q009350,false,0
Q009351,false,0
Q009352,false,0
Q009353,false,0
Q009354,false,0
Q009355,false,0
Q009356,false,0
Q009357,false,0
Q009358,false,0
Q009359,false,0
Q009360,false,0
Q009361,false,0
Q009362,false,0
Q009363,false,0
Q009364,false,0
Q009365,false,0
Q009366,false,0
Q009367,false,0
Q009368,false,0
Q009369,false,0
Q009370,false,0
Q009371,false,0
Q009372,false,0
Q009373,false,0
Q009374,false,0
Q009375,false,0
Q009376,false,0
Q009377,false,0
Q009378,false,0
Q009379,false,0
Q009380,false,0
Q009381,false,0
Q009382,false,0
Q009383,false,0
Q009384,false,0
Q009385,false,0
Q009386,false,0
Q009387,false,0
Q009388,false,0
Q009389,false,0
Q009390,false,0
Q009391,false,0
Q009392,false,0
Q009393,false,0
Q009394,false,0
Q009395,false,0
Q009396,false,0
Q009397,false,0
Q009398,false,0
Q009399,false,0
Q009400,false,0
Q009401,false,0
Q009402,false,0
Q009403,false,0
Q009404,false,0
Q009405,false,0
Q009406,false,0
Q009407,false,0
Q009408,false,0
Q009409,false,0
Q009410,false,0
Q009411,false,0
Q009412,false,0
Q009413,false,0
Q009414,false,0
Q009415,false,0
Q009416,false,0
Q009417,false,0
Q009418,false,0
Q009419,false,0
Q009420,false,0
Q009421,false,0
Q009422,false,0
Q009423,false,0
Q009424,false,0
Q009425,false,0
Q009426,false,0
Q009427,false,0
Q009428,false,0
Q009429,false,0
Q009430,false,0
Q009431,false,0
Q009432,false,0
Q009433,false,0
Q009434,false,0
Q009435,false,0
Q009436,false,0
Q009437,false,0
Q009438,false,0
Q009439,false,0
Q009440,false,0
Q009441,false,0
Q009442,false,0
Q009443,false,0
Q009444,false,0
Q009445,false,0
Q009446,false,0
Q009447,false,0
Q009448,false,0
Q009449,false,0
Q009450,false,0
Q009451,false,0
Q009452,false,0
Q009453,false,0
Q009454,false,0
Q009455,false,0
Q009456,false,0
Q009457,false,0
Q009458,false,0
Q009459,false,0
Q009460,false,0
Q009461,false,0
Q009462,false,0
Q009463,false,0
Q009464,false,0
Q009465,false,0
Q009466,false,0
Q009467,false,0
Q009468,false,0
Q009469,false,0
Q009470,false,0
Q009471,false,0
Q009472,false,0
Q009473,false,0
Q009474,false,0
Q009475,false,0
Q009476,false,0
Q009477,false,0
Q009478,false,0
Q009479,false,0
Q009480,false,0
Q009481,false,0
Q009482,false,0
Q009483,false,0
Q009484,false,0
Q009485,false,0
Q009486,false,0
Q009487,false,0
Q009488,false,0
Q009489,false,0
Q009490,false,0
Q009491,false,0
Q009492,false,0
Q009493,false,0
Q009494,false,0
Q009495,false,0
Q009496,false,0
Q009497,false,0
Q009498,false,0
Q009499,false,0
Q009500,false,0
Q009501,false,0
Q009502,false,0
Q009503,false,0
Q009504,false,0
Q009505,false,0
Q009506,false,0
Q009507,false,0
Q009508,false,0
Q009509,false,0
Q009510,false,0
Q009511,false,0
Q009512,false,0
Q009513,false,0
Q009514,false,0
Q009515,false,0
Q009516,false,0
Q009517,false,0
Q009518,false,0
Q009519,false,0
Q009520,false,0
Q009521,false,0
Q009522,false,0
Q009523,false,0
Q009524,false,0
Q009525,false,0
Q009526,false,0
Q009527,false,0
Q009528,false,0
Q009529,false,0
Q009530,false,0
Q009531,false,0
Q009532,false,0
Q009533,false,0
Q009534,false,0
Q009535,false,0
Q009536,false,0
Q009537,false,0
Q009538,false,0
Q009539,false,0
Q009540,false,0
Q009541,false,0
Q009542,false,0
Q009543,false,0
Q009544,false,0
Q009545,false,0
Q009546,false,0
Q009547,false,0
Q009548,false,0
Q009549,false,0
Q009550,false,0
Q009551,false,0
Q009552,false,0
Q009553,false,0
Q009554,false,0
Q009555,false,0
Q009556,false,0
Q009557,false,0
Q009558,false,0
Q009559,false,0
Q009560,false,0
Q009561,false,0
Q009562,false,0
Q009563,false,0
Q009564,false,0
Q009565,false,0
Q009566,false,0
Q009567,false,0
Q009568,false,0
Q009569,false,0
Q009570,false,0
Q009571,false,0
Q009572,false,0
Q009573,false,0
Q009574,false,0
Q009575,false,0
Q009576,false,0
Q009577,false,0
Q009578,false,0
Q009579,false,0
Q009580,false,0
Q009581,false,0
Q009582,false,0
Q009583,false,0
Q009584,false,0
Q009585,false,0
Q009586,false,0
Q009587,false,0
Q009588,false,0
Q009589,false,0
Q009590,false,0
Q009591,false,0
Q009592,false,0
Q009593,false,0
Q009594,false,0
Q009595,false,0
Q009596,false,0
Q009597,false,0
Q009598,false,0
Q009599,false,0
Q009600,false,0
Q009601,false,0
Q009602,false,0
Q009603,false,0
Q009604,false,0
Q009605,false,0
Q009606,false,0
Q009607,false,0
Q009608,false,0
Q009609,false,0
Q009610,false,0
Q009611,false,0
Q009612,false,0
Q009613,false,0
Q009614,false,0
Q009615,false,0
Q009616,false,0
Q009617,false,0
Q009618,false,0
Q009619,false,0
Q009620,false,0
Q009621,false,0
Q009622,false,0
Q009623,false,0
Q009624,false,0
Q009625,false,0
Q009626,false,0
Q009627,false,0
Q009628,false,0
Q009629,false,0
Q009630,false,0
Q009631,false,0
Q009632,false,0
Q009633,false,0
Q009634,false,0
Q009635,false,0
Q009636,false,0
Q009637,false,0
Q009638,false,0
Q009639,false,0
Q009640,false,0
Q009641,false,0
Q009642,false,0
Q009643,false,0
Q009644,false,0
Q009645,false,0
Q009646,false,0
Q009647,false,0
Q009648,false,0
Q009649,false,0
Q009650,false,0
Q009651,false,0
Q009652,false,0
Q009653,false,0
Q009654,false,0
Q009655,false,0
Q009656,false,0
Q009657,false,0
Q009658,false,0
Q009659,false,0
Q009660,false,0
Q009661,false,0
Q009662,false,0
Q009663,false,0
Q009664,false,0
Q009665,false,0
Q009666,false,0
Q009667,false,0
Q009668,false,0
Q009669,false,0
Q009670,false,0
Q009671,false,0
Q009672,false,0
Q009673,false,0
Q009674,false,0
Q009675,false,0
Q009676,false,0
Q009677,false,0
Q009678,false,0
Q009679,false,0
Q009680,false,0
Q009681,false,0
Q009682,false,0
Q009683,false,0
Q009684,false,0
Q009685,false,0
Q009686,false,0
Q009687,false,0
Q009688,false,0
Q009689,false,0
Q009690,false,0
Q009691,false,0
Q009692,false,0
Q009693,false,0
Q009694,false,0
Q009695,false,0
Q009696,false,0
Q009697,false,0
Q009698,false,0
Q009699,false,0
Q009700,false,0
Q009701,false,0
Q009702,false,0
Q009703,false,0
Q009704,false,0
Q009705,false,0
Q009706,false,0
Q009707,false,0
Q009708,false,0
Q009709,false,0
Q009710,false,0
Q009711,false,0
Q009712,false,0
Q009713,false,0
Q009714,false,0
Q009715,false,0
Q009716,false,0
Q009717,false,0
Q009718,false,0
Q009719,false,0
Q009720,false,0
Q009721,false,0
Q009722,false,0
Q009723,false,0
Q009724,false,0
Q009725,false,0
Q009726,false,0
Q009727,false,0
Q009728,false,0
Q009729,false,0
Q009730,false,0
Q009731,false,0
Q009732,false,0
Q009733,false,0
Q009734,false,0
Q009735,false,0
Q009736,false,0
Q009737,false,0
Q009738,false,0
Q009739,false,0
Q009740,false,0
Q009741,false,0
Q009742,false,0
Q009743,false,0
Q009744,false,0
Q009745,false,0
Q009746,false,0
Q009747,false,0
Q009748,false,0
Q009749,false,0
Q009750,false,0
Q009751,false,0
Q009752,false,0
Q009753,false,0
Q009754,false,0
Q009755,false,0
Q009756,false,0
Q009757,false,0
Q009758,false,0
Q009759,false,0
Q009760,false,0
Q009761,false,0
Q009762,false,0
Q009763,false,0
Q009764,false,0
Q009765,false,0
Q009766,false,0
Q009767,false,0
Q009768,false,0
Q009769,false,0
Q009770,false,0
Q009771,false,0
Q009772,false,0
Q009773,false,0
Q009774,false,0
Q009775,false,0
Q009776,false,0
Q009777,false,0
Q009778,false,0
Q009779,false,0
Q009780,false,0
Q009781,false,0
Q009782,false,0
Q009783,false,0
Q009784,false,0
Q009785,false,0
Q009786,false,0
Q009787,false,0
Q009788,false,0
Q009789,false,0
Q009790,false,0
Q009791,false,0
Q009792,false,0
Q009793,false,0
Q009794,false,0
Q009795,false,0
Q009796,false,0
Q009797,false,0
Q009798,false,0
Q009799,false,0
Q009800,false,0
Q009801,false,0
Q009802,false,0
Q009803,false,0
Q009804,false,0
Q009805,false,0
Q009806,false,0
Q009807,false,0
Q009808,false,0
Q009809,false,0
Q009810,false,0
Q009811,false,0
Q009812,false,0
Q009813,false,0
Q009814,false,0
Q009815,false,0
Q009816,false,0
Q009817,false,0
Q009818,false,0
Q009819,false,0
Q009820,false,0
Q009821,false,0
Q009822,false,0
Q009823,false,0
Q009824,false,0
Q009825,false,0
Q009826,false,0
Q009827,false,0
Q009828,false,0
Q009829,false,0
Q009830,false,0
Q009831,false,0
Q009832,false,0
Q009833,false,0
Q009834,false,0
Q009835,false,0
Q009836,false,0
Q009837,false,0
Q009838,false,0
Q009839,false,0
Q009840,false,0
Q009841,false,0
Q009842,false,0
Q009843,false,0
Q009844,false,0
Q009845,false,0
Q009846,false,0
Q009847,false,0
Q009848,false,0
Q009849,false,0
Q009850,false,0
Q009851,false,0
Q009852,false,0
Q009853,false,0
Q009854,false,0
Q009855,false,0
Q009856,false,0
Q009857,false,0
Q009858,false,0
Q009859,false,0
Q009860,false,0
Q009861,false,0
Q009862,false,0
Q009863,false,0
Q009864,false,0
Q009865,false,0
Q009866,false,0
Q009867,false,0
Q009868,false,0
Q009869,false,0
Q009870,false,0
Q009871,false,0
Q009872,false,0
Q009873,false,0
Q009874,false,0
Q009875,false,0
Q009876,false,0
Q009877,false,0
Q009878,false,0
Q009879,false,0
Q009880,false,0
Q009881,false,0
Q009882,false,0
Q009883,false,0
Q009884,false,0
Q009885,false,0
Q009886,false,0
Q009887,false,0
Q009888,false,0
Q009889,false,0
Q009890,false,0
Q009891,false,0
Q009892,false,0
Q009893,false,0
Q009894,false,0
Q009895,false,0
Q009896,false,0
Q009897,false,0
Q009898,false,0
Q009899,false,0
Q009900,false,0
Q009901,false,0
Q009902,false,0
Q009903,false,0
Q009904,false,0
Q009905,false,0
Q009906,false,0
Q009907,false,0
Q009908,false,0
Q009909,false,0
Q009910,false,0
Q009911,false,0
Q009912,false,0
Q009913,false,0
Q009914,false,0
Q009915,false,0
Q009916,false,0
Q009917,false,0
Q009918,false,0
Q009919,false,0
Q009920,false,0
Q009921,false,0
Q009922,false,0
Q009923,false,0
Q009924,false,0
Q009925,false,0
Q009926,false,0
Q009927,false,0
Q009928,false,0
Q009929,false,0
Q009930,false,0
Q009931,false,0
Q009932,false,0
Q009933,false,0
Q009934,false,0
Q009935,false,0
Q009936,false,0
Q009937,false,0
Q009938,false,0
Q009939,false,0
Q009940,false,0
Q009941,false,0
Q009942,false,0
Q009943,false,0
Q009944,false,0
Q009945,false,0
Q009946,false,0
Q009947,false,0
Q009948,false,0
Q009949,false,0
Q009950,false,0
Q009951,false,0
Q009952,false,0
Q009953,false,0
Q009954,false,0
Q009955,false,0
Q009956,false,0
Q009957,false,0
Q009958,false,0
Q009959,false,0
Q009960,false,0
Q009961,false,0
Q009962,false,0
Q009963,false,0
Q009964,false,0
Q009965,false,0
Q009966,false,0
Q009967,false,0
Q009968,false,0
Q009969,false,0
Q009970,false,0
Q009971,false,0
Q009972,false,0
Q009973,false,0
Q009974,false,0
Q009975,false,0
Q009976,false,0
Q009977,false,0
Q009978,false,0
Q009979,false,0
Q009980,false,0
Q009981,false,0
Q009982,false,0
Q009983,false,0
Q009984,false,0
Q009985,false,0
Q009986,false,0
Q009987,false,0
Q009988,false,0
Q009989,false,0
Q009990,false,0
Q009991,false,0
Q009992,false,0
Q009993,false,0
Q009994,false,0
Q009995,false,0
Q009996,false,0
Q009997,false,0
Q009998,false,0
Q009999,false,0
Q010000,false,0
Q010001,false,0
Q010002,false,0
Q010003,false,0
Q010004,false,0
Q010005,false,0
Q010006,false,0
Q010007,false,0
Q010008,false,0
Q010009,false,0
Q010010,false,0
Q010011,false,0
Q010012,false,0
Q010013,false,0
Q010014,false,0
Q010015,false,0
Q010016,false,0
Q010017,false,0
Q010018,false,0
Q010019,false,0
Q010020,false,0
Q010021,false,0
Q010022,false,0
Q010023,false,0
Q010024,false,0
Q010025,false,0
Q010026,false,0
Q010027,false,0
Q010028,false,0
Q010029,false,0
Q010030,false,0
Q010031,false,0
Q010032,false,0
Q010033,false,0
Q010034,false,0
Q010035,false,0
Q010036,false,0
Q010037,false,0
Q010038,false,0
Q010039,false,0
Q010040,false,0
Q010041,false,0
Q010042,false,0
Q010043,false,0
Q010044,false,0
Q010045,false,0
Q010046,false,0
Q010047,false,0
Q010048,false,0
Q010049,false,0
Q010050,false,0
Q010051,false,0
Q010052,false,0
Q010053,false,0
Q010054,false,0
Q010055,false,0
Q010056,false,0
Q010057,false,0
Q010058,false,0
Q010059,false,0
Q010060,false,0
Q010061,false,0
Q010062,false,0
Q010063,false,0
Q010064,false,0
Q010065,false,0
Q010066,false,0
Q010067,false,0
Q010068,false,0
Q010069,false,0
Q010070,false,0
Q010071,false,0
Q010072,false,0
Q010073,false,0
Q010074,false,0
Q010075,false,0
Q010076,false,0
Q010077,false,0
Q010078,false,0
Q010079,false,0
Q010080,false,0
Q010081,false,0
Q010082,false,0
Q010083,false,0
Q010084,false,0
Q010085,false,0
Q010086,false,0
Q010087,false,0
Q010088,false,0
Q010089,false,0
Q010090,false,0
Q010091,false,0
Q010092,false,0
Q010093,false,0
Q010094,false,0
Q010095,false,0
Q010096,false,0
Q010097,false,0
Q010098,false,0
Q010099,false,0
Q010100,false,0
Q010101,false,0
Q010102,false,0
Q010103,false,0
Q010104,false,0
Q010105,false,0
Q010106,false,0
Q010107,false,0
Q010108,false,0
Q010109,false,0
Q010110,false,0
Q010111,false,0
Q010112,false,0
Q010113,false,0
Q010114,false,0
Q010115,false,0
Q010116,false,0
Q010117,false,0
Q010118,false,0
Q010119,false,0
Q010120,false,0
Q010121,false,0
Q010122,false,0
Q010123,false,0
Q010124,false,0
Q010125,false,0
Q010126,false,0
Q010127,false,0
Q010128,false,0
Q010129,false,0
Q010130,false,0
Q010131,false,0
Q010132,false,0
Q010133,false,0
Q010134,false,0
Q010135,false,0
Q010136,false,0
Q010137,false,0
Q010138,false,0
Q010139,false,0
Q010140,false,0
Q010141,false,0
Q010142,false,0
Q010143,false,0
Q010144,false,0
Q010145,false,0
Q010146,false,0
Q010147,false,0
Q010148,false,0
Q010149,false,0
Q010150,false,0
Q010151,false,0
Q010152,false,0
Q010153,false,0
Q010154,false,0
Q010155,false,0
Q010156,false,0
Q010157,false,0
Q010158,false,0
Q010159,false,0
Q010160,false,0
Q010161,false,0
Q010162,false,0
Q010163,false,0
Q010164,false,0
Q010165,false,0
Q010166,false,0
Q010167,false,0
Q010168,false,0
Q010169,false,0
Q010170,false,0
Q010171,false,0
Q010172,false,0
Q010173,false,0
Q010174,false,0
Q010175,false,0
Q010176,false,0
Q010177,false,0
Q010178,false,0
Q010179,false,0
Q010180,false,0
Q010181,false,0
Q010182,false,0
Q010183,false,0
Q010184,false,0
Q010185,false,0
Q010186,false,0
Q010187,false,0
Q010188,false,0
Q010189,false,0
Q010190,false,0
Q010191,false,0
Q010192,false,0
Q010193,false,0
Q010194,false,0
Q010195,false,0
Q010196,false,0
Q010197,false,0
Q010198,false,0
Q010199,false,0
Q010200,false,0
Q010201,false,0
Q010202,false,0
Q010203,false,0
Q010204,false,0
Q010205,false,0
Q010206,false,0
Q010207,false,0
Q010208,false,0
Q010209,false,0
Q010210,false,0
Q010211,false,0
Q010212,false,0
Q010213,false,0
Q010214,false,0
Q010215,false,0
Q010216,false,0
Q010217,false,0
Q010218,false,0
Q010219,false,0
Q010220,false,0
Q010221,false,0
Q010222,false,0
Q010223,false,0
Q010224,false,0
Q010225,false,0
Q010226,false,0
Q010227,false,0
Q010228,false,0
Q010229,false,0
Q010230,false,0
Q010231,false,0
Q010232,false,0
Q010233,false,0
Q010234,false,0
Q010235,false,0
Q010236,false,0
Q010237,false,0
Q010238,false,0
Q010239,false,0
Q010240,false,0
Q010241,false,0
Q010242,false,0
Q010243,false,0
Q010244,false,0
Q010245,false,0
Q010246,false,0
Q010247,false,0
Q010248,false,0
Q010249,false,0
Q010250,false,0
Q010251,false,0
Q010252,false,0
Q010253,false,0
Q010254,false,0
Q010255,false,0
Q010256,false,0
Q010257,false,0
Q010258,false,0
Q010259,false,0
Q010260,false,0
Q010261,false,0
Q010262,false,0
Q010263,false,0
Q010264,false,0
Q010265,false,0
Q010266,false,0
Q010267,false,0
Q010268,false,0
Q010269,false,0
Q010270,false,0
Q010271,false,0
Q010272,false,0
Q010273,false,0
Q010274,false,0
Q010275,false,0
Q010276,false,0
Q010277,false,0
Q010278,false,0
Q010279,false,0
Q010280,false,0
Q010281,false,0
Q010282,false,0
Q010283,false,0
Q010284,false,0
Q010285,false,0
Q010286,false,0
Q010287,false,0
Q010288,false,0
Q010289,false,0
Q010290,false,0
Q010291,false,0
Q010292,false,0
Q010293,false,0
Q010294,false,0
Q010295,false,0
Q010296,false,0
Q010297,false,0
Q010298,false,0
Q010299,false,0
Q010300,false,0
Q010301,false,0
Q010302,false,0
Q010303,false,0
Q010304,false,0
Q010305,false,0
Q010306,false,0
Q010307,false,0
Q010308,false,0
Q010309,false,0
Q010310,false,0
Q010311,false,0
Q010312,false,0
Q010313,false,0
Q010314,false,0
Q010315,false,0
Q010316,false,0
Q010317,false,0
Q010318,false,0
Q010319,false,0
Q010320,false,0
Q010321,false,0
Q010322,false,0
Q010323,false,0
Q010324,false,0
Q010325,false,0
Q010326,false,0
Q010327,false,0
Q010328,false,0
Q010329,false,0
Q010330,false,0
Q010331,false,0
Q010332,false,0
Q010333,false,0
Q010334,false,0
Q010335,false,0
Q010336,false,0
Q010337,false,0
Q010338,false,0
Q010339,false,0
Q010340,false,0
Q010341,false,0
Q010342,false,0
Q010343,false,0
Q010344,false,0
Q010345,false,0
Q010346,false,0
Q010347,false,0
Q010348,false,0
Q010349,false,0
Q010350,false,0
Q010351,false,0
Q010352,false,0
Q010353,false,0
Q010354,false,0
Q010355,false,0
Q010356,false,0
Q010357,false,0
Q010358,false,0
Q010359,false,0
Q010360,false,0
Q010361,false,0
Q010362,false,0
Q010363,false,0
Q010364,false,0
Q010365,false,0
Q010366,false,0
Q010367,false,0
Q010368,false,0
Q010369,false,0
Q010370,false,0
Q010371,false,0
Q010372,false,0
Q010373,false,0
Q010374,false,0
Q010375,false,0
Q010376,false,0
Q010377,false,0
Q010378,false,0
Q010379,false,0
Q010380,false,0
Q010381,false,0
Q010382,false,0
Q010383,false,0
Q010384,false,0
Q010385,false,0
Q010386,false,0
Q010387,false,0
Q010388,false,0
Q010389,false,0
Q010390,false,0
Q010391,false,0
Q010392,false,0
Q010393,false,0
Q010394,false,0
Q010395,false,0
Q010396,false,0
Q010397,false,0
Q010398,false,0
Q010399,false,0
Q010400,false,0
Q010401,false,0
Q010402,false,0
Q010403,false,0
Q010404,false,0
Q010405,false,0
Q010406,false,0
Q010407,false,0
Q010408,false,0
Q010409,false,0
Q010410,false,0
Q010411,false,0
Q010412,false,0
Q010413,false,0
Q010414,false,0
Q010415,false,0
Q010416,false,0
Q010417,false,0
Q010418,false,0
Q010419,false,0
Q010420,false,0
Q010421,false,0
Q010422,false,0
Q010423,false,0
Q010424,false,0
Q010425,false,0
Q010426,false,0
Q010427,false,0
Q010428,false,0
Q010429,false,0
Q010430,false,0
Q010431,false,0
Q010432,false,0
Q010433,false,0
Q010434,false,0
Q010435,false,0
Q010436,false,0
Q010437,false,0
Q010438,false,0
Q010439,false,0
Q010440,false,0
Q010441,false,0
Q010442,false,0
Q010443,false,0
Q010444,false,0
Q010445,false,0
Q010446,false,0
Q010447,false,0
Q010448,false,0
Q010449,false,0
Q010450,false,0
Q010451,false,0
Q010452,false,0
Q010453,false,0
Q010454,false,0
Q010455,false,0
Q010456,false,0
Q010457,false,0
Q010458,false,0
Q010459,false,0
Q010460,false,0
Q010461,false,0
Q010462,false,0
Q010463,false,0
Q010464,false,0
Q010465,false,0
Q010466,false,0
Q010467,false,0
Q010468,false,0
Q010469,false,0
Q010470,false,0
Q010471,false,0
Q010472,false,0
Q010473,false,0
Q010474,false,0
Q010475,false,0
Q010476,false,0
Q010477,false,0
Q010478,false,0
Q010479,false,0
Q010480,false,0
Q010481,false,0
Q010482,false,0
Q010483,false,0
Q010484,false,0
Q010485,false,0
Q010486,false,0
Q010487,false,0
Q010488,false,0
Q010489,false,0
Q010490,false,0
Q010491,false,0
Q010492,false,0
Q010493,false,0
Q010494,false,0
Q010495,false,0
Q010496,false,0
Q010497,false,0
Q010498,false,0
Q010499,false,0
Q010500,false,0
Q010501,false,0
Q010502,false,0
Q010503,false,0
Q010504,false,0
Q010505,false,0
Q010506,false,0
Q010507,false,0
Q010508,false,0
Q010509,false,0
Q010510,false,0
Q010511,false,0
Q010512,false,0
Q010513,false,0
Q010514,false,0
Q010515,false,0
Q010516,false,0
Q010517,false,0
Q010518,false,0
Q010519,false,0
Q010520,false,0
Q010521,false,0
Q010522,false,0
Q010523,false,0
Q010524,false,0
Q010525,false,0
Q010526,false,0
Q010527,false,0
Q010528,false,0
Q010529,false,0
Q010530,false,0
Q010531,false,0
Q010532,false,0
Q010533,false,0
Q010534,false,0
Q010535,false,0
Q010536,false,0
Q010537,false,0
Q010538,false,0
Q010539,false,0
Q010540,false,0
Q010541,false,0
Q010542,false,0
Q010543,false,0
Q010544,false,0
Q010545,false,0
Q010546,false,0
Q010547,false,0
Q010548,false,0
Q010549,false,0
Q010550,false,0
Q010551,false,0
Q010552,false,0
Q010553,false,0
Q010554,false,0
Q010555,false,0
Q010556,false,0
Q010557,false,0
Q010558,false,0
Q010559,false,0
Q010560,false,0
Q010561,false,0
Q010562,false,0
Q010563,false,0
Q010564,false,0
Q010565,false,0
Q010566,false,0
Q010567,false,0
Q010568,false,0
Q010569,false,0
Q010570,false,0
Q010571,false,0
Q010572,false,0
Q010573,false,0
Q010574,false,0
Q010575,false,0
Q010576,false,0
Q010577,false,0
Q010578,false,0
Q010579,false,0
Q010580,false,0
Q010581,false,0
Q010582,false,0
Q010583,false,0
Q010584,false,0
Q010585,false,0
Q010586,false,0
Q010587,false,0
Q010588,false,0
Q010589,false,0
Q010590,false,0
Q010591,false,0
Q010592,false,0
Q010593,false,0
Q010594,false,0
Q010595,false,0
Q010596,false,0
Q010597,false,0
Q010598,false,0
Q010599,false,0
Q010600,false,0
Q010601,false,0
Q010602,false,0
Q010603,false,0
Q010604,false,0
Q010605,false,0
Q010606,false,0
Q010607,false,0
Q010608,false,0
Q010609,false,0
Q010610,false,0
Q010611,false,0
Q010612,false,0
Q010613,false,0
Q010614,false,0
Q010615,false,0
Q010616,false,0
Q010617,false,0
Q010618,false,0
Q010619,false,0
Q010620,false,0
Q010621,false,0
Q010622,false,0
Q010623,false,0
Q010624,false,0
Q010625,false,0
Q010626,false,0
Q010627,false,0
Q010628,false,0
Q010629,false,0
Q010630,false,0
Q010631,false,0
Q010632,false,0
Q010633,false,0
Q010634,false,0
Q010635,false,0
Q010636,false,0
Q010637,false,0
Q010638,false,0
Q010639,false,0
Q010640,false,0
Q010641,false,0
Q010642,false,0
Q010643,false,0
Q010644,false,0
Q010645,false,0
Q010646,false,0
Q010647,false,0
Q010648,false,0
Q010649,false,0
Q010650,false,0
Q010651,false,0
Q010652,false,0
Q010653,false,0
Q010654,false,0
Q010655,false,0
Q010656,false,0
Q010657,false,0
Q010658,false,0
Q010659,false,0
Q010660,false,0
Q010661,false,0
Q010662,false,0
Q010663,false,0
Q010664,false,0
Q010665,false,0
Q010666,false,0
Q010667,false,0
Q010668,false,0
Q010669,false,0
Q010670,false,0
Q010671,false,0
Q010672,false,0
Q010673,false,0
Q010674,false,0
Q010675,false,0
Q010676,false,0
Q010677,false,0
Q010678,false,0
Q010679,false,0
Q010680,false,0
Q010681,false,0
Q010682,false,0
Q010683,false,0
Q010684,false,0
Q010685,false,0
Q010686,false,0
Q010687,false,0
Q010688,false,0
Q010689,false,0
Q010690,false,0
Q010691,false,0
Q010692,false,0
Q010693,false,0
Q010694,false,0
Q010695,false,0
Q010696,false,0
Q010697,false,0
Q010698,false,0
Q010699,false,0
Q010700,false,0
Q010701,false,0
Q010702,false,0
Q010703,false,0
Q010704,false,0
Q010705,false,0
Q010706,false,0
Q010707,false,0
Q010708,false,0
Q010709,false,0
Q010710,false,0
Q010711,false,0
Q010712,false,0
Q010713,false,0
Q010714,false,0
Q010715,false,0
Q010716,false,0
Q010717,false,0
Q010718,false,0
Q010719,false,0
Q010720,false,0
Q010721,false,0
Q010722,false,0
Q010723,false,0
Q010724,false,0
Q010725,false,0
Q010726,false,0
Q010727,false,0
Q010728,false,0
Q010729,false,0
Q010730,false,0
Q010731,false,0
Q010732,false,0
Q010733,false,0
Q010734,false,0
Q010735,false,0
Q010736,false,0
Q010737,false,0
Q010738,false,0
Q010739,false,0
Q010740,false,0
Q010741,false,0
Q010742,false,0
Q010743,false,0
Q010744,false,0
Q010745,false,0
Q010746,false,0
Q010747,false,0
Q010748,false,0
Q010749,false,0
Q010750,false,0
Q010751,false,0
Q010752,false,0
Q010753,false,0
Q010754,false,0
Q010755,false,0
Q010756,false,0
Q010757,false,0
Q010758,false,0
Q010759,false,0
Q010760,false,0
Q010761,false,0
Q010762,false,0
Q010763,false,0
Q010764,false,0
Q010765,false,0
Q010766,false,0
Q010767,false,0
Q010768,false,0
Q010769,false,0
Q010770,false,0
Q010771,false,0
Q010772,false,0
Q010773,false,0
Q010774,false,0
Q010775,false,0
Q010776,false,0
Q010777,false,0
Q010778,false,0
Q010779,false,0
Q010780,false,0
Q010781,false,0
Q010782,false,0
Q010783,false,0
Q010784,false,0
Q010785,false,0
Q010786,false,0
Q010787,false,0
Q010788,false,0
Q010789,false,0
Q010790,false,0
Q010791,false,0
Q010792,false,0
Q010793,false,0
Q010794,false,0
Q010795,false,0
Q010796,false,0
Q010797,false,0
Q010798,false,0
Q010799,false,0
Q010800,false,0
Q010801,false,0
Q010802,false,0
Q010803,false,0
Q010804,false,0
Q010805,false,0
Q010806,false,0
Q010807,false,0
Q010808,false,0
Q010809,false,0
Q010810,false,0
Q010811,false,0
Q010812,false,0
Q010813,false,0
Q010814,false,0
Q010815,false,0
Q010816,false,0
Q010817,false,0
Q010818,false,0
Q010819,false,0
Q010820,false,0
Q010821,false,0
Q010822,false,0
Q010823,false,0
Q010824,false,0
Q010825,false,0
Q010826,false,0
Q010827,false,0
Q010828,false,0
Q010829,false,0
Q010830,false,0
Q010831,false,0
Q010832,false,0
Q010833,false,0
Q010834,false,0
Q010835,false,0
Q010836,false,0
Q010837,false,0
Q010838,false,0
Q010839,false,0
Q010840,false,0
Q010841,false,0
Q010842,false,0
Q010843,false,0
Q010844,false,0
Q010845,false,0
Q010846,false,0
Q010847,false,0
Q010848,false,0
Q010849,false,0
Q010850,false,0
Q010851,false,0
Q010852,false,0
Q010853,false,0
Q010854,false,0
Q010855,false,0
Q010856,false,0
Q010857,false,0
Q010858,false,0
Q010859,false,0
Q010860,false,0
Q010861,false,0
Q010862,false,0
Q010863,false,0
Q010864,false,0
Q010865,false,0
Q010866,false,0
Q010867,false,0
Q010868,false,0
Q010869,false,0
Q010870,false,0
Q010871,false,0
Q010872,false,0
Q010873,false,0
Q010874,false,0
Q010875,false,0
Q010876,false,0
Q010877,false,0
Q010878,false,0
Q010879,false,0
Q010880,false,0
Q010881,false,0
Q010882,false,0
Q010883,false,0
Q010884,false,0
Q010885,false,0
Q010886,false,0
Q010887,false,0
Q010888,false,0
Q010889,false,0
Q010890,false,0
Q010891,false,0
Q010892,false,0
Q010893,false,0
Q010894,false,0
Q010895,false,0
Q010896,false,0
Q010897,false,0
Q010898,false,0
Q010899,false,0
Q010900,false,0
Q010901,false,0
Q010902,false,0
Q010903,false,0
Q010904,false,0
Q010905,false,0
Q010906,false,0
Q010907,false,0
Q010908,false,0
Q010909,false,0
Q010910,false,0
Q010911,false,0
Q010912,false,0
Q010913,false,0
Q010914,false,0
Q010915,false,0
Q010916,false,0
Q010917,false,0
Q010918,false,0
Q010919,false,0
Q010920,false,0
Q010921,false,0
Q010922,false,0
Q010923,false,0
Q010924,false,0
Q010925,false,0
Q010926,false,0
Q010927,false,0
Q010928,false,0
Q010929,false,0
Q010930,false,0
Q010931,false,0
Q010932,false,0
Q010933,false,0
Q010934,false,0
Q010935,false,0
Q010936,false,0
Q010937,false,0
Q010938,false,0
Q010939,false,0
Q010940,false,0
Q010941,false,0
Q010942,false,0
Q010943,false,0
Q010944,false,0
Q010945,false,0
Q010946,false,0
Q010947,false,0
Q010948,false,0
Q010949,false,0
Q010950,false,0
Q010951,false,0
Q010952,false,0
Q010953,false,0
Q010954,false,0
Q010955,false,0
Q010956,false,0
Q010957,false,0
Q010958,false,0
Q010959,false,0
Q010960,false,0
Q010961,false,0
Q010962,false,0
Q010963,false,0
Q010964,false,0
Q010965,false,0
Q010966,false,0
Q010967,false,0
Q010968,false,0
Q010969,false,0
Q010970,false,0
Q010971,false,0
Q010972,false,0
Q010973,false,0
Q010974,false,0
Q010975,false,0
Q010976,false,0
Q010977,false,0
Q010978,false,0
Q010979,false,0
Q010980,false,0
Q010981,false,0
Q010982,false,0
Q010983,false,0
Q010984,false,0
Q010985,false,0
Q010986,false,0
Q010987,false,0
Q010988,false,0
Q010989,false,0
Q010990,false,0
Q010991,false,0
Q010992,false,0
Q010993,false,0
Q010994,false,0
Q010995,false,0
Q010996,false,0
Q010997,false,0
Q010998,false,0
Q010999,false,0
Q011000,false,0
Q011001,false,0
Q011002,false,0
Q011003,false,0
Q011004,false,0
Q011005,false,0
Q011006,false,0
Q011007,false,0
Q011008,false,0
Q011009,false,0
Q011010,false,0
Q011011,false,0
Q011012,false,0
Q011013,false,0
Q011014,false,0
Q011015,false,0
Q011016,false,0
Q011017,false,0
Q011018,false,0
Q011019,false,0
Q011020,false,0
Q011021,false,0
Q011022,false,0
Q011023,false,0
Q011024,false,0
Q011025,false,0
Q011026,false,0
Q011027,false,0
Q011028,false,0
Q011029,false,0
Q011030,false,0
Q011031,false,0
Q011032,false,0
Q011033,false,0
Q011034,false,0
Q011035,false,0
Q011036,false,0
Q011037,false,0
Q011038,false,0
Q011039,false,0
Q011040,false,0
Q011041,false,0
Q011042,false,0
Q011043,false,0
Q011044,false,0
Q011045,false,0
Q011046,false,0
Q011047,false,0
Q011048,false,0
Q011049,false,0
Q011050,false,0
Q011051,false,0
Q011052,false,0
Q011053,false,0
Q011054,false,0
Q011055,false,0
Q011056,false,0
Q011057,false,0
Q011058,false,0
Q011059,false,0
Q011060,false,0
Q011061,false,0
Q011062,false,0
Q011063,false,0
Q011064,false,0
Q011065,false,0
Q011066,false,0
Q011067,false,0
Q011068,false,0
Q011069,false,0
Q011070,false,0
Q011071,false,0
Q011072,false,0
Q011073,false,0
Q011074,false,0
Q011075,false,0
Q011076,false,0
Q011077,false,0
Q011078,false,0
Q011079,false,0
Q011080,false,0
Q011081,false,0
Q011082,false,0
Q011083,false,0
Q011084,false,0
Q011085,false,0
Q011086,false,0
Q011087,false,0
Q011088,false,0
Q011089,false,0
Q011090,false,0
Q011091,false,0
Q011092,false,0
Q011093,false,0
Q011094,false,0
Q011095,false,0
Q011096,false,0
Q011097,false,0
Q011098,false,0
Q011099,false,0
Q011100,false,0
Q011101,false,0
Q011102,false,0
Q011103,false,0
Q011104,false,0
Q011105,false,0
Q011106,false,0
Q011107,false,0
Q011108,false,0
Q011109,false,0
Q011110,false,0
Q011111,false,0
Q011112,false,0
Q011113,false,0
Q011114,false,0
Q011115,false,0
Q011116,false,0
Q011117,false,0
Q011118,false,0
Q011119,false,0
Q011120,false,0
Q011121,false,0
Q011122,false,0
Q011123,false,0
Q011124,false,0
Q011125,false,0
Q011126,false,0
Q011127,false,0
Q011128,false,0
Q011129,false,0
Q011130,false,0
Q011131,false,0
Q011132,false,0
Q011133,false,0
Q011134,false,0
Q011135,false,0
Q011136,false,0
Q011137,false,0
Q011138,false,0
Q011139,false,0
Q011140,false,0
Q011141,false,0
Q011142,false,0
Q011143,false,0
Q011144,false,0
Q011145,false,0
Q011146,false,0
Q011147,false,0
Q011148,false,0
Q011149,false,0
Q011150,false,0
Q011151,false,0
Q011152,false,0
Q011153,false,0
Q011154,false,0
Q011155,false,0
Q011156,false,0
Q011157,false,0
Q011158,false,0
Q011159,false,0
Q011160,false,0
Q011161,false,0
Q011162,false,0
Q011163,false,0
Q011164,false,0
Q011165,false,0
Q011166,false,0
Q011167,false,0
Q011168,false,0
Q011169,false,0
Q011170,false,0
Q011171,false,0
Q011172,false,0
Q011173,false,0
Q011174,false,0
Q011175,false,0
Q011176,false,0
Q011177,false,0
Q011178,false,0
Q011179,false,0
Q011180,false,0
Q011181,false,0
Q011182,false,0
Q011183,false,0
Q011184,false,0
Q011185,false,0
Q011186,false,0
Q011187,false,0
Q011188,false,0
Q011189,false,0
Q011190,false,0
Q011191,false,0
Q011192,false,0
Q011193,false,0
Q011194,false,0
Q011195,false,0
Q011196,false,0
Q011197,false,0
Q011198,false,0
Q011199,false,0
Q011200,false,0
Q011201,false,0
Q011202,false,0
Q011203,false,0
Q011204,false,0
Q011205,false,0
Q011206,false,0
Q011207,false,0
Q011208,false,0
Q011209,false,0
Q011210,false,0
Q011211,false,0
Q011212,false,0
Q011213,false,0
Q011214,false,0
Q011215,false,0
Q011216,false,0
Q011217,false,0
Q011218,false,0
Q011219,false,0
Q011220,false,0
Q011221,false,0
Q011222,false,0
Q011223,false,0
Q011224,false,0
Q011225,false,0
Q011226,false,0
Q011227,false,0
Q011228,false,0
Q011229,false,0
Q011230,false,0
Q011231,false,0
Q011232,false,0
Q011233,false,0
Q011234,false,0
Q011235,false,0
Q011236,false,0
Q011237,false,0
Q011238,false,0
Q011239,false,0
Q011240,false,0
Q011241,false,0
Q011242,false,0
Q011243,false,0
Q011244,false,0
Q011245,false,0
Q011246,false,0
Q011247,false,0
Q011248,false,0
Q011249,false,0
Q011250,false,0
Q011251,false,0
Q011252,false,0
Q011253,false,0
Q011254,false,0
Q011255,false,0
Q011256,false,0
Q011257,false,0
Q011258,false,0
Q011259,false,0
Q011260,false,0
Q011261,false,0
Q011262,false,0
Q011263,false,0
Q011264,false,0
Q011265,false,0
Q011266,false,0
Q011267,false,0
Q011268,false,0
Q011269,false,0
Q011270,false,0
Q011271,false,0
Q011272,false,0
Q011273,false,0
Q011274,false,0
Q011275,false,0
Q011276,false,0
Q011277,false,0
Q011278,false,0
Q011279,false,0
Q011280,false,0
Q011281,false,0
Q011282,false,0
Q011283,false,0
Q011284,false,0
Q011285,false,0
Q011286,false,0
Q011287,false,0
Q011288,false,0
Q011289,false,0
Q011290,false,0
Q011291,false,0
Q011292,false,0
Q011293,false,0
Q011294,false,0
Q011295,false,0
Q011296,false,0
Q011297,false,0
Q011298,false,0
Q011299,false,0
Q011300,false,0
Q011301,false,0
Q011302,false,0
Q011303,false,0
Q011304,false,0
Q011305,false,0
Q011306,false,0
Q011307,false,0
Q011308,false,0
Q011309,false,0
Q011310,false,0
Q011311,false,0
Q011312,false,0
Q011313,false,0
Q011314,false,0
Q011315,false,0
Q011316,false,0
Q011317,false,0
Q011318,false,0
Q011319,false,0
Q011320,false,0
Q011321,false,0
Q011322,false,0
Q011323,false,0
Q011324,false,0
Q011325,false,0
Q011326,false,0
Q011327,false,0
Q011328,false,0
Q011329,false,0
Q011330,false,0
Q011331,false,0
Q011332,false,0
Q011333,false,0
Q011334,false,0
Q011335,false,0
Q011336,false,0
Q011337,false,0
Q011338,false,0
Q011339,false,0
Q011340,false,0
Q011341,false,0
Q011342,false,0
Q011343,false,0
Q011344,false,0
Q011345,false,0
Q011346,false,0
Q011347,false,0
Q011348,false,0
Q011349,false,0
Q011350,false,0
Q011351,false,0
Q011352,false,0
Q011353,false,0
Q011354,false,0
Q011355,false,0
Q011356,false,0
Q011357,false,0
Q011358,false,0
Q011359,false,0
Q011360,false,0
Q011361,false,0
Q011362,false,0
Q011363,false,0
Q011364,false,0
Q011365,false,0
Q011366,false,0
Q011367,false,0
Q011368,false,0
Q011369,false,0
Q011370,false,0
Q011371,false,0
Q011372,false,0
Q011373,false,0
Q011374,false,0
Q011375,false,0
Q011376,false,0
Q011377,false,0
Q011378,false,0
Q011379,false,0
Q011380,false,0
Q011381,false,0
Q011382,false,0
Q011383,false,0
Q011384,false,0
Q011385,false,0
Q011386,false,0
Q011387,false,0
Q011388,false,0
Q011389,false,0
Q011390,false,0
Q011391,false,0
Q011392,false,0
Q011393,false,0
Q011394,false,0
Q011395,false,0
Q011396,false,0
Q011397,false,0
Q011398,false,0
Q011399,false,0
Q011400,false,0
Q011401,false,0
Q011402,false,0
Q011403,false,0
Q011404,false,0
Q011405,false,0
Q011406,false,0
Q011407,false,0
Q011408,false,0
Q011409,false,0
Q011410,false,0
Q011411,false,0
Q011412,false,0
Q011413,false,0
Q011414,false,0
Q011415,false,0
Q011416,false,0
Q011417,false,0
Q011418,false,0
Q011419,false,0
Q011420,false,0
Q011421,false,0
Q011422,false,0
Q011423,false,0
Q011424,false,0
Q011425,false,0
Q011426,false,0
Q011427,false,0
Q011428,false,0
Q011429,false,0
Q011430,false,0
Q011431,false,0
Q011432,false,0
Q011433,false,0
Q011434,false,0
Q011435,false,0
Q011436,false,0
Q011437,false,0
Q011438,false,0
Q011439,false,0
Q011440,false,0
Q011441,false,0
Q011442,false,0
Q011443,false,0
Q011444,false,0
Q011445,false,0
Q011446,false,0
Q011447,false,0
Q011448,false,0
Q011449,false,0
Q011450,false,0
Q011451,false,0
Q011452,false,0
Q011453,false,0
Q011454,false,0
Q011455,false,0
Q011456,false,0
Q011457,false,0
Q011458,false,0
Q011459,false,0
Q011460,false,0
Q011461,false,0
Q011462,false,0
Q011463,false,0
Q011464,false,0
Q011465,false,0
Q011466,false,0
Q011467,false,0
Q011468,false,0
Q011469,false,0
Q011470,false,0
Q011471,false,0
Q011472,false,0
Q011473,false,0
Q011474,false,0
Q011475,false,0
Q011476,false,0
Q011477,false,0
Q011478,false,0
Q011479,false,0
Q011480,false,0
Q011481,false,0
Q011482,false,0
Q011483,false,0
Q011484,false,0
Q011485,false,0
Q011486,false,0
Q011487,false,0
Q011488,false,0
Q011489,false,0
Q011490,false,0
Q011491,false,0
Q011492,false,0
Q011493,false,0
Q011494,false,0
Q011495,false,0
Q011496,false,0
Q011497,false,0
Q011498,false,0
Q011499,false,0
Q011500,false,0
Q011501,false,0
Q011502,false,0
Q011503,false,0
Q011504,false,0
Q011505,false,0
Q011506,false,0
Q011507,false,0
Q011508,false,0
Q011509,false,0
Q011510,false,0
Q011511,false,0
Q011512,false,0
Q011513,false,0
Q011514,false,0
Q011515,false,0
Q011516,false,0
Q011517,false,0
Q011518,false,0
Q011519,false,0
Q011520,false,0
Q011521,false,0
Q011522,false,0
Q011523,false,0
Q011524,false,0
Q011525,false,0
Q011526,false,0
Q011527,false,0
Q011528,false,0
Q011529,false,0
Q011530,false,0
Q011531,false,0
Q011532,false,0
Q011533,false,0
Q011534,false,0
Q011535,false,0
Q011536,false,0
Q011537,false,0
Q011538,false,0
Q011539,false,0
Q011540,false,0
Q011541,false,0
Q011542,false,0
Q011543,false,0
Q011544,false,0
Q011545,false,0
Q011546,false,0
Q011547,false,0
Q011548,false,0
Q011549,false,0
Q011550,false,0
Q011551,false,0
Q011552,false,0
Q011553,false,0
Q011554,false,0
Q011555,false,0
Q011556,false,0
Q011557,false,0
Q011558,false,0
Q011559,false,0
Q011560,false,0
Q011561,false,0
Q011562,false,0
Q011563,false,0
Q011564,false,0
Q011565,false,0
Q011566,false,0
Q011567,false,0
Q011568,false,0
Q011569,false,0
Q011570,false,0
Q011571,false,0
Q011572,false,0
Q011573,false,0
Q011574,false,0
Q011575,false,0
Q011576,false,0
Q011577,false,0
Q011578,false,0
Q011579,false,0
Q011580,false,0
Q011581,false,0
Q011582,false,0
Q011583,false,0
Q011584,false,0
Q011585,false,0
Q011586,false,0
Q011587,false,0
Q011588,false,0
Q011589,false,0
Q011590,false,0
Q011591,false,0
Q011592,false,0
Q011593,false,0
Q011594,false,0
Q011595,false,0
Q011596,false,0
Q011597,false,0
Q011598,false,0
Q011599,false,0
Q011600,false,0
Q011601,false,0
Q011602,false,0
Q011603,false,0
Q011604,false,0
Q011605,false,0
Q011606,false,0
Q011607,false,0
Q011608,false,0
Q011609,false,0
Q011610,false,0
Q011611,false,0
Q011612,false,0
Q011613,false,0
Q011614,false,0
Q011615,false,0
Q011616,false,0
Q011617,false,0
Q011618,false,0
Q011619,false,0
Q011620,false,0
Q011621,false,0
Q011622,false,0
Q011623,false,0
Q011624,false,0
Q011625,false,0
Q011626,false,0
Q011627,false,0
Q011628,false,0
Q011629,false,0
Q011630,false,0
Q011631,false,0
Q011632,false,0
Q011633,false,0
Q011634,false,0
Q011635,false,0
Q011636,false,0
Q011637,false,0
Q011638,false,0
Q011639,false,0
Q011640,false,0
Q011641,false,0
Q011642,false,0
Q011643,false,0
Q011644,false,0
Q011645,false,0
Q011646,false,0
Q011647,false,0
Q011648,false,0
Q011649,false,0
Q011650,false,0
Q011651,false,0
Q011652,false,0
Q011653,false,0
Q011654,false,0
Q011655,false,0
Q011656,false,0
Q011657,false,0
Q011658,false,0
Q011659,false,0
Q011660,false,0
Q011661,false,0
Q011662,false,0
Q011663,false,0
Q011664,false,0
Q011665,false,0
Q011666,false,0
Q011667,false,0
Q011668,false,0
Q011669,false,0
Q011670,false,0
Q011671,false,0
Q011672,false,0
Q011673,false,0
Q011674,false,0
Q011675,false,0
Q011676,false,0
Q011677,false,0
Q011678,false,0
Q011679,false,0
Q011680,false,0
Q011681,false,0
Q011682,false,0
Q011683,false,0
Q011684,false,0
Q011685,false,0
Q011686,false,0
Q011687,false,0
Q011688,false,0
Q011689,false,0
Q011690,false,0
Q011691,false,0
Q011692,false,0
Q011693,false,0
Q011694,false,0
Q011695,false,0
Q011696,false,0
Q011697,false,0
Q011698,false,0
Q011699,false,0
Q011700,false,0
Q011701,false,0
Q011702,false,0
Q011703,false,0
Q011704,false,0
Q011705,false,0
Q011706,false,0
Q011707,false,0
Q011708,false,0
Q011709,false,0
Q011710,false,0
Q011711,false,0
Q011712,false,0
Q011713,false,0
Q011714,false,0
Q011715,false,0
Q011716,false,0
Q011717,false,0
Q011718,false,0
Q011719,false,0
Q011720,false,0
Q011721,false,0
Q011722,false,0
Q011723,false,0
Q011724,false,0
Q011725,false,0
Q011726,false,0
Q011727,false,0
Q011728,false,0
Q011729,false,0
Q011730,false,0
Q011731,false,0
Q011732,false,0
Q011733,false,0
Q011734,false,0
Q011735,false,0
Q011736,false,0
Q011737,false,0
Q011738,false,0
Q011739,false,0
Q011740,false,0
Q011741,false,0
Q011742,false,0
Q011743,false,0
Q011744,false,0
Q011745,false,0
Q011746,false,0
Q011747,false,0
Q011748,false,0
Q011749,false,0
Q011750,false,0
Q011751,false,0
Q011752,false,0
Q011753,false,0
Q011754,false,0
Q011755,false,0
Q011756,false,0
Q011757,false,0
Q011758,false,0
Q011759,false,0
Q011760,false,0
Q011761,false,0
Q011762,false,0
Q011763,false,0
Q011764,false,0
Q011765,false,0
Q011766,false,0
Q011767,false,0
Q011768,false,0
Q011769,false,0
Q011770,false,0
Q011771,false,0
Q011772,false,0
Q011773,false,0
Q011774,false,0
Q011775,false,0
Q011776,false,0
Q011777,false,0
Q011778,false,0
Q011779,false,0
Q011780,false,0
Q011781,false,0
Q011782,false,0
Q011783,false,0
Q011784,false,0
Q011785,false,0
Q011786,false,0
Q011787,false,0
Q011788,false,0
Q011789,false,0
Q011790,false,0
Q011791,false,0
Q011792,false,0
Q011793,false,0
Q011794,false,0
Q011795,false,0
Q011796,false,0
Q011797,false,0
Q011798,false,0
Q011799,false,0
Q011800,false,0
Q011801,false,0
Q011802,false,0
Q011803,false,0
Q011804,false,0
Q011805,false,0
Q011806,false,0
Q011807,false,0
Q011808,false,0
Q011809,false,0
Q011810,false,0
Q011811,false,0
Q011812,false,0
Q011813,false,0
Q011814,false,0
Q011815,false,0
Q011816,false,0
Q011817,false,0
Q011818,false,0
Q011819,false,0
Q011820,false,0
Q011821,false,0
Q011822,false,0
Q011823,false,0
Q011824,false,0
Q011825,false,0
Q011826,false,0
Q011827,false,0
Q011828,false,0
Q011829,false,0
Q011830,false,0
Q011831,false,0
Q011832,false,0
Q011833,false,0
Q011834,false,0
Q011835,false,0
Q011836,false,0
Q011837,false,0
Q011838,false,0
Q011839,false,0
Q011840,false,0
Q011841,false,0
Q011842,false,0
Q011843,false,0
Q011844,false,0
Q011845,false,0
Q011846,false,0
Q011847,false,0
Q011848,false,0
Q011849,false,0
Q011850,false,0
Q011851,false,0
Q011852,false,0
Q011853,false,0
Q011854,false,0
Q011855,false,0
Q011856,false,0
Q011857,false,0
Q011858,false,0
Q011859,false,0
Q011860,false,0
Q011861,false,0
Q011862,false,0
Q011863,false,0
Q011864,false,0
Q011865,false,0
Q011866,false,0
Q011867,false,0
Q011868,false,0
Q011869,false,0
Q011870,false,0
Q011871,false,0
Q011872,false,0
Q011873,false,0
Q011874,false,0
Q011875,false,0
Q011876,false,0
Q011877,false,0
Q011878,false,0
Q011879,false,0
Q011880,false,0
Q011881,false,0
Q011882,false,0
Q011883,false,0
Q011884,false,0
Q011885,false,0
Q011886,false,0
Q011887,false,0
Q011888,false,0
Q011889,false,0
Q011890,false,0
Q011891,false,0
Q011892,false,0
Q011893,false,0
Q011894,false,0
Q011895,false,0
Q011896,false,0
Q011897,false,0
Q011898,false,0
Q011899,false,0
Q011900,false,0
Q011901,false,0
Q011902,false,0
Q011903,false,0
Q011904,false,0
Q011905,false,0
Q011906,false,0
Q011907,false,0
Q011908,false,0
Q011909,false,0
Q011910,false,0
Q011911,false,0
Q011912,false,0
Q011913,false,0
Q011914,false,0
Q011915,false,0
Q011916,false,0
Q011917,false,0
Q011918,false,0
Q011919,false,0
Q011920,false,0
Q011921,false,0
Q011922,false,0
Q011923,false,0
Q011924,false,0
Q011925,false,0
Q011926,false,0
Q011927,false,0
Q011928,false,0
Q011929,false,0
Q011930,false,0
Q011931,false,0
Q011932,false,0
Q011933,false,0
Q011934,false,0
Q011935,false,0
Q011936,false,0
Q011937,false,0
Q011938,false,0
Q011939,false,0
Q011940,false,0
Q011941,false,0
Q011942,false,0
Q011943,false,0
Q011944,false,0
Q011945,false,0
Q011946,false,0
Q011947,false,0
Q011948,false,0
Q011949,false,0
Q011950,false,0
Q011951,false,0
Q011952,false,0
Q011953,false,0
Q011954,false,0
Q011955,false,0
Q011956,false,0
Q011957,false,0
Q011958,false,0
Q011959,false,0
Q011960,false,0
Q011961,false,0
Q011962,false,0
Q011963,false,0
Q011964,false,0
Q011965,false,0
Q011966,false,0
Q011967,false,0
Q011968,false,0
Q011969,false,0
Q011970,false,0
Q011971,false,0
Q011972,false,0
Q011973,false,0
Q011974,false,0
Q011975,false,0
Q011976,false,0
Q011977,false,0
Q011978,false,0
Q011979,false,0
Q011980,false,0
Q011981,false,0
Q011982,false,0
Q011983,false,0
Q011984,false,0
Q011985,false,0
Q011986,false,0
Q011987,false,0
Q011988,false,0
Q011989,false,0
Q011990,false,0
Q011991,false,0
Q011992,false,0
Q011993,false,0
Q011994,false,0
Q011995,false,0
Q011996,false,0
Q011997,false,0
Q011998,false,0
Q011999,false,0
Q012000,false,0
Q012001,false,0
Q012002,false,0
Q012003,false,0
Q012004,false,0
Q012005,false,0
Q012006,false,0
Q012007,false,0
Q012008,false,0
Q012009,false,0
Q012010,false,0
Q012011,false,0
Q012012,false,0
Q012013,false,0
Q012014,false,0
Q012015,false,0
Q012016,false,0
Q012017,false,0
Q012018,false,0
Q012019,false,0
Q012020,false,0
Q012021,false,0
Q012022,false,0
Q012023,false,0
Q012024,false,0
Q012025,false,0
Q012026,false,0
Q012027,false,0
Q012028,false,0
Q012029,false,0
Q012030,false,0
Q012031,false,0
Q012032,false,0
Q012033,false,0
Q012034,false,0
Q012035,false,0
Q012036,false,0
Q012037,false,0
Q012038,false,0
Q012039,false,0
Q012040,false,0
Q012041,false,0
Q012042,false,0
Q012043,false,0
Q012044,false,0
Q012045,false,0
Q012046,false,0
Q012047,false,0
Q012048,false,0
Q012049,false,0
Q012050,false,0
Q012051,false,0
Q012052,false,0
Q012053,false,0
Q012054,false,0
Q012055,false,0
Q012056,false,0
Q012057,false,0
Q012058,false,0
Q012059,false,0
Q012060,false,0
Q012061,false,0
Q012062,false,0
Q012063,false,0
Q012064,false,0
Q012065,false,0
Q012066,false,0
Q012067,false,0
Q012068,false,0
Q012069,false,0
Q012070,false,0
Q012071,false,0
Q012072,false,0
Q012073,false,0
Q012074,false,0
Q012075,false,0
Q012076,false,0
Q012077,false,0
Q012078,false,0
Q012079,false,0
Q012080,false,0
Q012081,false,0
Q012082,false,0
Q012083,false,0
Q012084,false,0
Q012085,false,0
Q012086,false,0
Q012087,false,0
Q012088,false,0
Q012089,false,0
Q012090,false,0
Q012091,false,0
Q012092,false,0
Q012093,false,0
Q012094,false,0
Q012095,false,0
Q012096,false,0
Q012097,false,0
Q012098,false,0
Q012099,false,0
Q012100,false,0
Q012101,false,0
Q012102,false,0
Q012103,false,0
Q012104,false,0
Q012105,false,0
Q012106,false,0
Q012107,false,0
Q012108,false,0
Q012109,false,0
Q012110,false,0
Q012111,false,0
Q012112,false,0
Q012113,false,0
Q012114,false,0
Q012115,false,0
Q012116,false,0
Q012117,false,0
Q012118,false,0
Q012119,false,0
Q012120,false,0
Q012121,false,0
Q012122,false,0
Q012123,false,0
Q012124,false,0
Q012125,false,0
Q012126,false,0
Q012127,false,0
Q012128,false,0
Q012129,false,0
Q012130,false,0
Q012131,false,0
Q012132,false,0
Q012133,false,0
Q012134,false,0
Q012135,false,0
Q012136,false,0
Q012137,false,0
Q012138,false,0
Q012139,false,0
Q012140,false,0
Q012141,false,0
Q012142,false,0
Q012143,false,0
Q012144,false,0
Q012145,false,0
Q012146,false,0
Q012147,false,0
Q012148,false,0
Q012149,false,0
Q012150,false,0
Q012151,false,0
Q012152,false,0
Q012153,false,0
Q012154,false,0
Q012155,false,0
Q012156,false,0
Q012157,false,0
Q012158,false,0
Q012159,false,0
Q012160,false,0
Q012161,false,0
Q012162,false,0
Q012163,false,0
Q012164,false,0
Q012165,false,0
Q012166,false,0
Q012167,false,0
Q012168,false,0
Q012169,false,0
Q012170,false,0
Q012171,false,0
Q012172,false,0
Q012173,false,0
Q012174,false,0
Q012175,false,0
Q012176,false,0
Q012177,false,0
Q012178,false,0
Q012179,false,0
Q012180,false,0
Q012181,false,0
Q012182,false,0
Q012183,false,0
Q012184,false,0
Q012185,false,0
Q012186,false,0
Q012187,false,0
Q012188,false,0
Q012189,false,0
Q012190,false,0
Q012191,false,0
Q012192,false,0
Q012193,false,0
Q012194,false,0
Q012195,false,0
Q012196,false,0
Q012197,false,0
Q012198,false,0
Q012199,false,0
Q012200,false,0
Q012201,false,0
Q012202,false,0
Q012203,false,0
Q012204,false,0
Q012205,false,0
Q012206,false,0
Q012207,false,0
Q012208,false,0
Q012209,false,0
Q012210,false,0
Q012211,false,0
Q012212,false,0
Q012213,false,0
Q012214,false,0
Q012215,false,0
Q012216,false,0
Q012217,false,0
Q012218,false,0
Q012219,false,0
Q012220,false,0
Q012221,false,0
Q012222,false,0
Q012223,false,0
Q012224,false,0
Q012225,false,0
Q012226,false,0
Q012227,false,0
Q012228,false,0
Q012229,false,0
Q012230,false,0
Q012231,false,0
Q012232,false,0
Q012233,false,0
Q012234,false,0
Q012235,false,0
Q012236,false,0
Q012237,false,0
Q012238,false,0
Q012239,false,0
Q012240,false,0
Q012241,false,0
Q012242,false,0
Q012243,false,0
Q012244,false,0
Q012245,false,0
Q012246,false,0
Q012247,false,0
Q012248,false,0
Q012249,false,0
Q012250,false,0
Q012251,false,0
Q012252,false,0
Q012253,false,0
Q012254,false,0
Q012255,false,0
Q012256,false,0
Q012257,false,0
Q012258,false,0
Q012259,false,0
Q012260,false,0
Q012261,false,0
Q012262,false,0
Q012263,false,0
Q012264,false,0
Q012265,false,0
Q012266,false,0
Q012267,false,0
Q012268,false,0
Q012269,false,0
Q012270,false,0
Q012271,false,0
Q012272,false,0
Q012273,false,0
Q012274,false,0
Q012275,false,0
Q012276,false,0
Q012277,false,0
Q012278,false,0
Q012279,false,0
Q012280,false,0
Q012281,false,0
Q012282,false,0
Q012283,false,0
Q012284,false,0
Q012285,false,0
Q012286,false,0
Q012287,false,0
Q012288,false,0
Q012289,false,0
Q012290,false,0
Q012291,false,0
Q012292,false,0
Q012293,false,0
Q012294,false,0
Q012295,false,0
Q012296,false,0
Q012297,false,0
Q012298,false,0
Q012299,false,0
Q012300,false,0
Q012301,false,0
Q012302,false,0
Q012303,false,0
Q012304,false,0
Q012305,false,0
Q012306,false,0
Q012307,false,0
Q012308,false,0
Q012309,false,0
Q012310,false,0
Q012311,false,0
Q012312,false,0
Q012313,false,0
Q012314,false,0
Q012315,false,0
Q012316,false,0
Q012317,false,0
Q012318,false,0
Q012319,false,0
Q012320,false,0
Q012321,false,0
Q012322,false,0
Q012323,false,0
Q012324,false,0
Q012325,false,0
Q012326,false,0
Q012327,false,0
Q012328,false,0
Q012329,false,0
Q012330,false,0
Q012331,false,0
Q012332,false,0
Q012333,false,0
Q012334,false,0
Q012335,false,0
Q012336,false,0
Q012337,false,0
Q012338,false,0
Q012339,false,0
Q012340,false,0
Q012341,false,0
Q012342,false,0
Q012343,false,0
Q012344,false,0
Q012345,false,0
Q012346,false,0
Q012347,false,0
Q012348,false,0
Q012349,false,0
Q012350,false,0
Q012351,false,0
Q012352,false,0
Q012353,false,0
Q012354,false,0
Q012355,false,0
Q012356,false,0
Q012357,false,0
Q012358,false,0
Q012359,false,0
Q012360,false,0
Q012361,false,0
Q012362,false,0
Q012363,false,0
Q012364,false,0
Q012365,false,0
Q012366,false,0
Q012367,false,0
Q012368,false,0
Q012369,false,0
Q012370,false,0
Q012371,false,0
Q012372,false,0
Q012373,false,0
Q012374,false,0
Q012375,false,0
Q012376,false,0
Q012377,false,0
Q012378,false,0
Q012379,false,0
Q012380,false,0
Q012381,false,0
Q012382,false,0
Q012383,false,0
Q012384,false,0
Q012385,false,0
Q012386,false,0
Q012387,false,0
Q012388,false,0
Q012389,false,0
Q012390,false,0
Q012391,false,0
Q012392,false,0
Q012393,false,0
Q012394,false,0
Q012395,false,0
Q012396,false,0
Q012397,false,0
Q012398,false,0
Q012399,false,0
Q012400,false,0
Q012401,false,0
Q012402,false,0
Q012403,false,0
Q012404,false,0
Q012405,false,0
Q012406,false,0
Q012407,false,0
Q012408,false,0
Q012409,false,0
Q012410,false,0
Q012411,false,0
Q012412,false,0
Q012413,false,0
Q012414,false,0
Q012415,false,0
Q012416,false,0
Q012417,false,0
Q012418,false,0
Q012419,false,0
Q012420,false,0
Q012421,false,0
Q012422,false,0
Q012423,false,0
Q012424,false,0
Q012425,false,0
Q012426,false,0
Q012427,false,0
Q012428,false,0
Q012429,false,0
Q012430,false,0
Q012431,false,0
Q012432,false,0
Q012433,false,0
Q012434,false,0
Q012435,false,0
Q012436,false,0
Q012437,false,0
Q012438,false,0
Q012439,false,0
Q012440,false,0
Q012441,false,0
Q012442,false,0
Q012443,false,0
Q012444,false,0
Q012445,false,0
Q012446,false,0
Q012447,false,0
Q012448,false,0
Q012449,false,0
Q012450,false,0
Q012451,false,0
Q012452,false,0
Q012453,false,0
Q012454,false,0
Q012455,false,0
Q012456,false,0
Q012457,false,0
Q012458,false,0
Q012459,false,0
Q012460,false,0
Q012461,false,0
Q012462,false,0
Q012463,false,0
Q012464,false,0
Q012465,false,0
Q012466,false,0
Q012467,false,0
Q012468,false,0
Q012469,false,0
Q012470,false,0
Q012471,false,0
Q012472,false,0
Q012473,false,0
Q012474,false,0
Q012475,false,0
Q012476,false,0
Q012477,false,0
Q012478,false,0
Q012479,false,0
Q012480,false,0
Q012481,false,0
Q012482,false,0
Q012483,false,0
Q012484,false,0
Q012485,false,0
Q012486,false,0
Q012487,false,0
Q012488,false,0
Q012489,false,0
Q012490,false,0
Q012491,false,0
Q012492,false,0
Q012493,false,0
Q012494,false,0
Q012495,false,0
Q012496,false,0
Q012497,false,0
Q012498,false,0
Q012499,false,0
Q012500,false,0
Q012501,false,0
Q012502,false,0
Q012503,false,0
Q012504,false,0
Q012505,false,0
Q012506,false,0
Q012507,false,0
Q012508,false,0
Q012509,false,0
Q012510,false,0
Q012511,false,0
Q012512,false,0
Q012513,false,0
Q012514,false,0
Q012515,false,0
Q012516,false,0
Q012517,false,0
Q012518,false,0
Q012519,false,0
Q012520,false,0
Q012521,false,0
Q012522,false,0
Q012523,false,0
Q012524,false,0
Q012525,false,0
Q012526,false,0
Q012527,false,0
Q012528,false,0
Q012529,false,0
Q012530,false,0
Q012531,false,0
Q012532,false,0
Q012533,false,0
Q012534,false,0
Q012535,false,0
Q012536,false,0
Q012537,false,0
Q012538,false,0
Q012539,false,0
Q012540,false,0
Q012541,false,0
Q012542,false,0
Q012543,false,0
Q012544,false,0
Q012545,false,0
Q012546,false,0
Q012547,false,0
Q012548,false,0
Q012549,false,0
Q012550,false,0
Q012551,false,0
Q012552,false,0
Q012553,false,0
Q012554,false,0
Q012555,false,0
Q012556,false,0
Q012557,false,0
Q012558,false,0
Q012559,false,0
Q012560,false,0
Q012561,false,0
Q012562,false,0
Q012563,false,0
Q012564,false,0
Q012565,false,0
Q012566,false,0
Q012567,false,0
Q012568,false,0
Q012569,false,0
Q012570,false,0
Q012571,false,0
Q012572,false,0
Q012573,false,0
Q012574,false,0
Q012575,false,0
Q012576,false,0
Q012577,false,0
Q012578,false,0
Q012579,false,0
Q012580,false,0
Q012581,false,0
Q012582,false,0
Q012583,false,0
Q012584,false,0
Q012585,false,0
Q012586,false,0
Q012587,false,0
Q012588,false,0
Q012589,false,0
Q012590,false,0
Q012591,false,0
Q012592,false,0
Q012593,false,0
Q012594,false,0
Q012595,false,0
Q012596,false,0
Q012597,false,0
Q012598,false,0
Q012599,false,0
Q012600,false,0
Q012601,false,0
Q012602,false,0
Q012603,false,0
Q012604,false,0
Q012605,false,0
Q012606,false,0
Q012607,false,0
Q012608,false,0
Q012609,false,0
Q012610,false,0
Q012611,false,0
Q012612,false,0
Q012613,false,0
Q012614,false,0
Q012615,false,0
Q012616,false,0
Q012617,false,0
Q012618,false,0
Q012619,false,0
Q012620,false,0
Q012621,false,0
Q012622,false,0
Q012623,false,0
Q012624,false,0
Q012625,false,0
Q012626,false,0
Q012627,false,0
Q012628,false,0
Q012629,false,0
Q012630,false,0
Q012631,false,0
Q012632,false,0
Q012633,false,0
Q012634,false,0
Q012635,false,0
Q012636,false,0
Q012637,false,0
Q012638,false,0
Q012639,false,0
Q012640,false,0
Q012641,false,0
Q012642,false,0
Q012643,false,0
Q012644,false,0
Q012645,false,0
