feature_id,parent_id,category,depth,experimental,standard_track,deprecated,regime
F00002,F08894,webdriver,5,no,yes,no,derivative1
F00003,F00142,api,3,no,yes,no,random2
F00004,F13163,css,4,no,yes,no,lineage_pair
F00005,F15754,css,4,yes,yes,no,engine_webkit
F00006,F04521,api,3,no,yes,no,source1
F00007,F16108,api,3,no,yes,no,random2
F00008,F10738,api,3,no,yes,no,engine_webkit
F00009,api,api,2,no,no,yes,lineage_pair
F00010,F17370,api,3,no,yes,no,random2
F00012,F17314,api,3,yes,yes,no,lineage_pair
F00013,F12516,html,5,yes,yes,no,source1
F00014,F09938,api,3,no,yes,no,engine_webkit
F00015,F08843,api,3,no,yes,no,lineage_pair
F00016,F15577,html,4,yes,yes,no,lineage_pair
F00017,F05651,javascript,5,no,yes,no,source1
F00018,F13574,css,4,no,yes,no,source1
F00019,F07731,http,4,no,yes,no,source1
F00022,F03421,css,5,no,yes,no,random2
F00023,F04821,css,4,no,yes,no,random2
F00024,F08731,api,3,no,yes,no,source1
F00025,F09208,api,3,no,yes,no,lineage_pair
F00028,F16028,css,4,no,yes,no,source1
F00029,F12276,javascript,4,no,yes,no,derivative1
F00030,F17747,api,3,no,yes,no,derivative1
F00032,javascript,javascript,3,no,yes,no,random2
F00033,F17699,api,4,yes,no,no,lineage_pair
F00034,F17879,api,3,no,yes,no,engine_webkit
F00035,F11571,api,3,no,yes,no,derivative1
F00036,F08864,css,4,no,yes,no,engine_webkit
F00037,F03319,api,3,no,yes,no,random2
F00038,F16108,api,3,no,yes,no,engine_webkit
F00039,F07595,api,3,no,yes,no,random2
F00041,F18491,api,3,no,yes,no,derivative1
F00042,F17212,api,3,no,yes,no,lineage_pair
F00043,F10314,api,3,no,yes,no,derivative1
F00046,F05640,api,3,no,yes,no,engine_webkit
F00047,F09339,api,3,yes,yes,no,derivative1
F00048,F13599,api,4,no,yes,no,source1
F00049,F05764,javascript,4,no,yes,no,random2
F00050,F18427,api,3,no,yes,no,random2
F00051,F04180,css,4,no,yes,no,source1
F00052,F12282,api,3,no,yes,no,derivative1
F00053,html,html,3,no,yes,no,derivative1
F00054,F08632,api,3,no,yes,no,source1
F00055,F08705,api,3,no,yes,no,lineage_pair
F00056,F18315,api,4,no,yes,no,random2
F00057,F14039,api,4,no,yes,no,engine_webkit
F00062,F15334,webdriver,4,no,yes,no,lineage_pair
F00064,css,css,3,yes,yes,no,lineage_pair
F00065,F08843,api,3,no,yes,no,source1
F00066,http,http,3,no,yes,no,lineage_pair
F00067,svg,svg,3,no,yes,no,source1
F00068,F06132,api,3,no,yes,no,random2
F00070,F06590,javascript,3,no,yes,no,derivative1
F00071,api,api,2,no,yes,no,source1
F00072,F03469,api,3,no,no,no,source1
F00074,F10818,css,4,yes,yes,no,source1
F00075,F02230,api,4,no,yes,no,engine_webkit
F00077,F12525,html,6,no,yes,no,lineage_pair
F00078,F13042,api,3,no,yes,no,source1
F00080,F09011,css,4,no,no,yes,derivative1
F00081,F09934,api,3,no,yes,no,random2
F00082,html,html,3,no,yes,yes,lineage_pair
F00083,F00015,api,4,no,yes,no,random2
F00085,F02670,api,3,yes,yes,no,engine_webkit
F00086,F18239,api,3,no,yes,no,source1
F00087,F17507,svg,4,no,yes,no,lineage_pair
F00088,F17765,html,4,no,yes,no,derivative1
F00089,F17925,javascript,4,no,yes,no,random2
F00090,F12185,css,4,yes,yes,no,engine_webkit
F00091,F11946,api,3,no,yes,yes,lineage_pair
F00093,css,css,3,no,yes,no,source1
F00094,javascript,javascript,3,no,yes,no,derivative1
F00095,F08108,css,4,no,yes,no,source1
F00097,F01878,api,3,no,yes,no,lineage_pair
F00098,F08403,api,3,no,no,yes,lineage_pair
F00099,F02519,api,3,no,yes,no,engine_webkit
F00100,api,api,2,no,yes,no,random2
F00101,F15446,api,3,no,yes,yes,source1
F00102,F01150,javascript,4,no,yes,no,random2
F00103,F17684,css,4,no,yes,no,lineage_pair
F00104,F01089,api,3,no,yes,no,lineage_pair
F00105,F11617,api,3,yes,no,no,lineage_pair
F00107,F08233,api,3,no,yes,no,random2
F00109,F05486,api,3,no,yes,no,engine_webkit
F00110,F01593,javascript,4,no,yes,no,lineage_pair
F00112,F13915,css,4,no,yes,no,engine_webkit
F00114,F09122,css,4,no,yes,no,derivative1
F00115,html,html,3,no,yes,no,source1
F00116,F08752,html,4,no,yes,yes,derivative1
F00117,F07587,api,3,no,no,yes,lineage_pair
F00118,F15405,api,3,no,yes,no,engine_webkit
F00119,F12426,api,3,no,no,yes,engine_webkit
F00120,F18118,api,3,no,yes,no,lineage_pair
F00121,html,html,3,no,yes,no,source1
F00122,F06916,api,3,no,yes,no,source1
F00123,F18238,api,3,no,yes,no,source1
F00124,F00863,javascript,4,no,yes,no,engine_webkit
F00125,F04398,api,3,no,yes,no,source1
F00126,F08214,api,3,no,yes,no,random2
F00127,F08336,javascript,5,no,yes,no,lineage_pair
F00129,F18491,api,3,no,yes,no,random2
F00130,api,api,2,no,yes,no,engine_webkit
F00131,F04579,css,4,no,yes,no,source1
F00132,F15329,css,4,no,yes,no,lineage_pair
F00133,F17250,api,3,no,yes,no,lineage_pair
F00134,F05352,api,3,no,yes,yes,derivative1
F00135,F13160,api,3,yes,yes,no,lineage_pair
F00136,F05764,javascript,4,no,yes,no,derivative1
F00137,F17907,api,4,no,yes,no,source1
F00139,F14350,api,3,yes,yes,no,source1
F00140,F18313,api,3,no,yes,no,source1
F00143,F12276,javascript,4,no,yes,no,random2
F00145,F02429,api,3,yes,yes,no,derivative1
F00146,F03591,api,4,yes,yes,no,lineage_pair
F00147,css,css,3,no,yes,no,derivative1
F00148,css,css,3,no,yes,no,source1
F00149,F12321,api,3,yes,yes,no,lineage_pair
F00150,F07543,css,4,no,yes,no,derivative1
F00151,F03746,api,3,no,yes,no,derivative1
F00152,F09945,api,3,no,no,yes,random2
F00153,F01861,api,3,no,yes,no,random2
F00154,F07304,api,3,yes,yes,no,engine_webkit
F00155,F12600,api,3,no,yes,no,engine_webkit
F00157,api,api,2,no,yes,no,engine_webkit
F00158,F06358,css,4,no,yes,no,source1
F00161,F10746,api,3,yes,yes,no,random2
F00163,F07327,css,4,yes,yes,no,source1
F00164,F01878,api,3,no,yes,no,source1
F00165,F13331,css,4,no,yes,no,source1
F00167,F14173,api,3,yes,yes,no,source1
F00168,F12499,css,4,no,yes,no,random2
F00169,F09912,api,5,no,yes,no,source1
F00170,F01178,css,4,no,yes,no,derivative1
F00171,F10511,api,3,no,yes,no,derivative1
F00172,F15105,css,4,yes,yes,no,random2
F00173,F05764,javascript,4,no,yes,no,lineage_pair
F00174,F06796,webdriver,5,no,yes,no,source1
F00175,F01719,webdriver,5,no,yes,no,lineage_pair
F00177,F07349,api,4,yes,no,no,random2
F00178,F14125,api,3,no,yes,no,engine_webkit
F00179,F00142,api,3,no,yes,no,derivative1
F00180,F14823,css,4,no,yes,no,engine_webkit
F00181,api,api,2,yes,yes,no,derivative1
F00182,F11009,api,3,no,yes,no,random2
F00183,F15017,javascript,4,no,yes,no,source1
F00184,F12321,api,3,yes,yes,no,lineage_pair
F00185,F14507,api,3,no,yes,no,lineage_pair
F00186,F18450,api,3,yes,yes,no,engine_webkit
F00188,F02967,api,3,no,yes,no,lineage_pair
F00190,F04026,api,3,no,yes,no,random2
F00191,F11683,api,3,no,yes,no,engine_webkit
F00192,F06990,javascript,5,no,yes,no,source1
F00193,api,api,2,no,yes,yes,derivative1
F00195,F05651,javascript,5,no,yes,no,random2
F00196,F07547,api,3,no,yes,no,source1
F00197,http,http,3,yes,yes,no,engine_webkit
F00199,F06965,api,4,no,yes,no,random2
F00200,F01540,css,4,no,yes,no,lineage_pair
F00202,F08632,api,3,no,yes,no,random2
F00203,F16119,css,4,no,yes,no,lineage_pair
F00204,F05891,css,4,no,yes,no,lineage_pair
F00205,F18491,api,3,no,yes,no,lineage_pair
F00206,F04521,api,3,no,yes,no,derivative1
F00207,F05834,css,4,no,yes,no,random2
F00209,F13069,api,3,no,yes,no,source1
F00210,F04593,api,4,no,yes,no,random2
F00212,F16437,api,5,no,yes,no,random2
F00213,F12449,api,3,no,yes,no,lineage_pair
F00215,F13292,api,3,no,yes,no,derivative1
F00216,F05087,api,3,no,yes,no,source1
F00217,F12276,javascript,4,no,yes,no,random2
F00218,F14173,api,3,yes,yes,no,lineage_pair
F00219,F17971,html,6,yes,yes,no,random2
F00221,F09126,css,4,no,yes,no,derivative1
F00222,F00451,css,4,no,yes,no,engine_webkit
F00224,F13585,css,4,no,yes,no,random2
F00225,F06898,css,4,no,yes,no,derivative1
F00227,F00451,css,4,no,yes,no,engine_webkit
F00229,api,api,2,no,yes,no,lineage_pair
F00230,F04854,api,3,no,yes,no,source1
F00231,F02478,api,4,no,yes,no,derivative1
F00232,F05643,api,3,yes,yes,no,derivative1
F00233,F06864,api,3,yes,yes,no,source1
F00234,F13096,api,3,no,yes,no,source1
F00235,F13041,css,4,no,yes,no,random2
F00236,api,api,2,no,yes,no,derivative1
F00237,F14887,api,3,yes,yes,no,derivative1
F00238,html,html,3,no,yes,no,random2
F00239,css,css,3,yes,yes,no,random2
F00242,F06085,webdriver,6,yes,yes,no,engine_webkit
F00243,F16591,api,3,no,yes,no,source1
F00244,F14244,css,4,no,yes,no,source1
F00245,F04737,api,4,no,yes,no,engine_webkit
F00246,javascript,javascript,3,no,yes,no,random2
F00247,F15003,javascript,4,no,no,no,derivative1
F00248,F13634,css,4,no,yes,no,engine_webkit
F00249,F02440,api,3,no,yes,no,engine_webkit
F00250,api,api,2,no,yes,no,engine_webkit
F00251,F01019,api,3,no,yes,no,random2
F00252,F04521,api,3,no,yes,no,source1
F00254,F09670,webdriver,5,no,yes,no,derivative1
F00255,F15501,http,5,no,yes,no,random2
F00256,F14633,api,3,no,yes,no,source1
F00257,F05960,api,3,no,yes,no,random2
F00258,html,html,3,no,yes,no,lineage_pair
F00259,F07595,api,3,no,yes,no,engine_webkit
F00260,F00724,webdriver,5,no,yes,no,lineage_pair
F00262,css,css,3,no,yes,no,derivative1
F00264,javascript,javascript,3,no,yes,no,random2
F00266,F10283,css,4,no,no,yes,random2
F00267,F04347,api,4,yes,yes,no,lineage_pair
F00268,F18200,api,3,no,yes,no,engine_webkit
F00269,F07621,css,4,yes,yes,no,derivative1
F00270,F13160,api,3,yes,yes,no,lineage_pair
F00271,F04577,webdriver,5,no,yes,no,source1
F00273,F10487,svg,4,no,yes,no,random2
F00275,F17147,css,4,no,yes,no,source1
F00276,F09938,api,3,no,yes,no,random2
F00279,F07971,api,3,no,yes,yes,lineage_pair
F00280,F08589,api,3,yes,yes,no,derivative1
F00281,F14151,api,3,no,yes,no,derivative1
F00282,api,api,2,no,yes,no,derivative1
F00283,F17989,api,3,no,yes,no,lineage_pair
F00284,F05859,html,4,no,yes,yes,source1
F00285,F05820,css,4,yes,yes,no,random2
F00287,F02271,css,4,yes,yes,no,lineage_pair
F00289,api,api,2,no,yes,no,engine_webkit
F00290,css,css,3,no,yes,no,random2
F00291,F13261,css,4,no,yes,no,source1
F00292,F07274,html,4,no,yes,no,source1
F00294,F06877,webdriver,5,no,yes,no,derivative1
F00296,F03469,api,3,no,yes,no,lineage_pair
F00297,F00727,api,3,yes,yes,no,random2
F00298,javascript,javascript,3,no,yes,no,lineage_pair
F00299,F16100,webdriver,5,no,yes,no,random2
F00300,F04315,api,3,yes,yes,no,source1
F00304,F14733,api,3,yes,yes,no,engine_webkit
F00305,F13579,html,4,no,yes,no,derivative1
F00306,F07395,api,3,yes,yes,no,lineage_pair
F00307,F14241,svg,4,no,yes,no,source1
F00308,css,css,3,no,no,no,source1
F00310,F16275,http,4,yes,yes,no,derivative1
F00311,F16329,api,3,no,yes,no,random2
F00312,F05752,api,3,no,yes,no,engine_webkit
F00313,css,css,3,no,no,no,random2
F00314,F08384,api,3,yes,yes,no,source1
F00316,F11770,css,5,no,yes,no,source1
F00318,F00665,api,4,no,yes,no,engine_webkit
F00319,F08843,api,3,no,yes,no,engine_webkit
F00320,css,css,3,yes,yes,no,lineage_pair
F00324,F13786,api,3,yes,yes,no,lineage_pair
F00325,F00866,css,4,yes,yes,no,random2
F00326,F11456,css,4,no,yes,no,random2
F00327,F03998,api,3,no,no,no,source1
F00328,F02893,webdriver,5,no,yes,no,derivative1
F00329,F04821,css,4,no,yes,no,lineage_pair
F00330,F17111,javascript,5,no,yes,no,lineage_pair
F00331,F11009,api,3,no,yes,no,derivative1
F00332,css,css,3,no,yes,no,random2
F00335,F09938,api,3,no,yes,no,random2
F00336,F01944,api,3,no,yes,yes,lineage_pair
F00337,F17322,api,3,no,yes,no,random2
F00339,api,api,2,no,yes,no,source1
F00344,F08843,api,3,no,yes,no,derivative1
F00345,F12321,api,3,yes,yes,no,engine_webkit
F00346,F13681,api,3,no,yes,no,source1
F00348,F09019,api,3,no,yes,no,source1
F00350,F14650,api,5,no,yes,no,source1
F00351,F07918,api,3,yes,yes,no,source1
F00352,F11395,api,3,no,yes,no,derivative1
F00353,F03312,css,4,no,yes,no,lineage_pair
F00356,F17303,css,4,no,yes,no,engine_webkit
F00358,F16466,http,4,no,yes,no,random2
F00359,F15851,css,4,yes,yes,no,derivative1
F00360,F13419,api,3,no,yes,yes,derivative1
F00362,F15012,api,3,yes,yes,no,source1
F00366,css,css,3,no,yes,no,source1
F00367,F04508,html,5,no,no,no,derivative1
F00368,F08420,css,4,no,no,no,derivative1
F00370,F09994,css,4,no,yes,no,lineage_pair
F00371,F05170,api,3,yes,yes,no,derivative1
F00372,css,css,3,no,yes,no,derivative1
F00373,F03766,api,3,yes,yes,no,source1
F00374,F02195,api,3,no,yes,no,source1
F00375,F18001,api,3,no,yes,no,source1
F00377,html,html,3,no,yes,yes,source1
F00379,F05723,api,3,no,yes,no,engine_webkit
F00380,F03504,api,3,yes,yes,no,source1
F00382,F04069,api,3,no,yes,no,random2
F00384,html,html,3,no,yes,no,random2
F00385,F09398,javascript,4,no,yes,no,engine_webkit
F00387,F08233,api,3,no,yes,no,lineage_pair
F00388,F04760,api,3,no,yes,no,random2
F00389,F07212,api,3,no,no,yes,lineage_pair
F00390,F13594,api,3,no,yes,no,lineage_pair
F00391,F15959,api,3,no,yes,no,derivative1
F00392,F14252,api,3,no,yes,no,derivative1
F00393,F05651,javascript,5,no,yes,no,derivative1
F00394,F03998,api,3,no,yes,no,engine_webkit
F00395,F10196,html,5,no,yes,no,source1
F00396,F02730,api,3,no,yes,no,random2
F00397,css,css,3,no,yes,no,source1
F00398,F13941,webdriver,4,yes,yes,no,random2
F00399,F15911,javascript,4,no,yes,no,lineage_pair
F00400,F08420,css,4,no,yes,no,derivative1
F00401,F07029,svg,4,no,yes,no,lineage_pair
F00403,F01132,html,4,no,yes,no,random2
F00404,F12892,api,3,no,yes,no,engine_webkit
F00405,api,api,2,no,yes,no,derivative1
F00406,F02242,css,4,no,yes,no,engine_webkit
F00407,css,css,3,no,no,no,source1
F00409,F12982,api,3,yes,yes,no,lineage_pair
F00410,F00505,api,3,no,yes,no,source1
F00411,F13601,javascript,4,yes,yes,no,source1
F00413,F09122,css,4,no,yes,no,lineage_pair
F00414,html,html,3,no,yes,no,random2
F00415,api,api,2,yes,yes,no,source1
F00416,F01878,api,3,no,yes,no,engine_webkit
F00417,javascript,javascript,3,no,yes,no,lineage_pair
F00418,F14699,html,4,no,yes,yes,lineage_pair
F00419,F13574,css,4,no,yes,no,lineage_pair
F00421,F15666,css,4,no,yes,no,random2
F00423,F17315,api,3,no,yes,no,engine_webkit
F00424,F00282,api,3,no,yes,no,derivative1
F00425,css,css,3,no,yes,no,engine_webkit
F00428,F04521,api,3,no,yes,no,derivative1
F00429,F11021,api,3,no,yes,no,lineage_pair
F00430,css,css,3,no,yes,no,engine_webkit
F00431,F09313,api,3,no,yes,no,source1
F00434,F03141,css,4,no,yes,no,derivative1
F00435,F09208,api,3,no,yes,no,source1
F00436,F06687,api,3,no,yes,yes,random2
F00437,F17193,api,3,no,no,yes,engine_webkit
F00438,F16108,api,3,no,yes,yes,engine_webkit
F00439,F07530,css,4,no,yes,no,random2
F00440,F02020,css,4,yes,yes,no,lineage_pair
F00441,F12943,api,3,no,yes,no,source1
F00442,F11565,http,4,no,no,yes,source1
F00444,F14571,api,3,no,yes,no,random2
F00445,F17548,api,4,no,yes,no,lineage_pair
F00446,F16275,http,4,yes,yes,no,lineage_pair
F00448,F05690,http,4,no,yes,no,source1
F00449,F15164,api,4,no,yes,no,random2
F00450,F04521,api,3,no,yes,no,source1
F00451,css,css,3,no,yes,no,engine_webkit
F00454,F01089,api,3,no,yes,no,source1
F00455,F11883,api,3,no,yes,no,source1
F00456,F08420,css,4,no,yes,no,lineage_pair
F00457,F16585,api,3,yes,yes,no,lineage_pair
F00459,F13449,webdriver,5,no,yes,no,random2
F00461,F08731,api,3,no,yes,no,lineage_pair
F00462,F12479,api,3,no,yes,no,random2
F00463,F09546,api,4,no,yes,no,engine_webkit
F00465,javascript,javascript,3,no,yes,no,engine_webkit
F00466,F14616,api,3,no,yes,yes,engine_webkit
F00468,F07712,html,4,no,yes,yes,random2
F00469,api,api,2,no,yes,no,derivative1
F00470,F10449,svg,4,no,yes,no,random2
F00471,javascript,javascript,3,no,yes,no,random2
F00472,F08420,css,4,no,yes,no,engine_webkit
F00473,F05851,html,4,no,yes,yes,source1
F00475,F17548,api,4,no,yes,no,derivative1
F00476,F01150,javascript,4,no,yes,yes,engine_webkit
F00478,F13251,webdriver,4,no,yes,no,lineage_pair
F00479,F15754,css,4,yes,yes,no,engine_webkit
F00480,F08843,api,3,no,yes,no,engine_webkit
F00481,F07874,api,3,no,yes,no,engine_webkit
F00482,F13574,css,4,no,no,no,random2
F00484,api,api,2,no,yes,no,derivative1
F00485,F14731,api,3,no,yes,no,derivative1
F00486,F01150,javascript,4,no,yes,no,lineage_pair
F00487,F11064,api,3,no,yes,no,derivative1
F00488,api,api,2,yes,no,no,derivative1
F00489,svg,svg,3,no,yes,no,engine_webkit
F00490,F06908,webdriver,5,no,yes,no,source1
F00491,F01814,api,3,no,yes,no,lineage_pair
F00492,F03020,css,4,no,yes,no,engine_webkit
F00493,F08242,api,3,yes,yes,no,source1
F00494,F05042,svg,4,no,yes,no,lineage_pair
F00496,F09200,api,3,yes,yes,no,derivative1
F00497,F09897,api,3,no,yes,no,engine_webkit
F00498,F05352,api,3,no,yes,no,derivative1
F00499,css,css,3,yes,yes,no,derivative1
F00500,F15959,api,3,no,yes,no,random2
F00501,css,css,3,yes,yes,no,derivative1
F00502,F18491,api,3,no,yes,no,engine_webkit
F00503,F12262,javascript,5,no,yes,no,lineage_pair
F00505,api,api,2,no,yes,no,source1
F00506,F12321,api,3,yes,yes,no,engine_webkit
F00507,F07988,api,3,no,yes,no,derivative1
F00511,F15446,api,3,no,no,no,engine_webkit
F00513,F10341,css,4,no,yes,no,derivative1
F00514,F05948,css,4,no,yes,no,source1
F00515,F15982,html,4,no,yes,yes,source1
F00516,F05690,http,4,no,yes,no,source1
F00517,F07595,api,3,no,yes,no,source1
F00521,F01089,api,3,no,yes,no,random2
F00522,F15688,webdriver,5,no,yes,no,source1
F00523,F09247,api,4,no,yes,no,random2
F00524,F12923,api,3,no,yes,no,random2
F00525,F01571,api,4,no,yes,no,engine_webkit
F00527,F08233,api,3,no,yes,no,lineage_pair
F00528,F02846,api,3,no,no,no,engine_webkit
F00529,F10953,api,3,no,yes,no,engine_webkit
F00530,F06590,javascript,3,no,yes,no,source1
F00533,javascript,javascript,3,no,yes,no,source1
F00534,F12525,html,6,no,yes,no,source1
F00535,F16049,api,3,no,yes,no,random2
F00536,F01178,css,4,no,yes,no,lineage_pair
F00538,F04949,api,3,yes,yes,no,random2
F00539,F02967,api,3,no,yes,no,random2
F00543,F14903,api,3,no,yes,no,random2
F00544,css,css,3,yes,yes,no,derivative1
F00545,F03829,api,3,yes,yes,no,lineage_pair
F00546,F18491,api,3,no,yes,no,derivative1
F00549,F01150,javascript,4,no,yes,no,source1
F00550,F10644,api,3,no,yes,no,engine_webkit
F00551,F05234,api,3,yes,yes,no,source1
F00552,F11721,api,4,no,yes,no,source1
F00553,F04804,javascript,5,no,yes,no,random2
F00554,F00290,css,4,no,yes,no,engine_webkit
F00555,F06136,api,3,no,yes,no,random2
F00556,F10468,api,3,yes,yes,no,lineage_pair
F00558,F14125,api,3,no,yes,no,lineage_pair
F00559,F01701,css,4,no,yes,no,derivative1
F00560,javascript,javascript,3,no,yes,no,lineage_pair
F00561,F07542,svg,4,no,yes,no,engine_webkit
F00562,F13086,api,3,no,yes,no,engine_webkit
F00563,F00121,html,4,no,yes,no,lineage_pair
F00564,F01150,javascript,4,no,yes,no,engine_webkit
F00565,F12898,css,5,no,yes,no,lineage_pair
F00567,F15583,css,4,yes,yes,no,source1
F00568,F10914,css,4,no,yes,no,derivative1
F00569,F08749,api,3,no,yes,no,source1
F00570,F01878,api,3,no,yes,no,source1
F00571,F06425,api,3,yes,yes,no,lineage_pair
F00572,F17111,javascript,5,no,yes,no,source1
F00573,F07595,api,3,no,yes,no,source1
F00574,F10967,http,4,no,no,yes,source1
F00575,F09126,css,4,no,yes,no,derivative1
F00579,F12561,api,3,no,yes,no,random2
F00580,F10953,api,3,no,yes,no,source1
F00581,F05960,api,3,no,yes,no,source1
F00582,F13251,webdriver,4,no,yes,no,lineage_pair
F00583,api,api,2,no,yes,no,engine_webkit
F00584,F13041,css,4,no,yes,no,derivative1
F00586,F18161,api,3,no,yes,no,random2
F00588,F16006,api,4,no,yes,yes,random2
F00589,api,api,2,no,no,yes,engine_webkit
F00590,api,api,2,yes,yes,no,lineage_pair
F00591,F13574,css,4,no,yes,no,random2
F00592,F02280,api,3,yes,yes,no,engine_webkit
F00594,F15654,javascript,5,no,yes,no,random2
F00595,F11914,api,4,yes,no,no,random2
F00596,F15017,javascript,4,no,yes,no,random2
F00597,F11395,api,3,no,yes,no,lineage_pair
F00598,http,http,3,no,yes,no,lineage_pair
F00599,F03766,api,3,yes,yes,no,engine_webkit
F00600,F17699,api,4,no,yes,no,engine_webkit
F00601,F05763,css,4,no,yes,no,source1
F00602,F12282,api,3,no,yes,no,source1
F00603,css,css,3,yes,yes,no,source1
F00604,F08138,svg,4,no,yes,no,lineage_pair
F00605,F04854,api,3,no,yes,no,random2
F00606,F10053,api,3,no,yes,no,lineage_pair
F00608,F00488,api,3,yes,no,no,random2
F00610,F04064,css,4,yes,yes,no,random2
F00611,api,api,2,no,yes,no,derivative1
F00612,F08731,api,3,no,yes,no,lineage_pair
F00613,api,api,2,no,yes,no,derivative1
F00614,api,api,2,no,yes,yes,lineage_pair
F00615,F14125,api,3,yes,no,no,random2
F00616,F08700,http,3,no,yes,no,derivative1
F00617,F14887,api,3,yes,yes,no,random2
F00618,css,css,3,no,yes,no,engine_webkit
F00619,F12514,api,3,no,yes,no,source1
F00621,F11695,css,5,no,yes,no,lineage_pair
F00622,F10048,webdriver,5,no,yes,no,engine_webkit
F00624,F05891,css,4,no,yes,no,engine_webkit
F00625,F08384,api,3,no,yes,no,random2
F00626,F17699,api,4,no,yes,no,random2
F00627,F07198,api,3,yes,yes,no,engine_webkit
F00628,F04821,css,4,no,yes,no,random2
F00629,F14241,svg,4,no,yes,no,random2
F00630,F06212,css,4,no,yes,no,source1
F00632,html,html,3,no,yes,yes,random2
F00633,F11009,api,3,no,yes,no,engine_webkit
F00634,F14904,api,3,no,no,yes,source1
F00635,F18368,css,4,yes,yes,no,engine_webkit
F00636,F16275,http,4,yes,yes,no,random2
F00637,F14865,html,4,no,yes,yes,source1
F00640,F17927,api,3,yes,yes,no,source1
F00641,F14731,api,3,no,yes,no,source1
F00642,F12514,api,3,no,yes,no,derivative1
F00643,F14421,css,4,no,yes,no,source1
F00645,F01813,api,3,no,yes,no,engine_webkit
F00646,F07353,css,4,no,yes,no,random2
F00648,javascript,javascript,3,no,yes,no,source1
F00649,F08689,api,3,no,yes,no,engine_webkit
F00650,F01089,api,3,no,yes,no,random2
F00651,F15460,http,4,yes,yes,no,engine_webkit
F00652,F01300,api,3,no,yes,no,engine_webkit
F00653,F07715,api,3,no,yes,no,lineage_pair
F00654,F17699,api,4,no,yes,no,lineage_pair
F00656,F07890,api,4,no,yes,no,engine_webkit
F00657,F00863,javascript,4,no,yes,no,lineage_pair
F00658,http,http,3,yes,yes,no,random2
F00659,http,http,3,no,yes,no,derivative1
F00660,F10468,api,3,yes,yes,no,derivative1
F00662,F00863,javascript,4,no,yes,no,engine_webkit
F00663,api,api,2,no,yes,no,engine_webkit
F00664,F07595,api,3,no,yes,no,engine_webkit
F00665,F05242,api,3,no,yes,no,random2
F00667,F04770,api,4,no,yes,no,random2
F00668,F16465,api,3,yes,yes,no,source1
F00669,F04398,api,3,no,yes,no,engine_webkit
F00670,F08731,api,3,no,yes,no,derivative1
F00671,F09945,api,3,no,yes,no,lineage_pair
F00672,F08377,api,3,yes,no,no,random2
F00673,F11391,api,4,no,yes,no,source1
F00674,F10953,api,3,no,yes,no,engine_webkit
F00675,F13601,javascript,4,no,yes,no,source1
F00676,F04834,api,3,no,yes,no,random2
F00677,api,api,2,no,yes,no,source1
F00679,F04521,api,3,no,yes,no,derivative1
F00680,F08843,api,3,yes,yes,no,random2
F00681,F08444,api,4,no,yes,no,derivative1
F00682,F14252,api,3,no,yes,no,random2
F00683,api,api,2,no,yes,no,source1
F00684,F00239,css,4,yes,yes,no,derivative1
F00685,F18491,api,3,no,yes,no,random2
F00686,api,api,2,no,yes,no,engine_webkit
F00687,F04398,api,3,no,yes,no,source1
F00688,F15501,http,5,no,yes,no,random2
F00689,F15666,css,4,no,yes,no,engine_webkit
F00690,F18491,api,3,no,yes,no,lineage_pair
F00692,api,api,2,yes,yes,no,derivative1
F00693,F18491,api,3,no,yes,no,derivative1
F00695,F08752,html,4,no,yes,yes,source1
F00696,F01080,api,3,no,yes,no,random2
F00697,F15577,html,4,no,no,yes,derivative1
F00698,F14699,html,4,yes,yes,no,source1
F00699,api,api,2,no,yes,no,source1
F00701,F09503,api,3,no,yes,no,random2
F00702,F08864,css,4,no,yes,no,engine_webkit
F00703,F17388,api,3,no,yes,no,source1
F00704,F12321,api,3,yes,yes,no,source1
F00705,css,css,3,no,yes,no,source1
F00706,F17111,javascript,5,no,yes,no,random2
F00707,F12892,api,3,no,yes,no,engine_webkit
F00708,F07342,javascript,4,no,yes,no,engine_webkit
F00710,F16408,api,3,no,yes,no,engine_webkit
F00711,F16152,css,5,no,yes,no,source1
F00712,F05900,api,3,yes,yes,no,random2
F00713,F13594,api,3,no,yes,no,random2
F00715,F13160,api,3,yes,yes,no,derivative1
F00717,F15017,javascript,4,no,yes,yes,engine_webkit
F00718,F10108,webdriver,5,no,yes,no,derivative1
F00719,F13008,api,3,yes,yes,no,engine_webkit
F00720,F00142,api,3,no,yes,no,engine_webkit
F00721,css,css,3,no,yes,no,engine_webkit
F00722,F00794,api,4,no,yes,no,source1
F00723,F13574,css,4,no,no,no,source1
F00724,F17795,webdriver,4,no,yes,no,lineage_pair
F00725,javascript,javascript,3,no,yes,no,derivative1
F00726,F08537,api,4,no,yes,no,random2
F00727,api,api,2,yes,yes,no,source1
F00728,F14823,css,4,no,yes,no,derivative1
F00729,F04521,api,3,no,yes,no,engine_webkit
F00730,F12099,html,4,no,yes,no,derivative1
F00731,F03812,css,4,no,yes,no,derivative1
F00732,api,api,2,no,yes,no,source1
F00733,api,api,2,yes,yes,no,random2
F00734,F18498,api,3,no,yes,no,lineage_pair
F00735,F06263,webdriver,6,yes,no,no,derivative1
F00736,F15657,api,3,no,yes,no,engine_webkit
F00737,F13239,api,3,no,yes,no,derivative1
F00739,css,css,3,no,yes,no,random2
F00740,F14421,css,4,no,yes,no,source1
F00741,api,api,2,yes,yes,no,derivative1
F00742,F08384,api,3,no,yes,no,source1
F00743,F06099,api,3,no,yes,no,derivative1
F00744,css,css,3,no,yes,no,source1
F00745,F10233,api,3,no,yes,no,derivative1
F00746,F18141,api,3,no,yes,no,engine_webkit
F00747,F16541,api,3,no,yes,no,derivative1
F00748,F01878,api,3,no,yes,no,random2
F00749,F06082,api,3,yes,yes,no,lineage_pair
F00751,F05781,api,3,no,yes,yes,source1
F00752,F12369,css,4,yes,yes,no,derivative1
F00753,F13914,css,4,no,yes,no,engine_webkit
F00754,F08414,api,3,no,yes,no,random2
F00755,F05345,css,4,no,yes,no,source1
F00756,F18171,javascript,4,no,yes,no,engine_webkit
F00757,F02506,css,4,yes,yes,no,lineage_pair
F00758,F04508,html,5,no,yes,no,source1
F00759,html,html,3,no,yes,no,random2
F00760,F08122,api,3,no,yes,no,derivative1
F00761,F08465,api,3,no,yes,no,derivative1
F00762,api,api,2,no,no,yes,source1
F00764,F01089,api,3,no,yes,no,random2
F00768,F05898,api,3,no,yes,no,engine_webkit
F00770,F02373,css,4,yes,yes,no,engine_webkit
F00771,F13594,api,3,no,yes,no,derivative1
F00772,F14650,api,5,no,yes,no,random2
F00773,F09398,javascript,4,no,yes,no,lineage_pair
F00774,F04639,api,3,no,yes,no,engine_webkit
F00775,F06082,api,3,no,no,yes,random2
F00776,F12321,api,3,yes,yes,no,random2
F00777,api,api,2,no,yes,no,engine_webkit
F00780,F06041,api,3,no,yes,no,engine_webkit
F00781,api,api,2,yes,yes,no,derivative1
F00782,F06041,api,3,no,yes,no,derivative1
F00783,F07547,api,3,no,yes,no,engine_webkit
F00784,F16108,api,3,no,no,yes,derivative1
F00785,F04526,api,3,no,yes,no,random2
F00786,F17819,api,3,no,yes,no,lineage_pair
F00787,F06161,api,3,no,yes,no,derivative1
F00788,F13112,css,4,no,yes,no,derivative1
F00789,F08420,css,4,no,yes,no,derivative1
F00790,F17949,css,4,no,yes,no,engine_webkit
F00791,F03180,api,3,yes,yes,no,random2
F00792,F07029,svg,4,no,yes,no,random2
F00793,F07917,api,3,no,yes,no,random2
F00794,F05242,api,3,no,yes,no,random2
F00795,api,api,2,yes,yes,no,derivative1
F00796,F06893,api,3,no,yes,no,derivative1
F00797,F14887,api,3,yes,yes,no,source1
F00798,F17270,css,4,yes,yes,no,source1
F00799,F05384,api,3,no,yes,no,lineage_pair
F00801,F07595,api,3,no,yes,no,engine_webkit
F00802,css,css,3,no,yes,no,engine_webkit
F00803,F01150,javascript,4,no,yes,no,derivative1
F00805,css,css,3,yes,yes,no,derivative1
F00806,F07893,api,3,no,yes,yes,engine_webkit
F00807,F15624,api,3,no,yes,no,lineage_pair
F00808,svg,svg,3,no,yes,no,engine_webkit
F00809,F13069,api,3,no,yes,no,random2
F00810,F03268,css,4,no,yes,no,source1
F00811,F10314,api,3,no,yes,no,engine_webkit
F00812,F16108,api,3,no,yes,no,lineage_pair
F00813,F02378,css,4,no,yes,no,random2
F00814,F11067,css,4,no,yes,no,derivative1
F00815,F02716,css,4,no,yes,no,source1
F00816,F06212,css,4,no,yes,no,engine_webkit
F00817,F18144,api,3,no,yes,no,lineage_pair
F00818,F07228,api,3,no,yes,no,lineage_pair
F00819,F07151,javascript,4,no,yes,no,random2
F00820,F08843,api,3,no,no,yes,engine_webkit
F00821,F18368,css,4,no,yes,no,lineage_pair
F00822,F18491,api,3,no,yes,no,source1
F00823,api,api,2,no,yes,no,engine_webkit
F00824,F03711,api,4,yes,yes,no,random2
F00826,javascript,javascript,3,no,yes,no,engine_webkit
F00827,F03229,api,3,yes,yes,no,engine_webkit
F00828,F03180,api,3,no,yes,no,derivative1
F00829,F13594,api,3,no,yes,no,random2
F00830,F16369,api,3,no,yes,yes,random2
F00831,F15982,html,4,no,yes,no,source1
F00833,F04475,css,4,no,yes,no,lineage_pair
F00834,F00530,javascript,4,no,yes,no,random2
F00835,F02309,http,4,no,yes,no,derivative1
F00836,F08403,api,3,no,no,yes,derivative1
F00837,css,css,3,no,yes,no,derivative1
F00838,http,http,3,yes,yes,no,random2
F00839,F05807,api,3,no,yes,no,engine_webkit
F00842,F08384,api,3,no,no,yes,lineage_pair
F00843,F13119,api,3,no,yes,no,engine_webkit
F00844,F13601,javascript,4,no,yes,no,engine_webkit
F00845,F12378,api,3,no,no,no,random2
F00846,F13119,api,3,no,yes,no,random2
F00847,http,http,3,yes,yes,no,random2
F00848,F14773,api,4,no,yes,no,engine_webkit
F00849,F09398,javascript,4,no,yes,no,random2
F00851,F05764,javascript,4,no,yes,no,engine_webkit
F00852,F16770,api,3,no,yes,no,derivative1
F00853,F02731,javascript,4,no,yes,no,random2
F00854,F06627,css,4,no,yes,no,engine_webkit
F00855,F13041,css,4,no,yes,no,engine_webkit
F00856,css,css,3,no,yes,no,source1
F00857,F13574,css,4,no,yes,no,engine_webkit
F00858,F09070,api,5,no,yes,no,engine_webkit
F00859,F10357,svg,4,no,yes,no,random2
F00860,F11550,css,5,no,yes,no,source1
F00861,F12321,api,3,yes,yes,no,derivative1
F00862,api,api,2,no,yes,no,source1
F00863,javascript,javascript,3,no,yes,no,lineage_pair
F00864,F10818,css,4,yes,yes,no,source1
F00865,F13160,api,3,yes,yes,no,random2
F00866,css,css,3,yes,yes,no,random2
F00867,F11646,css,4,no,yes,no,engine_webkit
F00868,F10634,css,4,no,yes,no,random2
F00869,F13599,api,4,no,yes,no,random2
F00870,F05571,api,3,no,yes,no,source1
F00872,F04526,api,3,no,yes,no,source1
F00875,F11226,api,3,no,yes,no,engine_webkit
F00876,F13376,css,4,no,yes,no,source1
F00879,F14619,svg,4,no,yes,no,derivative1
F00880,F11518,api,3,no,yes,yes,lineage_pair
F00881,F07542,svg,4,no,yes,no,random2
F00883,F11646,css,4,no,yes,no,source1
F00884,F13579,html,4,no,yes,no,engine_webkit
F00885,F08843,api,3,no,yes,no,derivative1
F00886,http,http,3,yes,yes,no,derivative1
F00888,api,api,2,no,yes,no,engine_webkit
F00889,F09937,api,3,no,yes,no,lineage_pair
F00890,F01837,svg,4,no,yes,no,source1
F00891,F01622,api,3,no,yes,yes,lineage_pair
F00892,F14151,api,3,no,yes,no,lineage_pair
F00893,F06990,javascript,5,no,yes,no,source1
F00894,F15522,api,3,no,yes,no,derivative1
F00895,api,api,2,no,yes,no,derivative1
F00896,F01732,css,4,no,yes,no,lineage_pair
F00897,F10371,api,4,no,yes,no,random2
F00898,F05404,css,4,no,yes,no,lineage_pair
F00900,F09122,css,4,no,yes,no,derivative1
F00901,F11427,svg,4,no,yes,no,source1
F00902,F12479,api,3,no,yes,no,random2
F00903,F14707,javascript,5,no,yes,no,random2
F00904,F00094,javascript,4,no,yes,no,derivative1
F00905,F17269,api,3,yes,yes,no,derivative1
F00907,css,css,3,yes,no,no,random2
F00909,F14026,css,4,no,yes,no,engine_webkit
F00910,F08731,api,3,no,yes,no,derivative1
F00911,F13725,api,3,no,yes,no,random2
F00914,api,api,2,no,yes,no,derivative1
F00916,F18332,css,4,yes,yes,no,engine_webkit
F00918,F03049,api,3,no,yes,no,source1
F00919,F09439,api,3,no,yes,no,derivative1
F00920,F05988,api,3,no,yes,no,random2
F00922,F03108,api,3,no,yes,no,random2
F00923,F00590,api,3,yes,yes,no,random2
F00924,F07731,http,4,yes,yes,no,lineage_pair
F00925,F13041,css,4,no,yes,no,random2
F00926,F12276,javascript,4,no,yes,no,derivative1
F00928,F07610,api,3,no,yes,no,random2
F00929,F16275,http,4,yes,yes,no,engine_webkit
F00930,F03902,api,3,no,yes,no,lineage_pair
F00931,F08575,api,3,no,yes,no,random2
F00932,F08362,api,3,no,no,yes,engine_webkit
F00933,F18482,webdriver,5,yes,yes,no,random2
F00934,F15439,api,3,yes,yes,no,lineage_pair
F00935,F11883,api,3,no,yes,no,derivative1
F00936,html,html,3,no,yes,no,source1
F00937,F10295,http,4,yes,yes,no,random2
F00938,F01878,api,3,no,yes,no,source1
F00939,F18414,javascript,4,no,yes,no,lineage_pair
F00940,F09853,html,5,yes,yes,no,source1
F00941,F15017,javascript,4,no,yes,no,source1
F00942,F01571,api,4,no,yes,no,derivative1
F00943,F05723,api,3,no,yes,no,lineage_pair
F00944,F13561,svg,4,no,yes,no,source1
F00946,F14421,css,4,no,yes,no,lineage_pair
F00947,http,http,3,no,yes,no,lineage_pair
F00948,F12756,webdriver,5,no,yes,no,engine_webkit
F00949,F14306,api,3,yes,yes,no,derivative1
F00950,F12923,api,3,no,yes,no,random2
F00951,F00522,webdriver,6,yes,no,no,lineage_pair
F00952,F02519,api,3,no,yes,no,derivative1
F00954,F12245,api,3,yes,yes,no,lineage_pair
F00955,F17666,webdriver,5,no,yes,no,random2
F00956,F01701,css,4,no,yes,no,derivative1
F00957,F09122,css,4,no,yes,yes,engine_webkit
F00960,F05557,api,3,no,yes,no,random2
F00961,F17784,css,4,no,yes,no,derivative1
F00962,F12621,css,4,no,yes,no,derivative1
F00963,F13865,api,3,no,yes,no,derivative1
F00964,F06940,api,4,no,yes,no,engine_webkit
F00965,F15666,css,4,no,yes,no,engine_webkit
F00966,F00130,api,3,no,yes,no,derivative1
F00967,F05087,api,3,no,yes,no,source1
F00969,api,api,2,yes,yes,no,source1
F00970,svg,svg,3,no,yes,no,lineage_pair
F00971,http,http,3,no,yes,no,source1
F00973,F13261,css,4,no,yes,no,source1
F00974,F11303,api,3,no,yes,no,derivative1
F00975,html,html,3,no,yes,no,random2
F00976,javascript,javascript,3,no,no,no,engine_webkit
F00978,F07582,css,4,no,yes,no,source1
F00979,F15475,api,5,yes,yes,no,engine_webkit
F00981,webdriver,webdriver,3,no,yes,no,source1
F00982,F15745,javascript,4,no,yes,no,derivative1
F00983,F04724,svg,4,no,yes,no,engine_webkit
F00984,api,api,2,yes,yes,no,source1
F00985,F03449,javascript,4,no,yes,no,lineage_pair
F00987,svg,svg,3,no,yes,no,lineage_pair
F00989,F01601,css,4,yes,yes,no,random2
F00991,F08558,css,4,no,yes,no,engine_webkit
F00992,F00320,css,4,yes,yes,no,lineage_pair
F00993,F01089,api,3,no,no,yes,source1
F00996,F09938,api,3,no,yes,no,random2
F00997,F05860,html,4,no,yes,yes,lineage_pair
F00998,F08242,api,3,yes,yes,no,derivative1
F01000,F12424,webdriver,5,no,yes,no,derivative1
F01001,F14718,api,3,no,yes,no,lineage_pair
F01002,F15577,html,4,no,yes,no,source1
F01003,css,css,3,yes,yes,no,lineage_pair
F01006,F16529,css,4,yes,yes,no,engine_webkit
F01007,F17289,api,3,no,yes,no,lineage_pair
F01008,css,css,3,no,yes,no,random2
F01010,F13574,css,4,no,no,no,engine_webkit
F01011,F08150,http,4,no,yes,no,engine_webkit
F01012,F07542,svg,4,no,yes,no,random2
F01013,F15851,css,4,yes,yes,no,derivative1
F01014,F12248,api,3,no,yes,no,source1
F01016,F04069,api,3,no,yes,no,derivative1
F01018,F09937,api,3,no,yes,no,derivative1
F01020,api,api,2,no,yes,no,derivative1
F01021,F15960,webdriver,5,no,yes,no,random2
F01022,http,http,3,no,yes,no,lineage_pair
F01023,F12151,api,3,yes,yes,no,random2
F01024,F05406,api,3,no,yes,no,lineage_pair
F01025,F15056,css,4,no,yes,no,derivative1
F01026,F00794,api,4,no,yes,no,source1
F01027,F04591,api,3,no,yes,no,lineage_pair
F01028,css,css,3,yes,yes,no,lineage_pair
F01029,F08594,api,3,no,yes,no,derivative1
F01030,F11491,css,4,no,yes,no,engine_webkit
F01032,F10199,api,3,no,yes,no,random2
F01033,F09272,css,4,no,yes,no,lineage_pair
F01034,F01571,api,4,no,yes,no,lineage_pair
F01037,F15524,css,4,no,yes,no,lineage_pair
F01040,F04521,api,3,no,yes,no,engine_webkit
F01041,F01955,api,3,no,yes,no,random2
F01042,F18491,api,3,no,yes,no,lineage_pair
F01043,F10715,javascript,4,no,yes,no,engine_webkit
F01044,F04475,css,4,no,yes,no,source1
F01047,F00975,html,4,no,yes,no,engine_webkit
F01048,F02731,javascript,4,no,yes,yes,random2
F01049,api,api,2,no,yes,no,source1
F01050,F17747,api,3,no,yes,no,derivative1
F01051,F01413,api,3,no,yes,yes,derivative1
F01052,F07349,api,4,yes,no,no,derivative1
F01053,css,css,3,no,yes,no,lineage_pair
F01054,F09938,api,3,no,yes,no,source1
F01056,F16052,webdriver,4,no,yes,no,random2
F01057,F00142,api,3,no,yes,no,random2
F01059,F07342,javascript,4,no,yes,no,engine_webkit
F01060,F13579,html,4,no,yes,no,engine_webkit
F01063,F16991,api,3,yes,yes,no,derivative1
F01064,F16855,api,4,no,yes,no,random2
F01065,F05764,javascript,4,no,yes,no,engine_webkit
F01066,F11058,css,4,no,yes,no,source1
F01067,F13825,api,3,yes,yes,no,engine_webkit
F01068,F15348,api,3,no,yes,no,random2
F01069,F10899,api,3,no,yes,no,engine_webkit
F01070,F10511,api,3,no,yes,no,random2
F01072,F07595,api,3,no,yes,no,random2
F01073,F14241,svg,4,no,yes,no,source1
F01074,F02967,api,3,no,yes,no,derivative1
F01075,javascript,javascript,3,no,yes,no,engine_webkit
F01076,F13868,api,3,no,yes,no,derivative1
F01077,F12680,api,3,no,yes,no,source1
F01078,html,html,3,no,yes,no,random2
F01079,F00866,css,4,yes,yes,no,engine_webkit
F01080,api,api,2,no,yes,no,engine_webkit
F01081,F07176,api,3,no,yes,no,random2
F01082,F14823,css,4,no,yes,no,source1
F01084,F11490,svg,5,no,yes,no,engine_webkit
F01085,F07269,css,4,no,yes,no,random2
F01087,F01350,html,4,no,no,yes,lineage_pair
F01088,F01242,javascript,5,no,yes,no,engine_webkit
F01089,api,api,2,no,yes,no,random2
F01090,F07917,api,3,no,yes,no,random2
F01092,F08384,api,3,no,yes,no,random2
F01093,F00863,javascript,4,yes,yes,no,derivative1
F01094,F01701,css,4,no,yes,no,derivative1
F01095,F02761,webdriver,5,yes,yes,no,lineage_pair
F01096,F10967,http,4,yes,yes,no,random2
F01097,F04249,api,3,no,yes,no,source1
F01098,F11065,webdriver,4,yes,yes,no,random2
F01099,F15522,api,3,no,yes,no,random2
F01100,F02220,api,3,no,no,yes,lineage_pair
F01101,F01369,css,4,no,yes,no,random2
F01103,F10000,html,4,no,yes,no,random2
F01104,F11695,css,5,no,yes,no,engine_webkit
F01105,F02893,webdriver,5,no,yes,no,random2
F01106,F15017,javascript,4,no,yes,yes,engine_webkit
F01107,F16980,api,3,no,yes,no,derivative1
F01108,F16108,api,3,no,yes,no,random2
F01109,api,api,2,no,yes,no,engine_webkit
F01110,F17030,api,4,no,no,no,derivative1
F01112,F17103,api,4,no,yes,no,lineage_pair
F01113,F01467,api,3,yes,no,no,engine_webkit
F01114,F08613,api,3,no,yes,no,derivative1
F01117,css,css,3,no,yes,no,random2
F01118,F12404,api,3,no,yes,no,engine_webkit
F01119,F07587,api,3,no,no,yes,source1
F01120,F16100,webdriver,5,no,yes,no,random2
F01121,F18141,api,3,no,yes,no,engine_webkit
F01125,F09200,api,3,yes,yes,no,random2
F01126,F11299,api,3,no,yes,no,random2
F01127,css,css,3,no,yes,no,derivative1
F01128,F06089,css,4,no,yes,no,engine_webkit
F01129,F11550,css,5,yes,yes,no,random2
F01130,api,api,2,no,yes,no,lineage_pair
F01132,html,html,3,no,yes,no,lineage_pair
F01133,F09997,api,3,no,yes,no,lineage_pair
F01134,F00733,api,3,yes,yes,no,engine_webkit
F01135,F03591,api,4,yes,yes,no,source1
F01136,F04852,css,4,yes,yes,no,derivative1
F01137,F03161,css,4,yes,yes,no,random2
F01139,api,api,2,yes,yes,no,engine_webkit
F01140,F12890,api,3,no,yes,no,lineage_pair
F01141,F09388,api,3,no,yes,no,engine_webkit
F01142,api,api,2,no,yes,no,derivative1
F01143,F18144,api,3,no,yes,no,random2
F01144,F10295,http,4,no,yes,no,random2
F01145,F17679,api,3,no,yes,no,random2
F01146,api,api,2,no,yes,no,engine_webkit
F01147,F10771,api,3,no,yes,no,source1
F01148,F02502,api,3,yes,yes,no,source1
F01150,javascript,javascript,3,no,yes,no,random2
F01151,api,api,2,no,yes,no,lineage_pair
F01152,F16497,svg,4,no,yes,no,engine_webkit
F01155,F02994,api,3,yes,yes,no,engine_webkit
F01156,css,css,3,no,yes,no,lineage_pair
F01157,F04521,api,3,no,yes,no,source1
F01158,F14904,api,3,no,no,yes,source1
F01160,F02497,api,3,yes,yes,no,lineage_pair
F01161,F01940,api,3,no,yes,no,lineage_pair
F01163,F17212,api,3,no,yes,no,engine_webkit
F01164,css,css,3,yes,no,no,engine_webkit
F01165,F01130,api,3,no,yes,no,derivative1
F01166,F08257,api,3,yes,yes,no,random2
F01167,F11415,css,4,no,yes,no,source1
F01168,F13574,css,4,no,no,no,engine_webkit
F01169,F17285,api,4,yes,yes,no,derivative1
F01171,F05640,api,3,no,yes,no,engine_webkit
F01172,F16980,api,3,no,yes,no,random2
F01173,F15094,css,4,no,yes,no,lineage_pair
F01177,F17679,api,3,no,yes,no,derivative1
F01178,css,css,3,no,yes,no,derivative1
F01180,F07595,api,3,no,yes,no,engine_webkit
F01181,javascript,javascript,3,no,yes,no,lineage_pair
F01182,F09208,api,3,no,yes,no,lineage_pair
F01184,F13159,api,3,no,no,yes,derivative1
F01187,css,css,3,no,yes,no,derivative1
F01188,F07882,css,4,no,yes,yes,lineage_pair
F01190,F09143,api,3,no,yes,no,lineage_pair
F01192,F01150,javascript,4,no,yes,no,random2
F01194,F09219,api,3,yes,yes,no,source1
F01195,api,api,2,no,yes,no,derivative1
F01198,F07176,api,3,no,yes,no,engine_webkit
F01199,F13110,api,3,yes,yes,no,engine_webkit
F01200,F13160,api,3,yes,yes,no,random2
F01201,F09876,api,3,no,yes,no,derivative1
F01202,F12321,api,3,yes,yes,no,random2
F01203,F16851,html,5,no,yes,no,derivative1
F01205,F12406,api,3,no,yes,no,lineage_pair
F01207,F12321,api,3,yes,yes,no,lineage_pair
F01209,F11506,api,3,no,yes,no,derivative1
F01210,F13594,api,3,no,yes,no,source1
F01211,api,api,2,no,yes,no,derivative1
F01212,F15017,javascript,4,no,yes,yes,derivative1
F01213,F09853,html,5,yes,yes,no,derivative1
F01214,F05221,api,3,yes,yes,no,random2
F01215,F08214,api,3,no,yes,no,engine_webkit
F01218,F11914,api,4,yes,no,no,derivative1
F01221,F12150,api,3,yes,yes,no,lineage_pair
F01222,F13941,webdriver,4,yes,yes,no,lineage_pair
F01223,F16415,css,4,no,yes,no,source1
F01224,F14823,css,4,no,yes,no,lineage_pair
F01225,F08715,http,5,no,yes,no,lineage_pair
F01226,F09158,api,3,no,yes,no,random2
F01228,F15037,css,4,no,yes,no,derivative1
F01229,svg,svg,3,no,yes,no,lineage_pair
F01230,F04521,api,3,no,yes,no,source1
F01231,api,api,2,no,no,yes,source1
F01232,F16108,api,3,no,yes,yes,lineage_pair
F01233,F09158,api,3,no,yes,no,lineage_pair
F01234,F07747,webdriver,5,no,yes,no,engine_webkit
F01235,F00741,api,3,yes,yes,no,lineage_pair
F01236,F18171,javascript,4,no,yes,no,derivative1
F01237,F03868,webdriver,5,no,yes,no,source1
F01238,api,api,2,no,yes,no,engine_webkit
F01239,css,css,3,yes,yes,no,random2
F01240,F15045,api,3,no,yes,no,engine_webkit
F01241,F17989,api,3,no,yes,no,derivative1
F01242,F02731,javascript,4,no,yes,no,source1
F01243,F00372,css,4,no,yes,no,source1
F01246,F13069,api,3,no,yes,no,random2
F01247,F08076,api,3,yes,yes,no,random2
F01249,api,api,2,no,yes,yes,random2
F01250,F11395,api,3,no,yes,no,derivative1
F01251,api,api,2,yes,yes,no,derivative1
F01252,F14903,api,3,no,yes,no,engine_webkit
F01254,F06871,api,4,no,yes,no,source1
F01255,F16523,api,3,no,yes,no,source1
F01256,F04687,api,3,no,yes,no,lineage_pair
F01257,F15471,api,3,no,yes,no,engine_webkit
F01258,api,api,2,no,yes,no,engine_webkit
F01259,F09177,api,3,no,yes,no,random2
F01260,F01132,html,4,no,yes,no,lineage_pair
F01261,F03902,api,3,no,yes,no,source1
F01262,F09122,css,4,no,yes,no,source1
F01263,F11058,css,4,no,yes,no,derivative1
F01264,F09422,api,4,no,yes,no,engine_webkit
F01265,F02989,webdriver,5,yes,no,no,source1
F01266,F01671,api,3,no,yes,no,engine_webkit
F01267,F17357,api,4,no,no,yes,random2
F01268,F13859,javascript,4,no,yes,no,source1
F01269,F08257,api,3,yes,yes,no,lineage_pair
F01271,F14650,api,5,no,yes,no,random2
F01273,F04521,api,3,no,yes,no,random2
F01274,F08836,api,3,no,yes,no,random2
F01275,css,css,3,no,yes,no,lineage_pair
F01276,F16399,css,4,yes,yes,no,engine_webkit
F01277,F16566,api,3,yes,yes,no,random2
F01278,F13091,css,4,no,yes,no,random2
F01279,F08420,css,4,no,no,no,derivative1
F01280,F03630,api,4,no,yes,no,derivative1
F01281,F02280,api,3,yes,yes,no,engine_webkit
F01282,api,api,2,no,yes,no,engine_webkit
F01288,F16714,css,4,yes,yes,no,engine_webkit
F01289,F14823,css,4,no,yes,no,random2
F01290,F01571,api,4,yes,yes,no,engine_webkit
F01293,F09938,api,3,no,yes,no,lineage_pair
F01294,F17699,api,4,yes,no,no,engine_webkit
F01296,F03979,api,3,yes,yes,no,lineage_pair
F01297,F17817,api,4,no,yes,no,derivative1
F01298,F04422,api,3,no,yes,no,source1
F01299,F05352,api,3,no,yes,no,source1
F01300,api,api,2,no,yes,no,lineage_pair
F01301,F15927,api,3,no,yes,no,engine_webkit
F01302,F07151,javascript,4,no,yes,no,lineage_pair
F01304,F01922,api,3,no,yes,no,random2
F01305,F04737,api,4,no,yes,no,derivative1
F01306,F13827,css,4,no,yes,no,source1
F01307,F15624,api,3,yes,yes,no,source1
F01308,css,css,3,no,no,no,engine_webkit
F01309,F02731,javascript,4,no,yes,no,source1
F01310,F04069,api,3,no,yes,no,engine_webkit
F01311,F11565,http,4,no,no,yes,derivative1
F01312,F08336,javascript,5,no,yes,no,source1
F01313,F07974,api,3,yes,yes,no,random2
F01314,F12150,api,3,yes,yes,no,derivative1
F01315,F04069,api,3,no,yes,no,engine_webkit
F01316,F15334,webdriver,4,no,yes,no,source1
F01317,F16465,api,3,yes,yes,no,lineage_pair
F01318,F01089,api,3,no,no,yes,derivative1
F01320,F11769,api,3,yes,yes,no,lineage_pair
F01321,F02346,css,4,no,yes,no,derivative1
F01322,F13507,api,3,no,yes,no,derivative1
F01323,F07396,api,3,yes,yes,no,engine_webkit
F01325,F17507,svg,4,no,yes,no,engine_webkit
F01326,F01701,css,4,no,no,no,random2
F01327,F11591,api,3,no,yes,no,lineage_pair
F01328,api,api,2,no,yes,no,engine_webkit
F01330,F04069,api,3,no,yes,no,derivative1
F01333,api,api,2,no,yes,no,source1
F01334,F01701,css,4,no,yes,no,lineage_pair
F01335,F00505,api,3,no,yes,no,engine_webkit
F01337,F08214,api,3,no,yes,no,engine_webkit
F01338,F16108,api,3,no,yes,no,random2
F01339,F17949,css,4,no,yes,no,random2
F01340,F13182,css,4,no,yes,no,engine_webkit
F01342,F05577,api,3,no,yes,no,source1
F01343,F16770,api,3,no,yes,no,lineage_pair
F01344,F01132,html,4,no,yes,no,engine_webkit
F01346,F08072,api,3,no,yes,no,engine_webkit
F01347,F13681,api,3,no,yes,no,engine_webkit
F01349,F17548,api,4,no,yes,no,engine_webkit
F01350,html,html,3,no,yes,yes,source1
F01351,F01944,api,3,no,no,yes,source1
F01352,F11226,api,3,no,yes,no,source1
F01353,F14699,html,4,no,yes,yes,engine_webkit
F01355,F00068,api,4,no,yes,no,source1
F01357,css,css,3,no,yes,no,source1
F01358,F04203,css,4,yes,yes,no,random2
F01359,F04687,api,3,no,yes,no,lineage_pair
F01360,F12185,css,4,yes,yes,no,engine_webkit
F01361,F00505,api,3,no,yes,no,random2
F01363,F12321,api,3,yes,yes,no,random2
F01364,css,css,3,no,yes,no,random2
F01366,svg,svg,3,no,yes,no,random2
F01367,F04069,api,3,no,yes,no,source1
F01368,F13901,css,4,yes,yes,no,engine_webkit
F01369,css,css,3,no,yes,no,source1
F01370,api,api,2,no,yes,yes,source1
F01371,F12600,api,3,no,yes,no,engine_webkit
F01373,F10623,css,4,no,yes,no,lineage_pair
F01374,F12321,api,3,yes,yes,no,derivative1
F01375,svg,svg,3,no,yes,no,engine_webkit
F01376,F13725,api,3,no,yes,no,derivative1
F01377,F18491,api,3,no,yes,no,engine_webkit
F01378,F00298,javascript,4,no,yes,no,random2
F01379,F05010,css,4,no,yes,no,lineage_pair
F01380,F09122,css,4,no,yes,no,engine_webkit
F01381,F08619,api,3,no,yes,no,random2
F01382,F00289,api,3,no,yes,no,lineage_pair
F01386,F15049,api,3,no,no,yes,random2
F01388,F01462,api,3,yes,yes,no,derivative1
F01390,F09994,css,4,no,yes,no,source1
F01391,F08218,api,4,no,yes,no,derivative1
F01392,F04521,api,3,no,yes,no,engine_webkit
F01393,F03902,api,3,no,yes,no,derivative1
F01394,F05334,api,3,no,yes,no,engine_webkit
F01395,F04069,api,3,no,yes,no,engine_webkit
F01397,F05404,css,4,no,no,no,lineage_pair
F01398,F11957,api,3,yes,yes,no,lineage_pair
F01400,svg,svg,3,no,yes,no,lineage_pair
F01401,F13574,css,4,no,yes,no,derivative1
F01405,F04760,api,3,no,yes,no,engine_webkit
F01406,api,api,2,no,yes,no,random2
F01407,F06916,api,3,no,yes,no,source1
F01408,F04634,api,3,yes,yes,no,source1
F01412,F02009,css,4,no,yes,yes,derivative1
F01413,api,api,2,no,yes,no,source1
F01415,F04069,api,3,no,no,yes,derivative1
F01416,F11443,api,3,no,yes,no,engine_webkit
F01418,F01509,svg,4,no,yes,no,derivative1
F01419,F06990,javascript,5,no,yes,no,engine_webkit
F01420,F13574,css,4,no,no,no,engine_webkit
F01421,F16108,api,3,no,yes,no,lineage_pair
F01422,F15054,svg,4,no,yes,no,derivative1
F01423,css,css,3,no,yes,no,derivative1
F01424,F17581,css,4,no,yes,no,lineage_pair
F01425,F13292,api,3,no,yes,no,derivative1
F01426,F05690,http,4,no,yes,no,random2
F01427,F13239,api,3,no,yes,no,lineage_pair
F01428,F16152,css,5,no,yes,no,derivative1
F01431,F16741,css,4,no,yes,no,random2
F01432,F08722,api,3,no,yes,no,lineage_pair
F01433,F12600,api,3,no,yes,no,random2
F01434,F14923,api,4,yes,yes,no,source1
F01435,F14823,css,4,no,yes,no,lineage_pair
F01436,F00663,api,3,no,yes,no,derivative1
F01438,F10439,api,3,no,yes,yes,engine_webkit
F01439,F14993,api,3,no,yes,no,engine_webkit
F01440,F13086,api,3,no,yes,no,engine_webkit
F01441,F13233,api,3,no,yes,no,derivative1
F01442,api,api,2,no,yes,no,random2
F01444,F00142,api,3,no,yes,no,source1
F01445,F08072,api,3,no,yes,no,random2
F01446,F13585,css,4,no,yes,no,derivative1
F01447,F05988,api,3,no,yes,no,derivative1
F01448,css,css,3,no,yes,no,random2
F01449,F12188,api,3,yes,yes,no,lineage_pair
F01450,F07459,api,3,yes,yes,no,lineage_pair
F01451,F16339,css,4,no,yes,no,random2
F01452,F00121,html,4,no,yes,no,lineage_pair
F01453,F08163,css,4,no,yes,no,engine_webkit
F01455,F12276,javascript,4,no,yes,yes,engine_webkit
F01456,F12604,api,3,no,yes,no,derivative1
F01458,F00618,css,4,no,yes,no,engine_webkit
F01459,F02967,api,3,no,yes,no,lineage_pair
F01461,F14699,html,4,no,yes,no,lineage_pair
F01462,api,api,2,yes,yes,no,source1
F01463,F07151,javascript,4,no,yes,no,derivative1
F01464,F11395,api,3,no,yes,no,source1
F01465,F15704,webdriver,5,no,yes,no,random2
F01466,F16275,http,4,yes,yes,no,derivative1
F01467,api,api,2,no,yes,no,source1
F01468,F18491,api,3,no,yes,no,random2
F01469,F08843,api,3,no,yes,no,derivative1
F01470,F08214,api,3,no,yes,no,lineage_pair
F01472,F03610,svg,5,no,yes,no,lineage_pair
F01473,F13507,api,3,no,yes,no,lineage_pair
F01474,F16108,api,3,no,yes,no,lineage_pair
F01475,F08139,api,4,no,yes,no,lineage_pair
F01477,F10030,css,4,yes,yes,no,random2
F01478,F01089,api,3,no,yes,no,derivative1
F01479,F03540,api,3,no,yes,no,random2
F01480,F04180,css,4,no,yes,no,derivative1
F01481,F05646,api,3,no,yes,no,source1
F01482,F09619,api,3,no,yes,no,derivative1
F01483,F04917,javascript,4,no,no,yes,source1
F01484,F08768,css,4,no,yes,no,derivative1
F01485,F00727,api,3,yes,yes,no,engine_webkit
F01486,F08465,api,3,no,yes,no,lineage_pair
F01487,F12604,api,3,no,yes,no,source1
F01488,api,api,2,yes,yes,no,source1
F01489,F15348,api,3,yes,yes,no,lineage_pair
F01490,F09945,api,3,no,yes,no,lineage_pair
F01491,api,api,2,no,yes,no,lineage_pair
F01492,F13828,api,4,no,yes,no,random2
F01493,F03015,api,3,yes,yes,no,engine_webkit
F01494,F15984,api,3,yes,yes,no,lineage_pair
F01495,F18430,css,4,no,yes,no,source1
F01497,F08377,api,3,no,yes,yes,derivative1
F01498,F07874,api,3,no,yes,no,source1
F01499,F17236,api,3,no,yes,yes,engine_webkit
F01500,F18491,api,3,no,no,yes,derivative1
F01502,F12680,api,3,no,yes,no,random2
F01503,F04344,api,3,no,yes,no,derivative1
F01505,F06138,api,3,no,yes,no,derivative1
F01506,F02519,api,3,no,yes,no,engine_webkit
F01507,F05764,javascript,4,no,yes,no,derivative1
F01508,F15017,javascript,4,no,yes,no,engine_webkit
F01509,svg,svg,3,no,yes,no,source1
F01510,F02893,webdriver,5,no,yes,no,engine_webkit
F01512,F17286,html,4,no,yes,no,source1
F01513,F18171,javascript,4,no,yes,no,source1
F01514,F00031,api,3,yes,yes,no,engine_webkit
F01515,F04823,api,4,yes,yes,no,lineage_pair
F01516,F05646,api,3,no,yes,no,source1
F01517,F10914,css,4,no,yes,no,random2
F01518,F12892,api,3,no,yes,no,engine_webkit
F01520,F16712,html,4,no,yes,no,random2
F01523,F12321,api,3,yes,yes,no,source1
F01526,F02074,javascript,4,no,yes,no,engine_webkit
F01528,F05651,javascript,5,no,yes,no,lineage_pair
F01529,F03610,svg,5,no,yes,no,derivative1
F01530,F13941,webdriver,4,yes,yes,no,random2
F01531,F05640,api,3,no,yes,no,random2
F01532,F14865,html,4,no,yes,no,random2
F01533,F07816,api,3,no,yes,no,source1
F01534,F00339,api,3,no,yes,no,derivative1
F01535,svg,svg,3,no,yes,no,random2
F01536,F18491,api,3,no,no,no,lineage_pair
F01537,F17342,css,4,no,yes,no,lineage_pair
F01538,F18066,css,4,no,yes,no,random2
F01539,http,http,3,no,no,yes,lineage_pair
F01540,css,css,3,no,yes,no,random2
F01541,F13681,api,3,no,yes,no,derivative1
F01543,F16109,api,3,yes,yes,no,random2
F01544,css,css,3,no,no,no,source1
F01545,F14699,html,4,no,no,yes,lineage_pair
F01546,F07337,api,3,no,yes,no,lineage_pair
F01547,F14663,css,4,no,yes,no,engine_webkit
F01548,F14823,css,4,no,yes,no,lineage_pair
F01549,F14993,api,3,no,yes,no,derivative1
F01552,css,css,3,yes,yes,no,engine_webkit
F01553,F00142,api,3,no,yes,no,random2
F01555,F08497,api,3,no,yes,no,lineage_pair
F01556,F00795,api,3,yes,yes,no,engine_webkit
F01557,F13594,api,3,no,yes,no,engine_webkit
F01558,F15056,css,4,no,yes,no,source1
F01560,F00724,webdriver,5,no,yes,no,engine_webkit
F01561,F05640,api,3,no,yes,no,random2
F01562,F06871,api,4,no,yes,no,random2
F01564,javascript,javascript,3,no,yes,no,lineage_pair
F01565,F04125,css,4,yes,yes,no,source1
F01567,F01490,api,4,no,yes,no,engine_webkit
F01568,F18491,api,3,no,no,no,random2
F01569,F09853,html,5,no,no,yes,engine_webkit
F01570,F11550,css,5,no,yes,no,engine_webkit
F01571,F05242,api,3,no,yes,no,random2
F01572,F00794,api,4,no,yes,no,derivative1
F01573,F01509,svg,4,yes,no,no,random2
F01574,api,api,2,no,yes,no,source1
F01575,css,css,3,no,yes,no,derivative1
F01576,F16369,api,3,no,yes,yes,derivative1
F01577,F08624,css,4,no,yes,no,source1
F01578,F02096,api,3,no,yes,no,engine_webkit
F01579,F13175,css,4,no,yes,no,lineage_pair
F01580,F03096,svg,4,no,yes,no,source1
F01581,F14767,api,3,no,yes,no,source1
F01583,api,api,2,yes,yes,no,source1
F01584,F09653,css,5,no,yes,no,lineage_pair
F01585,F14026,css,4,no,yes,no,lineage_pair
F01586,F15017,javascript,4,no,yes,no,engine_webkit
F01587,F11395,api,3,no,yes,no,engine_webkit
F01588,css,css,3,no,yes,no,engine_webkit
F01590,F04737,api,4,yes,yes,no,random2
F01591,javascript,javascript,3,no,yes,no,engine_webkit
F01592,F13358,webdriver,5,no,yes,no,engine_webkit
F01593,javascript,javascript,3,no,yes,no,lineage_pair
F01594,F14026,css,4,no,yes,no,source1
F01595,F00298,javascript,4,no,yes,no,engine_webkit
F01596,F05371,api,4,no,yes,no,source1
F01597,F09945,api,3,no,no,yes,lineage_pair
F01598,F01923,api,3,no,yes,no,source1
F01599,F07395,api,3,yes,yes,no,lineage_pair
F01600,F09945,api,3,no,yes,no,engine_webkit
F01601,css,css,3,no,yes,no,lineage_pair
F01602,F17929,api,3,no,yes,no,random2
F01603,F13244,css,4,no,yes,no,random2
F01604,F09972,css,4,no,yes,no,source1
F01606,F10026,api,3,yes,yes,no,derivative1
F01607,F02718,api,3,no,yes,no,random2
F01610,F08403,api,3,no,no,yes,source1
F01611,F13331,css,4,no,yes,no,source1
F01612,F02835,css,4,no,yes,no,engine_webkit
F01613,F01150,javascript,4,no,yes,no,lineage_pair
F01614,F14823,css,4,no,yes,no,random2
F01616,F17260,svg,4,no,yes,no,engine_webkit
F01618,F02796,css,4,no,yes,no,source1
F01619,F18414,javascript,4,no,yes,no,derivative1
F01621,F18171,javascript,4,no,yes,no,source1
F01622,api,api,2,no,yes,no,derivative1
F01625,F06916,api,3,no,yes,no,random2
F01626,F13574,css,4,no,yes,no,engine_webkit
F01627,F03096,svg,4,no,yes,no,random2
F01628,F03218,api,3,yes,yes,no,source1
F01630,api,api,2,no,no,yes,source1
F01631,F07440,api,3,no,yes,no,engine_webkit
F01633,css,css,3,no,no,yes,random2
F01634,F17971,html,6,yes,yes,no,derivative1
F01635,F03072,javascript,4,no,yes,no,random2
F01636,api,api,2,no,yes,no,derivative1
F01637,F09582,webdriver,5,no,yes,no,derivative1
F01639,F07234,api,3,no,yes,no,source1
F01640,F09398,javascript,4,no,yes,no,random2
F01642,F05764,javascript,4,no,yes,no,source1
F01643,F10107,javascript,5,no,yes,no,source1
F01646,F11528,api,3,no,yes,no,engine_webkit
F01648,css,css,3,no,yes,no,derivative1
F01649,F08492,webdriver,6,no,yes,no,source1
F01650,api,api,2,no,yes,no,engine_webkit
F01651,F08689,api,3,no,yes,yes,derivative1
F01653,F15688,webdriver,5,no,yes,no,source1
F01657,F05752,api,3,no,yes,no,source1
F01659,F12114,api,4,no,yes,no,derivative1
F01660,css,css,3,no,yes,no,source1
F01661,F04064,css,4,no,yes,no,derivative1
F01662,F04521,api,3,no,yes,no,engine_webkit
F01663,svg,svg,3,no,yes,no,lineage_pair
F01665,F10393,css,4,no,yes,no,random2
F01667,F06425,api,3,yes,yes,no,engine_webkit
F01669,F01622,api,3,no,yes,yes,derivative1
F01671,api,api,2,no,yes,no,engine_webkit
F01672,F01150,javascript,4,no,yes,no,engine_webkit
F01673,html,html,3,no,yes,no,lineage_pair
F01674,F05242,api,3,no,yes,no,lineage_pair
F01675,F17927,api,3,yes,yes,no,source1
F01676,javascript,javascript,3,no,yes,no,lineage_pair
F01678,api,api,2,no,yes,no,derivative1
F01679,F11593,api,3,no,yes,no,lineage_pair
F01680,http,http,3,no,yes,no,derivative1
F01682,F13119,api,3,no,yes,no,source1
F01685,F13594,api,3,no,yes,no,source1
F01686,F01089,api,3,no,yes,no,source1
F01687,F11006,css,4,no,yes,no,random2
F01688,F06276,css,4,yes,yes,no,random2
F01689,F17042,api,4,yes,yes,no,source1
F01690,F13261,css,4,no,yes,no,lineage_pair
F01692,F12235,css,4,no,yes,no,random2
F01693,F04821,css,4,no,yes,no,engine_webkit
F01694,F08579,api,3,no,yes,no,random2
F01695,F15409,css,4,no,yes,no,engine_webkit
F01696,F15334,webdriver,4,no,yes,no,source1
F01697,F00921,api,3,no,yes,no,derivative1
F01698,F11510,api,3,no,yes,no,source1
F01699,F06610,api,4,no,yes,no,random2
F01700,F04614,api,3,yes,yes,no,engine_webkit
F01701,css,css,3,no,yes,no,random2
F01702,F02708,api,4,no,yes,no,source1
F01703,F16178,api,5,no,yes,no,lineage_pair
F01705,F08749,api,3,no,yes,no,source1
F01706,F00727,api,3,yes,yes,no,lineage_pair
F01707,F17205,css,4,yes,yes,no,source1
F01708,javascript,javascript,3,no,yes,no,source1
F01710,F09681,css,4,no,yes,no,derivative1
F01711,F01370,api,3,no,yes,yes,random2
F01712,F10045,api,3,no,yes,yes,engine_webkit
F01713,F08463,css,4,no,yes,yes,random2
F01714,F08384,api,3,no,no,yes,engine_webkit
F01716,F07595,api,3,no,yes,no,source1
F01717,F12276,javascript,4,no,yes,no,source1
F01718,F08336,javascript,5,no,yes,no,source1
F01719,F11065,webdriver,4,no,yes,no,random2
F01721,F16040,api,3,no,yes,no,derivative1
F01724,F04521,api,3,no,yes,no,lineage_pair
F01725,api,api,2,yes,no,no,engine_webkit
F01726,F02731,javascript,4,no,yes,no,random2
F01727,F00290,css,4,no,yes,no,lineage_pair
F01728,F09937,api,3,no,yes,no,derivative1
F01729,F15657,api,3,no,yes,no,derivative1
F01730,F18406,javascript,4,no,yes,no,random2
F01731,F11565,http,4,no,no,yes,lineage_pair
F01732,css,css,3,no,yes,no,random2
F01734,F10048,webdriver,5,no,yes,no,derivative1
F01735,javascript,javascript,3,no,yes,no,engine_webkit
F01736,javascript,javascript,3,no,yes,no,derivative1
F01737,F18120,css,4,no,yes,no,engine_webkit
F01739,F02967,api,3,no,yes,no,source1
F01740,F04988,api,3,yes,yes,no,derivative1
F01741,F15458,javascript,5,no,yes,no,engine_webkit
F01742,F13395,api,3,yes,yes,no,engine_webkit
F01743,css,css,3,no,yes,no,source1
F01744,F06997,api,3,no,yes,yes,random2
F01745,F14718,api,3,no,yes,no,engine_webkit
F01746,F04823,api,4,no,yes,no,engine_webkit
F01747,F09938,api,3,no,yes,no,random2
F01748,F00031,api,3,yes,yes,no,engine_webkit
F01750,F08843,api,3,yes,yes,no,source1
F01752,javascript,javascript,3,no,yes,no,lineage_pair
F01755,F16149,api,3,no,yes,no,derivative1
F01756,F14619,svg,4,no,yes,no,derivative1
F01757,F02519,api,3,no,yes,no,lineage_pair
F01758,F06990,javascript,5,no,yes,no,derivative1
F01759,F18491,api,3,no,yes,no,derivative1
F01760,F18491,api,3,no,yes,no,engine_webkit
F01763,F08384,api,3,no,yes,no,lineage_pair
F01764,F01708,javascript,4,no,yes,no,engine_webkit
F01765,F01764,javascript,5,no,yes,no,source1
F01767,F13504,html,4,no,no,yes,engine_webkit
F01768,F03469,api,3,no,no,no,random2
F01769,F14151,api,3,no,yes,no,random2
F01770,F17692,svg,4,no,yes,no,random2
F01771,F09503,api,3,no,yes,no,source1
F01772,F15037,css,4,no,yes,no,random2
F01773,F02096,api,3,no,yes,no,lineage_pair
F01774,F02651,api,3,no,yes,no,engine_webkit
F01775,F14495,api,3,no,yes,no,derivative1
F01776,F03312,css,4,no,yes,no,derivative1
F01777,F09945,api,3,no,yes,no,derivative1
F01778,F08749,api,3,no,yes,no,engine_webkit
F01779,F00663,api,3,no,yes,no,random2
F01780,F01139,api,3,yes,yes,no,source1
F01782,F02352,api,3,no,yes,no,random2
F01783,F13160,api,3,yes,yes,no,derivative1
F01784,css,css,3,no,yes,no,engine_webkit
F01785,F09122,css,4,yes,yes,no,engine_webkit
F01786,F10199,api,3,yes,yes,no,engine_webkit
F01787,F03464,api,3,no,no,yes,random2
F01789,F02846,api,3,no,no,no,derivative1
F01790,F05651,javascript,5,no,yes,no,source1
F01791,F08731,api,3,no,yes,no,lineage_pair
F01792,F13725,api,3,no,yes,no,source1
F01793,F08456,api,3,yes,yes,no,engine_webkit
F01794,F15707,api,3,no,yes,no,source1
F01797,F17784,css,4,no,yes,no,random2
F01798,F09560,css,4,no,yes,no,random2
F01801,F03218,api,3,yes,yes,no,random2
F01804,F00366,css,4,no,yes,no,derivative1
F01805,F05487,css,4,no,yes,no,source1
F01806,F17211,api,3,no,yes,no,engine_webkit
F01807,api,api,2,no,yes,no,random2
F01808,F07547,api,3,no,yes,no,lineage_pair
F01810,F04337,css,5,no,yes,no,derivative1
F01812,F06979,api,3,no,yes,no,engine_webkit
F01813,api,api,2,no,yes,no,derivative1
F01814,api,api,2,no,yes,no,random2
F01815,F08700,http,3,no,yes,no,random2
F01816,F02502,api,3,yes,yes,no,derivative1
F01818,F08675,css,4,no,yes,no,random2
F01822,F15570,webdriver,5,no,yes,no,derivative1
F01824,F18144,api,3,no,yes,no,derivative1
F01825,F05651,javascript,5,no,yes,no,source1
F01826,F06263,webdriver,6,no,no,no,random2
F01827,F04099,http,4,yes,yes,no,random2
F01828,css,css,3,no,yes,no,engine_webkit
F01830,F09938,api,3,no,yes,no,random2
F01833,F10045,api,3,no,yes,yes,source1
F01834,F01571,api,4,no,yes,no,derivative1
F01835,F15888,api,3,yes,yes,no,derivative1
F01836,F14339,api,4,yes,yes,no,random2
F01837,svg,svg,3,no,yes,no,source1
F01838,F09269,api,3,no,yes,yes,random2
F01839,F14633,api,3,no,yes,no,random2
F01841,F13891,svg,4,no,yes,no,derivative1
F01842,F04521,api,3,no,yes,no,random2
F01843,F18427,api,3,no,yes,no,lineage_pair
F01844,F14196,api,3,no,yes,no,lineage_pair
F01845,F09853,html,5,yes,yes,no,engine_webkit
F01846,html,html,3,no,yes,no,derivative1
F01847,F18491,api,3,no,yes,no,engine_webkit
F01848,F04521,api,3,no,yes,no,derivative1
F01849,F04521,api,3,no,yes,no,source1
F01850,F14641,api,4,yes,yes,no,random2
F01855,F17747,api,3,no,yes,no,derivative1
F01856,F14633,api,3,no,yes,no,engine_webkit
F01857,F09458,api,3,no,yes,yes,lineage_pair
F01858,F09458,api,3,no,yes,yes,random2
F01860,F08843,api,3,no,no,yes,engine_webkit
F01861,api,api,2,no,yes,no,random2
F01862,F16275,http,4,yes,yes,no,random2
F01863,F17320,api,3,yes,yes,no,random2
F01864,javascript,javascript,3,no,yes,no,derivative1
F01865,api,api,2,yes,yes,no,random2
F01866,F12766,api,4,no,yes,no,derivative1
F01867,F16040,api,3,no,yes,no,derivative1
F01868,F12150,api,3,yes,yes,no,lineage_pair
F01869,F03469,api,3,yes,no,no,source1
F01870,F01142,api,3,no,yes,no,source1
F01872,api,api,2,no,yes,no,engine_webkit
F01873,F13625,css,4,no,yes,no,lineage_pair
F01874,F17283,html,4,yes,yes,no,engine_webkit
F01875,css,css,3,no,yes,no,lineage_pair
F01877,F08613,api,3,no,yes,no,lineage_pair
F01878,api,api,2,no,yes,no,lineage_pair
F01879,F02264,css,4,no,yes,no,lineage_pair
F01880,F10107,javascript,5,no,yes,no,engine_webkit
F01881,F01571,api,4,no,yes,no,random2
F01882,F03839,api,3,no,yes,no,derivative1
F01883,F10477,css,4,yes,yes,no,source1
F01885,F02096,api,3,no,yes,no,lineage_pair
F01886,F05142,css,4,no,yes,no,source1
F01887,F17147,css,4,no,yes,no,random2
F01889,F01467,api,3,yes,no,no,derivative1
F01890,svg,svg,3,no,yes,no,engine_webkit
F01891,svg,svg,3,no,yes,no,engine_webkit
F01892,F13131,api,3,no,yes,no,derivative1
F01894,F00805,css,4,yes,yes,no,random2
F01895,F07595,api,3,no,yes,no,derivative1
F01896,F13579,html,4,no,yes,no,engine_webkit
F01897,F14125,api,3,no,yes,no,engine_webkit
F01899,F10295,http,4,yes,no,no,random2
F01900,F10034,css,4,no,yes,no,derivative1
F01901,F15352,webdriver,5,yes,yes,no,lineage_pair
F01902,F04860,api,4,yes,yes,no,lineage_pair
F01903,F11427,svg,4,no,yes,no,lineage_pair
F01905,css,css,3,no,yes,no,source1
F01906,F15662,api,3,no,yes,yes,derivative1
F01907,F14456,css,4,yes,yes,no,derivative1
F01908,F07653,api,3,no,yes,no,derivative1
F01910,F10623,css,4,no,yes,no,engine_webkit
F01911,F02716,css,4,no,yes,no,random2
F01912,F11543,css,4,no,yes,no,random2
F01913,F16275,http,4,yes,yes,no,lineage_pair
F01915,F06101,api,3,no,no,yes,derivative1
F01917,F03046,api,4,no,yes,no,source1
F01918,F07964,api,3,no,yes,no,source1
F01919,F06940,api,4,no,yes,no,source1
F01920,F04577,webdriver,5,yes,yes,no,random2
F01922,api,api,2,no,yes,no,engine_webkit
F01923,api,api,2,no,yes,no,derivative1
F01925,webdriver,webdriver,3,no,yes,no,random2
F01926,F01089,api,3,no,yes,no,source1
F01927,F04521,api,3,no,yes,no,source1
F01928,F04180,css,4,no,yes,no,random2
F01930,F18491,api,3,no,yes,no,derivative1
F01931,F17316,api,4,no,yes,no,derivative1
F01932,javascript,javascript,3,no,yes,no,source1
F01934,F03495,api,3,no,yes,no,lineage_pair
F01935,F18491,api,3,no,yes,no,lineage_pair
F01936,F01089,api,3,no,yes,no,engine_webkit
F01937,F04198,api,3,no,yes,no,source1
F01939,F06138,api,3,no,yes,no,random2
F01940,api,api,2,no,yes,no,engine_webkit
F01941,F05767,api,3,no,yes,no,lineage_pair
F01942,F04059,svg,4,no,yes,no,engine_webkit
F01944,api,api,2,no,yes,no,lineage_pair
F01945,F08166,api,3,no,no,yes,derivative1
F01946,F07395,api,3,yes,yes,no,engine_webkit
F01947,F05820,css,4,yes,yes,no,random2
F01948,F06283,api,4,no,yes,no,lineage_pair
F01949,F10050,css,4,no,yes,no,engine_webkit
F01950,F02857,api,3,no,yes,no,derivative1
F01951,F02096,api,3,no,yes,no,random2
F01954,F09080,api,3,no,yes,no,engine_webkit
F01955,api,api,2,no,yes,no,source1
F01956,F11750,api,3,yes,yes,no,lineage_pair
F01957,F02731,javascript,4,no,yes,no,source1
F01958,css,css,3,no,no,no,engine_webkit
F01959,F01764,javascript,5,no,yes,no,engine_webkit
F01960,F13579,html,4,no,yes,no,engine_webkit
F01961,F12000,css,4,no,yes,no,lineage_pair
F01962,F08731,api,3,no,yes,no,lineage_pair
F01963,F09937,api,3,no,yes,no,random2
F01964,F01663,svg,4,no,yes,no,random2
F01965,F12059,api,3,no,yes,no,engine_webkit
F01966,F02967,api,3,no,yes,no,lineage_pair
F01967,F04521,api,3,no,yes,no,derivative1
F01968,F02751,webdriver,4,no,yes,no,engine_webkit
F01970,svg,svg,3,no,yes,no,lineage_pair
F01971,F13574,css,4,no,no,no,lineage_pair
F01972,css,css,3,yes,yes,no,engine_webkit
F01974,F06877,webdriver,5,no,yes,no,derivative1
F01975,api,api,2,no,yes,no,source1
F01976,F10994,api,3,no,yes,no,derivative1
F01977,F15624,api,3,no,yes,no,lineage_pair
F01979,F08843,api,3,no,yes,no,random2
F01980,F03028,css,4,no,yes,no,source1
F01981,F01369,css,4,no,yes,no,derivative1
F01983,F15541,api,3,no,yes,no,random2
F01986,F15501,http,5,no,yes,no,derivative1
F01988,F05965,api,3,no,yes,no,lineage_pair
F01989,F10206,api,3,no,yes,no,engine_webkit
F01992,F17989,api,3,no,yes,no,lineage_pair
F01994,F04321,api,3,no,yes,no,derivative1
F01995,F03469,api,3,yes,no,no,lineage_pair
F01996,F13637,css,4,no,yes,no,lineage_pair
F01998,css,css,3,no,yes,no,engine_webkit
F01999,F10961,api,3,yes,yes,no,source1
F02000,F15430,api,6,no,yes,no,lineage_pair
F02001,F15017,javascript,4,no,yes,no,engine_webkit
F02002,F09875,api,3,no,yes,no,derivative1
F02003,F08108,css,4,no,yes,no,source1
F02006,F14202,html,4,no,yes,no,lineage_pair
F02007,F03563,api,3,no,yes,no,lineage_pair
F02008,F03998,api,3,no,yes,no,source1
F02009,css,css,3,no,yes,yes,source1
F02011,F04631,css,4,no,yes,no,lineage_pair
F02012,F01922,api,3,no,yes,no,source1
F02014,css,css,3,no,yes,no,derivative1
F02016,F05162,css,4,yes,yes,no,derivative1
F02017,F10855,api,3,no,yes,no,lineage_pair
F02019,F16275,http,4,yes,yes,no,engine_webkit
F02020,css,css,3,yes,yes,no,engine_webkit
F02021,F17111,javascript,5,no,yes,no,engine_webkit
F02022,F15662,api,3,no,yes,no,source1
F02023,F02731,javascript,4,no,yes,yes,derivative1
F02025,F14823,css,4,no,yes,no,lineage_pair
F02027,F08915,css,4,no,yes,no,source1
F02028,F00794,api,4,no,yes,no,random2
F02029,F11062,api,3,no,yes,no,source1
F02032,F13295,api,3,no,yes,no,random2
F02033,F13753,api,3,no,yes,no,lineage_pair
F02034,api,api,2,no,yes,no,lineage_pair
F02035,F08214,api,3,no,yes,no,lineage_pair
F02036,F04521,api,3,no,yes,no,random2
F02037,F16052,webdriver,4,no,yes,no,lineage_pair
F02040,F11727,css,4,yes,yes,no,derivative1
F02042,F07874,api,3,no,yes,no,engine_webkit
F02043,F01865,api,3,yes,yes,no,source1
F02044,F07036,css,4,no,yes,no,engine_webkit
F02045,F16712,html,4,no,yes,yes,derivative1
F02047,F14026,css,4,no,yes,no,source1
F02048,F00425,css,4,no,yes,no,random2
F02049,F16275,http,4,yes,yes,no,derivative1
F02050,F11395,api,3,yes,no,no,lineage_pair
F02051,F08624,css,4,no,yes,no,derivative1
F02053,F08108,css,4,no,yes,no,source1
F02054,F03563,api,3,no,yes,no,lineage_pair
F02055,F12184,api,3,no,yes,yes,random2
F02056,F09177,api,3,no,yes,no,random2
F02057,F18491,api,3,no,yes,no,source1
F02058,F16108,api,3,no,yes,no,derivative1
F02059,F00550,api,4,no,no,no,lineage_pair
F02060,F09080,api,3,no,no,yes,engine_webkit
F02063,F02967,api,3,no,yes,no,source1
F02064,F10583,api,3,no,yes,no,engine_webkit
F02065,F16444,api,3,no,yes,no,source1
F02067,F03902,api,3,no,yes,no,random2
F02068,F04521,api,3,no,yes,no,engine_webkit
F02069,F08768,css,4,no,yes,no,source1
F02070,F09938,api,3,no,yes,no,source1
F02072,F00142,api,3,no,yes,no,derivative1
F02073,css,css,3,yes,yes,no,source1
F02074,javascript,javascript,3,no,yes,no,source1
F02075,F06997,api,3,no,yes,yes,engine_webkit
F02076,F13574,css,4,no,no,no,derivative1
F02078,F07036,css,4,no,yes,no,random2
F02079,F03630,api,4,no,yes,no,engine_webkit
F02080,F15624,api,3,yes,yes,no,source1
F02081,F07915,svg,4,no,yes,no,derivative1
F02082,F03680,css,4,no,yes,no,source1
F02083,F01882,api,4,no,yes,no,derivative1
F02085,F01150,javascript,4,no,yes,no,derivative1
F02087,F09096,svg,4,no,yes,no,engine_webkit
F02088,F15882,api,3,no,yes,no,derivative1
F02090,F07151,javascript,4,no,yes,no,source1
F02091,F16108,api,3,no,yes,no,engine_webkit
F02092,F16083,api,3,no,yes,no,lineage_pair
F02093,api,api,2,yes,yes,no,lineage_pair
F02095,api,api,2,no,yes,no,source1
F02096,api,api,2,no,yes,no,derivative1
F02097,F10771,api,3,no,yes,no,random2
F02098,F08759,api,3,no,yes,no,source1
F02099,F04579,css,4,no,yes,no,derivative1
F02100,F09177,api,3,no,yes,no,source1
F02101,F08072,api,3,no,yes,no,random2
F02102,F13159,api,3,no,yes,no,engine_webkit
F02103,F08384,api,3,yes,yes,no,derivative1
F02104,F13725,api,3,no,yes,no,lineage_pair
F02105,F09080,api,3,no,yes,no,lineage_pair
F02106,F17411,api,4,no,yes,no,lineage_pair
F02108,F16714,css,4,no,yes,no,derivative1
F02109,javascript,javascript,3,no,yes,no,lineage_pair
F02110,F06049,http,4,no,yes,no,engine_webkit
F02113,F01593,javascript,4,no,yes,no,lineage_pair
F02115,F17250,api,3,no,yes,no,engine_webkit
F02116,F15583,css,4,yes,yes,no,lineage_pair
F02118,F15446,api,3,no,yes,no,lineage_pair
F02119,F12947,api,3,no,yes,no,random2
F02120,F11500,html,4,no,yes,no,derivative1
F02122,F12321,api,3,yes,yes,no,random2
F02123,F08619,api,3,no,yes,no,engine_webkit
F02124,F16108,api,3,no,yes,no,derivative1
F02125,F12276,javascript,4,no,yes,yes,engine_webkit
F02126,html,html,3,no,yes,no,engine_webkit
F02127,F12712,api,3,no,yes,no,source1
F02131,F13096,api,3,yes,yes,no,random2
F02132,F16752,api,4,no,no,no,lineage_pair
F02133,F13441,api,4,no,yes,no,random2
F02134,F02967,api,3,no,yes,no,random2
F02135,F17656,api,3,no,no,yes,random2
F02136,F08068,api,3,no,yes,no,derivative1
F02137,F09667,svg,4,no,yes,no,derivative1
F02141,F18491,api,3,no,yes,no,lineage_pair
F02142,F08214,api,3,no,yes,no,engine_webkit
F02143,http,http,3,no,yes,no,random2
F02144,F12235,css,4,no,yes,no,random2
F02145,F00557,api,3,no,yes,no,source1
F02146,F07342,javascript,4,no,yes,no,source1
F02147,F08636,css,4,no,yes,no,derivative1
F02148,F04392,css,4,no,yes,no,random2
F02149,F05617,api,3,yes,yes,no,random2
F02151,F05301,api,3,no,yes,no,random2
F02152,F09938,api,3,no,yes,no,source1
F02156,api,api,2,yes,no,no,source1
F02157,F10862,css,4,no,yes,no,derivative1
F02158,F08336,javascript,5,no,yes,no,source1
F02159,F09208,api,3,no,yes,no,source1
F02160,F06687,api,3,no,yes,no,random2
F02161,F05891,css,4,no,yes,no,derivative1
F02162,F11506,api,3,no,yes,no,random2
F02163,F10726,css,4,no,yes,no,lineage_pair
F02164,F11506,api,3,no,yes,no,random2
F02165,F17668,css,4,yes,yes,no,source1
F02166,F04208,api,3,no,yes,no,engine_webkit
F02167,F01211,api,3,no,yes,no,source1
F02168,F13594,api,3,no,yes,no,random2
F02170,F16052,webdriver,4,yes,yes,no,source1
F02171,F15624,api,3,no,yes,no,engine_webkit
F02172,F12598,html,4,no,yes,no,engine_webkit
F02173,F12184,api,3,no,yes,yes,random2
F02174,F03902,api,3,no,yes,no,lineage_pair
F02176,F02616,api,3,no,yes,no,engine_webkit
F02177,F07337,api,3,yes,no,no,engine_webkit
F02179,F12604,api,3,no,yes,no,engine_webkit
F02182,F14767,api,3,yes,yes,no,random2
F02184,F13376,css,4,no,yes,no,engine_webkit
F02185,F08214,api,3,no,yes,no,engine_webkit
F02187,F01878,api,3,no,yes,no,derivative1
F02188,F00298,javascript,4,no,yes,no,engine_webkit
F02191,F11395,api,3,no,yes,no,derivative1
F02193,F17342,css,4,no,yes,no,derivative1
F02194,F09461,javascript,4,no,yes,no,derivative1
F02196,F07246,css,4,yes,yes,no,random2
F02197,F12621,css,4,no,yes,no,lineage_pair
F02198,F15017,javascript,4,no,yes,no,derivative1
F02199,F01922,api,3,yes,yes,no,source1
F02200,F06317,css,4,no,yes,no,lineage_pair
F02201,F14115,api,3,no,no,yes,source1
F02202,F18491,api,3,yes,no,no,lineage_pair
F02203,F15576,html,5,no,yes,no,source1
F02204,F05486,api,3,no,yes,yes,random2
F02206,F13506,api,3,no,yes,no,source1
F02207,F12499,css,4,no,yes,no,engine_webkit
F02208,F12321,api,3,yes,yes,no,random2
F02209,F06409,css,4,no,no,no,lineage_pair
F02210,F07595,api,3,no,yes,no,random2
F02211,F10206,api,3,no,yes,no,engine_webkit
F02212,javascript,javascript,3,no,yes,no,engine_webkit
F02213,F06488,api,3,yes,yes,no,derivative1
F02215,F08384,api,3,no,yes,no,derivative1
F02216,F12621,css,4,no,yes,no,random2
F02217,F18414,javascript,4,no,yes,no,engine_webkit
F02219,F08599,svg,4,yes,no,no,source1
F02220,api,api,2,no,yes,no,random2
F02221,css,css,3,no,yes,no,random2
F02222,F08020,api,3,no,yes,no,lineage_pair
F02224,F03630,api,4,no,yes,no,engine_webkit
F02225,api,api,2,no,yes,no,random2
F02226,F07595,api,3,no,yes,no,source1
F02227,F04527,javascript,5,no,yes,no,source1
F02229,F16752,api,4,no,yes,no,lineage_pair
F02230,F17773,api,3,no,yes,no,random2
F02231,F08959,api,3,no,yes,no,derivative1
F02232,F08456,api,3,yes,yes,no,lineage_pair
F02233,css,css,3,no,yes,no,source1
F02234,F02410,css,4,no,yes,no,engine_webkit
F02235,F00142,api,3,no,yes,no,derivative1
F02236,F11401,html,4,no,yes,no,lineage_pair
F02237,F15017,javascript,4,no,yes,no,derivative1
F02238,F07790,api,3,no,yes,no,derivative1
F02239,html,html,3,no,yes,no,random2
F02240,F13159,api,3,no,yes,no,derivative1
F02241,F10461,api,3,no,yes,no,lineage_pair
F02242,css,css,3,no,yes,no,lineage_pair
F02243,F14427,api,3,no,yes,no,engine_webkit
F02244,F15522,api,3,no,yes,no,engine_webkit
F02245,F04069,api,3,no,yes,no,source1
F02246,css,css,3,yes,no,no,engine_webkit
F02247,F18471,api,3,no,yes,no,lineage_pair
F02248,F16026,api,3,no,yes,no,derivative1
F02249,F10888,api,3,no,yes,no,derivative1
F02250,F13594,api,3,no,yes,no,derivative1
F02251,F06916,api,3,no,yes,no,lineage_pair
F02252,F04828,api,3,no,yes,no,source1
F02257,F07595,api,3,no,yes,no,derivative1
F02258,F01020,api,3,no,yes,no,random2
F02260,svg,svg,3,no,yes,no,random2
F02262,F14114,api,3,no,yes,no,derivative1
F02264,css,css,3,no,yes,no,derivative1
F02265,css,css,3,no,yes,no,lineage_pair
F02266,F09080,api,3,yes,yes,no,source1
F02267,F04392,css,4,no,yes,no,engine_webkit
F02268,F14252,api,3,no,yes,no,engine_webkit
F02269,css,css,3,no,yes,no,random2
F02270,http,http,3,no,yes,no,engine_webkit
F02271,css,css,3,no,yes,no,random2
F02273,css,css,3,no,yes,no,derivative1
F02275,F01764,javascript,5,no,yes,no,random2
F02276,F02373,css,4,yes,yes,no,derivative1
F02279,F10886,webdriver,5,no,yes,no,derivative1
F02280,api,api,2,yes,yes,no,lineage_pair
F02281,F14427,api,3,yes,no,no,derivative1
F02282,F06089,css,4,no,yes,no,random2
F02283,F04521,api,3,no,yes,no,random2
F02284,F14545,api,3,no,yes,no,random2
F02285,F12612,javascript,4,yes,yes,no,source1
F02286,F08497,api,3,no,yes,no,lineage_pair
F02287,F16146,api,3,no,yes,yes,lineage_pair
F02288,F07231,css,4,no,yes,no,lineage_pair
F02289,F02429,api,3,yes,yes,no,source1
F02290,F05690,http,4,no,yes,no,random2
F02291,F13504,html,4,no,yes,yes,source1
F02292,F04392,css,4,no,yes,no,lineage_pair
F02293,api,api,2,no,yes,no,random2
F02294,F13316,css,4,no,yes,no,random2
F02296,F17111,javascript,5,no,yes,no,random2
F02297,F00984,api,3,yes,yes,no,random2
F02299,F11069,api,3,no,yes,no,random2
F02300,F16789,api,3,no,yes,no,lineage_pair
F02301,F09681,css,4,no,yes,no,derivative1
F02302,F00494,svg,5,no,yes,no,source1
F02303,F10583,api,3,no,yes,no,engine_webkit
F02304,F06990,javascript,5,no,yes,no,random2
F02305,F15888,api,3,yes,yes,no,engine_webkit
F02306,F04521,api,3,no,yes,no,engine_webkit
F02307,css,css,3,no,yes,no,engine_webkit
F02308,F16083,api,3,no,yes,no,derivative1
F02309,http,http,3,no,yes,no,engine_webkit
F02310,F03198,api,3,no,yes,no,derivative1
F02311,F18491,api,3,no,yes,no,engine_webkit
F02313,F15581,css,4,no,yes,no,engine_webkit
F02314,F00427,api,3,no,yes,no,lineage_pair
F02315,F01701,css,4,no,yes,no,derivative1
F02316,F07170,css,4,no,yes,no,random2
F02317,F02429,api,3,no,yes,no,random2
F02318,F09143,api,3,yes,yes,no,random2
F02319,F08599,svg,4,yes,yes,no,derivative1
F02322,F05292,css,4,no,yes,no,random2
F02323,F17784,css,4,no,yes,no,lineage_pair
F02325,F05898,api,3,no,yes,no,random2
F02327,F05162,css,4,yes,yes,no,lineage_pair
F02328,F02731,javascript,4,no,yes,no,lineage_pair
F02329,F06358,css,4,no,yes,no,engine_webkit
F02330,F09945,api,3,no,yes,no,derivative1
F02331,css,css,3,no,yes,no,engine_webkit
F02332,F10839,api,3,no,yes,no,engine_webkit
F02333,F09982,svg,4,no,yes,no,random2
F02334,F09396,api,3,no,yes,no,lineage_pair
F02337,F12115,css,4,no,yes,no,lineage_pair
F02338,F18361,css,4,no,yes,no,engine_webkit
F02339,F06990,javascript,5,no,yes,no,random2
F02340,F13163,css,4,no,yes,no,lineage_pair
F02342,F16052,webdriver,4,no,yes,no,random2
F02343,F04392,css,4,no,yes,no,lineage_pair
F02344,api,api,2,no,yes,no,derivative1
F02346,css,css,3,no,yes,no,source1
F02347,F08636,css,4,no,yes,no,derivative1
F02348,F05764,javascript,4,no,yes,no,random2
F02350,F14903,api,3,no,yes,no,derivative1
F02351,F04249,api,3,no,yes,no,source1
F02352,api,api,2,no,yes,no,source1
F02353,F08915,css,4,no,yes,no,derivative1
F02354,F10314,api,3,no,no,yes,random2
F02355,F03563,api,3,no,yes,no,lineage_pair
F02356,F15982,html,4,no,yes,no,source1
F02357,F07595,api,3,no,yes,no,derivative1
F02358,F06861,api,3,no,yes,no,source1
F02360,F07837,api,4,no,yes,no,derivative1
F02361,F08772,api,3,no,yes,no,lineage_pair
F02362,F18156,api,4,no,yes,no,source1
F02363,F02126,html,4,no,yes,no,random2
F02364,F03268,css,4,no,yes,no,derivative1
F02365,F06730,api,3,no,yes,no,lineage_pair
F02366,F13008,api,3,yes,yes,no,engine_webkit
F02367,F07595,api,3,no,yes,no,source1
F02368,F05221,api,3,no,yes,no,lineage_pair
F02369,F06565,api,3,no,yes,no,lineage_pair
F02371,F15334,webdriver,4,no,yes,no,lineage_pair
F02372,F04687,api,3,no,yes,no,lineage_pair
F02373,css,css,3,yes,yes,no,derivative1
F02374,F06861,api,3,no,yes,no,engine_webkit
F02375,F04521,api,3,no,yes,no,engine_webkit
F02376,F16090,api,3,no,no,yes,engine_webkit
F02377,F08228,api,3,no,yes,no,engine_webkit
F02378,css,css,3,no,yes,no,lineage_pair
F02379,F15657,api,3,no,yes,no,engine_webkit
F02380,F13112,css,4,no,yes,no,source1
F02382,javascript,javascript,3,no,yes,no,derivative1
F02383,F02975,css,4,no,yes,no,derivative1
F02384,api,api,2,no,yes,yes,engine_webkit
F02385,F04579,css,4,no,yes,no,engine_webkit
F02386,F09122,css,4,no,yes,no,engine_webkit
F02387,F12404,api,3,no,yes,no,random2
F02388,F08731,api,3,no,yes,no,lineage_pair
F02389,F08492,webdriver,6,yes,yes,no,engine_webkit
F02390,F08843,api,3,no,yes,no,engine_webkit
F02391,F03711,api,4,yes,yes,no,lineage_pair
F02392,F01922,api,3,no,yes,no,derivative1
F02393,F12151,api,3,yes,yes,no,derivative1
F02394,F05335,webdriver,5,no,yes,no,derivative1
F02395,F04988,api,3,yes,yes,no,random2
F02396,F09122,css,4,no,yes,no,source1
F02398,F05010,css,4,no,yes,no,engine_webkit
F02399,F08420,css,4,no,yes,no,engine_webkit
F02400,F05193,css,4,no,yes,no,derivative1
F02402,F06985,webdriver,5,yes,yes,no,derivative1
F02405,F13358,webdriver,5,no,yes,no,random2
F02406,F13574,css,4,no,no,no,engine_webkit
F02407,F08170,html,4,no,yes,yes,source1
F02408,F04521,api,3,no,yes,no,engine_webkit
F02410,css,css,3,no,yes,no,lineage_pair
F02411,F08224,css,4,no,yes,no,engine_webkit
F02412,F17388,api,3,no,yes,no,engine_webkit
F02413,F18459,css,5,yes,yes,no,lineage_pair
F02414,F01764,javascript,5,no,yes,no,source1
F02415,F04521,api,3,no,yes,no,lineage_pair
F02416,F05690,http,4,no,yes,no,source1
F02417,html,html,3,no,yes,no,derivative1
F02419,api,api,2,no,yes,no,derivative1
F02420,F18491,api,3,no,yes,no,random2
F02422,F05384,api,3,no,yes,no,engine_webkit
F02423,F14519,api,3,no,yes,no,lineage_pair
F02425,F16275,http,4,yes,yes,no,source1
F02426,F13506,api,3,no,yes,no,lineage_pair
F02427,http,http,3,no,yes,no,derivative1
F02428,F13579,html,4,no,yes,no,source1
F02429,api,api,2,no,yes,no,lineage_pair
F02430,F05651,javascript,5,no,yes,no,engine_webkit
F02431,F08384,api,3,no,yes,no,engine_webkit
F02432,F08336,javascript,5,no,yes,no,random2
F02433,F02502,api,3,yes,yes,no,lineage_pair
F02434,F09942,api,4,yes,yes,no,random2
F02435,F13865,api,3,no,yes,no,lineage_pair
F02436,F04760,api,3,no,yes,no,lineage_pair
F02437,F15675,api,4,no,yes,no,derivative1
F02438,F08384,api,3,yes,yes,no,engine_webkit
F02439,F06990,javascript,5,no,yes,no,random2
F02441,F08088,api,3,yes,yes,no,random2
F02442,F08072,api,3,no,yes,no,lineage_pair
F02443,F18211,css,4,yes,yes,no,lineage_pair
F02445,F09208,api,3,no,yes,no,source1
F02446,F09318,api,3,yes,yes,no,lineage_pair
F02447,F09218,api,4,no,yes,no,source1
F02448,F18471,api,3,no,yes,no,source1
F02449,api,api,2,no,yes,no,random2
F02452,F07170,css,4,no,yes,no,engine_webkit
F02453,F16052,webdriver,4,no,yes,no,engine_webkit
F02454,F05010,css,4,yes,yes,no,lineage_pair
F02455,F01891,svg,4,no,yes,no,lineage_pair
F02456,api,api,2,no,yes,no,lineage_pair
F02458,F17349,api,3,no,yes,yes,random2
F02459,F02096,api,3,no,yes,no,engine_webkit
F02460,F11162,api,3,no,yes,no,derivative1
F02461,html,html,3,no,yes,yes,lineage_pair
F02462,F17315,api,3,no,yes,no,random2
F02464,F07595,api,3,no,yes,no,engine_webkit
F02465,F14114,api,3,no,yes,no,derivative1
F02466,api,api,2,no,yes,no,source1
F02467,api,api,2,no,yes,no,engine_webkit
F02470,api,api,2,yes,yes,no,lineage_pair
F02471,http,http,3,yes,yes,no,lineage_pair
F02472,F02519,api,3,no,yes,no,source1
F02473,F03812,css,4,no,yes,no,random2
F02474,F03141,css,4,no,yes,no,random2
F02475,F18094,css,4,no,yes,no,derivative1
F02477,F16789,api,3,no,yes,no,random2
F02478,F05242,api,3,no,yes,no,derivative1
F02479,F18164,css,4,no,yes,no,engine_webkit
F02481,F01571,api,4,no,yes,no,derivative1
F02484,F00557,api,3,no,yes,no,engine_webkit
F02487,css,css,3,no,yes,no,source1
F02488,F10026,api,3,yes,yes,no,lineage_pair
F02489,F10234,api,3,yes,yes,no,source1
F02490,css,css,3,yes,yes,no,random2
F02495,F05643,api,3,yes,yes,no,source1
F02496,F13594,api,3,no,yes,no,random2
F02497,api,api,2,no,yes,no,lineage_pair
F02500,F11695,css,5,no,yes,no,random2
F02501,html,html,3,no,yes,no,source1
F02502,api,api,2,yes,yes,no,derivative1
F02503,F09339,api,3,yes,yes,no,random2
F02504,F10233,api,3,no,yes,no,engine_webkit
F02505,api,api,2,no,yes,no,lineage_pair
F02506,css,css,3,yes,yes,no,random2
F02507,F08628,webdriver,4,no,yes,no,source1
F02508,F18491,api,3,no,yes,no,source1
F02509,F17236,api,3,no,yes,yes,lineage_pair
F02510,api,api,2,no,yes,no,engine_webkit
F02511,api,api,2,no,yes,no,derivative1
F02513,F02497,api,3,yes,yes,no,lineage_pair
F02517,F11565,http,4,no,no,yes,lineage_pair
F02518,F05221,api,3,yes,yes,no,random2
F02519,api,api,2,no,yes,no,random2
F02520,api,api,2,no,yes,no,source1
F02521,F09339,api,3,yes,yes,no,source1
F02523,F12600,api,3,no,yes,no,source1
F02525,svg,svg,3,no,yes,no,derivative1
F02526,F01764,javascript,5,no,yes,no,lineage_pair
F02530,F10771,api,3,no,yes,no,source1
F02531,F06590,javascript,3,no,yes,no,random2
F02532,F00384,html,4,no,yes,no,engine_webkit
F02533,F12712,api,3,no,yes,no,source1
F02534,F08233,api,3,no,yes,no,engine_webkit
F02535,F04521,api,3,no,yes,no,source1
F02536,F00339,api,3,no,yes,no,derivative1
F02537,F12321,api,3,yes,yes,no,engine_webkit
F02539,F03630,api,4,no,yes,no,derivative1
F02541,F15526,api,3,yes,yes,no,engine_webkit
F02542,F17606,html,4,no,yes,yes,derivative1
F02543,F10418,api,4,yes,yes,no,source1
F02545,F13574,css,4,no,yes,no,engine_webkit
F02546,F03747,api,3,no,yes,no,source1
F02548,F13376,css,4,no,yes,no,source1
F02551,F02225,api,3,no,yes,no,source1
F02552,F00781,api,3,yes,yes,no,random2
F02554,F09509,api,5,no,yes,no,engine_webkit
F02555,api,api,2,no,yes,no,engine_webkit
F02556,F12404,api,3,no,yes,no,random2
F02557,http,http,3,yes,yes,no,derivative1
F02558,F07595,api,3,yes,yes,no,engine_webkit
F02559,F16275,http,4,yes,yes,no,lineage_pair
F02560,http,http,3,no,yes,no,random2
F02561,F04180,css,4,no,yes,no,lineage_pair
F02563,F05643,api,3,yes,yes,no,random2
F02564,javascript,javascript,3,no,yes,no,source1
F02565,F13295,api,3,no,yes,no,engine_webkit
F02567,F15688,webdriver,5,no,yes,no,random2
F02568,F03563,api,3,no,yes,no,source1
F02569,html,html,3,yes,yes,no,source1
F02570,F05362,api,3,no,no,yes,engine_webkit
F02571,css,css,3,yes,yes,no,lineage_pair
F02572,F08020,api,3,no,yes,no,source1
F02573,F03469,api,3,yes,no,no,engine_webkit
F02574,F15662,api,3,no,yes,no,source1
F02575,F16980,api,3,no,yes,no,source1
F02577,F10072,api,3,yes,yes,no,random2
F02579,F12756,webdriver,5,no,yes,no,engine_webkit
F02580,css,css,3,yes,yes,no,engine_webkit
F02581,F13449,webdriver,5,yes,no,no,engine_webkit
F02582,F13594,api,3,no,yes,no,random2
F02583,F00863,javascript,4,no,yes,no,derivative1
F02584,F16275,http,4,yes,yes,no,lineage_pair
F02585,F07528,css,4,no,yes,no,source1
F02586,F17111,javascript,5,no,yes,no,source1
F02592,F17679,api,3,no,yes,no,derivative1
F02593,F16789,api,3,no,yes,no,lineage_pair
F02595,F07595,api,3,no,yes,no,derivative1
F02597,F08012,html,4,no,yes,no,derivative1
F02598,css,css,3,yes,yes,no,lineage_pair
F02601,F11256,api,4,no,no,yes,engine_webkit
F02605,F18332,css,4,no,yes,no,derivative1
F02606,F15959,api,3,no,yes,no,source1
F02607,F14495,api,3,no,yes,no,lineage_pair
F02608,css,css,3,no,yes,no,source1
F02609,F13594,api,3,no,yes,no,source1
F02610,F12869,api,3,yes,yes,no,source1
F02611,api,api,2,no,yes,no,lineage_pair
F02612,F15003,javascript,4,no,no,no,random2
F02613,F07353,css,4,no,yes,no,engine_webkit
F02614,http,http,3,no,yes,no,lineage_pair
F02615,F09667,svg,4,no,yes,no,source1
F02616,api,api,2,no,yes,no,lineage_pair
F02617,F02009,css,4,no,yes,yes,lineage_pair
F02618,F10583,api,3,no,yes,no,source1
F02619,F10045,api,3,no,yes,yes,random2
F02622,F00692,api,3,yes,yes,no,source1
F02623,F04521,api,3,no,yes,no,derivative1
F02625,api,api,2,no,yes,no,engine_webkit
F02626,F05690,http,4,no,yes,no,engine_webkit
F02627,F01150,javascript,4,no,yes,no,random2
F02628,F16329,api,3,no,yes,yes,derivative1
F02629,F10561,css,4,no,yes,no,random2
F02630,css,css,3,no,yes,no,engine_webkit
F02631,F00366,css,4,no,yes,no,random2
F02632,api,api,2,yes,no,no,derivative1
F02634,F15017,javascript,4,no,yes,no,engine_webkit
F02637,F18264,api,3,no,yes,no,engine_webkit
F02638,F10288,webdriver,5,no,yes,no,source1
F02639,api,api,2,no,yes,no,derivative1
F02640,F11062,api,3,no,yes,no,lineage_pair
F02641,F01944,api,3,no,yes,no,random2
F02643,F05651,javascript,5,no,yes,no,source1
F02644,F15786,javascript,5,no,yes,no,lineage_pair
F02645,F14125,api,3,no,yes,no,engine_webkit
F02646,F14865,html,4,no,yes,no,random2
F02649,F02429,api,3,yes,yes,no,lineage_pair
F02650,F13261,css,4,no,yes,no,lineage_pair
F02651,api,api,2,no,yes,no,derivative1
F02652,F08666,api,4,no,yes,no,engine_webkit
F02655,F17971,html,6,yes,yes,no,random2
F02656,F01344,html,5,no,yes,no,source1
F02657,F11200,api,3,no,yes,no,source1
F02658,F10967,http,4,yes,yes,no,random2
F02660,F04860,api,4,yes,yes,no,derivative1
F02661,F09982,svg,4,no,yes,no,derivative1
F02662,F04724,svg,4,no,yes,no,random2
F02663,F08843,api,3,yes,yes,no,derivative1
F02664,F10888,api,3,yes,yes,no,engine_webkit
F02665,F18491,api,3,no,yes,no,lineage_pair
F02667,F00730,html,5,yes,no,no,random2
F02668,F04521,api,3,no,yes,no,random2
F02669,F06861,api,3,no,yes,no,lineage_pair
F02670,api,api,2,yes,yes,no,derivative1
F02671,F04315,api,3,yes,yes,no,source1
F02672,F10199,api,3,no,yes,no,random2
F02675,F10199,api,3,no,yes,no,source1
F02676,F17581,css,4,no,yes,no,derivative1
F02677,F06410,css,4,no,yes,no,lineage_pair
F02679,F17773,api,3,no,yes,no,lineage_pair
F02680,F04852,css,4,no,yes,no,random2
F02681,css,css,3,yes,yes,no,source1
F02682,F05374,css,4,no,yes,no,random2
F02684,F06386,api,3,yes,yes,no,engine_webkit
F02686,css,css,3,no,yes,no,source1
F02687,F11058,css,4,yes,no,no,random2
F02688,F12321,api,3,yes,yes,no,random2
F02690,F06990,javascript,5,no,yes,no,lineage_pair
F02691,F16131,css,4,no,yes,no,random2
F02692,F16100,webdriver,5,no,yes,no,engine_webkit
F02693,F04114,api,3,yes,no,no,engine_webkit
F02694,F09503,api,3,no,yes,no,random2
F02696,F14164,api,3,no,yes,no,source1
F02699,F17548,api,4,no,yes,no,derivative1
F02701,F16938,api,3,no,yes,no,engine_webkit
F02702,F09333,javascript,5,no,yes,no,engine_webkit
F02705,F10199,api,3,no,yes,no,random2
F02708,F05571,api,3,no,yes,no,engine_webkit
F02709,F14823,css,4,no,yes,no,engine_webkit
F02711,F10709,html,5,no,yes,no,engine_webkit
F02712,F18238,api,3,no,yes,no,derivative1
F02713,css,css,3,no,yes,no,lineage_pair
F02714,F07595,api,3,no,yes,no,random2
F02715,F01369,css,4,no,yes,no,engine_webkit
F02716,css,css,3,no,yes,no,lineage_pair
F02718,api,api,2,no,yes,no,engine_webkit
F02719,F11219,api,3,no,yes,no,engine_webkit
F02720,F08632,api,3,no,yes,no,derivative1
F02722,F10079,api,3,no,yes,no,derivative1
F02723,css,css,3,no,yes,no,engine_webkit
F02725,F15017,javascript,4,no,yes,yes,derivative1
F02726,F07712,html,4,no,yes,yes,lineage_pair
F02728,F02967,api,3,no,yes,no,engine_webkit
F02729,F04521,api,3,no,yes,no,derivative1
F02730,api,api,2,no,yes,no,derivative1
F02731,javascript,javascript,3,no,yes,no,random2
F02732,F17548,api,4,yes,yes,no,engine_webkit
F02733,F04921,api,3,yes,yes,no,lineage_pair
F02734,F10771,api,3,no,yes,no,derivative1
F02736,css,css,3,yes,yes,no,lineage_pair
F02738,F10146,api,5,yes,yes,no,engine_webkit
F02739,F12869,api,3,yes,yes,no,derivative1
F02740,F07595,api,3,no,yes,no,source1
F02742,F09771,api,3,yes,yes,no,engine_webkit
F02744,F15339,html,5,no,no,no,lineage_pair
F02745,F01764,javascript,5,no,yes,no,engine_webkit
F02746,F02456,api,3,no,yes,no,random2
F02747,F00683,api,3,no,yes,no,lineage_pair
F02749,F02580,css,4,yes,yes,no,source1
F02750,F18156,api,4,no,yes,no,random2
F02751,webdriver,webdriver,3,no,yes,no,engine_webkit
F02753,F16714,css,4,yes,yes,no,derivative1
F02754,F09938,api,3,no,yes,no,derivative1
F02755,F01944,api,3,no,yes,no,derivative1
F02758,F08460,api,3,no,yes,no,derivative1
F02759,F17069,css,4,no,yes,no,engine_webkit
F02760,F08228,api,3,no,yes,no,random2
F02761,F16052,webdriver,4,yes,yes,no,derivative1
F02762,F13797,svg,4,no,yes,no,source1
F02763,F11408,api,4,no,yes,no,random2
F02764,F10447,api,3,no,yes,no,derivative1
F02765,F01878,api,3,no,yes,no,random2
F02766,F17111,javascript,5,no,yes,no,random2
F02767,F14650,api,5,no,yes,no,source1
F02769,F10631,webdriver,5,no,yes,no,source1
F02770,F12150,api,3,yes,yes,no,random2
F02771,F04463,api,3,no,yes,no,random2
F02772,F11565,http,4,no,no,yes,random2
F02773,F12559,api,4,no,no,no,derivative1
F02774,F01249,api,3,no,yes,yes,derivative1
F02775,F00752,css,5,yes,yes,no,engine_webkit
F02776,api,api,2,no,yes,no,derivative1
F02779,F12910,javascript,5,yes,yes,no,source1
F02780,F03902,api,3,no,yes,no,random2
F02782,F00142,api,3,no,yes,no,random2
F02783,css,css,3,no,yes,no,derivative1
F02784,F09771,api,3,yes,yes,no,lineage_pair
F02785,F01056,webdriver,5,no,yes,no,lineage_pair
F02786,F16108,api,3,no,no,yes,derivative1
F02787,F13579,html,4,no,yes,no,random2
F02788,F03902,api,3,no,yes,no,engine_webkit
F02789,F10647,webdriver,5,no,yes,no,lineage_pair
F02790,F07132,css,4,no,yes,yes,random2
F02792,F01089,api,3,no,yes,no,lineage_pair
F02794,F09122,css,4,no,no,yes,source1
F02795,F17679,api,3,no,no,yes,engine_webkit
F02796,css,css,3,no,yes,no,random2
F02799,api,api,2,no,yes,no,random2
F02801,F00721,css,4,yes,yes,no,engine_webkit
F02802,F18491,api,3,yes,no,no,engine_webkit
F02803,html,html,3,no,yes,no,engine_webkit
F02804,F08214,api,3,no,yes,no,derivative1
F02806,F10107,javascript,5,no,yes,no,engine_webkit
F02808,F06199,css,4,no,yes,no,derivative1
F02810,F07696,svg,4,no,yes,no,derivative1
F02812,html,html,3,no,yes,no,source1
F02813,api,api,2,no,yes,no,derivative1
F02814,api,api,2,no,no,yes,engine_webkit
F02815,F01019,api,3,no,yes,no,random2
F02816,javascript,javascript,3,no,yes,no,random2
F02817,F08603,api,3,no,yes,yes,random2
F02818,F13622,api,4,no,yes,no,derivative1
F02819,F07470,api,5,yes,yes,no,source1
F02820,F01467,api,3,no,yes,no,engine_webkit
F02821,F10914,css,4,no,yes,no,random2
F02826,F05371,api,4,no,yes,no,random2
F02827,F18314,http,4,yes,yes,no,engine_webkit
F02828,F05538,css,4,yes,yes,no,derivative1
F02829,F16326,api,3,no,yes,no,source1
F02831,F04631,css,4,no,yes,no,engine_webkit
F02832,F08731,api,3,no,yes,no,derivative1
F02833,F16789,api,3,no,yes,no,random2
F02834,F05693,api,4,no,yes,no,derivative1
F02835,css,css,3,no,yes,no,derivative1
F02836,F16892,api,3,yes,yes,no,random2
F02838,F13119,api,3,no,yes,no,engine_webkit
F02839,F01150,javascript,4,no,yes,no,source1
F02841,F12276,javascript,4,no,yes,yes,derivative1
F02842,api,api,2,no,yes,no,derivative1
F02843,F16088,api,3,no,yes,no,derivative1
F02844,F13110,api,3,yes,yes,no,derivative1
F02845,F12150,api,3,yes,yes,no,engine_webkit
F02846,api,api,2,no,no,no,derivative1
F02847,F08843,api,3,no,yes,no,lineage_pair
F02850,F01406,api,3,no,yes,no,lineage_pair
F02853,F07029,svg,4,no,yes,yes,lineage_pair
F02855,F04521,api,3,no,yes,no,derivative1
F02856,F06442,html,7,no,yes,no,random2
F02857,api,api,2,no,yes,no,source1
F02858,F04055,html,4,no,yes,no,derivative1
F02860,F18141,api,3,no,yes,no,source1
F02861,F09853,html,5,no,yes,no,random2
F02862,F02611,api,3,no,yes,no,lineage_pair
F02864,F13244,css,4,no,yes,no,random2
F02866,F07595,api,3,no,yes,no,random2
F02867,F03902,api,3,no,yes,no,derivative1
F02868,F03037,css,4,no,yes,no,source1
F02869,F13625,css,4,no,yes,no,derivative1
F02870,F16385,css,4,yes,yes,no,engine_webkit
F02871,F04392,css,4,no,yes,no,random2
F02874,F03178,css,5,no,no,yes,derivative1
F02875,F12151,api,3,yes,yes,no,source1
F02876,F08543,html,5,no,yes,no,engine_webkit
F02877,F16497,svg,4,no,yes,no,source1
F02878,F17765,html,4,yes,yes,no,source1
F02879,css,css,3,no,yes,yes,source1
F02880,F14545,api,3,no,yes,no,derivative1
F02881,F05764,javascript,4,no,yes,no,engine_webkit
F02882,F06730,api,3,no,yes,no,lineage_pair
F02883,F11500,html,4,no,no,yes,engine_webkit
F02885,F14795,api,3,yes,yes,no,source1
F02886,F17478,api,3,yes,yes,no,lineage_pair
F02887,html,html,3,no,yes,no,source1
F02888,F05948,css,4,no,yes,no,random2
F02889,F13295,api,3,no,yes,no,source1
F02891,api,api,2,no,yes,no,lineage_pair
F02892,F12943,api,3,no,yes,no,random2
F02893,F17795,webdriver,4,no,yes,no,lineage_pair
F02895,F07595,api,3,no,yes,no,source1
F02896,F12621,css,4,no,yes,no,derivative1
F02897,api,api,2,no,yes,no,random2
F02902,F01089,api,3,no,yes,no,engine_webkit
F02903,css,css,3,no,yes,no,lineage_pair
F02904,F15576,html,5,no,yes,no,source1
F02905,F07653,api,3,no,yes,no,derivative1
F02906,F09982,svg,4,no,yes,no,lineage_pair
F02908,F08384,api,3,yes,yes,no,random2
F02909,http,http,3,no,yes,no,random2
F02910,F11565,http,4,no,no,yes,lineage_pair
F02912,F01089,api,3,no,yes,no,derivative1
F02914,F09272,css,4,no,yes,no,random2
F02915,http,http,3,yes,yes,no,random2
F02917,F08205,webdriver,5,no,yes,no,random2
F02919,F14823,css,4,no,yes,no,engine_webkit
F02921,F15684,api,3,yes,yes,no,engine_webkit
F02922,F13622,api,4,no,yes,no,engine_webkit
F02923,F15273,html,4,no,yes,no,lineage_pair
F02924,F13574,css,4,no,no,no,random2
F02925,F06584,css,4,no,yes,no,source1
F02926,F13731,css,4,no,yes,no,engine_webkit
F02928,javascript,javascript,3,no,yes,no,engine_webkit
F02929,F08752,html,4,no,yes,yes,lineage_pair
F02930,F07765,api,3,yes,yes,no,engine_webkit
F02931,F05764,javascript,4,no,yes,no,source1
F02932,F13574,css,4,no,yes,no,random2
F02933,F08636,css,4,no,yes,no,lineage_pair
F02935,F05617,api,3,no,yes,no,derivative1
F02936,F15582,api,3,no,yes,no,random2
F02938,api,api,2,yes,yes,no,random2
F02939,F12923,api,3,no,yes,no,random2
F02941,F12621,css,4,no,yes,no,engine_webkit
F02942,F06864,api,3,yes,yes,no,lineage_pair
F02943,F09122,css,4,no,yes,no,derivative1
F02944,F14993,api,3,no,yes,no,random2
F02945,F16026,api,3,no,yes,no,source1
F02946,F02478,api,4,no,yes,no,random2
F02947,F08843,api,3,no,yes,yes,derivative1
F02948,F14179,javascript,5,no,yes,no,source1
F02949,F13901,css,4,yes,yes,no,random2
F02950,F02756,api,3,yes,yes,no,source1
F02951,F05690,http,4,no,yes,no,derivative1
F02952,F01049,api,3,no,yes,no,derivative1
F02953,F14026,css,4,no,yes,no,random2
F02954,javascript,javascript,3,no,yes,no,engine_webkit
F02955,F03205,api,3,yes,yes,no,engine_webkit
F02956,F08020,api,3,no,yes,no,source1
F02957,F00665,api,4,no,yes,no,lineage_pair
F02958,F06283,api,4,no,yes,no,derivative1
F02959,F05643,api,3,yes,yes,no,lineage_pair
F02961,F15624,api,3,no,yes,no,lineage_pair
F02962,F13579,html,4,no,yes,no,source1
F02965,F04065,css,4,yes,no,no,engine_webkit
F02967,api,api,2,no,yes,no,engine_webkit
F02968,F12254,javascript,5,no,yes,no,derivative1
F02969,F15662,api,3,no,yes,yes,source1
F02971,F01923,api,3,no,yes,no,engine_webkit
F02972,F05404,css,4,no,yes,no,random2
F02973,api,api,2,no,yes,no,lineage_pair
F02974,F09771,api,3,yes,yes,no,lineage_pair
F02975,css,css,3,no,yes,no,engine_webkit
F02977,css,css,3,no,yes,no,lineage_pair
F02978,F06509,api,3,no,yes,no,lineage_pair
F02979,F09122,css,4,no,yes,no,engine_webkit
F02982,F13902,api,3,no,yes,no,source1
F02983,F05571,api,3,no,yes,no,source1
F02984,F04610,api,3,no,no,yes,lineage_pair
F02986,F04804,javascript,5,no,yes,no,engine_webkit
F02987,F03006,api,3,no,no,yes,source1
F02988,F06041,api,3,no,yes,no,source1
F02989,F11065,webdriver,4,no,yes,no,lineage_pair
F02990,F10107,javascript,5,no,yes,no,random2
F02991,F16108,api,3,no,yes,no,random2
F02992,F11799,api,3,no,yes,no,source1
F02993,F12402,api,3,no,no,yes,source1
F02995,F12321,api,3,yes,yes,no,derivative1
F02996,F13579,html,4,no,yes,no,source1
F02997,F14571,api,3,no,yes,no,lineage_pair
F02998,F12321,api,3,yes,yes,no,lineage_pair
F02999,F12892,api,3,no,yes,no,random2
F03000,F05352,api,3,no,yes,no,source1
F03001,F09938,api,3,no,yes,no,derivative1
F03003,F02429,api,3,no,yes,no,derivative1
F03004,F11882,api,4,no,yes,no,derivative1
F03005,svg,svg,3,no,yes,no,derivative1
F03006,api,api,2,no,no,yes,random2
F03007,F04508,html,5,no,no,no,random2
F03008,F14387,css,4,no,yes,no,source1
F03009,css,css,3,no,no,no,derivative1
F03010,api,api,2,yes,yes,no,lineage_pair
F03013,F09853,html,5,no,yes,no,source1
F03014,F17684,css,4,no,yes,no,random2
F03015,api,api,2,yes,yes,no,random2
F03016,F05851,html,4,no,yes,no,lineage_pair
F03017,F17885,api,3,no,yes,no,source1
F03019,F16108,api,3,no,yes,no,random2
F03020,css,css,3,no,yes,no,lineage_pair
F03022,F04415,css,4,no,yes,no,source1
F03023,F14125,api,3,no,yes,no,derivative1
F03024,F01593,javascript,4,no,yes,no,lineage_pair
F03025,F08214,api,3,no,yes,no,derivative1
F03026,F07837,api,4,no,yes,no,source1
F03027,F15984,api,3,yes,yes,no,derivative1
F03028,css,css,3,no,yes,no,random2
F03030,F15754,css,4,no,yes,no,random2
F03032,F11215,api,4,no,yes,no,lineage_pair
F03033,F13765,api,3,yes,yes,no,derivative1
F03034,F16152,css,5,no,yes,no,random2
F03035,F04249,api,3,no,yes,no,derivative1
F03036,F14241,svg,4,no,yes,no,derivative1
F03037,css,css,3,no,yes,no,random2
F03038,F17111,javascript,5,no,yes,no,lineage_pair
F03039,F07765,api,3,yes,yes,no,engine_webkit
F03040,F02009,css,4,no,yes,yes,derivative1
F03041,F01861,api,3,no,yes,no,source1
F03043,api,api,2,no,yes,no,lineage_pair
F03044,F00477,api,3,no,yes,no,derivative1
F03045,F14865,html,4,no,yes,no,derivative1
F03046,F02616,api,3,no,yes,no,derivative1
F03047,F08465,api,3,no,yes,no,derivative1
F03048,F14823,css,4,no,yes,no,engine_webkit
F03049,api,api,2,no,yes,no,random2
F03050,F13579,html,4,no,yes,no,derivative1
F03051,F16123,api,3,yes,yes,no,lineage_pair
F03055,F01922,api,3,no,yes,no,engine_webkit
F03057,F08843,api,3,no,yes,no,source1
F03058,F02126,html,4,no,yes,no,derivative1
F03059,F07696,svg,4,no,yes,no,engine_webkit
F03060,css,css,3,no,yes,no,derivative1
F03061,F11955,api,3,no,yes,no,random2
F03062,F14587,svg,4,no,yes,no,derivative1
F03063,F10030,css,4,yes,yes,no,random2
F03065,F05891,css,4,no,yes,no,random2
F03066,F09853,html,5,yes,yes,no,engine_webkit
F03067,F00451,css,4,no,yes,no,random2
F03068,F12869,api,3,yes,yes,no,engine_webkit
F03070,F14903,api,3,no,no,yes,engine_webkit
F03071,F04392,css,4,yes,yes,no,source1
F03072,javascript,javascript,3,no,yes,no,random2
F03073,F11233,css,4,no,yes,no,engine_webkit
F03074,F16028,css,4,no,yes,no,engine_webkit
F03075,F04687,api,3,no,yes,no,derivative1
F03076,F07653,api,3,no,yes,no,derivative1
F03077,css,css,3,no,yes,no,lineage_pair
F03078,html,html,3,no,yes,no,source1
F03079,F18164,css,4,no,yes,no,lineage_pair
F03080,F04620,html,4,no,yes,no,source1
F03082,F05044,html,5,no,yes,no,engine_webkit
F03083,F18130,webdriver,5,no,yes,no,random2
F03084,html,html,3,no,yes,no,source1
F03085,F17684,css,4,no,yes,no,lineage_pair
F03087,F01195,api,3,no,yes,no,derivative1
F03088,F17949,css,4,no,yes,no,lineage_pair
F03089,F09218,api,4,no,yes,no,derivative1
F03090,F13393,api,3,no,yes,no,random2
F03091,F05764,javascript,4,no,yes,no,source1
F03092,F02718,api,3,no,yes,no,random2
F03094,F01813,api,3,no,yes,no,derivative1
F03095,F16752,api,4,no,yes,no,engine_webkit
F03096,svg,svg,3,no,yes,no,random2
F03097,F14125,api,3,no,yes,no,derivative1
F03098,F00450,api,4,no,yes,no,source1
F03099,F02588,api,3,no,yes,no,derivative1
F03100,F01150,javascript,4,no,yes,no,derivative1
F03102,F16049,api,3,no,yes,no,lineage_pair
F03103,F03020,css,4,no,yes,no,engine_webkit
F03104,F10295,http,4,no,yes,no,lineage_pair
F03105,javascript,javascript,3,no,yes,no,engine_webkit
F03106,F17559,api,3,no,yes,no,engine_webkit
F03107,F17765,html,4,no,yes,no,lineage_pair
F03108,api,api,2,no,yes,no,engine_webkit
F03109,F05010,css,4,yes,yes,no,lineage_pair
F03110,F13893,api,3,no,yes,no,source1
F03111,F16090,api,3,no,no,yes,random2
F03112,F18368,css,4,no,yes,no,engine_webkit
F03113,F01764,javascript,5,no,yes,no,lineage_pair
F03114,F09143,api,3,no,yes,no,random2
F03115,F12150,api,3,yes,yes,no,derivative1
F03116,F04521,api,3,no,yes,no,derivative1
F03118,F02967,api,3,no,yes,no,source1
F03119,F03469,api,3,yes,no,no,derivative1
F03120,F12095,api,4,no,yes,no,derivative1
F03121,F15358,css,4,no,yes,no,random2
F03122,F10644,api,3,no,yes,no,random2
F03123,F09253,api,3,no,yes,no,random2
F03124,css,css,3,yes,yes,no,source1
F03125,F14865,html,4,no,no,yes,lineage_pair
F03126,F15588,svg,4,no,yes,no,engine_webkit
F03127,F17001,api,3,no,yes,no,source1
F03128,F10107,javascript,5,no,yes,no,lineage_pair
F03129,F18491,api,3,no,yes,no,engine_webkit
F03130,F08631,api,3,no,yes,no,derivative1
F03132,F18414,javascript,4,no,yes,no,lineage_pair
F03133,F14823,css,4,no,yes,no,engine_webkit
F03134,F13239,api,3,yes,yes,no,derivative1
F03135,F04059,svg,4,no,yes,no,source1
F03136,F16090,api,3,yes,yes,no,random2
F03137,F01178,css,4,yes,yes,no,lineage_pair
F03138,F15458,javascript,5,no,yes,no,source1
F03140,F01181,javascript,4,no,yes,no,derivative1
F03141,css,css,3,no,yes,no,engine_webkit
F03142,F03072,javascript,4,no,yes,no,derivative1
F03143,F13376,css,4,no,yes,no,source1
F03144,F00724,webdriver,5,no,yes,no,random2
F03145,F04069,api,3,no,yes,no,random2
F03146,F13891,svg,4,no,yes,no,engine_webkit
F03147,F05044,html,5,no,yes,no,engine_webkit
F03148,F17507,svg,4,no,yes,no,lineage_pair
F03149,F04995,api,3,no,yes,no,derivative1
F03150,F12600,api,3,no,yes,yes,engine_webkit
F03152,F00777,api,3,no,yes,no,derivative1
F03153,F16497,svg,4,no,yes,no,engine_webkit
F03154,F12150,api,3,yes,yes,no,lineage_pair
F03156,F07151,javascript,4,no,yes,no,random2
F03157,F04208,api,3,no,yes,no,source1
F03158,F13574,css,4,no,yes,no,lineage_pair
F03160,F02520,api,3,no,yes,no,derivative1
F03161,css,css,3,no,yes,no,derivative1
F03163,api,api,2,no,yes,yes,source1
F03164,F04687,api,3,no,yes,no,source1
F03165,F15168,api,3,no,yes,no,random2
F03166,F07088,http,5,no,yes,no,derivative1
F03167,F17949,css,4,no,yes,no,source1
F03168,F08384,api,3,no,yes,no,lineage_pair
F03170,F07170,css,4,no,yes,no,lineage_pair
F03171,F18011,webdriver,5,no,yes,no,lineage_pair
F03173,F10108,webdriver,5,yes,yes,no,random2
F03175,css,css,3,no,yes,no,random2
F03176,F04392,css,4,no,yes,no,lineage_pair
F03177,F08843,api,3,no,yes,yes,derivative1
F03178,F15094,css,4,no,yes,no,engine_webkit
F03179,F00823,api,3,no,yes,no,engine_webkit
F03180,api,api,2,no,yes,no,derivative1
F03181,F13278,css,4,no,yes,no,lineage_pair
F03182,F04631,css,4,no,yes,no,random2
F03183,F11226,api,3,no,yes,no,random2
F03184,F07337,api,3,no,yes,no,lineage_pair
F03185,F13574,css,4,no,yes,no,lineage_pair
F03186,F15851,css,4,yes,yes,no,engine_webkit
F03187,css,css,3,no,yes,no,source1
F03189,F08170,html,4,no,no,yes,derivative1
F03190,F16789,api,3,no,yes,no,derivative1
F03191,F09484,api,3,no,yes,no,lineage_pair
F03192,F05764,javascript,4,no,yes,no,source1
F03193,F13579,html,4,no,yes,no,derivative1
F03194,F17665,api,3,yes,yes,no,random2
F03195,F09339,api,3,yes,yes,no,lineage_pair
F03198,api,api,2,no,yes,no,source1
F03203,http,http,3,yes,yes,no,engine_webkit
F03204,webdriver,webdriver,3,no,yes,no,source1
F03205,api,api,2,yes,yes,no,derivative1
F03206,F00665,api,4,no,yes,no,source1
F03207,F01955,api,3,no,yes,no,lineage_pair
F03208,F03936,api,3,no,yes,no,source1
F03209,F13160,api,3,yes,yes,no,random2
F03210,F07816,api,3,no,yes,no,engine_webkit
F03211,F05834,css,4,no,yes,no,random2
F03212,F15017,javascript,4,no,yes,no,engine_webkit
F03213,F17613,css,4,no,yes,no,derivative1
F03214,F17971,html,6,yes,yes,no,engine_webkit
F03216,F01369,css,4,no,yes,no,engine_webkit
F03217,F01674,api,4,no,yes,no,engine_webkit
F03218,api,api,2,yes,yes,no,lineage_pair
F03220,F01249,api,3,no,yes,yes,lineage_pair
F03221,F05352,api,3,no,yes,no,source1
F03222,F16108,api,3,no,no,yes,engine_webkit
F03223,F09938,api,3,no,yes,no,source1
F03224,F17457,css,4,yes,yes,no,source1
F03226,F13135,api,4,no,yes,no,engine_webkit
F03227,F08456,api,3,yes,yes,no,source1
F03229,api,api,2,yes,yes,no,random2
F03230,F18066,css,4,no,yes,no,lineage_pair
F03231,F05860,html,4,no,yes,yes,source1
F03232,F07269,css,4,no,yes,no,lineage_pair
F03233,F06386,api,3,no,yes,no,engine_webkit
F03234,F16116,api,3,no,no,yes,derivative1
F03237,F04392,css,4,no,yes,no,derivative1
F03238,F10181,css,4,no,yes,no,derivative1
F03239,F02342,webdriver,5,no,yes,no,lineage_pair
F03240,F01878,api,3,no,yes,no,engine_webkit
F03241,F12598,html,4,no,yes,no,derivative1
F03242,F02215,api,4,no,no,no,source1
F03244,F02731,javascript,4,no,yes,no,source1
F03246,F16362,css,4,no,yes,no,derivative1
F03248,F15882,api,3,no,yes,no,random2
F03249,F10888,api,3,no,yes,no,lineage_pair
F03250,F11553,api,4,no,yes,no,random2
F03251,F07595,api,3,no,yes,no,engine_webkit
F03253,F15475,api,5,yes,yes,no,lineage_pair
F03255,F17668,css,4,yes,yes,no,derivative1
F03257,javascript,javascript,3,no,yes,no,engine_webkit
F03258,F11438,api,3,no,yes,no,derivative1
F03259,F13507,api,3,yes,yes,no,lineage_pair
F03260,css,css,3,no,yes,no,lineage_pair
F03261,F14252,api,3,no,yes,no,engine_webkit
F03262,F08666,api,4,no,yes,no,random2
F03263,F16789,api,3,no,yes,no,random2
F03264,F04760,api,3,no,yes,no,derivative1
F03265,F08275,api,4,no,yes,no,source1
F03267,F11133,api,3,no,yes,no,lineage_pair
F03268,css,css,3,no,yes,no,lineage_pair
F03270,F04620,html,4,no,yes,yes,source1
F03274,F18141,api,3,no,yes,no,lineage_pair
F03275,F03043,api,3,no,yes,no,engine_webkit
F03276,F15017,javascript,4,no,yes,yes,random2
F03277,F08594,api,3,no,yes,no,random2
F03279,F10257,api,4,no,yes,no,derivative1
F03280,F10199,api,3,no,yes,no,engine_webkit
F03282,F04521,api,3,no,yes,no,source1
F03283,F02346,css,4,no,yes,no,random2
F03284,F15348,api,3,no,yes,no,derivative1
F03285,F05651,javascript,5,no,yes,no,lineage_pair
F03287,F04152,css,4,yes,yes,no,engine_webkit
F03288,F07132,css,4,no,yes,no,derivative1
F03289,F18161,api,3,no,yes,no,source1
F03290,F08420,css,4,no,no,no,derivative1
F03291,F14825,api,3,no,yes,no,source1
F03292,F13574,css,4,no,no,no,derivative1
F03294,F04832,api,4,no,yes,no,derivative1
F03296,F06423,javascript,4,no,yes,no,source1
F03297,F06590,javascript,3,no,yes,no,random2
F03302,F01467,api,3,yes,no,no,random2
F03304,F09269,api,3,no,yes,yes,source1
F03306,F08362,api,3,no,yes,no,engine_webkit
F03307,F15348,api,3,no,yes,no,derivative1
F03308,F16186,javascript,4,no,yes,no,random2
F03310,api,api,2,yes,yes,no,engine_webkit
F03311,css,css,3,no,yes,no,random2
F03312,css,css,3,no,yes,no,engine_webkit
F03314,F04946,css,4,no,yes,no,random2
F03315,F07765,api,3,yes,yes,no,engine_webkit
F03317,F08579,api,3,no,yes,no,lineage_pair
F03319,api,api,2,no,yes,no,source1
F03322,F17842,api,4,yes,no,no,lineage_pair
F03323,F10030,css,4,yes,yes,no,source1
F03324,css,css,3,no,yes,no,engine_webkit
F03325,javascript,javascript,3,no,yes,no,lineage_pair
F03326,api,api,2,yes,yes,no,lineage_pair
F03327,F09945,api,3,no,yes,no,lineage_pair
F03328,F11395,api,3,yes,yes,no,derivative1
F03329,F06940,api,4,yes,yes,no,lineage_pair
F03330,F07595,api,3,no,yes,no,random2
F03331,F14519,api,3,no,yes,no,lineage_pair
F03332,F01998,css,4,no,yes,no,derivative1
F03336,F06990,javascript,5,no,yes,no,engine_webkit
F03337,F01282,api,3,no,yes,no,source1
F03338,F10338,javascript,5,no,yes,no,derivative1
F03339,F07595,api,3,no,yes,no,engine_webkit
F03340,F13601,javascript,4,no,yes,no,random2
F03341,F05651,javascript,5,no,yes,no,engine_webkit
F03342,F18491,api,3,no,no,no,derivative1
F03343,api,api,2,no,yes,no,random2
F03344,F13506,api,3,no,yes,no,engine_webkit
F03345,F15296,html,4,no,yes,no,lineage_pair
F03347,F18239,api,3,no,yes,no,lineage_pair
F03348,F01089,api,3,no,yes,no,derivative1
F03350,F15630,html,5,no,yes,no,source1
F03351,F03180,api,3,no,yes,no,derivative1
F03352,F11807,api,3,no,yes,no,random2
F03353,F09778,api,3,no,yes,no,engine_webkit
F03355,F01049,api,3,no,yes,no,derivative1
F03356,F05643,api,3,yes,yes,no,random2
F03357,F00863,javascript,4,no,yes,no,engine_webkit
F03358,F17283,html,4,no,yes,no,source1
F03360,F05961,api,4,no,yes,no,engine_webkit
F03362,F04792,api,3,no,yes,no,lineage_pair
F03363,F11736,css,4,no,yes,no,random2
F03364,F09667,svg,4,no,yes,no,engine_webkit
F03366,F08491,css,4,yes,yes,no,random2
F03367,F14507,api,3,no,yes,no,derivative1
F03368,F06669,api,4,yes,yes,no,random2
F03369,html,html,3,no,yes,no,source1
F03370,F07269,css,4,no,yes,no,lineage_pair
F03371,F02346,css,4,no,yes,no,random2
F03372,javascript,javascript,3,no,yes,no,source1
F03373,api,api,2,no,yes,no,lineage_pair
F03374,F06238,webdriver,5,no,yes,no,random2
F03379,F00863,javascript,4,yes,yes,no,derivative1
F03380,F12185,css,4,yes,yes,no,derivative1
F03381,F05859,html,4,no,yes,yes,engine_webkit
F03382,F14304,api,4,no,yes,no,derivative1
F03383,F15754,css,4,no,yes,no,random2
F03384,javascript,javascript,3,no,yes,no,source1
F03385,F09853,html,5,no,no,yes,random2
F03386,F08731,api,3,no,yes,no,engine_webkit
F03387,F04521,api,3,no,yes,no,source1
F03388,F09569,api,3,no,yes,no,random2
F03389,http,http,3,no,yes,no,lineage_pair
F03390,F15703,api,4,no,yes,no,random2
F03391,F15406,css,4,no,yes,no,source1
F03392,api,api,2,no,yes,no,derivative1
F03395,F16275,http,4,yes,yes,no,lineage_pair
F03398,F04620,html,4,no,yes,yes,random2
F03399,F07971,api,3,no,yes,no,engine_webkit
F03400,F05643,api,3,yes,yes,no,engine_webkit
F03401,F02264,css,4,no,yes,no,source1
F03403,F04393,api,4,yes,yes,no,engine_webkit
F03404,F06161,api,3,no,yes,no,lineage_pair
F03405,F02846,api,3,no,no,no,lineage_pair
F03406,javascript,javascript,3,no,yes,no,lineage_pair
F03407,F03606,api,3,no,yes,no,engine_webkit
F03408,F07304,api,3,yes,yes,no,lineage_pair
F03409,F10961,api,3,yes,yes,no,derivative1
F03410,F12943,api,3,no,yes,no,derivative1
F03411,F11664,api,3,no,yes,no,engine_webkit
F03412,F05193,css,4,no,yes,no,derivative1
F03414,F08170,html,4,no,yes,yes,random2
F03416,F10030,css,4,yes,yes,no,engine_webkit
F03418,F07029,svg,4,no,yes,yes,source1
F03419,F17198,api,3,no,yes,no,source1
F03420,F04521,api,3,no,yes,no,lineage_pair
F03421,F09972,css,4,no,yes,no,engine_webkit
F03424,F04766,css,4,no,no,yes,random2
F03425,F15792,api,3,yes,yes,no,lineage_pair
F03427,css,css,3,no,yes,no,source1
F03428,F04521,api,3,no,yes,no,random2
F03429,F09852,css,4,no,yes,no,source1
F03430,F12321,api,3,yes,yes,no,derivative1
F03431,F04854,api,3,no,yes,no,engine_webkit
F03433,F01008,css,4,no,yes,no,source1
F03434,F13681,api,3,no,yes,no,random2
F03435,api,api,2,no,yes,no,source1
F03436,F05131,api,3,no,yes,no,random2
F03437,F00744,css,4,no,yes,no,lineage_pair
F03438,F07918,api,3,yes,yes,no,derivative1
F03441,F04577,webdriver,5,no,yes,no,lineage_pair
F03442,F12626,api,3,no,yes,no,engine_webkit
F03444,F12965,api,3,no,yes,no,lineage_pair
F03445,F08731,api,3,no,yes,no,derivative1
F03446,css,css,3,no,no,no,derivative1
F03447,F15703,api,4,yes,yes,no,lineage_pair
F03448,api,api,2,yes,yes,no,lineage_pair
F03449,javascript,javascript,3,no,yes,no,source1
F03451,F15508,http,4,no,yes,no,source1
F03452,javascript,javascript,3,no,yes,no,derivative1
F03453,javascript,javascript,3,no,yes,no,random2
F03454,F04521,api,3,no,yes,no,lineage_pair
F03455,F05221,api,3,no,yes,no,lineage_pair
F03456,F08772,api,3,no,yes,no,random2
F03457,css,css,3,no,yes,no,derivative1
F03458,F11472,http,4,no,yes,no,random2
F03460,F13258,api,3,no,yes,no,source1
F03461,F11395,api,3,no,yes,no,source1
F03462,F17746,api,3,no,yes,no,random2
F03463,F12923,api,3,no,yes,no,source1
F03464,api,api,2,no,no,yes,source1
F03465,F09938,api,3,no,yes,no,source1
F03466,F04579,css,4,no,yes,no,lineage_pair
F03467,html,html,3,no,yes,no,source1
F03468,F18341,api,4,no,yes,no,engine_webkit
F03469,api,api,2,no,yes,no,lineage_pair
F03470,F11332,css,6,yes,yes,no,derivative1
F03471,http,http,3,no,yes,no,random2
F03472,F15984,api,3,yes,yes,no,lineage_pair
F03473,F09881,api,3,no,yes,no,lineage_pair
F03475,F16307,html,4,no,yes,yes,lineage_pair
F03476,F03867,api,3,no,yes,no,lineage_pair
F03477,F10295,http,4,no,yes,no,random2
F03478,F15675,api,4,no,yes,no,lineage_pair
F03479,F14587,svg,4,no,yes,no,engine_webkit
F03480,F16275,http,4,yes,yes,no,random2
F03481,F18491,api,3,no,yes,no,random2
F03482,F05345,css,4,no,yes,no,engine_webkit
F03483,F08843,api,3,no,yes,no,engine_webkit
F03484,F17296,api,3,no,yes,no,engine_webkit
F03485,F09461,javascript,4,no,yes,no,lineage_pair
F03486,F15754,css,4,no,yes,no,engine_webkit
F03487,F13725,api,3,no,yes,no,random2
F03488,F01142,api,3,yes,yes,no,derivative1
F03489,F00290,css,4,no,yes,no,lineage_pair
F03491,F09938,api,3,no,yes,no,random2
F03492,F04059,svg,4,no,yes,no,engine_webkit
F03493,F04392,css,4,no,yes,no,source1
F03494,F04564,css,5,no,yes,no,random2
F03495,api,api,2,no,yes,no,lineage_pair
F03496,F15446,api,3,no,yes,no,engine_webkit
F03497,F18156,api,4,no,yes,no,lineage_pair
F03499,F14903,api,3,no,yes,no,source1
F03500,F09852,css,4,no,yes,no,lineage_pair
F03503,F11009,api,3,no,yes,no,engine_webkit
F03504,api,api,2,yes,yes,no,lineage_pair
F03505,http,http,3,no,yes,no,engine_webkit
F03507,F13506,api,3,no,yes,no,lineage_pair
F03508,F18491,api,3,yes,no,no,random2
F03510,F12168,html,4,no,yes,yes,source1
F03513,F02994,api,3,no,yes,no,lineage_pair
F03514,F12150,api,3,yes,yes,no,lineage_pair
F03516,css,css,3,no,yes,no,lineage_pair
F03517,F01089,api,3,no,yes,no,lineage_pair
F03518,F08731,api,3,no,yes,no,source1
F03519,css,css,3,no,yes,no,engine_webkit
F03521,F14571,api,3,no,yes,no,random2
F03522,F10439,api,3,no,yes,yes,engine_webkit
F03523,F02356,html,5,no,yes,no,source1
F03525,F00425,css,4,no,yes,no,source1
F03526,F10718,api,3,no,yes,no,source1
F03528,F18141,api,3,no,yes,no,random2
F03529,F02095,api,3,no,yes,no,engine_webkit
F03531,F17548,api,4,no,yes,no,source1
F03532,F14233,api,3,yes,yes,no,engine_webkit
F03533,F11002,css,4,no,yes,no,derivative1
F03534,F16510,api,3,no,yes,no,source1
F03537,F17194,api,3,no,yes,yes,lineage_pair
F03539,F11205,css,4,no,yes,no,random2
F03541,F17345,api,4,no,yes,no,derivative1
F03542,F18489,api,3,no,yes,no,derivative1
F03543,F03306,api,4,no,yes,no,source1
F03544,F08681,javascript,5,no,yes,no,random2
F03545,F08613,api,3,no,yes,no,random2
F03547,F08843,api,3,no,yes,no,source1
F03548,http,http,3,yes,yes,no,derivative1
F03550,F13594,api,3,no,yes,no,derivative1
F03551,F09208,api,3,no,yes,no,derivative1
F03552,F15654,javascript,5,no,yes,no,random2
F03553,F17236,api,3,no,yes,yes,derivative1
F03554,F05764,javascript,4,no,yes,no,random2
F03557,F06590,javascript,3,no,yes,no,engine_webkit
F03558,F09504,api,3,yes,yes,no,derivative1
F03559,F02373,css,4,yes,yes,no,random2
F03560,F17236,api,3,no,yes,yes,lineage_pair
F03562,F15662,api,3,no,yes,no,lineage_pair
F03564,F14545,api,3,no,yes,no,source1
F03565,F15662,api,3,no,yes,no,engine_webkit
F03567,F12892,api,3,no,yes,no,source1
F03568,F12896,api,4,no,yes,no,lineage_pair
F03569,F09122,css,4,no,yes,no,lineage_pair
F03570,F16275,http,4,yes,no,no,lineage_pair
F03571,F05170,api,3,yes,yes,no,derivative1
F03572,F08377,api,3,yes,yes,no,source1
F03575,F14823,css,4,no,yes,no,source1
F03577,F06898,css,4,yes,yes,no,lineage_pair
F03578,F15707,api,3,no,yes,no,source1
F03581,F04376,api,3,no,yes,no,derivative1
F03583,F06276,css,4,yes,yes,no,source1
F03585,F08465,api,3,no,yes,no,source1
F03586,F05851,html,4,no,yes,yes,derivative1
F03587,F18156,api,4,no,yes,no,random2
F03588,F14823,css,4,no,yes,no,engine_webkit
F03591,F08632,api,3,no,yes,no,source1
F03592,F14387,css,4,no,yes,no,source1
F03593,F04114,api,3,yes,no,no,lineage_pair
F03597,F05486,api,3,no,yes,no,lineage_pair
F03598,F00914,api,3,no,yes,no,random2
F03599,F04864,api,3,no,yes,no,engine_webkit
F03600,F17971,html,6,yes,yes,no,engine_webkit
F03603,F11987,api,3,no,yes,no,engine_webkit
F03604,F06965,api,4,no,yes,no,random2
F03605,F09945,api,3,no,yes,no,source1
F03606,api,api,2,no,yes,no,source1
F03607,javascript,javascript,3,no,yes,no,random2
F03608,api,api,2,no,yes,no,source1
F03609,webdriver,webdriver,3,no,yes,no,derivative1
F03610,F07029,svg,4,no,yes,no,lineage_pair
F03612,css,css,3,no,no,no,source1
F03613,F06099,api,3,no,yes,no,lineage_pair
F03614,F09208,api,3,no,yes,no,random2
F03616,F07788,api,3,no,yes,no,source1
F03617,F16496,api,3,no,yes,no,lineage_pair
F03619,api,api,2,no,yes,no,random2
F03620,F12712,api,3,no,yes,no,engine_webkit
F03621,F01328,api,3,no,yes,no,source1
F03622,F07621,css,4,no,yes,no,source1
F03623,F09313,api,3,no,yes,no,random2
F03624,F06161,api,3,no,yes,no,derivative1
F03625,F17949,css,4,no,yes,no,lineage_pair
F03626,F02037,webdriver,5,no,yes,no,lineage_pair
F03627,F05891,css,4,no,yes,no,engine_webkit
F03628,F15582,api,3,no,yes,no,engine_webkit
F03629,F15541,api,3,no,yes,no,engine_webkit
F03630,F04723,api,3,no,yes,no,engine_webkit
F03633,F05690,http,4,no,yes,no,source1
F03634,F06697,api,3,no,yes,no,derivative1
F03636,html,html,3,no,yes,no,derivative1
F03637,webdriver,webdriver,3,no,yes,no,engine_webkit
F03640,F05840,api,3,yes,yes,no,lineage_pair
F03642,api,api,2,no,yes,no,random2
F03643,F00665,api,4,no,yes,no,lineage_pair
F03644,F01132,html,4,no,yes,no,lineage_pair
F03645,F10855,api,3,no,yes,no,engine_webkit
F03646,F12923,api,3,no,yes,no,random2
F03647,F18161,api,3,no,yes,no,source1
F03648,F04308,api,3,no,yes,no,source1
F03649,F16980,api,3,no,yes,no,engine_webkit
F03650,F00826,javascript,4,no,yes,no,engine_webkit
F03651,F09080,api,3,yes,yes,no,lineage_pair
F03652,F17548,api,4,no,yes,no,derivative1
F03653,F10199,api,3,no,yes,no,source1
F03654,F01813,api,3,no,yes,no,engine_webkit
F03656,F05193,css,4,no,no,no,source1
F03657,F06908,webdriver,5,no,yes,no,random2
F03658,F05617,api,3,no,yes,no,engine_webkit
F03662,svg,svg,3,no,yes,no,random2
F03663,F17205,css,4,no,yes,no,derivative1
F03665,F09937,api,3,no,yes,no,engine_webkit
F03666,F07659,css,4,yes,yes,no,source1
F03668,F18491,api,3,no,yes,no,source1
F03669,F12600,api,3,no,yes,no,derivative1
F03670,F08377,api,3,no,yes,no,engine_webkit
F03671,F06238,webdriver,5,no,yes,no,engine_webkit
F03672,F08749,api,3,no,yes,no,source1
F03673,F17478,api,3,yes,yes,no,engine_webkit
F03674,F14350,api,3,yes,yes,no,source1
F03675,F02453,webdriver,5,no,yes,no,derivative1
F03677,F02580,css,4,yes,yes,no,random2
F03680,css,css,3,no,yes,no,source1
F03681,F01861,api,3,yes,yes,no,derivative1
F03682,F18491,api,3,no,yes,no,source1
F03683,F16108,api,3,no,yes,no,source1
F03684,F09994,css,4,no,yes,no,engine_webkit
F03685,F14731,api,3,no,yes,no,engine_webkit
F03686,F01708,javascript,4,no,yes,no,random2
F03687,F00142,api,3,no,yes,no,lineage_pair
F03688,F07425,html,5,no,no,no,random2
F03689,F15471,api,3,no,yes,no,lineage_pair
F03690,F09972,css,4,no,yes,no,random2
F03691,F10108,webdriver,5,no,yes,no,derivative1
F03692,api,api,2,no,yes,no,lineage_pair
F03694,F16152,css,5,no,yes,no,engine_webkit
F03695,F07349,api,4,yes,no,no,engine_webkit
F03697,F13159,api,3,no,no,yes,lineage_pair
F03698,F01469,api,4,no,yes,no,derivative1
F03699,F09938,api,3,no,yes,no,random2
F03701,F14233,api,3,yes,yes,no,random2
F03702,F05651,javascript,5,no,yes,no,derivative1
F03703,F16152,css,5,no,yes,no,source1
F03704,F01878,api,3,no,yes,no,engine_webkit
F03705,F10449,svg,4,no,yes,no,derivative1
F03706,F13753,api,3,no,yes,no,derivative1
F03707,F06566,api,3,no,yes,no,source1
F03708,F09096,svg,4,no,yes,no,random2
F03709,F01571,api,4,no,yes,no,lineage_pair
F03710,F18406,javascript,4,no,yes,no,derivative1
F03711,F04723,api,3,no,yes,no,lineage_pair
F03712,F12621,css,4,no,yes,no,random2
F03713,F14702,css,4,yes,yes,no,lineage_pair
F03714,F08723,api,3,no,yes,no,random2
F03715,F02967,api,3,no,yes,no,lineage_pair
F03716,F04834,api,3,no,yes,no,derivative1
F03718,F12600,api,3,no,yes,no,source1
F03719,F05948,css,4,no,yes,no,random2
F03720,F16991,api,3,yes,yes,no,engine_webkit
F03723,F09001,api,3,no,yes,no,lineage_pair
F03724,F12402,api,3,no,no,yes,source1
F03725,F02037,webdriver,5,no,yes,no,source1
F03726,F06990,javascript,5,no,yes,no,lineage_pair
F03727,F05764,javascript,4,no,yes,no,derivative1
F03728,F12923,api,3,no,yes,no,random2
F03729,F13574,css,4,no,yes,no,lineage_pair
F03731,F08666,api,4,no,yes,no,source1
F03732,F06317,css,4,no,yes,no,engine_webkit
F03733,F15654,javascript,5,no,yes,no,source1
F03734,css,css,3,no,yes,no,random2
F03737,F09126,css,4,no,yes,no,engine_webkit
F03738,css,css,3,yes,yes,no,source1
F03739,F13884,html,5,no,yes,no,engine_webkit
F03740,F04521,api,3,no,yes,no,source1
F03742,F13112,css,4,no,yes,no,random2
F03743,F03163,api,3,no,yes,yes,derivative1
F03744,F02264,css,4,no,yes,no,lineage_pair
F03745,F00794,api,4,no,yes,no,source1
F03747,api,api,2,no,yes,no,lineage_pair
F03748,F06898,css,4,no,yes,no,lineage_pair
F03749,F08636,css,4,no,yes,no,random2
F03750,api,api,2,no,yes,no,engine_webkit
F03751,F14825,api,3,no,yes,no,engine_webkit
F03754,F18141,api,3,no,yes,no,lineage_pair
F03755,F18491,api,3,no,yes,no,derivative1
F03756,F18471,api,3,no,yes,no,derivative1
F03757,F10295,http,4,yes,yes,no,lineage_pair
F03758,F08843,api,3,no,yes,no,lineage_pair
F03760,F15471,api,3,no,yes,no,random2
F03761,F02478,api,4,no,yes,no,derivative1
F03762,http,http,3,no,yes,no,engine_webkit
F03764,F13601,javascript,4,no,yes,no,source1
F03765,F09577,svg,4,no,yes,no,lineage_pair
F03766,api,api,2,yes,yes,no,derivative1
F03767,F06425,api,3,yes,yes,no,source1
F03768,F15754,css,4,yes,yes,no,engine_webkit
F03769,F13827,css,4,no,yes,no,random2
F03770,F16714,css,4,yes,yes,no,source1
F03771,F17507,svg,4,no,yes,no,source1
F03772,F03686,javascript,5,no,yes,no,lineage_pair
F03775,F09528,api,3,no,yes,no,source1
F03776,F12059,api,3,no,yes,no,random2
F03777,F00236,api,3,no,no,yes,random2
F03778,F13893,api,3,no,yes,no,engine_webkit
F03779,F11395,api,3,no,yes,no,derivative1
F03781,F16415,css,4,yes,yes,no,derivative1
F03782,F03902,api,3,no,yes,no,source1
F03784,F07274,html,4,no,yes,no,derivative1
F03785,F18491,api,3,no,yes,no,source1
F03786,F01003,css,4,yes,yes,no,derivative1
F03787,F17483,css,5,no,yes,no,source1
F03788,F18313,api,3,no,yes,no,engine_webkit
F03789,F07151,javascript,4,no,yes,no,random2
F03790,F05961,api,4,no,yes,no,engine_webkit
F03791,F05434,api,3,no,yes,no,engine_webkit
F03793,F09528,api,3,no,yes,no,source1
F03794,F01571,api,4,no,yes,no,source1
F03796,F13865,api,3,no,yes,no,derivative1
F03797,F16344,api,3,no,yes,no,random2
F03798,api,api,2,no,yes,no,lineage_pair
F03799,F07638,api,3,no,yes,no,engine_webkit
F03800,F17111,javascript,5,no,yes,no,source1
F03801,api,api,2,no,yes,no,source1
F03803,css,css,3,no,yes,no,source1
F03804,http,http,3,yes,yes,no,engine_webkit
F03805,F15423,api,4,yes,no,no,derivative1
F03806,F02233,css,4,no,yes,no,source1
F03807,api,api,2,no,yes,no,engine_webkit
F03808,F05653,api,4,no,yes,no,source1
F03809,F16714,css,4,yes,yes,no,lineage_pair
F03810,F09937,api,3,no,no,no,random2
F03811,F04012,api,4,no,yes,no,lineage_pair
F03812,css,css,3,no,yes,no,random2
F03813,F17699,api,4,no,yes,no,source1
F03814,api,api,2,no,yes,no,random2
F03816,F07595,api,3,no,yes,no,random2
F03817,F17111,javascript,5,no,yes,no,random2
F03818,F00730,html,5,no,yes,no,source1
F03819,F15506,api,4,yes,yes,no,derivative1
F03820,F09545,html,4,no,yes,no,source1
F03821,F18001,api,3,no,yes,no,derivative1
F03822,F12711,svg,4,no,yes,no,engine_webkit
F03824,F03630,api,4,no,yes,no,derivative1
F03825,F18001,api,3,no,yes,no,source1
F03826,F08151,css,4,no,yes,no,engine_webkit
F03827,F11395,api,3,no,yes,no,lineage_pair
F03828,F05851,html,4,no,yes,no,random2
F03830,css,css,3,yes,yes,no,engine_webkit
F03831,F17765,html,4,no,yes,no,lineage_pair
F03832,api,api,2,no,yes,no,engine_webkit
F03833,F06082,api,3,no,yes,no,engine_webkit
F03834,F04521,api,3,no,yes,no,engine_webkit
F03835,F02449,api,3,no,yes,no,random2
F03837,F08456,api,3,yes,yes,no,engine_webkit
F03838,F04521,api,3,no,yes,no,random2
F03839,api,api,2,no,yes,no,lineage_pair
F03840,F02273,css,4,no,no,no,derivative1
F03841,F03469,api,3,yes,no,no,engine_webkit
F03843,F08122,api,3,no,yes,no,source1
F03846,F03902,api,3,no,yes,no,engine_webkit
F03847,F01406,api,3,no,yes,no,derivative1
F03848,F07304,api,3,yes,yes,no,source1
F03849,F07804,css,4,no,yes,no,source1
F03852,F02089,api,3,no,yes,no,source1
F03854,javascript,javascript,3,no,yes,no,engine_webkit
F03856,F03268,css,4,no,yes,no,derivative1
F03858,javascript,javascript,3,no,yes,no,random2
F03859,F02497,api,3,no,yes,no,derivative1
F03860,F15475,api,5,yes,yes,no,engine_webkit
F03861,F04392,css,4,no,yes,no,random2
F03862,F09563,api,3,yes,yes,no,lineage_pair
F03863,F04860,api,4,yes,yes,no,engine_webkit
F03864,svg,svg,3,no,yes,no,derivative1
F03865,F16090,api,3,yes,yes,no,lineage_pair
F03866,F09582,webdriver,5,no,yes,no,source1
F03867,api,api,2,no,yes,no,derivative1
F03868,F16052,webdriver,4,no,yes,no,engine_webkit
F03869,F12151,api,3,yes,yes,no,lineage_pair
F03870,css,css,3,yes,no,no,engine_webkit
F03871,F15577,html,4,no,yes,no,lineage_pair
F03872,F13827,css,4,no,yes,no,derivative1
F03873,F01053,css,4,no,yes,no,source1
F03874,F14954,api,3,no,yes,no,derivative1
F03875,F13087,api,3,yes,yes,no,lineage_pair
F03876,F00724,webdriver,5,no,yes,no,lineage_pair
F03877,api,api,2,yes,yes,no,lineage_pair
F03878,F12513,css,4,no,yes,no,derivative1
F03879,F13358,webdriver,5,no,yes,no,engine_webkit
F03881,F09875,api,3,no,yes,no,engine_webkit
F03882,F03711,api,4,yes,yes,no,derivative1
F03883,F13765,api,3,yes,yes,no,source1
F03884,F12150,api,3,yes,yes,no,engine_webkit
F03885,F17746,api,3,no,yes,no,derivative1
F03887,F15439,api,3,yes,yes,no,source1
F03888,F14165,api,3,yes,yes,no,engine_webkit
F03889,F14020,javascript,5,no,no,yes,random2
F03890,F01923,api,3,no,yes,no,source1
F03891,F12304,api,3,no,yes,no,lineage_pair
F03892,F17250,api,3,no,yes,no,engine_webkit
F03893,F13159,api,3,no,no,yes,random2
F03895,F18011,webdriver,5,no,yes,no,source1
F03896,F16714,css,4,yes,yes,no,derivative1
F03897,F15460,http,4,no,yes,no,source1
F03898,F07595,api,3,no,yes,no,source1
F03899,F14887,api,3,yes,yes,no,random2
F03900,F17910,api,3,yes,yes,no,source1
F03901,F06566,api,3,no,yes,no,engine_webkit
F03902,api,api,2,no,yes,no,source1
F03903,F15878,api,4,yes,yes,no,derivative1
F03904,F16415,css,4,yes,yes,no,engine_webkit
F03905,F04471,javascript,4,no,yes,no,source1
F03906,F10661,css,4,yes,yes,no,lineage_pair
F03907,api,api,2,no,yes,no,engine_webkit
F03908,F08444,api,4,no,yes,no,random2
F03909,F11506,api,3,no,yes,no,engine_webkit
F03910,F13008,api,3,yes,yes,no,engine_webkit
F03911,F03495,api,3,no,yes,no,random2
F03913,api,api,2,no,yes,no,lineage_pair
F03914,F01837,svg,4,yes,yes,no,lineage_pair
F03915,F01462,api,3,yes,yes,no,random2
F03916,F15960,webdriver,5,no,yes,no,derivative1
F03918,F07837,api,4,no,yes,no,derivative1
F03919,F12923,api,3,no,yes,no,lineage_pair
F03921,F04521,api,3,no,yes,no,random2
F03922,F11167,css,4,no,yes,no,derivative1
F03923,F02096,api,3,no,yes,no,lineage_pair
F03924,F01807,api,3,no,yes,no,lineage_pair
F03926,F09945,api,3,no,yes,no,lineage_pair
F03927,F01650,api,3,no,yes,no,random2
F03929,F10776,api,3,no,yes,no,lineage_pair
F03930,F17879,api,3,no,yes,no,lineage_pair
F03932,F17320,api,3,yes,yes,no,source1
F03933,F08122,api,3,no,yes,yes,derivative1
F03934,javascript,javascript,3,no,yes,no,lineage_pair
F03935,F04832,api,4,no,yes,no,engine_webkit
F03936,api,api,2,no,yes,no,derivative1
F03937,F09853,html,5,yes,yes,no,lineage_pair
F03938,F01719,webdriver,5,no,yes,no,engine_webkit
F03940,css,css,3,no,yes,no,random2
F03941,F12000,css,4,no,yes,no,source1
F03942,F14655,api,3,no,yes,no,random2
F03944,F16251,api,3,no,yes,no,derivative1
F03945,F08843,api,3,no,yes,no,lineage_pair
F03946,F10595,css,4,yes,yes,no,engine_webkit
F03948,F09398,javascript,4,no,yes,no,lineage_pair
F03949,F14495,api,3,no,yes,no,source1
F03950,F15541,api,3,no,yes,no,engine_webkit
F03951,css,css,3,no,yes,no,random2
F03952,F03324,css,4,no,yes,no,engine_webkit
F03953,F12621,css,4,no,yes,no,engine_webkit
F03954,F04917,javascript,4,no,no,yes,source1
F03955,F12147,css,4,yes,yes,no,derivative1
F03957,http,http,3,no,yes,no,random2
F03958,F18491,api,3,no,yes,no,random2
F03959,F06584,css,4,no,yes,no,source1
F03961,F16052,webdriver,4,no,yes,no,random2
F03963,css,css,3,no,yes,no,random2
F03965,F03469,api,3,yes,no,no,derivative1
F03967,F08843,api,3,no,yes,no,engine_webkit
F03968,F09945,api,3,no,yes,no,engine_webkit
F03969,F10487,svg,4,no,yes,no,derivative1
F03970,F15576,html,5,no,yes,no,derivative1
F03971,F12168,html,4,no,yes,yes,source1
F03972,F08700,http,3,no,yes,no,engine_webkit
F03973,css,css,3,yes,yes,no,lineage_pair
F03974,F13052,api,6,no,no,yes,engine_webkit
F03975,F03272,api,3,no,yes,no,random2
F03976,F01344,html,5,no,yes,no,derivative1
F03978,F06871,api,4,no,yes,no,derivative1
F03979,api,api,2,yes,yes,no,lineage_pair
F03980,F12254,javascript,5,no,yes,no,derivative1
F03981,F06940,api,4,no,yes,no,random2
F03983,F08384,api,3,yes,yes,no,derivative1
F03984,F11773,api,3,yes,no,no,source1
F03985,F01732,css,4,no,yes,no,derivative1
F03988,F00749,api,4,yes,yes,no,source1
F03989,F12150,api,3,yes,yes,no,lineage_pair
F03990,F08658,api,3,no,yes,no,engine_webkit
F03992,F04760,api,3,no,yes,no,random2
F03993,F15017,javascript,4,no,yes,no,derivative1
F03994,F05242,api,3,no,yes,no,lineage_pair
F03996,F18274,api,3,no,yes,no,source1
F03997,F03573,api,3,no,yes,no,lineage_pair
F03998,api,api,2,no,yes,no,derivative1
F03999,F10634,css,4,no,yes,no,lineage_pair
F04000,F09936,api,3,no,yes,yes,lineage_pair
F04001,F17111,javascript,5,no,yes,no,source1
F04002,F10855,api,3,no,yes,no,derivative1
F04003,F09853,html,5,yes,yes,no,lineage_pair
F04004,F14655,api,3,no,yes,no,random2
F04006,F08553,html,4,no,no,yes,random2
F04008,F13131,api,3,no,yes,no,derivative1
F04009,F04203,css,4,yes,yes,no,engine_webkit
F04011,F01490,api,4,no,yes,no,derivative1
F04012,F04521,api,3,no,yes,no,lineage_pair
F04013,F12185,css,4,yes,yes,no,engine_webkit
F04014,F13316,css,4,no,yes,no,lineage_pair
F04015,F16090,api,3,no,no,yes,derivative1
F04016,F13018,api,4,no,yes,no,engine_webkit
F04017,F03435,api,3,no,yes,no,random2
F04018,api,api,2,no,yes,no,engine_webkit
F04021,F04069,api,3,no,yes,no,engine_webkit
F04022,F02846,api,3,no,no,no,engine_webkit
F04024,F07802,css,4,no,yes,no,random2
F04025,webdriver,webdriver,3,no,yes,no,engine_webkit
F04026,api,api,2,no,yes,no,derivative1
F04028,F03936,api,3,no,yes,no,source1
F04029,F02967,api,3,no,yes,no,derivative1
F04030,F17699,api,4,yes,no,no,random2
F04031,api,api,2,no,yes,no,derivative1
F04032,F17236,api,3,no,yes,yes,engine_webkit
F04034,css,css,3,yes,yes,no,derivative1
F04035,F09705,api,4,no,yes,no,source1
F04036,F11506,api,3,no,yes,no,derivative1
F04037,http,http,3,no,yes,no,derivative1
F04038,F00142,api,3,no,yes,no,engine_webkit
F04039,F13893,api,3,no,yes,no,engine_webkit
F04040,css,css,3,no,yes,no,engine_webkit
F04041,F14039,api,4,no,yes,no,engine_webkit
F04042,F15675,api,4,no,yes,no,source1
F04043,F02193,css,5,yes,yes,no,lineage_pair
F04044,F01571,api,4,no,yes,no,engine_webkit
F04045,F13506,api,3,no,yes,no,engine_webkit
F04046,F14954,api,3,no,yes,no,lineage_pair
F04050,F13507,api,3,yes,yes,no,source1
F04051,http,http,3,no,yes,no,lineage_pair
F04053,F14731,api,3,yes,yes,no,derivative1
F04054,F11646,css,4,no,yes,no,derivative1
F04055,html,html,3,no,yes,no,source1
F04056,F15576,html,5,no,yes,no,derivative1
F04058,F03902,api,3,no,yes,no,lineage_pair
F04059,svg,svg,3,no,yes,no,engine_webkit
F04060,F17927,api,3,yes,yes,no,source1
F04061,F00863,javascript,4,no,yes,no,engine_webkit
F04062,F00142,api,3,no,yes,no,source1
F04064,css,css,3,no,yes,no,source1
F04065,css,css,3,no,yes,no,random2
F04066,F00705,css,4,no,yes,no,source1
F04067,F17111,javascript,5,no,yes,no,source1
F04068,F04521,api,3,no,yes,no,source1
F04069,api,api,2,no,yes,no,lineage_pair
F04071,F13579,html,4,no,yes,no,derivative1
F04072,F01344,html,5,yes,yes,no,engine_webkit
F04073,webdriver,webdriver,3,no,yes,no,random2
F04074,F15576,html,5,no,yes,no,engine_webkit
F04075,F05162,css,4,yes,yes,no,random2
F04077,F13041,css,4,no,yes,no,lineage_pair
F04078,F08384,api,3,no,yes,no,lineage_pair
F04080,F04069,api,3,no,yes,no,engine_webkit
F04082,F07112,html,5,no,yes,no,engine_webkit
F04084,F09986,api,3,no,yes,no,random2
F04085,F09339,api,3,yes,yes,no,random2
F04086,F04392,css,4,no,yes,no,lineage_pair
F04087,F17941,api,3,no,yes,no,random2
F04088,F01701,css,4,no,yes,no,derivative1
F04090,F06543,api,3,no,yes,no,engine_webkit
F04091,F01150,javascript,4,no,yes,no,lineage_pair
F04094,F16023,css,4,no,yes,no,engine_webkit
F04095,F10878,api,3,yes,yes,no,derivative1
F04097,F01178,css,4,no,yes,no,derivative1
F04098,F08632,api,3,no,yes,no,engine_webkit
F04099,http,http,3,no,yes,no,derivative1
F04100,F03369,html,4,no,yes,no,source1
F04101,F07595,api,3,no,yes,no,engine_webkit
F04103,F09096,svg,4,no,yes,no,random2
F04104,F05665,css,4,no,yes,no,derivative1
F04105,F00724,webdriver,5,no,yes,no,source1
F04106,F04832,api,4,no,yes,no,engine_webkit
F04107,F03108,api,3,no,yes,no,lineage_pair
F04108,F00741,api,3,yes,yes,no,random2
F04109,F09122,css,4,no,yes,no,lineage_pair
F04110,F07337,api,3,yes,no,no,derivative1
F04111,F00794,api,4,no,yes,no,engine_webkit
F04112,F18450,api,3,yes,yes,no,engine_webkit
F04113,F14798,css,4,no,yes,no,lineage_pair
F04114,api,api,2,yes,no,no,engine_webkit
F04115,F01574,api,3,no,yes,no,lineage_pair
F04116,css,css,3,no,yes,no,random2
F04118,F15522,api,3,no,yes,no,engine_webkit
F04120,F09208,api,3,no,yes,no,random2
F04122,F16108,api,3,no,yes,no,source1
F04123,F05185,api,3,no,yes,yes,derivative1
F04124,F01211,api,3,no,yes,no,lineage_pair
F04125,css,css,3,yes,yes,no,derivative1
F04127,F12621,css,4,no,yes,no,derivative1
F04128,F04477,api,4,no,yes,no,lineage_pair
F04129,F17918,api,3,no,yes,no,lineage_pair
F04130,F18491,api,3,no,yes,no,engine_webkit
F04131,F14954,api,3,no,yes,no,derivative1
F04133,F17581,css,4,no,yes,no,engine_webkit
F04134,html,html,3,no,yes,no,engine_webkit
F04135,F00384,html,4,no,yes,no,source1
F04136,F12612,javascript,4,no,yes,no,source1
F04137,F03020,css,4,no,yes,no,random2
F04138,F00781,api,3,yes,yes,no,random2
F04139,F09912,api,5,no,yes,no,random2
F04140,F15541,api,3,no,yes,no,random2
F04141,svg,svg,3,no,yes,no,engine_webkit
F04142,F13096,api,3,yes,yes,no,lineage_pair
F04143,F04376,api,3,no,yes,no,source1
F04144,F04614,api,3,yes,yes,no,source1
F04145,F04723,api,3,yes,yes,no,source1
F04146,F08594,api,3,no,yes,no,random2
F04148,F10105,api,3,yes,yes,no,derivative1
F04149,F08214,api,3,no,yes,no,lineage_pair
F04150,F07304,api,3,yes,yes,no,derivative1
F04151,F05397,api,4,no,yes,no,random2
F04152,css,css,3,yes,yes,no,engine_webkit
F04153,F10715,javascript,4,no,yes,no,random2
F04154,F10449,svg,4,no,yes,no,random2
F04155,F08636,css,4,no,yes,no,random2
F04157,F17679,api,3,no,yes,no,source1
F04158,F12276,javascript,4,no,yes,no,lineage_pair
F04159,F06990,javascript,5,no,yes,no,engine_webkit
F04160,F11408,api,4,yes,yes,no,source1
F04161,F13233,api,3,no,yes,no,source1
F04162,F13594,api,3,no,yes,no,lineage_pair
F04163,F06386,api,3,no,yes,no,derivative1
F04164,F04697,api,3,no,yes,no,engine_webkit
F04166,F16108,api,3,no,yes,yes,random2
F04167,F11217,api,3,no,yes,no,source1
F04169,F16108,api,3,no,yes,no,random2
F04172,F17438,css,4,yes,yes,no,engine_webkit
F04173,F07659,css,4,yes,yes,no,lineage_pair
F04174,F12923,api,3,no,yes,no,source1
F04175,F10561,css,4,no,yes,no,random2
F04176,F14427,api,3,no,yes,no,source1
F04177,F17699,api,4,yes,no,no,random2
F04178,F08207,api,5,no,yes,no,lineage_pair
F04179,F08214,api,3,no,yes,no,lineage_pair
F04180,css,css,3,no,yes,no,lineage_pair
F04181,F08384,api,3,yes,yes,no,source1
F04183,api,api,2,no,yes,no,derivative1
F04184,F11500,html,4,no,no,yes,lineage_pair
F04185,F17111,javascript,5,no,yes,no,derivative1
F04186,F06877,webdriver,5,no,yes,no,engine_webkit
F04187,F11395,api,3,no,yes,no,lineage_pair
F04188,F15754,css,4,no,yes,no,engine_webkit
F04189,F04521,api,3,no,yes,no,lineage_pair
F04191,F15541,api,3,no,yes,no,derivative1
F04192,F04860,api,4,yes,yes,no,source1
F04194,F00794,api,4,no,yes,no,random2
F04195,html,html,3,no,yes,no,random2
F04196,F17507,svg,4,no,yes,yes,derivative1
F04197,F03198,api,3,no,yes,no,engine_webkit
F04198,api,api,2,no,yes,no,derivative1
F04199,F18491,api,3,no,yes,no,engine_webkit
F04200,F11883,api,3,no,yes,no,derivative1
F04201,F02478,api,4,no,yes,no,random2
F04203,css,css,3,yes,yes,no,derivative1
F04204,F09942,api,4,yes,yes,no,lineage_pair
F04205,F04521,api,3,no,yes,no,derivative1
F04206,F09853,html,5,no,yes,no,source1
F04207,F07092,api,3,no,yes,no,derivative1
F04208,api,api,2,no,yes,no,engine_webkit
F04209,F10072,api,3,yes,yes,no,derivative1
F04210,F08377,api,3,no,yes,no,source1
F04212,F07469,api,3,no,yes,no,lineage_pair
F04213,F09635,api,3,no,yes,yes,engine_webkit
F04214,F15911,javascript,4,no,yes,no,source1
F04216,F09938,api,3,no,yes,no,lineage_pair
F04217,F15754,css,4,no,yes,no,random2
F04218,F10181,css,4,no,yes,no,random2
F04219,F15475,api,5,yes,yes,no,random2
F04220,F18491,api,3,no,yes,no,source1
F04221,F16714,css,4,yes,yes,no,engine_webkit
F04222,F10961,api,3,yes,yes,no,derivative1
F04223,F02429,api,3,yes,yes,no,source1
F04224,F05646,api,3,no,yes,no,engine_webkit
F04226,F01130,api,3,no,no,yes,lineage_pair
F04227,F12099,html,4,no,yes,no,engine_webkit
F04228,F06386,api,3,no,yes,no,lineage_pair
F04230,F08384,api,3,no,yes,no,derivative1
F04231,F13131,api,3,no,yes,no,source1
F04232,F01922,api,3,no,yes,no,source1
F04234,F07547,api,3,no,yes,no,lineage_pair
F04235,svg,svg,3,no,yes,no,random2
F04236,F11565,http,4,no,no,yes,source1
F04237,F02502,api,3,yes,yes,no,lineage_pair
F04238,F12321,api,3,yes,yes,no,engine_webkit
F04239,F15657,api,3,no,yes,no,random2
F04240,F06908,webdriver,5,no,yes,no,lineage_pair
F04241,F18491,api,3,no,yes,no,source1
F04243,api,api,2,no,yes,no,source1
F04244,F02449,api,3,no,yes,no,lineage_pair
F04246,F08619,api,3,no,yes,no,lineage_pair
F04247,F04723,api,3,no,yes,no,engine_webkit
F04249,api,api,2,no,yes,no,derivative1
F04250,F00969,api,3,yes,yes,no,random2
F04251,F07681,css,4,no,yes,no,source1
F04252,F06161,api,3,no,yes,no,random2
F04254,F06041,api,3,no,yes,no,random2
F04256,F15450,api,3,yes,yes,no,derivative1
F04257,F05486,api,3,no,yes,no,random2
F04258,F00785,api,4,no,yes,no,derivative1
F04259,F18491,api,3,no,yes,no,engine_webkit
F04260,F18064,api,3,no,yes,no,random2
F04261,F12621,css,4,no,yes,no,derivative1
F04262,F07449,css,4,no,yes,no,engine_webkit
F04263,F09937,api,3,no,yes,no,lineage_pair
F04264,F17111,javascript,5,no,yes,no,random2
F04265,F03630,api,4,no,yes,no,source1
F04266,F01442,api,3,no,yes,no,engine_webkit
F04267,F09122,css,4,no,yes,no,lineage_pair
F04268,F04521,api,3,no,yes,no,random2
F04269,F18491,api,3,yes,no,no,random2
F04272,F05124,css,4,no,yes,no,lineage_pair
F04274,F01467,api,3,yes,no,no,engine_webkit
F04275,F10601,api,3,no,yes,no,source1
F04278,F05958,css,4,no,yes,no,random2
F04281,F17944,api,3,no,yes,no,engine_webkit
F04282,F03563,api,3,no,yes,no,derivative1
F04283,F17465,api,3,no,yes,no,source1
F04284,css,css,3,no,yes,no,random2
F04285,F07151,javascript,4,no,yes,no,lineage_pair
F04286,api,api,2,no,yes,no,lineage_pair
F04287,webdriver,webdriver,3,no,yes,no,engine_webkit
F04288,api,api,2,no,yes,no,source1
F04289,F13506,api,3,no,yes,no,random2
F04290,F06916,api,3,no,yes,no,source1
F04291,api,api,2,no,yes,no,random2
F04292,F09912,api,5,no,yes,no,lineage_pair
F04293,F03043,api,3,yes,yes,no,derivative1
F04294,F04069,api,3,no,yes,no,derivative1
F04295,F05411,css,4,no,yes,no,source1
F04296,F13902,api,3,no,yes,no,random2
F04297,F16275,http,4,yes,yes,no,lineage_pair
F04298,F06890,api,3,no,yes,no,engine_webkit
F04300,css,css,3,no,no,yes,lineage_pair
F04301,api,api,2,no,yes,no,engine_webkit
F04302,css,css,3,no,yes,no,engine_webkit
F04303,F17198,api,3,no,yes,no,source1
F04304,F02967,api,3,no,yes,no,random2
F04305,F12248,api,3,no,yes,no,engine_webkit
F04307,F05362,api,3,no,no,yes,derivative1
F04308,api,api,2,no,yes,no,random2
F04309,F00583,api,3,no,yes,no,derivative1
F04311,F15583,css,4,yes,yes,no,random2
F04313,F07860,css,4,no,yes,no,derivative1
F04315,api,api,2,yes,yes,no,lineage_pair
F04316,F07595,api,3,no,yes,no,engine_webkit
F04317,F01701,css,4,no,yes,no,lineage_pair
F04318,F07337,api,3,no,yes,no,engine_webkit
F04320,F11500,html,4,no,no,yes,source1
F04321,api,api,2,no,yes,no,random2
F04323,F13574,css,4,no,no,no,source1
F04324,F16169,webdriver,5,yes,yes,no,source1
F04325,css,css,3,no,yes,no,source1
F04326,api,api,2,yes,yes,no,lineage_pair
F04327,F09635,api,3,no,yes,yes,source1
F04328,F07715,api,3,no,yes,no,source1
F04329,F12107,api,4,no,no,no,engine_webkit
F04330,F17949,css,4,yes,yes,no,source1
F04331,F02502,api,3,yes,yes,no,source1
F04332,html,html,3,no,yes,no,random2
F04334,F05651,javascript,5,no,yes,no,random2
F04335,F06138,api,3,no,yes,no,engine_webkit
F04336,F09504,api,3,no,yes,no,lineage_pair
F04337,F13827,css,4,no,yes,no,source1
F04338,F05988,api,3,no,yes,no,lineage_pair
F04340,F17289,api,3,no,yes,no,lineage_pair
F04341,F09272,css,4,no,yes,no,engine_webkit
F04342,F11162,api,3,no,yes,no,engine_webkit
F04343,F13574,css,4,no,no,no,random2
F04344,api,api,2,no,yes,no,lineage_pair
F04346,F09938,api,3,no,yes,no,lineage_pair
F04347,F08632,api,3,no,yes,no,source1
F04348,F07029,svg,4,no,yes,no,derivative1
F04349,F05221,api,3,no,yes,no,random2
F04350,F18491,api,3,no,yes,no,engine_webkit
F04351,F05643,api,3,yes,yes,no,lineage_pair
F04352,F11395,api,3,no,yes,no,derivative1
F04353,F02814,api,3,no,no,yes,random2
F04355,F07151,javascript,4,no,yes,no,engine_webkit
F04356,F13731,css,4,no,yes,no,engine_webkit
F04357,css,css,3,no,yes,no,random2
F04358,F09208,api,3,no,yes,no,engine_webkit
F04359,F07595,api,3,no,yes,no,lineage_pair
F04360,F01922,api,3,no,yes,no,engine_webkit
F04361,F09398,javascript,4,no,yes,no,random2
F04362,F08108,css,4,no,yes,no,source1
F04365,http,http,3,yes,yes,no,source1
F04369,F00430,css,4,no,yes,no,random2
F04371,F13104,api,3,no,yes,no,random2
F04373,F12150,api,3,yes,yes,no,source1
F04374,F07595,api,3,no,yes,no,engine_webkit
F04375,F08257,api,3,yes,yes,no,derivative1
F04378,F15982,html,4,no,yes,yes,source1
F04379,api,api,2,no,yes,no,random2
F04380,F08122,api,3,no,yes,no,engine_webkit
F04381,F02038,api,3,no,yes,yes,source1
F04385,F17236,api,3,no,yes,yes,random2
F04386,F11162,api,3,no,yes,no,derivative1
F04390,F06425,api,3,yes,yes,no,source1
F04392,css,css,3,no,yes,no,derivative1
F04393,F14427,api,3,no,yes,no,random2
F04395,F11671,html,4,no,yes,no,engine_webkit
F04396,F07151,javascript,4,no,yes,no,engine_webkit
F04398,api,api,2,no,yes,no,engine_webkit
F04399,F01701,css,4,no,yes,no,source1
F04400,F03747,api,3,no,yes,no,engine_webkit
F04401,F02716,css,4,yes,yes,no,random2
F04404,F16169,webdriver,5,yes,yes,no,random2
F04405,F10341,css,4,no,yes,no,random2
F04406,F13244,css,4,no,yes,no,lineage_pair
F04407,F05807,api,3,no,yes,no,derivative1
F04408,F16653,css,4,no,yes,no,source1
F04409,F13131,api,3,no,yes,no,lineage_pair
F04411,F00969,api,3,yes,yes,no,random2
F04414,F13087,api,3,yes,yes,no,derivative1
F04415,css,css,3,no,yes,no,lineage_pair
F04416,F18120,css,4,yes,yes,no,engine_webkit
F04417,F16028,css,4,no,yes,no,lineage_pair
F04418,F01650,api,3,no,yes,no,source1
F04419,F04773,api,3,no,yes,no,source1
F04421,F07209,api,3,no,yes,no,lineage_pair
F04422,api,api,2,no,yes,no,derivative1
F04424,F18491,api,3,no,yes,no,lineage_pair
F04425,F12111,api,3,yes,yes,no,random2
F04426,F12054,api,3,yes,yes,no,engine_webkit
F04427,F15792,api,3,no,yes,no,random2
F04428,html,html,3,no,yes,no,lineage_pair
F04429,F04521,api,3,no,yes,no,source1
F04432,F18171,javascript,4,no,yes,no,source1
F04435,F06161,api,3,no,yes,no,source1
F04437,F08228,api,3,no,yes,no,derivative1
F04438,F07356,api,3,no,yes,no,lineage_pair
F04439,F07595,api,3,no,yes,no,derivative1
F04441,F10371,api,4,no,yes,no,lineage_pair
F04442,api,api,2,no,yes,no,source1
F04443,F12276,javascript,4,no,yes,yes,random2
F04444,api,api,2,no,yes,no,engine_webkit
F04445,F06138,api,3,no,yes,no,random2
F04446,F09092,javascript,5,no,yes,no,source1
F04448,F08843,api,3,no,yes,no,lineage_pair
F04452,F13574,css,4,no,no,no,lineage_pair
F04453,F02731,javascript,4,no,yes,no,random2
F04454,F13504,html,4,no,no,yes,engine_webkit
F04455,F04521,api,3,no,yes,no,derivative1
F04456,F08613,api,3,no,yes,no,random2
F04457,F13594,api,3,no,yes,no,derivative1
F04458,F02506,css,4,yes,yes,no,derivative1
F04460,F11646,css,4,no,yes,no,engine_webkit
F04462,javascript,javascript,3,no,yes,no,derivative1
F04463,api,api,2,no,yes,no,source1
F04465,F15092,webdriver,5,no,yes,no,engine_webkit
F04468,F09542,api,3,no,yes,no,engine_webkit
F04469,F15624,api,3,no,yes,no,lineage_pair
F04470,F08731,api,3,no,yes,no,random2
F04471,F06590,javascript,3,no,yes,no,random2
F04472,F03766,api,3,yes,yes,no,random2
F04473,css,css,3,no,yes,no,lineage_pair
F04474,F17236,api,3,no,yes,yes,source1
F04475,css,css,3,no,yes,no,random2
F04476,F14903,api,3,no,yes,no,source1
F04477,F08843,api,3,no,yes,no,derivative1
F04478,F18471,api,3,no,yes,no,derivative1
F04479,F04521,api,3,no,yes,no,source1
F04480,F08774,css,4,no,yes,no,derivative1
F04482,F00969,api,3,yes,yes,no,derivative1
F04483,css,css,3,no,yes,no,source1
F04484,F13574,css,4,no,no,no,engine_webkit
F04485,svg,svg,3,no,yes,no,source1
F04486,F05851,html,4,no,yes,no,engine_webkit
F04487,F12248,api,3,no,yes,no,source1
F04488,F13834,api,3,no,yes,yes,engine_webkit
F04489,F16972,api,3,yes,yes,no,lineage_pair
F04490,F14795,api,3,yes,yes,no,source1
F04492,F17765,html,4,no,yes,no,engine_webkit
F04493,F07231,css,4,no,yes,no,random2
F04495,F07595,api,3,no,yes,no,derivative1
F04496,css,css,3,yes,yes,no,derivative1
F04497,F07956,svg,5,no,yes,no,source1
F04498,F16510,api,3,yes,yes,no,engine_webkit
F04499,css,css,3,no,yes,no,derivative1
F04500,F06495,api,3,no,yes,no,random2
F04501,F15012,api,3,yes,yes,no,source1
F04502,F09528,api,3,no,no,yes,random2
F04504,F14865,html,4,no,yes,no,lineage_pair
F04506,F08248,api,4,no,yes,no,derivative1
F04507,F12943,api,3,no,yes,no,lineage_pair
F04508,F13579,html,4,no,yes,no,source1
F04510,F09208,api,3,no,yes,no,derivative1
F04511,F13504,html,4,no,yes,yes,source1
F04512,F07758,css,4,yes,yes,no,source1
F04513,F18491,api,3,no,yes,no,source1
F04514,F09080,api,3,yes,yes,no,lineage_pair
F04516,F12923,api,3,no,yes,no,random2
F04518,F03077,css,4,no,yes,no,derivative1
F04519,css,css,3,no,yes,no,derivative1
F04520,F05829,api,3,no,yes,no,random2
F04522,api,api,2,yes,yes,no,lineage_pair
F04523,F01301,api,4,no,yes,no,random2
F04524,F07228,api,3,no,yes,no,lineage_pair
F04525,F05486,api,3,no,yes,no,lineage_pair
F04527,F12276,javascript,4,no,yes,no,lineage_pair
F04528,F04823,api,4,yes,yes,no,lineage_pair
F04530,F01922,api,3,no,yes,no,lineage_pair
F04531,F04521,api,3,no,yes,no,engine_webkit
F04532,F01856,api,4,yes,yes,no,source1
F04533,F13594,api,3,no,yes,no,source1
F04534,F10199,api,3,no,yes,no,lineage_pair
F04535,F12406,api,3,no,yes,no,source1
F04536,F18430,css,4,no,yes,no,engine_webkit
F04537,F02799,api,3,no,yes,no,derivative1
F04538,F08632,api,3,no,yes,no,source1
F04539,F09158,api,3,no,yes,no,engine_webkit
F04540,F17699,api,4,yes,no,no,derivative1
F04541,F13574,css,4,no,yes,no,engine_webkit
F04542,css,css,3,no,no,yes,source1
F04543,F18164,css,4,no,yes,no,random2
F04544,F03306,api,4,no,yes,no,engine_webkit
F04545,F07337,api,3,no,yes,no,lineage_pair
F04546,F12276,javascript,4,no,yes,no,random2
F04547,F05193,css,4,no,yes,yes,source1
F04548,F04521,api,3,no,yes,no,lineage_pair
F04549,F14795,api,3,yes,yes,no,derivative1
F04550,F10905,api,4,yes,yes,no,random2
F04551,F07269,css,4,no,yes,no,derivative1
F04552,F13725,api,3,no,yes,no,engine_webkit
F04553,F07029,svg,4,no,yes,no,derivative1
F04554,F10994,api,3,no,yes,no,derivative1
F04555,F03902,api,3,no,yes,no,source1
F04557,F16275,http,4,yes,yes,no,source1
F04559,F06916,api,3,no,yes,no,random2
F04560,html,html,3,no,yes,no,random2
F04562,F15105,css,4,yes,yes,no,derivative1
F04563,F09208,api,3,no,yes,no,engine_webkit
F04564,F17342,css,4,no,yes,no,engine_webkit
F04566,F02520,api,3,no,yes,no,engine_webkit
F04567,F06212,css,4,no,yes,no,engine_webkit
F04568,F05324,api,5,yes,yes,no,derivative1
F04569,F06190,css,4,no,yes,no,lineage_pair
F04570,F15684,api,3,yes,yes,no,derivative1
F04571,javascript,javascript,3,no,yes,no,random2
F04573,F04521,api,3,no,yes,no,source1
F04574,F06138,api,3,no,yes,no,source1
F04575,F13119,api,3,no,yes,no,engine_webkit
F04577,F15334,webdriver,4,no,yes,no,derivative1
F04578,F12816,api,5,no,yes,no,lineage_pair
F04579,css,css,3,no,yes,no,source1
F04581,F13160,api,3,yes,yes,no,lineage_pair
F04582,F18450,api,3,no,yes,no,source1
F04585,F01944,api,3,no,yes,yes,engine_webkit
F04586,F11205,css,4,no,yes,no,engine_webkit
F04587,F09582,webdriver,5,yes,yes,no,derivative1
F04588,F18491,api,3,no,yes,no,engine_webkit
F04589,F01056,webdriver,5,yes,yes,no,lineage_pair
F04590,F01813,api,3,no,yes,no,derivative1
F04591,api,api,2,no,yes,no,source1
F04592,F10914,css,4,no,yes,no,lineage_pair
F04593,F17212,api,3,no,yes,no,source1
F04595,F01509,svg,4,no,yes,no,derivative1
F04596,F03072,javascript,4,no,yes,no,random2
F04602,F09945,api,3,no,yes,no,lineage_pair
F04603,F03495,api,3,no,yes,no,engine_webkit
F04604,F15348,api,3,no,yes,no,engine_webkit
F04606,F14725,api,3,no,yes,no,source1
F04607,F06687,api,3,no,yes,yes,random2
F04608,F14198,api,3,yes,yes,no,source1
F04609,F06990,javascript,5,no,yes,no,engine_webkit
F04610,api,api,2,no,no,yes,source1
F04613,F07151,javascript,4,no,yes,no,engine_webkit
F04614,api,api,2,yes,yes,no,lineage_pair
F04615,F06186,css,4,no,yes,no,derivative1
F04616,api,api,2,yes,yes,no,lineage_pair
F04617,F04180,css,4,no,yes,no,random2
F04618,F14731,api,3,yes,yes,no,lineage_pair
F04619,F09208,api,3,no,yes,no,derivative1
F04620,html,html,3,no,yes,no,random2
F04623,F06990,javascript,5,no,yes,no,random2
F04625,F13263,webdriver,5,no,yes,no,derivative1
F04626,F13261,css,4,no,yes,no,derivative1
F04627,F07595,api,3,no,yes,no,lineage_pair
F04628,F15960,webdriver,5,yes,yes,no,source1
F04629,F14751,javascript,5,no,yes,no,random2
F04630,F11162,api,3,no,yes,no,engine_webkit
F04631,css,css,3,no,yes,no,source1
F04632,F13812,api,3,yes,yes,no,engine_webkit
F04633,F05651,javascript,5,no,yes,no,lineage_pair
F04634,api,api,2,yes,yes,no,source1
F04635,F11711,api,3,no,yes,yes,random2
F04636,F01080,api,3,no,yes,no,engine_webkit
F04637,F07231,css,4,no,yes,no,lineage_pair
F04638,F06916,api,3,no,yes,no,lineage_pair
F04640,F16108,api,3,no,yes,no,derivative1
F04641,F11565,http,4,no,no,yes,random2
F04642,api,api,2,yes,yes,no,source1
F04643,F05653,api,4,no,yes,no,engine_webkit
F04644,webdriver,webdriver,3,no,yes,no,random2
F04645,F09938,api,3,no,yes,no,derivative1
F04646,F16566,api,3,yes,yes,no,random2
F04647,F11565,http,4,no,no,yes,engine_webkit
F04648,api,api,2,no,yes,no,random2
F04650,F04995,api,3,no,yes,no,engine_webkit
F04651,css,css,3,no,yes,no,engine_webkit
F04652,F10737,css,4,yes,yes,no,lineage_pair
F04653,F03239,webdriver,6,yes,yes,no,derivative1
F04654,F03141,css,4,no,yes,no,lineage_pair
F04655,F13160,api,3,yes,yes,no,derivative1
F04656,F08558,css,4,no,yes,no,source1
F04657,F09122,css,4,no,yes,no,random2
F04660,F13798,api,4,no,yes,no,source1
F04661,F09080,api,3,no,yes,no,random2
F04662,F07971,api,3,no,yes,no,lineage_pair
F04663,F16040,api,3,no,yes,no,derivative1
F04665,F13914,css,4,no,yes,no,source1
F04666,F12276,javascript,4,no,yes,no,lineage_pair
F04667,F10324,api,5,no,yes,no,random2
F04669,F12712,api,3,no,yes,no,source1
F04670,F12384,api,3,yes,no,no,derivative1
F04671,F03198,api,3,no,yes,no,lineage_pair
F04672,F09122,css,4,no,yes,no,derivative1
F04673,F18332,css,4,yes,yes,no,random2
F04675,F03902,api,3,no,yes,no,lineage_pair
F04677,F05228,api,3,yes,yes,no,random2
F04678,F18491,api,3,no,yes,no,source1
F04680,F03832,api,3,no,yes,no,random2
F04681,F18491,api,3,no,yes,no,lineage_pair
F04683,F14619,svg,4,no,yes,no,source1
F04684,F01847,api,4,no,no,no,source1
F04685,F04944,api,3,no,yes,no,random2
F04686,F14633,api,3,no,yes,no,engine_webkit
F04687,api,api,2,no,yes,no,engine_webkit
F04688,F14571,api,3,no,yes,no,source1
F04690,F17989,api,3,no,yes,no,derivative1
F04691,css,css,3,no,yes,no,random2
F04692,F15017,javascript,4,no,yes,no,engine_webkit
F04693,html,html,3,yes,yes,no,random2
F04694,F00282,api,3,no,yes,no,random2
F04695,F02776,api,3,no,yes,no,engine_webkit
F04697,api,api,2,no,yes,no,derivative1
F04699,F15017,javascript,4,no,yes,no,random2
F04700,F15334,webdriver,4,no,yes,no,source1
F04701,F04398,api,3,no,yes,no,random2
F04703,F03495,api,3,no,yes,no,derivative1
F04704,F06990,javascript,5,no,yes,no,derivative1
F04705,F03018,api,3,no,yes,no,random2
F04707,F00811,api,4,no,yes,no,derivative1
F04708,F07246,css,4,yes,yes,no,random2
F04709,F17276,api,3,no,yes,no,derivative1
F04710,F03178,css,5,no,yes,no,derivative1
F04712,F04580,api,3,no,yes,no,lineage_pair
F04713,css,css,3,no,yes,no,engine_webkit
F04715,F15316,css,4,yes,yes,no,source1
F04717,api,api,2,no,yes,no,lineage_pair
F04720,F01150,javascript,4,no,yes,no,source1
F04721,F14125,api,3,no,yes,yes,random2
F04723,api,api,2,no,yes,no,lineage_pair
F04724,svg,svg,3,no,yes,no,lineage_pair
F04725,F12722,css,4,no,yes,no,lineage_pair
F04728,F02967,api,3,no,yes,no,engine_webkit
F04730,F09177,api,3,no,yes,no,random2
F04732,F06877,webdriver,5,no,yes,no,lineage_pair
F04733,F16927,api,4,no,yes,no,source1
F04734,F15168,api,3,no,yes,no,lineage_pair
F04735,F07874,api,3,no,yes,no,source1
F04737,F09522,api,3,no,yes,no,random2
F04740,F08088,api,3,yes,yes,no,source1
F04742,F03218,api,3,yes,yes,no,derivative1
F04743,F03902,api,3,no,yes,no,source1
F04744,F16924,api,4,no,yes,no,derivative1
F04745,F08476,api,4,yes,yes,no,random2
F04746,F09504,api,3,no,yes,no,lineage_pair
F04748,F12000,css,4,no,yes,no,engine_webkit
F04749,css,css,3,no,no,no,engine_webkit
F04750,F14026,css,4,no,yes,no,source1
F04751,F06990,javascript,5,no,yes,no,engine_webkit
F04752,F07595,api,3,no,yes,no,lineage_pair
F04753,F18427,api,3,no,yes,no,lineage_pair
F04754,F18015,css,4,no,yes,no,lineage_pair
F04755,F16108,api,3,no,yes,no,derivative1
F04756,F11395,api,3,no,yes,no,lineage_pair
F04757,F00794,api,4,no,yes,no,source1
F04760,api,api,2,no,yes,no,random2
F04762,F05481,api,3,no,yes,no,lineage_pair
F04763,F07595,api,3,no,yes,no,source1
F04764,F12731,api,3,no,yes,no,lineage_pair
F04765,F16090,api,3,no,no,yes,derivative1
F04766,css,css,3,no,no,yes,random2
F04768,F05661,css,4,no,yes,no,derivative1
F04770,F05242,api,3,no,yes,no,derivative1
F04771,F11593,api,3,no,yes,no,engine_webkit
F04772,F02095,api,3,no,yes,no,derivative1
F04773,api,api,2,no,yes,no,engine_webkit
F04774,F18219,css,4,no,yes,no,random2
F04775,F00236,api,3,no,no,yes,random2
F04777,F06990,javascript,5,no,yes,no,source1
F04778,api,api,2,no,yes,no,derivative1
F04779,F08619,api,3,no,yes,no,lineage_pair
F04781,F08759,api,3,no,yes,no,lineage_pair
F04782,css,css,3,no,yes,no,source1
F04783,F11064,api,3,no,yes,no,lineage_pair
F04785,F02280,api,3,yes,yes,no,engine_webkit
F04786,F03902,api,3,no,yes,no,derivative1
F04787,F03268,css,4,no,yes,no,engine_webkit
F04788,F06386,api,3,no,yes,no,engine_webkit
F04789,F07492,css,4,no,yes,no,derivative1
F04790,F01678,api,3,no,yes,no,source1
F04791,F05481,api,3,no,yes,no,random2
F04794,F07151,javascript,4,no,yes,no,derivative1
F04796,F14823,css,4,no,yes,no,lineage_pair
F04797,F03140,javascript,5,no,yes,no,derivative1
F04798,F18473,api,3,yes,yes,no,lineage_pair
F04800,F16541,api,3,no,yes,no,derivative1
F04801,F08843,api,3,no,yes,no,source1
F04802,F07767,api,3,no,yes,no,random2
F04803,F14427,api,3,no,yes,no,source1
F04804,F03452,javascript,4,no,yes,no,engine_webkit
F04805,F01813,api,3,no,yes,no,engine_webkit
F04806,F12402,api,3,no,no,yes,random2
F04807,F08218,api,4,no,yes,no,lineage_pair
F04809,F10341,css,4,no,yes,no,engine_webkit
F04810,html,html,3,no,yes,no,derivative1
F04811,F06437,api,5,yes,yes,no,random2
F04812,F05585,api,3,no,yes,no,source1
F04813,F17989,api,3,no,no,yes,random2
F04814,F15743,webdriver,5,no,yes,no,derivative1
F04815,F12923,api,3,no,yes,no,derivative1
F04816,F03940,css,4,no,no,no,lineage_pair
F04817,F02967,api,3,no,yes,no,source1
F04819,F18490,webdriver,5,no,yes,no,engine_webkit
F04821,css,css,3,no,yes,no,random2
F04823,F05617,api,3,no,yes,no,source1
F04824,F14421,css,4,no,yes,no,lineage_pair
F04825,http,http,3,yes,yes,no,derivative1
F04826,F00730,html,5,yes,yes,no,random2
F04827,F13210,css,4,no,yes,no,derivative1
F04828,api,api,2,no,yes,no,source1
F04829,F18094,css,4,no,yes,no,engine_webkit
F04832,F09938,api,3,no,yes,no,derivative1
F04833,F13119,api,3,no,yes,no,random2
F04834,api,api,2,no,yes,no,random2
F04835,F04864,api,3,no,yes,no,source1
F04837,F10146,api,5,yes,yes,no,random2
F04838,F16892,api,3,yes,yes,no,engine_webkit
F04839,F05643,api,3,yes,yes,no,derivative1
F04840,F10726,css,4,no,yes,no,derivative1
F04841,F17281,api,3,no,no,yes,random2
F04843,F12680,api,3,no,yes,no,source1
F04844,F07595,api,3,no,yes,no,random2
F04845,F04059,svg,4,no,yes,no,derivative1
F04847,F16108,api,3,no,yes,no,source1
F04848,F10393,css,4,no,yes,no,source1
F04849,F09620,javascript,5,no,yes,no,lineage_pair
F04850,css,css,3,yes,no,no,random2
F04851,F15527,api,3,no,yes,no,source1
F04852,css,css,3,no,yes,no,source1
F04853,F15624,api,3,no,yes,no,derivative1
F04855,F00264,javascript,4,no,yes,no,source1
F04858,F15675,api,4,no,yes,no,derivative1
F04859,css,css,3,no,yes,no,source1
F04860,F05242,api,3,no,yes,no,lineage_pair
F04861,F00544,css,4,yes,yes,no,derivative1
F04863,F17925,javascript,4,no,yes,no,derivative1
F04864,api,api,2,no,yes,no,lineage_pair
F04865,F01509,svg,4,no,yes,no,source1
F04867,F15627,http,3,no,yes,no,engine_webkit
F04868,F10718,api,3,no,yes,no,lineage_pair
F04869,F01701,css,4,no,yes,no,lineage_pair
F04870,api,api,2,no,yes,no,source1
F04872,F14823,css,4,no,yes,no,engine_webkit
F04875,F13160,api,3,yes,yes,no,derivative1
F04879,F09122,css,4,no,yes,no,derivative1
F04880,F03495,api,3,no,yes,no,random2
F04882,F14252,api,3,no,yes,no,lineage_pair
F04883,F07151,javascript,4,no,yes,no,random2
F04884,F03711,api,4,yes,yes,no,engine_webkit
F04885,F16329,api,3,no,yes,yes,derivative1
F04886,F18118,api,3,no,yes,no,random2
F04888,F02502,api,3,yes,yes,no,lineage_pair
F04890,F14151,api,3,no,yes,no,random2
F04892,F10050,css,4,no,yes,no,engine_webkit
F04895,F11565,http,4,no,no,yes,engine_webkit
F04896,F00229,api,3,no,yes,no,engine_webkit
F04898,F08959,api,3,no,yes,no,derivative1
F04900,F13205,api,3,yes,yes,no,lineage_pair
F04901,F15792,api,3,yes,yes,no,derivative1
F04902,F04521,api,3,no,yes,no,engine_webkit
F04903,F09122,css,4,no,yes,no,derivative1
F04904,F13574,css,4,no,no,no,engine_webkit
F04905,F16090,api,3,no,no,yes,lineage_pair
F04906,F13601,javascript,4,no,yes,no,engine_webkit
F04907,F12150,api,3,yes,yes,no,source1
F04909,F12276,javascript,4,no,yes,no,random2
F04910,F04069,api,3,no,yes,no,random2
F04914,F00699,api,3,no,yes,no,lineage_pair
F04915,F13594,api,3,no,yes,no,lineage_pair
F04917,javascript,javascript,3,no,yes,no,derivative1
F04919,F04392,css,4,no,yes,no,source1
F04920,F11837,css,4,no,yes,no,engine_webkit
F04921,api,api,2,yes,yes,no,lineage_pair
F04922,F18141,api,3,no,yes,no,lineage_pair
F04923,F01764,javascript,5,no,yes,no,engine_webkit
F04924,css,css,3,no,yes,no,random2
F04925,F12621,css,4,no,yes,no,derivative1
F04926,css,css,3,yes,yes,no,lineage_pair
F04927,F07335,css,5,yes,yes,no,source1
F04928,F06132,api,3,no,yes,no,lineage_pair
F04930,F00699,api,3,no,yes,no,lineage_pair
F04931,F03435,api,3,no,yes,no,source1
F04932,F07342,javascript,4,no,yes,no,engine_webkit
F04933,F04521,api,3,no,yes,no,engine_webkit
F04934,F14396,api,3,yes,yes,no,random2
F04935,F03591,api,4,yes,yes,no,source1
F04936,F14733,api,3,yes,yes,no,source1
F04937,F09218,api,4,no,yes,no,engine_webkit
F04938,F18313,api,3,no,yes,no,engine_webkit
F04939,F16275,http,4,yes,yes,no,lineage_pair
F04940,F02588,api,3,no,yes,no,derivative1
F04942,F18211,css,4,yes,yes,no,engine_webkit
F04943,F02967,api,3,no,yes,no,derivative1
F04944,api,api,2,no,yes,no,lineage_pair
F04945,F01187,css,4,no,yes,no,source1
F04946,css,css,3,no,yes,no,derivative1
F04948,F17613,css,4,no,yes,no,engine_webkit
F04950,F15792,api,3,no,yes,no,engine_webkit
F04951,F14699,html,4,no,yes,no,source1
F04953,F11299,api,3,no,yes,no,engine_webkit
F04954,F03306,api,4,no,yes,no,lineage_pair
F04955,F14421,css,4,no,yes,no,derivative1
F04956,F15054,svg,4,no,yes,no,lineage_pair
F04957,api,api,2,no,yes,no,derivative1
F04958,F09019,api,3,no,yes,no,derivative1
F04959,F12322,svg,4,no,yes,no,lineage_pair
F04960,F10314,api,3,no,yes,no,source1
F04963,F01273,api,4,no,yes,no,engine_webkit
F04964,F03495,api,3,no,yes,no,engine_webkit
F04965,css,css,3,no,yes,no,source1
F04966,api,api,2,yes,yes,no,engine_webkit
F04967,F11681,api,5,no,yes,no,engine_webkit
F04968,http,http,3,yes,yes,no,source1
F04969,F11058,css,4,no,yes,no,engine_webkit
F04970,css,css,3,no,yes,no,derivative1
F04972,F09122,css,4,no,yes,no,random2
F04973,F11510,api,3,no,yes,no,derivative1
F04974,svg,svg,3,no,yes,no,random2
F04977,F00142,api,3,no,yes,no,lineage_pair
F04979,api,api,2,no,yes,no,lineage_pair
F04980,F02708,api,4,no,yes,no,lineage_pair
F04982,F00451,css,4,no,yes,no,random2
F04983,F11736,css,4,no,yes,no,lineage_pair
F04984,F07621,css,4,no,yes,no,random2
F04985,F15662,api,3,no,yes,no,engine_webkit
F04986,F12324,api,3,no,yes,no,derivative1
F04987,F13261,css,4,no,yes,no,derivative1
F04988,api,api,2,yes,yes,no,source1
F04990,F11695,css,5,no,yes,no,engine_webkit
F04991,css,css,3,no,yes,no,derivative1
F04992,F05764,javascript,4,no,yes,no,derivative1
F04993,F07395,api,3,yes,yes,no,source1
F04996,F15754,css,4,no,yes,no,source1
F04997,F15754,css,4,no,yes,no,source1
F04998,F13594,api,3,no,yes,no,random2
F05000,F18491,api,3,yes,no,no,derivative1
F05001,css,css,3,no,yes,no,random2
F05002,F05440,css,4,no,yes,no,random2
F05003,css,css,3,yes,no,no,derivative1
F05004,F16362,css,4,no,yes,no,source1
F05005,F01764,javascript,5,no,yes,no,random2
F05006,F03205,api,3,yes,yes,no,engine_webkit
F05007,F00009,api,3,no,no,yes,engine_webkit
F05008,F03108,api,3,no,yes,no,source1
F05009,F09398,javascript,4,no,yes,no,derivative1
F05010,css,css,3,no,yes,no,source1
F05011,F06959,svg,5,no,yes,no,random2
F05012,F08456,api,3,yes,yes,no,source1
F05013,F14543,api,3,no,yes,no,source1
F05014,F13574,css,4,no,no,no,lineage_pair
F05015,F08088,api,3,yes,yes,no,lineage_pair
F05016,api,api,2,no,yes,no,derivative1
F05017,F14571,api,3,no,yes,no,derivative1
F05018,F14821,css,5,no,yes,no,derivative1
F05019,F05010,css,4,no,yes,no,random2
F05022,F14367,api,3,no,yes,no,source1
F05023,css,css,3,no,yes,no,lineage_pair
F05025,F01150,javascript,4,no,yes,no,source1
F05026,F18491,api,3,no,yes,no,lineage_pair
F05027,F11162,api,3,no,yes,no,derivative1
F05028,F01944,api,3,no,yes,no,engine_webkit
F05029,F04856,api,3,no,yes,no,source1
F05030,F07788,api,3,no,yes,no,lineage_pair
F05031,F14865,html,4,no,yes,yes,random2
F05032,F12621,css,4,no,yes,no,source1
F05033,F06965,api,4,no,yes,no,derivative1
F05034,F05807,api,3,no,yes,no,lineage_pair
F05035,F18141,api,3,no,yes,yes,random2
F05036,F00914,api,3,no,yes,no,lineage_pair
F05038,F00009,api,3,no,no,yes,lineage_pair
F05039,F14125,api,3,no,yes,no,source1
F05040,F17983,api,3,yes,yes,no,engine_webkit
F05042,svg,svg,3,no,yes,no,engine_webkit
F05043,F10572,api,3,no,yes,yes,random2
F05044,F15577,html,4,no,yes,no,random2
F05045,F07337,api,3,yes,no,no,source1
F05046,F12185,css,4,yes,yes,no,derivative1
F05047,F03218,api,3,yes,yes,no,derivative1
F05049,F08214,api,3,no,yes,no,engine_webkit
F05052,F07353,css,4,no,yes,no,derivative1
F05053,F05674,css,5,no,yes,no,derivative1
F05054,F10026,api,3,yes,yes,no,engine_webkit
F05056,F13546,javascript,4,no,yes,no,engine_webkit
F05058,F14633,api,3,no,yes,no,derivative1
F05059,api,api,2,yes,yes,no,random2
F05061,F09667,svg,4,no,yes,no,random2
F05063,F06275,webdriver,5,no,yes,no,source1
F05064,F12193,api,4,no,yes,no,lineage_pair
F05066,F09852,css,4,no,yes,no,derivative1
F05068,F14306,api,3,yes,yes,no,engine_webkit
F05069,F01696,webdriver,5,no,yes,no,derivative1
F05070,F08214,api,3,no,yes,no,lineage_pair
F05071,F06161,api,3,no,yes,no,source1
F05074,F09582,webdriver,5,yes,yes,no,source1
F05075,css,css,3,no,yes,no,engine_webkit
F05078,F08759,api,3,no,yes,no,derivative1
F05079,F16496,api,3,no,yes,no,lineage_pair
F05080,F13914,css,4,no,yes,no,derivative1
F05082,F16108,api,3,no,yes,no,engine_webkit
F05083,F02342,webdriver,5,no,yes,no,engine_webkit
F05084,F03902,api,3,no,yes,no,lineage_pair
F05085,F17269,api,3,yes,yes,no,engine_webkit
F05086,F12621,css,4,no,yes,no,random2
F05087,api,api,2,no,yes,no,random2
F05088,F10524,api,4,no,yes,no,derivative1
F05090,F04064,css,4,no,yes,no,engine_webkit
F05091,F10647,webdriver,5,no,yes,no,random2
F05092,F04521,api,3,no,yes,no,random2
F05093,F11395,api,3,yes,yes,no,engine_webkit
F05095,F07327,css,4,no,yes,no,source1
F05096,F07722,api,4,no,yes,no,random2
F05097,css,css,3,no,yes,no,lineage_pair
F05098,F18491,api,3,no,yes,no,derivative1
F05099,F16119,css,4,no,yes,no,random2
F05100,F15888,api,3,yes,yes,no,random2
F05101,F10878,api,3,yes,yes,no,lineage_pair
F05103,F15541,api,3,no,yes,no,derivative1
F05104,F16953,css,4,yes,yes,no,source1
F05106,F03020,css,4,no,yes,no,lineage_pair
F05107,F13112,css,4,no,yes,no,lineage_pair
F05109,F11361,css,4,no,yes,no,engine_webkit
F05110,F16028,css,4,no,yes,no,source1
F05111,F08215,api,3,yes,no,no,source1
F05113,F13574,css,4,no,yes,no,random2
F05114,F08843,api,3,no,yes,yes,lineage_pair
F05115,F04860,api,4,yes,yes,no,derivative1
F05117,F11565,http,4,no,no,yes,derivative1
F05118,F06495,api,3,no,yes,no,random2
F05119,css,css,3,yes,yes,no,derivative1
F05123,F02371,webdriver,5,no,yes,no,random2
F05124,css,css,3,no,yes,no,source1
F05125,F14244,css,4,no,yes,no,random2
F05126,F01509,svg,4,no,yes,no,source1
F05127,F01571,api,4,no,yes,no,random2
F05128,F03449,javascript,4,no,yes,no,random2
F05129,F09853,html,5,no,yes,no,lineage_pair
F05130,F13725,api,3,no,yes,no,source1
F05131,api,api,2,no,yes,no,source1
F05132,F13316,css,4,no,yes,no,derivative1
F05133,F11984,api,4,no,yes,no,source1
F05134,F12276,javascript,4,no,yes,no,source1
F05135,F10562,api,4,no,yes,no,random2
F05136,css,css,3,no,no,no,source1
F05137,F13239,api,3,no,yes,no,lineage_pair
F05138,F04521,api,3,no,yes,no,engine_webkit
F05139,F18491,api,3,yes,no,no,derivative1
F05140,F08594,api,3,no,yes,yes,source1
F05141,F18491,api,3,no,yes,no,engine_webkit
F05142,css,css,3,no,yes,no,lineage_pair
F05143,F00921,api,3,no,yes,no,source1
F05144,F04064,css,4,no,yes,no,engine_webkit
F05145,F15273,html,4,no,yes,no,derivative1
F05146,F16450,javascript,3,no,yes,no,source1
F05147,F13568,webdriver,5,no,yes,no,derivative1
F05148,F05989,api,3,no,no,yes,lineage_pair
F05149,F12185,css,4,yes,yes,no,source1
F05150,F13096,api,3,no,yes,no,source1
F05151,F08384,api,3,no,yes,yes,random2
F05152,F04687,api,3,no,yes,no,source1
F05153,F13160,api,3,yes,yes,no,engine_webkit
F05154,F08624,css,4,no,yes,no,derivative1
F05155,F09518,api,4,no,yes,no,engine_webkit
F05157,F15964,api,4,no,yes,no,source1
F05158,F17198,api,3,no,yes,no,source1
F05159,F04337,css,5,no,yes,no,random2
F05160,webdriver,webdriver,3,no,yes,no,engine_webkit
F05162,css,css,3,yes,yes,no,lineage_pair
F05164,F13608,api,3,no,yes,no,lineage_pair
F05165,F03563,api,3,no,yes,no,engine_webkit
F05166,F17111,javascript,5,no,yes,no,source1
F05167,F15888,api,3,yes,yes,no,source1
F05169,F10357,svg,4,no,yes,no,derivative1
F05170,api,api,2,yes,yes,no,engine_webkit
F05171,F05292,css,4,no,yes,no,source1
F05172,F16108,api,3,yes,yes,no,derivative1
F05173,F12276,javascript,4,no,yes,no,random2
F05174,css,css,3,yes,yes,no,engine_webkit
F05175,F06877,webdriver,5,no,yes,no,lineage_pair
F05176,F14026,css,4,no,yes,no,random2
F05177,F17699,api,4,no,yes,no,lineage_pair
F05178,F07470,api,5,yes,yes,no,engine_webkit
F05179,F15017,javascript,4,no,yes,yes,lineage_pair
F05181,F09563,api,3,yes,yes,no,derivative1
F05182,F01400,svg,4,no,yes,no,lineage_pair
F05183,F18491,api,3,no,yes,no,lineage_pair
F05185,api,api,2,no,yes,yes,derivative1
F05186,F09208,api,3,no,yes,no,engine_webkit
F05187,F12923,api,3,no,yes,no,source1
F05188,F07722,api,4,no,yes,no,lineage_pair
F05189,svg,svg,3,no,yes,no,source1
F05190,F10053,api,3,no,yes,no,derivative1
F05191,F04521,api,3,no,yes,no,random2
F05192,F01400,svg,4,no,yes,no,engine_webkit
F05193,css,css,3,no,yes,no,source1
F05194,F03608,api,3,no,yes,no,random2
F05196,F02095,api,3,no,yes,no,random2
F05197,F00246,javascript,4,no,yes,no,lineage_pair
F05199,F17983,api,3,yes,yes,no,source1
F05200,F06162,api,3,no,yes,yes,derivative1
F05201,F00366,css,4,no,yes,no,engine_webkit
F05202,F14842,api,3,no,yes,no,random2
F05203,F00405,api,3,no,yes,no,source1
F05204,F05653,api,4,no,yes,no,random2
F05205,F05866,api,3,no,no,yes,derivative1
F05206,F09853,html,5,yes,yes,no,source1
F05207,F16510,api,3,no,yes,no,lineage_pair
F05211,javascript,javascript,3,no,yes,no,derivative1
F05212,F01732,css,4,no,yes,no,random2
F05213,F06990,javascript,5,no,yes,no,derivative1
F05216,css,css,3,no,yes,no,derivative1
F05217,F12321,api,3,yes,yes,no,random2
F05218,F08377,api,3,no,yes,no,engine_webkit
F05219,F04415,css,4,no,yes,no,engine_webkit
F05220,F00298,javascript,4,no,yes,no,lineage_pair
F05222,F08731,api,3,no,yes,no,lineage_pair
F05223,F12621,css,4,no,yes,no,source1
F05224,F04521,api,3,no,yes,no,derivative1
F05226,F03469,api,3,yes,no,no,random2
F05227,F18491,api,3,no,yes,no,derivative1
F05228,api,api,2,yes,yes,no,derivative1
F05229,F14555,javascript,5,no,yes,no,derivative1
F05230,F03686,javascript,5,no,yes,no,random2
F05231,F00427,api,3,no,yes,no,random2
F05232,F04521,api,3,no,yes,no,lineage_pair
F05233,F01178,css,4,no,yes,no,random2
F05234,api,api,2,yes,yes,no,lineage_pair
F05236,F05352,api,3,no,yes,no,lineage_pair
F05237,F11303,api,3,no,no,yes,random2
F05240,F16108,api,3,no,no,yes,source1
F05241,F06509,api,3,no,yes,no,random2
F05242,api,api,2,no,yes,no,source1
F05244,F07543,css,4,yes,yes,no,lineage_pair
F05246,F13261,css,4,no,yes,no,derivative1
F05247,F10337,api,3,no,yes,no,source1
F05248,webdriver,webdriver,3,no,yes,no,random2
F05249,api,api,2,no,no,yes,source1
F05250,F00614,api,3,no,yes,yes,random2
F05251,F07595,api,3,no,yes,no,lineage_pair
F05252,F12168,html,4,no,yes,yes,random2
F05253,F15017,javascript,4,no,yes,no,derivative1
F05254,F08147,api,3,no,yes,no,lineage_pair
F05255,F16052,webdriver,4,no,yes,no,engine_webkit
F05256,F16028,css,4,yes,yes,no,derivative1
F05258,F13574,css,4,no,yes,no,lineage_pair
F05260,F13393,api,3,no,yes,no,source1
F05263,F13239,api,3,yes,yes,no,lineage_pair
F05264,F10584,css,4,no,yes,no,source1
F05266,F03319,api,3,no,yes,no,lineage_pair
F05267,javascript,javascript,3,no,yes,no,random2
F05268,F01369,css,4,no,yes,no,derivative1
F05269,F13549,html,4,yes,yes,no,source1
F05270,F10771,api,3,no,yes,no,lineage_pair
F05271,F14650,api,5,no,yes,no,engine_webkit
F05272,F18491,api,3,no,no,yes,engine_webkit
F05273,F14619,svg,4,no,yes,no,source1
F05274,F13574,css,4,no,no,no,lineage_pair
F05275,F16108,api,3,no,yes,no,lineage_pair
F05276,F10050,css,4,no,yes,no,random2
F05277,F09252,api,3,yes,yes,no,source1
F05278,F07837,api,4,no,yes,no,engine_webkit
F05279,F13504,html,4,no,no,yes,lineage_pair
F05280,F10634,css,4,no,yes,no,lineage_pair
F05281,html,html,3,no,yes,no,random2
F05283,F07327,css,4,no,yes,no,derivative1
F05286,F11807,api,3,no,yes,yes,source1
F05290,F07231,css,4,no,yes,no,source1
F05292,css,css,3,no,yes,no,derivative1
F05293,F13205,api,3,yes,yes,no,derivative1
F05295,F10634,css,4,no,yes,no,engine_webkit
F05296,F12000,css,4,no,yes,no,engine_webkit
F05297,F04832,api,4,no,yes,no,source1
F05300,F12512,api,4,no,yes,no,random2
F05302,F05840,api,3,yes,yes,no,source1
F05303,css,css,3,yes,yes,no,random2
F05304,F13452,html,4,no,no,yes,derivative1
F05305,F02156,api,3,yes,no,no,lineage_pair
F05306,F13574,css,4,no,yes,no,engine_webkit
F05307,F14666,css,4,no,yes,no,random2
F05309,F00866,css,4,yes,yes,no,derivative1
F05311,F11646,css,4,no,yes,no,engine_webkit
F05312,http,http,3,no,yes,no,source1
F05313,F11064,api,3,no,yes,no,random2
F05314,F02731,javascript,4,no,yes,no,derivative1
F05315,F09158,api,3,no,yes,no,derivative1
F05318,F00984,api,3,yes,yes,no,lineage_pair
F05319,F07204,api,4,no,yes,no,lineage_pair
F05320,F00250,api,3,no,yes,no,lineage_pair
F05322,F09582,webdriver,5,no,yes,no,derivative1
F05323,F17989,api,3,no,yes,no,derivative1
F05324,F12193,api,4,no,yes,no,derivative1
F05325,F04521,api,3,no,yes,no,random2
F05327,F16152,css,5,no,yes,no,derivative1
F05330,F09945,api,3,no,yes,no,derivative1
F05331,F01130,api,3,yes,yes,no,derivative1
F05332,F05352,api,3,no,yes,yes,derivative1
F05333,F01636,api,3,no,yes,yes,random2
F05334,api,api,2,no,yes,no,lineage_pair
F05335,F16052,webdriver,4,no,yes,no,derivative1
F05336,F12621,css,4,no,yes,no,source1
F05337,webdriver,webdriver,3,no,yes,no,engine_webkit
F05338,F17283,html,4,no,yes,no,derivative1
F05339,F04700,webdriver,5,no,yes,no,derivative1
F05340,F17250,api,3,no,yes,no,engine_webkit
F05342,F10715,javascript,4,no,yes,no,engine_webkit
F05343,F01923,api,3,no,yes,no,random2
F05344,css,css,3,no,yes,no,random2
F05345,css,css,3,no,yes,no,engine_webkit
F05346,svg,svg,3,no,yes,no,derivative1
F05348,F00121,html,4,no,yes,no,derivative1
F05349,F04034,css,4,yes,yes,no,lineage_pair
F05351,F11664,api,3,no,yes,no,random2
F05352,api,api,2,no,yes,no,engine_webkit
F05353,F16199,api,3,no,no,yes,source1
F05355,F08731,api,3,no,yes,no,source1
F05356,F15662,api,3,no,yes,no,lineage_pair
F05357,F13865,api,3,no,yes,no,random2
F05358,F18156,api,4,no,yes,no,derivative1
F05359,F14135,webdriver,6,yes,yes,no,derivative1
F05360,F15704,webdriver,5,no,yes,no,source1
F05361,F07816,api,3,no,yes,no,engine_webkit
F05363,F09484,api,3,no,yes,no,random2
F05364,F02835,css,4,no,yes,no,source1
F05365,F14164,api,3,no,yes,no,derivative1
F05366,F14964,css,4,no,yes,no,derivative1
F05367,F15273,html,4,no,yes,no,engine_webkit
F05368,F00862,api,3,no,yes,no,derivative1
F05369,F08205,webdriver,5,no,yes,no,lineage_pair
F05370,F03180,api,3,yes,yes,no,random2
F05371,F05242,api,3,no,yes,no,random2
F05373,F05097,css,4,no,yes,no,lineage_pair
F05374,css,css,3,no,yes,no,random2
F05375,css,css,3,yes,yes,no,engine_webkit
F05377,F15168,api,3,no,yes,no,engine_webkit
F05378,F13601,javascript,4,no,yes,no,derivative1
F05379,F03812,css,4,no,yes,no,derivative1
F05381,F12621,css,4,no,yes,no,derivative1
F05382,F15754,css,4,yes,yes,no,engine_webkit
F05383,F15017,javascript,4,no,yes,no,random2
F05386,F01130,api,3,no,yes,no,derivative1
F05387,api,api,2,no,yes,no,source1
F05388,F03469,api,3,no,yes,no,lineage_pair
F05389,F15605,api,4,no,yes,no,lineage_pair
F05391,F11671,html,4,no,yes,yes,derivative1
F05392,F01150,javascript,4,no,yes,no,derivative1
F05393,F12923,api,3,no,yes,no,lineage_pair
F05394,F10700,html,4,no,yes,no,source1
F05395,F17649,api,3,no,yes,no,random2
F05396,F04526,api,3,no,yes,no,lineage_pair
F05397,F10855,api,3,no,yes,no,random2
F05400,F16083,api,3,no,yes,no,engine_webkit
F05402,F02813,api,3,no,yes,no,engine_webkit
F05404,css,css,3,no,yes,no,lineage_pair
F05405,javascript,javascript,3,no,yes,no,engine_webkit
F05406,api,api,2,no,yes,no,engine_webkit
F05407,css,css,3,no,yes,no,engine_webkit
F05408,F03319,api,3,no,yes,no,engine_webkit
F05409,javascript,javascript,3,no,yes,no,engine_webkit
F05410,F13585,css,4,no,yes,no,random2
F05411,css,css,3,no,yes,no,engine_webkit
F05412,F15882,api,3,no,yes,no,lineage_pair
F05414,F07170,css,4,no,yes,no,lineage_pair
F05415,F13393,api,3,yes,yes,no,source1
F05418,css,css,3,no,yes,no,derivative1
F05420,F14823,css,4,no,yes,no,engine_webkit
F05422,F00415,api,3,yes,yes,no,source1
F05423,F09658,api,3,no,yes,no,derivative1
F05424,F02095,api,3,no,yes,no,engine_webkit
F05427,F01490,api,4,no,yes,no,random2
F05428,F08384,api,3,no,yes,no,lineage_pair
F05429,F01660,css,4,no,yes,no,source1
F05430,F10449,svg,4,no,yes,yes,engine_webkit
F05432,css,css,3,no,yes,no,engine_webkit
F05433,F01316,webdriver,5,no,yes,no,source1
F05435,F07874,api,3,yes,yes,no,engine_webkit
F05436,F16450,javascript,3,no,yes,no,derivative1
F05437,api,api,2,no,yes,no,derivative1
F05439,F18141,api,3,no,yes,yes,random2
F05440,css,css,3,no,yes,no,lineage_pair
F05443,F09080,api,3,yes,yes,no,engine_webkit
F05444,F01080,api,3,no,yes,no,random2
F05445,F08291,api,4,yes,no,no,random2
F05446,F05764,javascript,4,no,yes,no,random2
F05449,F08463,css,4,no,yes,yes,lineage_pair
F05450,F00142,api,3,no,yes,no,random2
F05451,F07274,html,4,no,yes,yes,lineage_pair
F05452,F01972,css,4,yes,yes,no,derivative1
F05453,F13507,api,3,yes,yes,no,random2
F05454,F13118,svg,4,no,yes,no,source1
F05455,F01178,css,4,no,yes,no,derivative1
F05456,F05577,api,3,no,yes,no,source1
F05458,F06186,css,4,no,yes,no,random2
F05460,F14532,api,3,no,yes,no,lineage_pair
F05461,F13119,api,3,no,yes,no,lineage_pair
F05462,F01462,api,3,yes,yes,no,engine_webkit
F05463,F06162,api,3,no,yes,yes,lineage_pair
F05464,F13585,css,4,no,yes,no,random2
F05465,F15080,api,3,no,yes,no,source1
F05466,F14543,api,3,no,yes,no,source1
F05469,F15017,javascript,4,no,yes,no,derivative1
F05470,F04770,api,4,no,yes,no,engine_webkit
F05473,F02651,api,3,no,yes,no,source1
F05474,F04791,api,4,yes,yes,no,lineage_pair
F05476,F17342,css,4,no,yes,no,random2
F05479,F16226,webdriver,5,no,yes,no,source1
F05480,F15985,api,3,no,yes,no,engine_webkit
F05481,api,api,2,no,yes,no,source1
F05482,F18491,api,3,no,yes,no,lineage_pair
F05483,F16108,api,3,no,yes,yes,engine_webkit
F05486,api,api,2,no,yes,no,source1
F05487,css,css,3,no,yes,no,source1
F05488,F16541,api,3,no,yes,no,source1
F05489,F04069,api,3,no,yes,no,source1
F05490,F01178,css,4,yes,yes,no,lineage_pair
F05491,F16362,css,4,no,yes,no,derivative1
F05493,F01701,css,4,no,yes,no,lineage_pair
F05494,F12059,api,3,no,yes,no,engine_webkit
F05495,F07231,css,4,no,yes,no,engine_webkit
F05497,F15045,api,3,no,yes,no,lineage_pair
F05499,F15982,html,4,no,yes,no,random2
F05500,F09339,api,3,yes,yes,no,random2
F05502,F05617,api,3,yes,yes,no,lineage_pair
F05503,F10547,api,3,yes,yes,no,lineage_pair
F05504,F01813,api,3,no,yes,no,engine_webkit
F05507,css,css,3,no,yes,no,random2
F05514,F18491,api,3,no,yes,no,random2
F05515,F08439,css,4,no,yes,no,source1
F05516,api,api,2,no,yes,no,random2
F05517,css,css,3,yes,yes,no,source1
F05518,F01807,api,3,no,yes,no,random2
F05519,F07767,api,3,no,yes,no,source1
F05520,F05948,css,4,no,yes,no,source1
F05521,F03161,css,4,no,yes,no,source1
F05522,F16090,api,3,no,no,yes,derivative1
F05523,F08377,api,3,no,yes,no,derivative1
F05524,F15017,javascript,4,no,yes,no,lineage_pair
F05528,F18491,api,3,no,no,yes,random2
F05530,F11570,api,4,no,yes,no,lineage_pair
F05531,F13574,css,4,no,yes,no,lineage_pair
F05533,F00142,api,3,no,yes,no,random2
F05534,F05851,html,4,no,yes,yes,engine_webkit
F05535,F04864,api,3,no,yes,no,random2
F05536,F16108,api,3,no,yes,no,derivative1
F05538,css,css,3,yes,yes,no,derivative1
F05539,F01150,javascript,4,no,yes,no,random2
F05541,css,css,3,no,yes,no,derivative1
F05542,F04288,api,3,no,yes,no,random2
F05543,F07234,api,3,no,yes,no,source1
F05544,api,api,2,no,yes,no,engine_webkit
F05545,F07435,api,4,no,yes,no,source1
F05547,F10665,css,4,no,yes,no,derivative1
F05548,F07119,api,3,no,yes,no,source1
F05549,F09122,css,4,no,yes,no,engine_webkit
F05552,F11395,api,3,no,yes,no,lineage_pair
F05554,F03449,javascript,4,no,yes,no,random2
F05555,F16090,api,3,no,no,yes,source1
F05556,svg,svg,3,no,yes,no,engine_webkit
F05557,api,api,2,no,yes,no,source1
F05558,F11553,api,4,no,yes,no,derivative1
F05559,F04521,api,3,yes,yes,no,derivative1
F05560,F01130,api,3,no,yes,no,derivative1
F05561,F15851,css,4,yes,yes,no,lineage_pair
F05562,F15837,css,4,no,yes,no,engine_webkit
F05563,F14639,api,3,no,yes,no,source1
F05564,css,css,3,no,yes,no,engine_webkit
F05565,F13376,css,4,no,yes,no,source1
F05566,F08214,api,3,no,yes,no,source1
F05568,F17342,css,4,no,yes,no,source1
F05569,F17747,api,3,no,yes,no,lineage_pair
F05571,api,api,2,no,yes,no,source1
F05574,F11646,css,4,no,yes,no,source1
F05575,F01178,css,4,no,yes,no,derivative1
F05576,http,http,3,yes,yes,no,engine_webkit
F05577,api,api,2,no,yes,no,engine_webkit
F05578,F18491,api,3,no,no,no,random2
F05579,F08278,api,3,no,yes,no,source1
F05580,F14821,css,5,no,yes,no,engine_webkit
F05581,F09653,css,5,no,yes,no,lineage_pair
F05582,F08774,css,4,no,yes,no,random2
F05583,F07595,api,3,no,yes,no,engine_webkit
F05584,F09411,api,3,no,yes,no,derivative1
F05585,api,api,2,no,yes,no,derivative1
F05587,F15666,css,4,no,yes,no,source1
F05589,F03913,api,3,no,yes,no,engine_webkit
F05591,F01089,api,3,no,yes,no,lineage_pair
F05593,F04392,css,4,no,yes,no,source1
F05594,F12321,api,3,yes,yes,no,lineage_pair
F05595,css,css,3,yes,no,no,source1
F05597,F00415,api,3,yes,yes,no,random2
F05598,svg,svg,3,no,yes,no,lineage_pair
F05599,F15541,api,3,no,yes,no,engine_webkit
F05600,F16770,api,3,no,yes,no,random2
F05601,F08384,api,3,no,no,yes,source1
F05602,F03198,api,3,no,yes,no,lineage_pair
F05603,F17699,api,4,no,yes,no,random2
F05605,F10865,css,4,yes,yes,no,engine_webkit
F05606,F01089,api,3,no,yes,no,derivative1
F05607,F10404,api,3,no,yes,no,derivative1
F05608,F03801,api,3,no,yes,no,derivative1
F05609,F01491,api,3,no,yes,no,engine_webkit
F05610,F13579,html,4,yes,yes,no,source1
F05611,F14421,css,4,no,yes,no,random2
F05612,F14634,css,4,no,yes,no,engine_webkit
F05614,F12289,api,3,yes,yes,no,lineage_pair
F05615,F17989,api,3,no,yes,no,derivative1
F05616,F05010,css,4,yes,yes,no,source1
F05617,api,api,2,no,yes,no,derivative1
F05618,css,css,3,no,yes,no,lineage_pair
F05619,F04821,css,4,no,yes,no,engine_webkit
F05620,F00427,api,3,no,yes,no,engine_webkit
F05621,F05255,webdriver,5,no,yes,no,lineage_pair
F05623,F13579,html,4,no,yes,no,source1
F05624,F15927,api,3,no,yes,no,derivative1
F05625,F08843,api,3,no,no,yes,engine_webkit
F05626,F12115,css,4,no,yes,no,lineage_pair
F05627,api,api,2,no,yes,no,lineage_pair
F05628,F03049,api,3,no,yes,no,engine_webkit
F05629,F08214,api,3,no,yes,no,engine_webkit
F05630,F05880,api,3,no,yes,no,engine_webkit
F05631,F01089,api,3,no,yes,no,lineage_pair
F05634,F03766,api,3,yes,yes,no,lineage_pair
F05637,F00427,api,3,no,yes,no,engine_webkit
F05638,F05764,javascript,4,no,yes,no,lineage_pair
F05639,F04069,api,3,no,yes,no,lineage_pair
F05641,F09982,svg,4,no,yes,no,source1
F05642,F16450,javascript,3,no,yes,no,derivative1
F05643,api,api,2,yes,yes,no,lineage_pair
F05644,F16304,css,4,yes,yes,no,random2
F05645,F04864,api,3,no,yes,no,source1
F05646,api,api,2,no,yes,no,source1
F05647,F00730,html,5,no,yes,no,random2
F05648,F16213,api,3,no,yes,yes,lineage_pair
F05649,api,api,2,no,yes,no,engine_webkit
F05650,F12147,css,4,yes,yes,no,derivative1
F05651,F01708,javascript,4,no,yes,no,random2
F05652,F14731,api,3,no,yes,no,random2
F05653,F10314,api,3,no,yes,no,source1
F05654,api,api,2,no,yes,no,random2
F05655,F12923,api,3,no,yes,no,random2
F05656,F10914,css,4,no,yes,no,random2
F05657,F08214,api,3,no,yes,no,source1
F05658,F03449,javascript,4,no,yes,no,engine_webkit
F05659,F08843,api,3,no,yes,no,derivative1
F05661,css,css,3,no,yes,no,source1
F05662,css,css,3,no,yes,no,engine_webkit
F05663,F08926,api,4,yes,yes,no,engine_webkit
F05664,F17699,api,4,no,yes,no,lineage_pair
F05665,css,css,3,no,yes,no,lineage_pair
F05666,F13261,css,4,no,yes,no,random2
F05667,F17211,api,3,no,yes,no,derivative1
F05668,F13834,api,3,no,yes,yes,random2
F05670,F11593,api,3,no,yes,no,source1
F05671,F04398,api,3,no,yes,no,source1
F05672,F17069,css,4,no,yes,no,random2
F05673,F08214,api,3,no,yes,no,derivative1
F05674,F02835,css,4,no,yes,no,derivative1
F05675,F14767,api,3,no,yes,no,lineage_pair
F05677,F13205,api,3,yes,yes,no,derivative1
F05678,F13914,css,4,no,yes,no,random2
F05679,F09155,api,4,no,yes,no,lineage_pair
F05680,F17212,api,3,no,yes,no,random2
F05681,F17581,css,4,no,yes,no,random2
F05683,F09945,api,3,no,yes,no,source1
F05685,F08384,api,3,no,no,yes,random2
F05686,F11565,http,4,no,no,yes,source1
F05687,F08553,html,4,no,no,yes,random2
F05688,F08420,css,4,no,no,no,random2
F05689,F08291,api,4,yes,no,no,source1
F05690,http,http,3,no,yes,no,derivative1
F05692,F08403,api,3,no,no,yes,random2
F05693,F18427,api,3,no,yes,no,engine_webkit
F05694,F03630,api,4,no,yes,no,source1
F05696,F11646,css,4,no,yes,no,random2
F05697,F18313,api,3,no,yes,no,random2
F05699,F13506,api,3,no,yes,no,derivative1
F05702,html,html,3,no,yes,no,derivative1
F05703,F15348,api,3,no,yes,no,derivative1
F05704,F08843,api,3,no,yes,no,engine_webkit
F05705,F17679,api,3,no,yes,no,lineage_pair
F05706,F04344,api,3,no,yes,no,derivative1
F05707,css,css,3,no,yes,no,engine_webkit
F05709,F09934,api,3,no,yes,no,derivative1
F05710,F04521,api,3,no,yes,no,lineage_pair
F05711,F14125,api,3,no,yes,no,lineage_pair
F05713,F14823,css,4,no,yes,no,source1
F05714,F18491,api,3,no,yes,no,derivative1
F05716,css,css,3,yes,yes,no,derivative1
F05717,F02616,api,3,no,yes,no,engine_webkit
F05718,F08214,api,3,no,yes,no,derivative1
F05720,F14173,api,3,yes,yes,no,engine_webkit
F05721,api,api,2,no,yes,no,engine_webkit
F05723,api,api,2,no,yes,no,source1
F05724,F18491,api,3,no,yes,no,random2
F05725,F07804,css,4,no,yes,no,lineage_pair
F05726,F08864,css,4,no,yes,no,engine_webkit
F05727,api,api,2,no,yes,no,source1
F05728,F10048,webdriver,5,no,yes,no,source1
F05729,F14865,html,4,no,yes,no,source1
F05730,webdriver,webdriver,3,no,yes,no,source1
F05731,F09853,html,5,no,yes,no,source1
F05733,F03902,api,3,no,yes,no,source1
F05734,http,http,3,no,yes,no,source1
F05735,F05617,api,3,no,yes,no,lineage_pair
F05737,F06908,webdriver,5,no,yes,no,source1
F05738,F08108,css,4,no,yes,no,derivative1
F05739,F00795,api,3,yes,yes,no,random2
F05740,F00811,api,4,no,yes,no,source1
F05742,F00264,javascript,4,no,yes,no,derivative1
F05743,F01178,css,4,no,yes,no,lineage_pair
F05745,F14456,css,4,yes,yes,no,random2
F05746,F08810,css,4,no,yes,no,source1
F05747,F06161,api,3,no,yes,no,source1
F05748,F05781,api,3,no,yes,yes,random2
F05749,F06285,css,4,no,yes,no,derivative1
F05750,F00724,webdriver,5,no,yes,no,lineage_pair
F05751,F09853,html,5,no,yes,no,source1
F05752,api,api,2,no,yes,no,engine_webkit
F05753,F01375,svg,4,no,yes,no,derivative1
F05754,F05141,api,4,no,yes,no,source1
F05755,api,api,2,no,yes,no,random2
F05756,F13574,css,4,no,no,no,derivative1
F05757,F18450,api,3,no,yes,no,engine_webkit
F05759,F05010,css,4,no,yes,no,random2
F05760,F13622,api,4,no,yes,no,derivative1
F05761,F08384,api,3,no,yes,no,source1
F05762,F17507,svg,4,no,yes,no,lineage_pair
F05763,css,css,3,no,yes,no,random2
F05764,javascript,javascript,3,no,yes,no,derivative1
F05765,css,css,3,no,yes,no,engine_webkit
F05766,F02718,api,3,no,yes,no,derivative1
F05767,api,api,2,no,yes,no,source1
F05768,F16152,css,5,no,yes,no,source1
F05769,css,css,3,yes,no,no,lineage_pair
F05770,F01764,javascript,5,no,yes,no,lineage_pair
F05772,F04521,api,3,no,yes,no,derivative1
F05773,F02429,api,3,no,yes,no,engine_webkit
F05774,F17679,api,3,no,yes,no,engine_webkit
F05775,F00157,api,3,no,yes,no,lineage_pair
F05776,F07964,api,3,no,yes,no,derivative1
F05777,F13574,css,4,no,no,no,source1
F05779,F10595,css,4,no,yes,no,lineage_pair
F05780,F07707,css,4,no,yes,no,source1
F05781,api,api,2,no,yes,yes,source1
F05782,F11957,api,3,yes,yes,no,source1
F05783,F16392,css,4,no,yes,no,lineage_pair
F05784,F01764,javascript,5,no,yes,no,lineage_pair
F05787,F12322,svg,4,no,yes,no,random2
F05788,F05900,api,3,yes,yes,no,random2
F05789,F15458,javascript,5,no,yes,no,derivative1
F05790,F01701,css,4,no,yes,no,lineage_pair
F05791,F06898,css,4,no,yes,no,random2
F05793,F12598,html,4,no,no,yes,derivative1
F05794,F13160,api,3,yes,yes,no,lineage_pair
F05796,api,api,2,yes,no,no,source1
F05797,F12621,css,4,no,yes,no,engine_webkit
F05798,F07151,javascript,4,no,yes,no,source1
F05800,F10108,webdriver,5,no,yes,no,source1
F05802,F00142,api,3,no,yes,no,engine_webkit
F05804,F08613,api,3,no,yes,no,derivative1
F05805,html,html,3,no,yes,no,source1
F05806,F05651,javascript,5,no,yes,no,lineage_pair
F05807,api,api,2,no,yes,no,random2
F05808,F12923,api,3,no,yes,no,source1
F05809,F13316,css,4,no,yes,no,lineage_pair
F05812,css,css,3,yes,yes,no,lineage_pair
F05814,F06919,css,4,no,yes,no,random2
F05815,F00142,api,3,no,yes,no,random2
F05816,F13110,api,3,yes,yes,no,random2
F05817,css,css,3,yes,no,no,engine_webkit
F05818,F04069,api,3,no,yes,no,engine_webkit
F05820,css,css,3,yes,yes,no,engine_webkit
F05821,F14767,api,3,no,yes,no,lineage_pair
F05823,F12722,css,4,no,yes,no,lineage_pair
F05825,F00121,html,4,no,yes,no,lineage_pair
F05826,F06990,javascript,5,no,yes,no,lineage_pair
F05827,F07860,css,4,no,yes,no,lineage_pair
F05828,F10634,css,4,no,yes,no,random2
F05829,api,api,2,no,yes,no,source1
F05830,F13507,api,3,no,yes,no,engine_webkit
F05831,F08336,javascript,5,no,yes,no,engine_webkit
F05832,F16892,api,3,yes,yes,no,derivative1
F05833,F15458,javascript,5,no,yes,no,engine_webkit
F05834,css,css,3,no,yes,no,lineage_pair
F05835,F01593,javascript,4,no,yes,no,random2
F05836,F01922,api,3,no,yes,no,engine_webkit
F05838,F08619,api,3,no,yes,no,lineage_pair
F05839,api,api,2,no,no,yes,random2
F05841,F18368,css,4,no,yes,no,derivative1
F05842,F10172,api,3,yes,yes,no,engine_webkit
F05844,F08843,api,3,no,yes,yes,engine_webkit
F05846,F06937,api,4,no,yes,no,lineage_pair
F05847,F12150,api,3,yes,yes,no,lineage_pair
F05848,F11883,api,3,no,yes,no,source1
F05849,F12059,api,3,yes,yes,no,lineage_pair
F05850,F09504,api,3,no,yes,no,source1
F05851,html,html,3,no,yes,no,engine_webkit
F05853,F09058,api,3,no,yes,no,random2
F05855,F07928,css,4,no,yes,no,derivative1
F05856,F07767,api,3,no,yes,no,engine_webkit
F05857,F07228,api,3,no,yes,no,random2
F05858,F01089,api,3,no,yes,no,source1
F05859,html,html,3,no,yes,no,source1
F05860,html,html,3,no,yes,no,random2
F05861,F08731,api,3,no,yes,no,derivative1
F05863,F02506,css,4,yes,yes,no,random2
F05866,api,api,2,no,no,yes,engine_webkit
F05867,css,css,3,no,yes,no,engine_webkit
F05868,F09398,javascript,4,no,yes,no,derivative1
F05869,F15982,html,4,no,no,yes,source1
F05870,F05840,api,3,yes,yes,no,lineage_pair
F05871,api,api,2,no,yes,no,derivative1
F05872,F17473,api,3,yes,no,no,engine_webkit
F05873,css,css,3,no,yes,no,random2
F05874,F14125,api,3,no,no,yes,engine_webkit
F05875,F05303,css,4,yes,yes,no,lineage_pair
F05877,F11920,api,3,yes,yes,no,source1
F05878,F07595,api,3,no,yes,no,derivative1
F05880,api,api,2,no,yes,no,engine_webkit
F05881,F14644,api,3,no,yes,no,source1
F05886,F02616,api,3,no,yes,no,engine_webkit
F05887,css,css,3,no,yes,no,lineage_pair
F05888,F13753,api,3,no,yes,no,lineage_pair
F05889,F04620,html,4,no,yes,yes,random2
F05891,css,css,3,no,yes,no,derivative1
F05893,http,http,3,yes,yes,no,derivative1
F05894,F18491,api,3,no,yes,no,lineage_pair
F05896,F13261,css,4,no,yes,no,random2
F05901,F08384,api,3,yes,yes,no,engine_webkit
F05902,F05087,api,3,no,yes,no,random2
F05903,F05010,css,4,yes,yes,no,random2
F05904,F12404,api,3,no,yes,no,derivative1
F05905,F15269,api,3,yes,yes,no,derivative1
F05907,F08384,api,3,no,yes,no,engine_webkit
F05908,F05059,api,3,yes,yes,no,lineage_pair
F05909,F13594,api,3,no,yes,no,derivative1
F05910,F06315,webdriver,5,no,yes,no,source1
F05911,http,http,3,no,yes,no,derivative1
F05912,F09498,api,3,no,yes,no,random2
F05913,F15792,api,3,no,yes,no,engine_webkit
F05914,F01019,api,3,no,yes,no,lineage_pair
F05916,F18414,javascript,4,no,yes,no,source1
F05918,webdriver,webdriver,3,no,yes,no,engine_webkit
F05920,F07952,css,5,no,yes,no,random2
F05921,F10737,css,4,yes,yes,no,lineage_pair
F05922,F08214,api,3,no,yes,no,derivative1
F05923,F02264,css,4,no,yes,no,random2
F05924,F05851,html,4,no,yes,no,derivative1
F05925,F11946,api,3,no,yes,yes,engine_webkit
F05926,F17111,javascript,5,no,yes,no,derivative1
F05928,css,css,3,no,no,no,derivative1
F05929,F12321,api,3,yes,yes,no,source1
F05930,F07403,api,3,no,yes,no,random2
F05931,F13594,api,3,no,yes,no,derivative1
F05932,F01701,css,4,no,yes,no,source1
F05933,F11395,api,3,no,yes,no,source1
F05934,F15316,css,4,no,yes,no,random2
F05935,F07874,api,3,no,yes,no,lineage_pair
F05936,F12188,api,3,yes,yes,no,random2
F05938,F11162,api,3,no,yes,no,source1
F05940,javascript,javascript,3,no,yes,no,engine_webkit
F05941,F09234,api,3,no,yes,no,source1
F05942,F01923,api,3,no,yes,no,lineage_pair
F05943,F01151,api,3,no,yes,no,engine_webkit
F05944,F00236,api,3,no,yes,no,lineage_pair
F05946,F10583,api,3,no,yes,no,derivative1
F05947,F13574,css,4,no,no,no,derivative1
F05948,css,css,3,no,yes,no,lineage_pair
F05949,F14427,api,3,no,yes,no,source1
F05951,F07874,api,3,no,yes,no,source1
F05954,F11395,api,3,no,yes,no,source1
F05958,css,css,3,no,yes,no,derivative1
F05959,F13261,css,4,no,yes,no,source1
F05961,F11395,api,3,no,yes,no,random2
F05962,F03306,api,4,no,yes,no,derivative1
F05963,F09261,api,3,yes,yes,no,engine_webkit
F05964,F16169,webdriver,5,yes,yes,no,source1
F05965,api,api,2,no,yes,no,lineage_pair
F05966,F18427,api,3,no,yes,no,engine_webkit
F05967,F01301,api,4,yes,yes,no,source1
F05968,css,css,3,no,yes,yes,lineage_pair
F05969,F16028,css,4,no,yes,no,derivative1
F05970,F03198,api,3,no,no,yes,lineage_pair
F05971,F10731,api,3,yes,yes,no,derivative1
F05972,F03248,api,4,no,yes,no,derivative1
F05973,F05851,html,4,no,yes,yes,source1
F05974,F09208,api,3,no,yes,no,engine_webkit
F05975,F01142,api,3,yes,yes,no,engine_webkit
F05976,F17283,html,4,yes,yes,no,source1
F05977,css,css,3,no,yes,no,lineage_pair
F05978,F16496,api,3,no,yes,no,source1
F05979,F09621,api,4,no,yes,no,random2
F05981,F16541,api,3,no,yes,no,engine_webkit
F05984,F13506,api,3,no,yes,no,engine_webkit
F05985,F12248,api,3,no,yes,no,engine_webkit
F05986,F07274,html,4,no,yes,no,source1
F05988,api,api,2,no,yes,no,random2
F05989,api,api,2,no,no,yes,random2
F05990,F14903,api,3,no,yes,no,derivative1
F05993,F11133,api,3,no,yes,no,random2
F05995,F06940,api,4,no,yes,no,lineage_pair
F05996,F07837,api,4,no,yes,no,random2
F05997,api,api,2,no,yes,no,source1
F05998,F15662,api,3,no,yes,no,source1
F05999,F17338,api,4,no,yes,no,lineage_pair
F06000,F03326,api,3,yes,yes,no,lineage_pair
F06001,F01357,css,4,no,yes,no,source1
F06002,F07785,css,4,no,yes,no,lineage_pair
F06004,F03832,api,3,no,yes,no,random2
F06005,F16146,api,3,no,yes,yes,random2
F06006,F11200,api,3,no,yes,no,lineage_pair
F06007,F17649,api,3,no,yes,no,source1
F06008,F15927,api,3,no,yes,no,derivative1
F06009,F10122,api,4,no,yes,no,source1
F06010,F16789,api,3,no,yes,no,lineage_pair
F06011,F05949,api,4,yes,yes,no,derivative1
F06012,F18491,api,3,no,yes,no,derivative1
F06018,F11646,css,4,no,yes,no,engine_webkit
F06019,F13831,api,4,no,yes,no,derivative1
F06020,F16496,api,3,no,yes,no,lineage_pair
F06021,F12621,css,4,no,yes,no,random2
F06022,F08242,api,3,yes,yes,no,random2
F06023,F11395,api,3,no,yes,no,engine_webkit
F06025,F04392,css,4,no,yes,no,source1
F06026,F15524,css,4,no,yes,no,derivative1
F06027,F12231,api,3,no,yes,no,derivative1
F06028,F13797,svg,4,no,yes,no,engine_webkit
F06029,F06999,api,3,no,yes,no,derivative1
F06030,F07587,api,3,no,no,yes,derivative1
F06031,F10776,api,3,no,yes,no,random2
F06032,F15662,api,3,no,yes,no,lineage_pair
F06033,F04069,api,3,no,yes,no,engine_webkit
F06034,F09938,api,3,no,yes,no,random2
F06035,F08624,css,4,no,yes,no,engine_webkit
F06036,css,css,3,no,no,no,random2
F06037,F12600,api,3,no,yes,no,random2
F06038,F00795,api,3,yes,yes,no,engine_webkit
F06040,F18491,api,3,no,yes,no,lineage_pair
F06041,api,api,2,no,yes,no,lineage_pair
F06045,F04034,css,4,yes,yes,no,source1
F06047,F08731,api,3,no,yes,yes,lineage_pair
F06048,F16789,api,3,no,yes,no,engine_webkit
F06049,http,http,3,no,yes,no,derivative1
F06050,F05690,http,4,no,yes,yes,source1
F06051,F07589,api,3,no,yes,no,random2
F06053,F15654,javascript,5,no,yes,no,lineage_pair
F06054,F02975,css,4,no,yes,no,derivative1
F06055,F01593,javascript,4,no,yes,no,engine_webkit
F06056,F18491,api,3,yes,no,no,lineage_pair
F06057,http,http,3,yes,yes,no,source1
F06058,F02967,api,3,no,yes,no,source1
F06059,javascript,javascript,3,no,yes,no,engine_webkit
F06060,F17571,javascript,4,no,yes,no,source1
F06062,F09104,css,4,no,yes,no,random2
F06063,html,html,3,no,yes,no,derivative1
F06064,F05617,api,3,no,yes,no,random2
F06065,F09269,api,3,no,yes,yes,engine_webkit
F06066,F17236,api,3,no,yes,yes,lineage_pair
F06067,F01078,html,4,no,no,yes,random2
F06069,F00863,javascript,4,no,yes,no,random2
F06070,F10393,css,4,no,yes,no,engine_webkit
F06071,F11200,api,3,no,yes,no,lineage_pair
F06072,F18219,css,4,no,yes,no,derivative1
F06073,F02731,javascript,4,no,yes,yes,derivative1
F06074,F08632,api,3,no,yes,no,derivative1
F06075,F17699,api,4,yes,no,no,derivative1
F06076,F18491,api,3,no,yes,no,random2
F06077,api,api,2,no,yes,no,engine_webkit
F06079,F17929,api,3,no,yes,no,lineage_pair
F06080,F07696,svg,4,no,yes,no,source1
F06081,F01150,javascript,4,no,yes,no,lineage_pair
F06082,api,api,2,no,yes,no,lineage_pair
F06084,F00692,api,3,yes,yes,no,engine_webkit
F06085,F15704,webdriver,5,no,yes,no,source1
F06087,F07151,javascript,4,no,yes,no,source1
F06088,F05485,api,3,no,yes,no,random2
F06089,css,css,3,no,yes,no,lineage_pair
F06091,F16108,api,3,no,yes,no,random2
F06092,F18491,api,3,no,yes,yes,derivative1
F06093,F17198,api,3,no,yes,no,source1
F06095,F02723,css,4,no,yes,no,source1
F06096,F08465,api,3,yes,yes,no,engine_webkit
F06097,css,css,3,no,yes,no,source1
F06098,F14617,api,4,no,yes,no,lineage_pair
F06100,F07132,css,4,no,yes,no,source1
F06103,F17765,html,4,no,yes,no,derivative1
F06104,F12923,api,3,no,yes,no,lineage_pair
F06105,F03563,api,3,no,yes,no,engine_webkit
F06106,F00142,api,3,no,yes,no,derivative1
F06107,F10048,webdriver,5,no,yes,no,derivative1
F06108,api,api,2,no,yes,no,source1
F06109,F02967,api,3,no,yes,no,lineage_pair
F06110,http,http,3,no,yes,no,lineage_pair
F06112,F05807,api,3,no,yes,no,derivative1
F06114,F14664,svg,4,no,yes,no,lineage_pair
F06116,F11361,css,4,no,yes,no,lineage_pair
F06119,F03766,api,3,yes,yes,no,lineage_pair
F06120,F15684,api,3,yes,yes,no,lineage_pair
F06121,F16892,api,3,yes,yes,no,source1
F06122,api,api,2,no,yes,no,derivative1
F06123,F10181,css,4,no,yes,no,derivative1
F06124,F09852,css,4,no,yes,no,lineage_pair
F06125,F05352,api,3,no,yes,no,engine_webkit
F06126,F03072,javascript,4,no,yes,no,derivative1
F06127,F02497,api,3,yes,yes,no,engine_webkit
F06128,F15348,api,3,no,yes,no,random2
F06129,api,api,2,no,yes,no,engine_webkit
F06131,F04737,api,4,no,yes,no,random2
F06132,api,api,2,no,yes,no,lineage_pair
F06133,F10234,api,3,yes,yes,no,random2
F06134,F02170,webdriver,5,yes,yes,no,source1
F06135,F02616,api,3,no,yes,no,derivative1
F06136,api,api,2,no,yes,no,lineage_pair
F06137,F05891,css,4,no,yes,no,lineage_pair
F06139,F04069,api,3,no,yes,no,random2
F06140,F10030,css,4,yes,yes,no,engine_webkit
F06141,F12150,api,3,yes,yes,no,random2
F06142,F06041,api,3,no,yes,no,engine_webkit
F06143,webdriver,webdriver,3,no,yes,no,lineage_pair
F06144,F00557,api,3,no,yes,no,lineage_pair
F06145,F04702,api,3,no,yes,no,random2
F06147,F17250,api,3,no,yes,no,derivative1
F06148,api,api,2,yes,yes,no,source1
F06149,F09029,api,4,no,yes,no,derivative1
F06150,F07356,api,3,no,yes,no,engine_webkit
F06151,F14252,api,3,no,yes,no,derivative1
F06152,F05142,css,4,no,yes,no,derivative1
F06153,F16108,api,3,no,yes,no,lineage_pair
F06154,F02095,api,3,no,yes,no,random2
F06155,html,html,3,no,yes,no,engine_webkit
F06156,F00471,javascript,4,no,yes,no,engine_webkit
F06157,F13506,api,3,no,yes,no,derivative1
F06159,F17989,api,3,no,yes,no,lineage_pair
F06160,F09503,api,3,no,yes,no,random2
F06161,api,api,2,no,yes,no,random2
F06162,api,api,2,no,yes,yes,engine_webkit
F06163,F16695,api,3,no,yes,no,engine_webkit
F06165,F11711,api,3,no,yes,no,random2
F06166,F13552,css,5,no,yes,no,source1
F06167,F08020,api,3,no,yes,no,engine_webkit
F06168,http,http,3,no,yes,no,engine_webkit
F06169,F05764,javascript,4,no,yes,no,source1
F06170,F01178,css,4,no,yes,no,derivative1
F06171,svg,svg,3,no,yes,no,derivative1
F06173,F14731,api,3,no,yes,no,engine_webkit
F06174,F16653,css,4,no,yes,no,source1
F06176,F14125,api,3,no,yes,no,derivative1
F06177,F00863,javascript,4,no,yes,no,derivative1
F06179,F08108,css,4,no,yes,no,engine_webkit
F06180,css,css,3,no,yes,no,lineage_pair
F06181,F12150,api,3,yes,yes,no,lineage_pair
F06182,F09398,javascript,4,no,yes,no,random2
F06183,api,api,2,no,yes,no,engine_webkit
F06184,F08224,css,4,no,yes,no,source1
F06185,F16275,http,4,yes,yes,no,random2
F06186,css,css,3,no,yes,no,engine_webkit
F06187,javascript,javascript,3,no,yes,no,random2
F06188,F05234,api,3,yes,yes,no,derivative1
F06189,F04991,css,4,no,yes,no,random2
F06190,css,css,3,no,yes,no,derivative1
F06191,F01089,api,3,no,no,yes,lineage_pair
F06192,F13151,api,4,yes,yes,no,source1
F06193,F09253,api,3,no,yes,no,random2
F06194,F08728,api,4,yes,yes,no,derivative1
F06197,F15662,api,3,no,yes,yes,derivative1
F06198,F02588,api,3,no,yes,no,derivative1
F06199,css,css,3,no,yes,no,random2
F06200,F13375,css,5,no,yes,no,random2
F06201,F07860,css,4,no,yes,no,derivative1
F06202,F13205,api,3,yes,yes,no,engine_webkit
F06203,F01405,api,4,no,yes,no,lineage_pair
F06205,F00229,api,3,no,yes,no,lineage_pair
F06207,F08843,api,3,no,yes,no,random2
F06208,F07587,api,3,no,no,yes,random2
F06209,F08384,api,3,no,yes,no,lineage_pair
F06210,F04991,css,4,no,yes,no,random2
F06211,F08076,api,3,yes,yes,no,source1
F06212,css,css,3,no,yes,no,engine_webkit
F06213,F06621,css,4,no,yes,no,lineage_pair
F06214,F15017,javascript,4,no,yes,no,random2
F06217,F05352,api,3,no,yes,no,source1
F06218,javascript,javascript,3,no,yes,no,lineage_pair
F06219,http,http,3,no,yes,no,lineage_pair
F06220,F03998,api,3,no,yes,no,engine_webkit
F06221,F15745,javascript,4,no,yes,no,derivative1
F06222,F02093,api,3,yes,yes,no,lineage_pair
F06223,F15624,api,3,no,yes,no,random2
F06224,F08403,api,3,no,no,yes,source1
F06227,F13601,javascript,4,no,yes,no,derivative1
F06228,F17103,api,4,no,yes,no,derivative1
F06229,F04821,css,4,no,yes,no,lineage_pair
F06230,F00290,css,4,no,yes,no,lineage_pair
F06232,F04069,api,3,no,yes,no,engine_webkit
F06235,F02384,api,3,no,yes,yes,source1
F06237,F13574,css,4,no,yes,no,source1
F06238,F16052,webdriver,4,no,yes,no,source1
F06239,F14244,css,4,no,yes,no,source1
F06241,F15662,api,3,no,yes,no,lineage_pair
F06242,F18239,api,3,no,yes,no,engine_webkit
F06243,api,api,2,no,no,yes,random2
F06245,F13891,svg,4,no,yes,no,derivative1
F06246,F04521,api,3,no,yes,no,random2
F06248,F17684,css,4,no,yes,no,engine_webkit
F06249,F01571,api,4,no,yes,no,derivative1
F06250,F04441,api,5,no,no,no,engine_webkit
F06251,F18141,api,3,no,no,yes,lineage_pair
F06253,css,css,3,no,yes,no,derivative1
F06254,F01571,api,4,no,yes,no,random2
F06256,F07697,css,4,yes,yes,no,derivative1
F06258,api,api,2,yes,yes,no,random2
F06260,F18094,css,4,no,yes,no,random2
F06261,F16851,html,5,no,yes,no,lineage_pair
F06262,F13594,api,3,no,yes,no,source1
F06263,F02989,webdriver,5,no,yes,no,random2
F06264,F01630,api,3,no,no,yes,random2
F06265,api,api,2,no,yes,yes,random2
F06271,F08214,api,3,no,yes,no,lineage_pair
F06272,F01020,api,3,no,yes,no,lineage_pair
F06273,F09986,api,3,no,yes,no,random2
F06274,F04521,api,3,no,yes,no,random2
F06275,F17795,webdriver,4,no,yes,no,source1
F06276,css,css,3,yes,yes,no,random2
F06278,F06916,api,3,no,yes,no,engine_webkit
F06279,F15927,api,3,yes,yes,no,lineage_pair
F06281,api,api,2,no,yes,no,lineage_pair
F06282,F12286,css,4,yes,yes,no,random2
F06283,F05242,api,3,no,yes,no,derivative1
F06284,javascript,javascript,3,no,yes,no,derivative1
F06285,css,css,3,no,yes,no,random2
F06286,F05807,api,3,no,yes,no,source1
F06287,F08214,api,3,no,yes,no,random2
F06289,F08395,css,5,no,yes,no,lineage_pair
F06290,F12571,api,5,yes,yes,no,source1
F06291,F10172,api,3,yes,yes,no,engine_webkit
F06292,css,css,3,no,yes,no,engine_webkit
F06293,F14434,api,3,no,yes,no,derivative1
F06294,F18491,api,3,no,yes,no,engine_webkit
F06295,F17190,api,3,no,yes,no,source1
F06296,F05544,api,3,no,yes,no,engine_webkit
F06297,F14887,api,3,yes,yes,no,derivative1
F06298,F06386,api,3,no,yes,no,lineage_pair
F06299,F08151,css,4,no,yes,no,random2
F06300,F02510,api,3,no,yes,no,engine_webkit
F06301,F04909,javascript,5,no,yes,no,source1
F06302,api,api,2,no,yes,no,engine_webkit
F06306,F08214,api,3,no,yes,no,derivative1
F06307,F01049,api,3,no,yes,no,source1
F06308,F11009,api,3,no,yes,no,engine_webkit
F06309,F06864,api,3,yes,yes,no,source1
F06310,F15792,api,3,yes,yes,no,derivative1
F06311,F15017,javascript,4,no,yes,no,source1
F06312,F17941,api,3,no,yes,yes,derivative1
F06313,F00298,javascript,4,no,yes,no,engine_webkit
F06314,F08843,api,3,no,yes,no,lineage_pair
F06315,F15334,webdriver,4,no,yes,no,lineage_pair
F06316,F07874,api,3,no,yes,no,engine_webkit
F06317,css,css,3,no,yes,no,lineage_pair
F06318,F06621,css,4,no,yes,no,source1
F06319,css,css,3,yes,yes,no,derivative1
F06321,F00217,javascript,5,no,yes,no,lineage_pair
F06322,F08843,api,3,no,yes,no,engine_webkit
F06323,http,http,3,no,yes,no,engine_webkit
F06326,F07874,api,3,no,yes,no,lineage_pair
F06328,F12150,api,3,yes,yes,no,engine_webkit
F06330,css,css,3,yes,yes,no,engine_webkit
F06331,api,api,2,no,yes,no,source1
F06334,F11646,css,4,no,yes,no,engine_webkit
F06336,F10715,javascript,4,no,yes,no,source1
F06337,F10079,api,3,no,yes,no,source1
F06338,F09122,css,4,no,yes,no,derivative1
F06339,F01764,javascript,5,no,yes,no,source1
F06340,F00665,api,4,no,yes,no,derivative1
F06341,F03495,api,3,no,yes,no,lineage_pair
F06342,F13244,css,4,no,yes,no,derivative1
F06343,F13594,api,3,no,yes,no,random2
F06344,F01234,webdriver,6,no,yes,no,source1
F06345,F07587,api,3,no,no,yes,random2
F06349,F08214,api,3,no,yes,no,derivative1
F06350,F03049,api,3,no,yes,no,random2
F06351,F12567,api,3,no,no,yes,lineage_pair
F06352,F12150,api,3,yes,yes,no,derivative1
F06353,F16532,css,4,no,yes,no,lineage_pair
F06354,F00812,api,4,no,yes,no,random2
F06355,F09518,api,4,yes,yes,no,lineage_pair
F06356,F06908,webdriver,5,no,yes,no,random2
F06357,F04614,api,3,yes,yes,no,lineage_pair
F06358,css,css,3,no,yes,no,engine_webkit
F06359,F09982,svg,4,no,yes,no,source1
F06360,F08233,api,3,no,yes,no,random2
F06362,F17747,api,3,no,yes,no,engine_webkit
F06363,F17679,api,3,no,yes,no,lineage_pair
F06364,F07595,api,3,no,yes,no,random2
F06365,F18171,javascript,4,no,yes,no,source1
F06366,F02835,css,4,no,yes,no,random2
F06367,F09528,api,3,no,yes,no,source1
F06368,F09122,css,4,no,yes,no,engine_webkit
F06369,F08108,css,4,no,yes,no,random2
F06370,F04398,api,3,no,yes,no,derivative1
F06371,F15654,javascript,5,no,yes,no,derivative1
F06372,F09945,api,3,no,yes,no,random2
F06373,F18491,api,3,no,yes,no,engine_webkit
F06374,F00618,css,4,no,yes,no,random2
F06377,F01491,api,3,no,yes,no,random2
F06378,F16437,api,5,yes,yes,no,lineage_pair
F06380,html,html,3,no,yes,no,lineage_pair
F06383,F01150,javascript,4,no,yes,no,source1
F06384,F12432,api,3,yes,yes,no,random2
F06385,css,css,3,no,no,no,engine_webkit
F06386,api,api,2,no,yes,no,random2
F06387,F03832,api,3,no,yes,no,derivative1
F06389,F14485,api,4,no,yes,no,source1
F06390,F18491,api,3,no,yes,no,derivative1
F06391,api,api,2,no,yes,no,engine_webkit
F06393,F18491,api,3,no,yes,no,engine_webkit
F06396,F15662,api,3,no,yes,no,derivative1
F06398,F12890,api,3,no,yes,no,lineage_pair
F06399,F18491,api,3,no,yes,no,lineage_pair
F06400,F15662,api,3,no,yes,no,source1
F06401,F04026,api,3,no,yes,no,source1
F06402,F05059,api,3,yes,yes,no,engine_webkit
F06403,F10404,api,3,no,yes,no,source1
F06404,F17606,html,4,no,yes,yes,random2
F06406,F17757,svg,5,no,yes,no,random2
F06407,F05524,javascript,5,no,yes,no,random2
F06409,css,css,3,no,yes,no,engine_webkit
F06410,css,css,3,no,yes,no,source1
F06411,F09272,css,4,no,yes,no,lineage_pair
F06412,F15003,javascript,4,no,yes,no,derivative1
F06413,F04325,css,4,no,yes,no,engine_webkit
F06414,F14507,api,3,no,yes,no,derivative1
F06415,F15348,api,3,yes,yes,no,derivative1
F06416,F17679,api,3,no,yes,no,lineage_pair
F06417,F17679,api,3,no,yes,no,random2
F06419,F14903,api,3,no,yes,no,random2
F06420,F09938,api,3,no,yes,no,lineage_pair
F06422,api,api,2,no,yes,no,random2
F06423,javascript,javascript,3,no,yes,no,random2
F06424,F16927,api,4,no,yes,no,derivative1
F06425,api,api,2,yes,yes,no,lineage_pair
F06426,F15492,css,4,no,yes,no,engine_webkit
F06427,F07274,html,4,no,yes,yes,source1
F06428,F08476,api,4,yes,yes,no,derivative1
F06429,F06898,css,4,no,yes,no,derivative1
F06430,F15624,api,3,no,yes,no,engine_webkit
F06431,F10447,api,3,no,yes,no,random2
F06432,F12235,css,4,no,yes,no,source1
F06434,F05516,api,3,no,yes,no,derivative1
F06435,F01678,api,3,yes,yes,no,engine_webkit
F06436,F02616,api,3,no,yes,no,lineage_pair
F06437,F16540,api,4,yes,yes,no,lineage_pair
F06438,F01178,css,4,yes,yes,no,random2
F06439,F18450,api,3,no,yes,no,random2
F06442,F12525,html,6,no,yes,no,lineage_pair
F06444,F12712,api,3,no,yes,no,derivative1
F06445,F10967,http,4,yes,yes,no,random2
F06447,F17581,css,4,no,yes,no,lineage_pair
F06448,F09122,css,4,no,yes,no,lineage_pair
F06449,javascript,javascript,3,no,yes,no,lineage_pair
F06450,api,api,2,yes,yes,no,engine_webkit
F06451,F01944,api,3,yes,no,no,engine_webkit
F06452,F11544,api,3,yes,yes,no,derivative1
F06453,F06940,api,4,no,yes,no,random2
F06454,F06990,javascript,5,no,yes,no,lineage_pair
F06455,F04521,api,3,no,yes,no,random2
F06456,F06796,webdriver,5,no,yes,no,source1
F06457,F13261,css,4,no,yes,no,lineage_pair
F06458,F09143,api,3,no,yes,no,source1
F06459,F10647,webdriver,5,no,yes,no,derivative1
F06464,F10665,css,4,no,yes,no,engine_webkit
F06465,F17283,html,4,yes,no,no,lineage_pair
F06467,F01725,api,3,yes,no,no,derivative1
F06469,F14823,css,4,no,yes,no,engine_webkit
F06470,F00984,api,3,yes,yes,no,source1
F06471,F02280,api,3,yes,yes,no,random2
F06472,F13579,html,4,no,yes,no,engine_webkit
F06473,F07874,api,3,no,yes,no,engine_webkit
F06474,F02835,css,4,no,yes,no,lineage_pair
F06475,F13160,api,3,yes,yes,no,derivative1
F06476,F08214,api,3,no,yes,no,random2
F06477,F09080,api,3,yes,yes,no,lineage_pair
F06479,F17927,api,3,yes,yes,no,engine_webkit
F06483,F15982,html,4,no,yes,yes,source1
F06484,F18011,webdriver,5,no,yes,no,engine_webkit
F06486,F08384,api,3,no,yes,no,source1
F06487,F16028,css,4,no,yes,no,engine_webkit
F06489,F08076,api,3,yes,yes,no,engine_webkit
F06490,F05255,webdriver,5,no,yes,no,engine_webkit
F06493,F05131,api,3,no,yes,no,lineage_pair
F06495,api,api,2,no,yes,no,random2
F06496,F07151,javascript,4,no,yes,no,engine_webkit
F06497,F05481,api,3,no,yes,no,source1
F06498,F15754,css,4,no,yes,no,engine_webkit
F06499,F01593,javascript,4,no,yes,no,lineage_pair
F06500,api,api,2,no,yes,no,derivative1
F06502,F02799,api,3,no,yes,no,random2
F06503,F13941,webdriver,4,yes,yes,no,source1
F06506,api,api,2,no,yes,no,source1
F06507,css,css,3,no,yes,no,random2
F06508,F03563,api,3,no,yes,no,engine_webkit
F06509,api,api,2,no,yes,no,random2
F06510,F00290,css,4,no,yes,no,source1
F06511,F03630,api,4,no,yes,no,engine_webkit
F06512,F01019,api,3,no,yes,no,random2
F06513,html,html,3,no,yes,no,engine_webkit
F06514,F00665,api,4,no,yes,no,engine_webkit
F06515,F07765,api,3,yes,yes,no,lineage_pair
F06516,F09122,css,4,no,yes,no,source1
F06518,F13574,css,4,no,yes,no,lineage_pair
F06519,F18171,javascript,4,no,yes,no,source1
F06520,css,css,3,no,yes,no,derivative1
F06522,F03686,javascript,5,no,yes,no,random2
F06525,F16108,api,3,no,yes,no,lineage_pair
F06526,F10818,css,4,yes,yes,no,lineage_pair
F06529,F05585,api,3,no,yes,no,source1
F06532,F09143,api,3,yes,yes,no,source1
F06533,F10978,api,3,yes,yes,no,random2
F06534,F13552,css,5,no,yes,no,source1
F06535,F03449,javascript,4,no,yes,no,lineage_pair
F06536,F12600,api,3,no,yes,no,lineage_pair
F06538,F01878,api,3,no,yes,no,source1
F06539,F17986,api,4,yes,yes,no,random2
F06540,F01178,css,4,no,yes,no,source1
F06541,F18491,api,3,no,yes,no,random2
F06542,F13594,api,3,no,yes,no,engine_webkit
F06543,api,api,2,no,yes,no,source1
F06544,F16207,html,4,no,no,yes,random2
F06546,F13579,html,4,no,yes,no,derivative1
F06547,F09398,javascript,4,no,yes,no,engine_webkit
F06548,F13625,css,4,no,yes,no,source1
F06549,F05653,api,4,no,yes,no,source1
F06550,F04496,css,4,yes,yes,no,source1
F06551,F02264,css,4,no,yes,no,random2
F06552,F11064,api,3,no,yes,no,random2
F06553,http,http,3,no,yes,no,source1
F06554,F17548,api,4,no,yes,no,random2
F06555,F02342,webdriver,5,no,yes,no,random2
F06556,F00777,api,3,no,yes,no,random2
F06557,webdriver,webdriver,3,no,yes,no,lineage_pair
F06558,css,css,3,no,yes,no,derivative1
F06559,http,http,3,no,yes,no,derivative1
F06560,F12756,webdriver,5,no,yes,no,derivative1
F06561,F01142,api,3,yes,yes,no,engine_webkit
F06562,F06940,api,4,no,yes,no,engine_webkit
F06563,api,api,2,no,no,yes,source1
F06565,api,api,2,no,yes,no,lineage_pair
F06568,F17951,css,4,yes,yes,no,source1
F06569,F01300,api,3,no,yes,no,derivative1
F06570,F11543,css,4,no,yes,no,engine_webkit
F06572,F13196,api,4,no,yes,no,random2
F06574,F03384,javascript,4,no,yes,no,source1
F06575,F15632,api,3,no,yes,no,engine_webkit
F06576,F06099,api,3,no,yes,no,source1
F06578,F02994,api,3,yes,yes,no,random2
F06580,F15467,api,3,yes,yes,no,source1
F06581,F03449,javascript,4,no,yes,no,random2
F06582,F04821,css,4,no,yes,no,source1
F06583,F05690,http,4,no,yes,no,lineage_pair
F06584,css,css,3,no,yes,no,random2
F06585,F01944,api,3,no,yes,no,derivative1
F06586,F15624,api,3,no,yes,no,lineage_pair
F06587,F17476,javascript,4,no,yes,no,random2
F06588,F06625,api,4,no,yes,no,random2
F06589,F06997,api,3,no,yes,yes,derivative1
F06591,F15752,api,3,no,yes,no,lineage_pair
F06592,F07621,css,4,no,yes,no,derivative1
F06593,F08843,api,3,no,no,no,random2
F06594,F04059,svg,4,no,yes,no,derivative1
F06595,css,css,3,no,yes,no,lineage_pair
F06596,F07915,svg,4,no,yes,no,engine_webkit
F06597,F09019,api,3,no,yes,no,lineage_pair
F06598,F04521,api,3,no,yes,no,engine_webkit
F06600,css,css,3,no,yes,no,random2
F06601,F04069,api,3,no,yes,no,source1
F06602,F09938,api,3,no,yes,no,source1
F06603,F06546,html,5,no,yes,no,derivative1
F06604,F13585,css,4,no,yes,no,source1
F06605,F08233,api,3,no,yes,no,random2
F06606,F01089,api,3,no,yes,no,engine_webkit
F06608,F02731,javascript,4,no,yes,yes,derivative1
F06609,F03163,api,3,no,yes,yes,derivative1
F06610,F11395,api,3,no,yes,no,random2
F06612,F11162,api,3,no,yes,no,derivative1
F06614,css,css,3,no,yes,no,lineage_pair
F06616,F03141,css,4,no,yes,no,source1
F06618,F01674,api,4,no,yes,no,source1
F06619,F08843,api,3,no,no,yes,random2
F06620,http,http,3,no,yes,no,source1
F06621,css,css,3,no,yes,no,source1
F06622,F11009,api,3,no,yes,no,lineage_pair
F06623,F11593,api,3,no,yes,no,source1
F06624,F08843,api,3,no,yes,no,random2
F06625,F16108,api,3,no,yes,no,lineage_pair
F06626,F11062,api,3,no,yes,no,engine_webkit
F06627,css,css,3,no,yes,no,engine_webkit
F06628,F11438,api,3,no,yes,no,source1
F06629,F15541,api,3,no,yes,no,derivative1
F06630,F01139,api,3,yes,yes,no,random2
F06631,F15960,webdriver,5,no,yes,no,random2
F06634,F03020,css,4,no,yes,no,lineage_pair
F06635,F17699,api,4,no,yes,no,source1
F06636,F01150,javascript,4,no,yes,no,lineage_pair
F06637,api,api,2,no,yes,no,random2
F06638,F00062,webdriver,5,yes,no,no,lineage_pair
F06639,F02989,webdriver,5,no,yes,no,derivative1
F06642,F10181,css,4,no,yes,no,source1
F06643,F10324,api,5,no,yes,no,lineage_pair
F06646,F17769,api,4,no,yes,no,source1
F06647,F10447,api,3,no,yes,no,lineage_pair
F06650,F16275,http,4,yes,yes,no,derivative1
F06656,css,css,3,no,yes,no,source1
F06658,F12059,api,3,yes,yes,no,source1
F06659,F03832,api,3,no,yes,no,derivative1
F06660,F10595,css,4,no,yes,no,source1
F06661,F08233,api,3,no,yes,no,lineage_pair
F06662,F05859,html,4,no,yes,yes,engine_webkit
F06663,F16049,api,3,no,yes,no,engine_webkit
F06664,F15624,api,3,no,yes,no,engine_webkit
F06665,F13106,javascript,4,no,yes,no,random2
F06666,F15017,javascript,4,no,yes,no,lineage_pair
F06667,F01571,api,4,no,yes,no,random2
F06668,F16169,webdriver,5,yes,yes,no,source1
F06669,F01878,api,3,no,yes,no,derivative1
F06670,F08010,api,4,no,no,no,engine_webkit
F06671,F04392,css,4,no,yes,no,random2
F06673,F07449,css,4,no,yes,no,random2
F06674,F09994,css,4,no,yes,no,engine_webkit
F06676,css,css,3,no,yes,no,engine_webkit
F06677,F15654,javascript,5,no,yes,no,derivative1
F06678,F15296,html,4,no,yes,no,lineage_pair
F06679,api,api,2,no,yes,no,source1
F06680,F02412,api,4,yes,yes,no,lineage_pair
F06681,F00366,css,4,no,yes,no,engine_webkit
F06682,F14731,api,3,no,yes,no,lineage_pair
F06683,F05958,css,4,no,yes,no,lineage_pair
F06684,F10583,api,3,no,yes,no,lineage_pair
F06688,F14699,html,4,yes,yes,no,source1
F06689,F13507,api,3,yes,yes,no,random2
F06690,F18141,api,3,no,yes,no,lineage_pair
F06691,F01467,api,3,yes,no,no,lineage_pair
F06692,F02611,api,3,no,yes,no,engine_webkit
F06693,F07790,api,3,no,yes,no,derivative1
F06694,F15582,api,3,no,yes,no,random2
F06696,F17277,css,4,no,yes,no,engine_webkit
F06697,api,api,2,no,yes,no,lineage_pair
F06698,F05042,svg,4,no,yes,no,random2
F06699,F11472,http,4,no,no,no,lineage_pair
F06702,F09938,api,3,no,yes,no,source1
F06703,F18491,api,3,no,yes,yes,random2
F06704,F16326,api,3,no,yes,no,source1
F06705,F03754,api,4,no,yes,no,lineage_pair
F06706,F02519,api,3,no,yes,no,engine_webkit
F06707,F14823,css,4,no,yes,no,random2
F06708,css,css,3,no,yes,no,random2
F06715,api,api,2,no,yes,no,source1
F06716,F10634,css,4,no,yes,no,engine_webkit
F06717,F15003,javascript,4,no,yes,no,source1
F06718,F14545,api,3,no,yes,no,derivative1
F06719,F07029,svg,4,no,yes,no,derivative1
F06722,F04580,api,3,no,yes,no,lineage_pair
F06723,F01369,css,4,no,yes,no,lineage_pair
F06725,F02611,api,3,no,yes,no,lineage_pair
F06726,F02588,api,3,no,yes,no,source1
F06727,F08214,api,3,no,yes,no,source1
F06728,F07492,css,4,no,yes,no,random2
F06729,F17699,api,4,no,yes,no,engine_webkit
F06731,F13574,css,4,no,yes,no,source1
F06732,F08843,api,3,yes,no,no,source1
F06733,F16108,api,3,no,yes,no,random2
F06734,F05162,css,4,yes,yes,no,derivative1
F06735,F15094,css,4,no,yes,no,source1
F06737,F11773,api,3,no,yes,no,source1
F06738,F17403,css,5,no,yes,no,engine_webkit
F06739,F08336,javascript,5,no,yes,no,source1
F06740,F17241,api,4,yes,yes,no,lineage_pair
F06741,api,api,2,no,yes,no,engine_webkit
F06742,F05564,css,4,no,yes,no,random2
F06743,F03198,api,3,no,yes,no,random2
F06744,F16226,webdriver,5,no,yes,no,derivative1
F06745,F00989,css,5,yes,yes,no,lineage_pair
F06746,F13834,api,3,no,yes,yes,random2
F06747,F09936,api,3,no,yes,yes,random2
F06748,F04521,api,3,no,yes,no,lineage_pair
F06749,F04966,api,3,yes,yes,no,derivative1
F06750,F00794,api,4,no,yes,no,engine_webkit
F06751,F14903,api,3,no,yes,no,random2
F06752,F17111,javascript,5,no,yes,no,random2
F06753,F04392,css,4,no,yes,no,engine_webkit
F06754,F15624,api,3,no,yes,no,derivative1
F06755,F06919,css,4,no,yes,no,engine_webkit
F06756,F16275,http,4,yes,yes,no,derivative1
F06757,api,api,2,no,yes,no,source1
F06758,F04288,api,3,no,yes,no,random2
F06759,F03469,api,3,yes,no,no,engine_webkit
F06761,F11162,api,3,no,yes,no,derivative1
F06762,api,api,2,no,yes,no,random2
F06763,F16770,api,3,no,yes,no,engine_webkit
F06766,F08628,webdriver,4,no,yes,no,random2
F06768,F13786,api,3,yes,yes,no,engine_webkit
F06770,F09339,api,3,yes,yes,no,engine_webkit
F06771,F03750,api,3,no,yes,no,derivative1
F06772,F03902,api,3,no,yes,no,engine_webkit
F06773,F15235,api,3,no,yes,no,random2
F06776,F04834,api,3,no,yes,no,random2
F06777,F10050,css,4,no,yes,no,source1
F06778,F01743,css,4,no,yes,no,lineage_pair
F06780,F05404,css,4,no,yes,no,lineage_pair
F06781,F07151,javascript,4,no,yes,no,source1
F06782,F00082,html,4,no,no,yes,derivative1
F06783,F16714,css,4,no,yes,no,random2
F06784,F13096,api,3,no,yes,no,lineage_pair
F06785,F12150,api,3,yes,yes,no,engine_webkit
F06787,F15984,api,3,yes,yes,no,random2
F06788,F02796,css,4,no,yes,no,engine_webkit
F06789,F17548,api,4,no,yes,no,source1
F06791,F13131,api,3,no,yes,no,random2
F06792,F09484,api,3,no,yes,no,random2
F06793,F13834,api,3,no,yes,yes,engine_webkit
F06794,F04687,api,3,no,yes,no,derivative1
F06796,F11065,webdriver,4,no,yes,no,engine_webkit
F06797,F00364,api,3,no,yes,no,engine_webkit
F06798,F04596,javascript,5,no,yes,no,derivative1
F06799,F09528,api,3,no,yes,no,derivative1
F06800,F05640,api,3,no,yes,no,derivative1
F06801,F04979,api,3,no,yes,no,lineage_pair
F06802,F10404,api,3,no,yes,no,lineage_pair
F06804,F11593,api,3,no,yes,no,random2
F06806,F07595,api,3,no,yes,no,source1
F06807,F18171,javascript,4,no,yes,no,derivative1
F06808,css,css,3,no,yes,no,random2
F06809,F14633,api,3,no,yes,no,random2
F06810,F14135,webdriver,6,yes,yes,no,engine_webkit
F06811,F15666,css,4,no,yes,no,engine_webkit
F06812,F05486,api,3,no,yes,no,engine_webkit
F06813,F02225,api,3,no,yes,no,engine_webkit
F06814,F17944,api,3,no,yes,no,engine_webkit
F06815,F06877,webdriver,5,no,yes,no,random2
F06817,F13574,css,4,no,no,no,source1
F06818,F09528,api,3,no,yes,no,engine_webkit
F06819,F08504,api,3,yes,yes,no,derivative1
F06823,F17710,api,3,no,yes,no,source1
F06825,F09986,api,3,no,yes,no,source1
F06826,F07337,api,3,yes,no,no,derivative1
F06827,F17205,css,4,yes,yes,no,lineage_pair
F06830,F17949,css,4,no,yes,no,random2
F06831,F04065,css,4,no,yes,no,random2
F06832,svg,svg,3,no,yes,no,derivative1
F06833,F13160,api,3,yes,yes,no,engine_webkit
F06834,css,css,3,no,no,yes,lineage_pair
F06835,F10818,css,4,yes,yes,no,source1
F06836,F09938,api,3,no,yes,no,derivative1
F06837,css,css,3,no,yes,no,random2
F06838,F16450,javascript,3,no,yes,no,derivative1
F06840,F02497,api,3,yes,yes,no,derivative1
F06842,F05958,css,4,no,yes,no,random2
F06844,F13731,css,4,no,yes,no,derivative1
F06845,F12000,css,4,no,yes,no,derivative1
F06846,F13507,api,3,no,yes,no,random2
F06847,F16789,api,3,no,yes,no,engine_webkit
F06848,F18450,api,3,yes,yes,no,engine_webkit
F06849,F10288,webdriver,5,no,yes,no,source1
F06851,F10181,css,4,no,yes,no,random2
F06852,F05371,api,4,no,yes,no,random2
F06854,F01764,javascript,5,no,yes,no,random2
F06855,F03830,css,4,yes,yes,no,source1
F06857,F05087,api,3,no,no,no,engine_webkit
F06858,F03457,css,4,no,yes,no,source1
F06859,F05752,api,3,no,yes,no,derivative1
F06861,api,api,2,no,yes,no,derivative1
F06862,F15458,javascript,5,no,yes,no,source1
F06863,F01743,css,4,no,yes,no,derivative1
F06864,api,api,2,yes,yes,no,random2
F06866,F17746,api,3,no,yes,no,source1
F06867,F14731,api,3,no,yes,no,lineage_pair
F06868,F13239,api,3,no,yes,no,lineage_pair
F06869,F02096,api,3,no,yes,no,random2
F06870,F18491,api,3,no,yes,no,source1
F06871,F04463,api,3,no,yes,no,engine_webkit
F06873,F15037,css,4,no,yes,no,lineage_pair
F06874,F08336,javascript,4,no,yes,no,source1
F06875,F02842,api,3,no,yes,no,derivative1
F06876,F13393,api,3,yes,yes,no,engine_webkit
F06877,F15334,webdriver,4,no,yes,no,random2
F06878,css,css,3,no,yes,no,derivative1
F06880,F12604,api,3,no,yes,no,source1
F06881,F08843,api,3,no,no,no,source1
F06882,F18491,api,3,yes,no,no,engine_webkit
F06883,F08805,css,4,no,yes,no,engine_webkit
F06884,F18491,api,3,no,yes,no,engine_webkit
F06885,F15985,api,3,no,yes,no,engine_webkit
F06886,F01837,svg,4,no,yes,no,random2
F06887,F05404,css,4,no,yes,no,lineage_pair
F06888,F18141,api,3,no,yes,no,source1
F06890,api,api,2,no,yes,no,random2
F06892,F15541,api,3,no,yes,no,engine_webkit
F06893,api,api,2,no,yes,no,derivative1
F06894,F02611,api,3,no,yes,no,random2
F06895,F18450,api,3,no,yes,no,engine_webkit
F06896,F17499,javascript,5,no,no,no,engine_webkit
F06897,F17193,api,3,no,no,yes,engine_webkit
F06898,css,css,3,no,yes,no,random2
F06899,F13119,api,3,no,yes,no,derivative1
F06901,F03801,api,3,no,yes,no,engine_webkit
F06903,F05690,http,4,no,yes,no,derivative1
F06904,api,api,2,no,yes,no,random2
F06905,webdriver,webdriver,3,no,yes,no,derivative1
F06906,F06651,api,3,no,yes,no,engine_webkit
F06907,css,css,3,no,yes,no,source1
F06908,F15334,webdriver,4,no,yes,no,engine_webkit
F06909,F13096,api,3,yes,yes,no,lineage_pair
F06910,F17156,css,4,no,yes,no,engine_webkit
F06911,F13753,api,3,no,yes,no,engine_webkit
F06912,api,api,2,no,yes,no,random2
F06914,F05859,html,4,no,yes,yes,random2
F06916,api,api,2,no,yes,no,random2
F06917,F12712,api,3,no,yes,no,derivative1
F06918,F13119,api,3,no,yes,no,engine_webkit
F06919,css,css,3,no,yes,no,source1
F06920,http,http,3,yes,yes,no,derivative1
F06922,F16186,javascript,4,yes,yes,no,source1
F06923,F04724,svg,4,no,yes,yes,derivative1
F06924,F05840,api,3,yes,yes,no,random2
F06925,F15068,api,4,yes,yes,no,engine_webkit
F06926,F06089,css,4,no,yes,no,engine_webkit
F06927,F16497,svg,4,no,yes,no,source1
F06928,F13504,html,4,no,no,yes,lineage_pair
F06929,F16714,css,4,no,yes,no,engine_webkit
F06930,F03902,api,3,no,yes,no,derivative1
F06931,F09560,css,4,no,yes,no,derivative1
F06932,F05640,api,3,no,yes,no,lineage_pair
F06933,F15458,javascript,5,no,yes,no,source1
F06935,F03072,javascript,4,no,yes,no,source1
F06937,F08214,api,3,no,yes,no,source1
F06938,F01215,api,4,no,yes,no,source1
F06939,F01837,svg,4,no,yes,no,lineage_pair
F06940,F05242,api,3,no,yes,no,derivative1
F06941,F11535,css,5,yes,yes,no,engine_webkit
F06942,F16186,javascript,4,no,yes,no,lineage_pair
F06944,F02009,css,4,no,yes,yes,derivative1
F06945,F13316,css,4,no,yes,no,source1
F06946,F00480,api,4,no,yes,no,source1
F06947,F08497,api,3,no,no,yes,lineage_pair
F06948,F11946,api,3,no,yes,no,engine_webkit
F06949,F07659,css,4,no,yes,no,source1
F06950,F15666,css,4,no,yes,no,lineage_pair
F06951,F09875,api,3,no,yes,no,derivative1
F06952,F13574,css,4,no,yes,no,random2
F06953,http,http,3,no,no,no,random2
F06954,F08689,api,3,no,yes,yes,derivative1
F06957,F11914,api,4,yes,no,no,engine_webkit
F06958,F05001,css,4,no,yes,no,engine_webkit
F06959,F16497,svg,4,no,yes,no,derivative1
F06960,api,api,2,yes,yes,no,random2
F06961,F06766,webdriver,5,no,yes,no,random2
F06964,F04957,api,3,no,yes,no,derivative1
F06965,F18491,api,3,no,yes,no,random2
F06967,F17344,css,4,no,yes,no,random2
F06968,F06108,api,3,no,yes,no,derivative1
F06969,F05752,api,3,yes,yes,no,source1
F06970,F10079,api,3,no,yes,no,engine_webkit
F06972,F00236,api,3,no,no,yes,derivative1
F06973,F13160,api,3,yes,yes,no,random2
F06974,F09037,api,3,no,yes,no,source1
F06976,F03205,api,3,yes,yes,no,lineage_pair
F06978,F03495,api,3,no,yes,no,derivative1
F06979,api,api,2,no,yes,no,source1
F06980,F01089,api,3,no,yes,no,derivative1
F06981,F01571,api,4,yes,yes,no,engine_webkit
F06984,F13725,api,3,no,yes,no,source1
F06985,F16052,webdriver,4,no,yes,no,source1
F06986,css,css,3,no,yes,no,derivative1
F06987,F12095,api,4,no,yes,no,lineage_pair
F06988,F10647,webdriver,5,no,yes,no,lineage_pair
F06989,F03435,api,3,no,yes,no,lineage_pair
F06990,F01708,javascript,4,no,yes,no,random2
F06991,F08749,api,3,no,yes,no,lineage_pair
F06992,F17879,api,3,no,yes,no,derivative1
F06993,F05001,css,4,no,yes,no,lineage_pair
F06995,F16028,css,4,no,yes,no,source1
F06998,F00665,api,4,no,yes,no,engine_webkit
F07000,F09900,api,3,no,yes,yes,source1
F07001,F00478,webdriver,5,no,yes,no,derivative1
F07003,api,api,2,no,yes,no,source1
F07004,F04183,api,3,no,yes,no,source1
F07006,F18491,api,3,no,yes,no,lineage_pair
F07007,F02519,api,3,no,yes,no,lineage_pair
F07008,F18471,api,3,no,yes,no,lineage_pair
F07009,F07214,api,3,no,yes,no,engine_webkit
F07010,F18491,api,3,no,yes,no,derivative1
F07011,F08790,html,4,no,yes,yes,source1
F07013,F01448,css,4,no,yes,no,lineage_pair
F07014,F17545,css,4,no,yes,no,lineage_pair
F07015,F17052,api,3,no,yes,no,engine_webkit
F07017,F14993,api,3,no,yes,no,random2
F07018,F12321,api,3,yes,yes,no,lineage_pair
F07019,F16040,api,3,no,yes,no,source1
F07020,F14865,html,4,no,yes,no,source1
F07022,F16108,api,3,no,yes,no,random2
F07023,F08843,api,3,no,no,yes,source1
F07024,F04724,svg,4,no,yes,no,source1
F07026,F12185,css,4,yes,yes,no,random2
F07028,F09122,css,4,no,yes,no,source1
F07029,svg,svg,3,no,yes,no,random2
F07030,F14910,css,4,yes,yes,no,derivative1
F07033,F00663,api,3,no,yes,no,lineage_pair
F07034,F17211,api,3,no,yes,no,engine_webkit
F07036,css,css,3,no,yes,no,random2
F07037,F14739,api,3,no,no,yes,derivative1
F07039,api,api,2,no,yes,no,derivative1
F07040,F03392,api,3,no,yes,no,random2
F07043,F11259,api,3,no,yes,no,engine_webkit
F07044,F06871,api,4,no,yes,no,derivative1
F07048,F05193,css,4,no,yes,no,lineage_pair
F07050,F14887,api,3,yes,yes,no,lineage_pair
F07051,F18491,api,3,no,yes,no,lineage_pair
F07052,F07595,api,3,no,yes,no,lineage_pair
F07053,F09200,api,3,yes,yes,no,derivative1
F07054,http,http,3,no,yes,no,random2
F07058,F16980,api,3,no,yes,no,random2
F07059,F03198,api,3,no,yes,no,engine_webkit
F07060,F11438,api,3,no,yes,no,random2
F07061,F06153,api,4,no,yes,no,engine_webkit
F07062,F14252,api,3,no,yes,no,derivative1
F07063,F17989,api,3,no,yes,no,random2
F07065,F11617,api,3,yes,no,no,engine_webkit
F07066,F05404,css,4,no,yes,no,lineage_pair
F07067,F10709,html,5,no,yes,no,lineage_pair
F07069,F16108,api,3,yes,yes,no,engine_webkit
F07070,F05954,api,4,no,yes,no,random2
F07071,F11535,css,5,no,yes,no,lineage_pair
F07074,F07088,http,5,no,yes,no,engine_webkit
F07077,F02967,api,3,no,yes,no,lineage_pair
F07078,F09875,api,3,no,yes,no,source1
F07079,F14887,api,3,yes,yes,no,lineage_pair
F07080,F13112,css,4,no,yes,no,derivative1
F07081,F14319,javascript,5,no,yes,no,engine_webkit
F07082,F07595,api,3,no,yes,no,derivative1
F07083,F03591,api,4,no,yes,no,source1
F07084,F12734,api,5,yes,yes,no,derivative1
F07085,F10583,api,3,no,yes,no,engine_webkit
F07086,F02519,api,3,no,yes,no,source1
F07088,F18314,http,4,no,yes,no,derivative1
F07089,api,api,2,no,yes,no,source1
F07090,F13112,css,4,no,yes,no,source1
F07091,F11593,api,3,no,yes,no,source1
F07092,api,api,2,no,yes,no,lineage_pair
F07094,F16108,api,3,no,yes,no,derivative1
F07095,F09313,api,3,no,yes,no,random2
F07096,F03020,css,4,no,yes,no,lineage_pair
F07097,F08594,api,3,no,yes,no,derivative1
F07098,F13507,api,3,no,yes,no,random2
F07099,F09667,svg,4,no,yes,no,random2
F07100,F18491,api,3,no,yes,no,lineage_pair
F07101,F00142,api,3,no,yes,no,lineage_pair
F07102,F15017,javascript,4,no,yes,no,source1
F07103,F09208,api,3,no,yes,no,source1
F07105,css,css,3,yes,yes,no,lineage_pair
F07106,svg,svg,3,no,yes,no,source1
F07108,F05834,css,4,no,yes,no,source1
F07109,F06386,api,3,no,yes,no,derivative1
F07111,F18450,api,3,no,yes,no,source1
F07112,F13579,html,4,no,yes,no,source1
F07113,F00082,html,4,no,no,yes,lineage_pair
F07115,F11543,css,4,no,yes,no,lineage_pair
F07116,F05131,api,3,no,yes,no,derivative1
F07117,F17212,api,3,no,yes,no,engine_webkit
F07119,api,api,2,no,yes,no,lineage_pair
F07120,F11565,http,4,no,no,yes,lineage_pair
F07122,F06861,api,3,no,yes,no,derivative1
F07123,css,css,3,yes,yes,no,lineage_pair
F07124,F07581,html,5,no,yes,no,lineage_pair
F07125,webdriver,webdriver,3,no,yes,no,engine_webkit
F07126,F17198,api,3,no,yes,no,derivative1
F07127,F04634,api,3,yes,yes,no,derivative1
F07128,F08843,api,3,no,yes,no,random2
F07129,F08214,api,3,no,yes,no,random2
F07130,F09996,api,3,no,yes,no,engine_webkit
F07131,F15666,css,4,no,yes,no,engine_webkit
F07132,css,css,3,no,yes,no,random2
F07134,F12982,api,3,yes,yes,no,engine_webkit
F07136,F07902,api,3,no,yes,no,source1
F07137,F08242,api,3,yes,yes,no,derivative1
F07139,F10737,css,4,yes,yes,no,lineage_pair
F07140,F00298,javascript,4,no,yes,no,engine_webkit
F07141,F01003,css,4,yes,yes,no,engine_webkit
F07142,F15458,javascript,5,no,yes,no,source1
F07143,F06908,webdriver,5,yes,yes,no,engine_webkit
F07144,F13112,css,4,no,yes,no,random2
F07145,F07349,api,4,no,no,no,source1
F07146,F04069,api,3,no,yes,no,engine_webkit
F07147,F12245,api,3,yes,yes,no,random2
F07148,F00236,api,3,no,yes,no,source1
F07151,javascript,javascript,3,no,yes,no,derivative1
F07152,F03926,api,4,no,yes,no,random2
F07154,css,css,3,no,yes,no,engine_webkit
F07155,F11694,api,3,no,yes,no,derivative1
F07156,F05384,api,3,no,yes,no,source1
F07157,F04760,api,3,no,yes,no,source1
F07159,F03766,api,3,yes,yes,no,source1
F07160,F04792,api,3,no,yes,no,lineage_pair
F07161,F10026,api,3,yes,yes,no,engine_webkit
F07162,F10487,svg,4,no,yes,no,source1
F07163,F12600,api,3,no,yes,no,source1
F07164,F04376,api,3,no,yes,no,random2
F07165,F06410,css,4,no,yes,no,engine_webkit
F07166,F14823,css,4,no,yes,no,source1
F07167,F13195,css,4,yes,yes,no,source1
F07169,api,api,2,no,yes,no,random2
F07170,css,css,3,no,yes,no,derivative1
F07171,F02269,css,4,no,yes,no,derivative1
F07172,F13574,css,4,no,no,no,random2
F07173,F03268,css,4,no,yes,no,lineage_pair
F07174,F13941,webdriver,4,yes,yes,no,derivative1
F07175,F13160,api,3,yes,yes,no,derivative1
F07176,api,api,2,no,yes,no,engine_webkit
F07178,F00246,javascript,4,no,yes,no,random2
F07179,javascript,javascript,3,no,yes,no,lineage_pair
F07180,F00142,api,3,no,yes,no,derivative1
F07181,F00062,webdriver,5,no,no,no,engine_webkit
F07184,api,api,2,no,yes,no,derivative1
F07187,F10199,api,3,no,yes,no,engine_webkit
F07188,F04612,api,3,no,yes,no,lineage_pair
F07189,F02037,webdriver,5,no,yes,no,source1
F07190,api,api,2,no,yes,no,engine_webkit
F07191,F04821,css,4,no,yes,no,random2
F07192,F01922,api,3,no,yes,no,engine_webkit
F07194,F10036,api,4,no,yes,no,lineage_pair
F07195,F11394,css,4,yes,yes,no,derivative1
F07196,F13574,css,4,no,yes,no,random2
F07198,api,api,2,yes,yes,no,derivative1
F07199,css,css,3,no,no,no,source1
F07200,F14842,api,3,no,yes,no,engine_webkit
F07202,F13725,api,3,no,yes,no,derivative1
F07204,F04521,api,3,no,yes,no,lineage_pair
F07205,F02632,api,3,yes,no,no,source1
F07207,F08970,css,4,no,yes,no,engine_webkit
F07208,F16392,css,4,no,yes,no,engine_webkit
F07209,api,api,2,no,yes,no,derivative1
F07210,F13601,javascript,4,no,yes,no,random2
F07211,F17881,api,3,no,yes,no,random2
F07213,javascript,javascript,3,no,yes,no,source1
F07214,api,api,2,no,yes,no,source1
F07215,F07595,api,3,no,yes,no,random2
F07216,F13725,api,3,no,yes,no,engine_webkit
F07218,F13865,api,3,no,yes,no,source1
F07219,F02611,api,3,no,yes,no,random2
F07220,F07595,api,3,no,yes,no,random2
F07222,F18450,api,3,no,yes,no,random2
F07223,F18491,api,3,no,yes,no,lineage_pair
F07225,F16275,http,4,yes,yes,no,random2
F07227,F10181,css,4,no,yes,no,lineage_pair
F07228,api,api,2,no,yes,no,random2
F07229,F00794,api,4,no,yes,no,lineage_pair
F07230,F17507,svg,4,no,yes,no,derivative1
F07231,css,css,3,no,yes,no,derivative1
F07233,F04415,css,4,no,yes,no,derivative1
F07234,api,api,2,no,yes,no,random2
F07235,F15316,css,4,yes,yes,no,lineage_pair
F07236,F02073,css,4,yes,yes,no,lineage_pair
F07237,F08731,api,3,no,yes,no,engine_webkit
F07238,F14571,api,3,no,yes,no,engine_webkit
F07239,F03077,css,4,no,yes,no,source1
F07241,F17283,html,4,no,yes,no,source1
F07244,F17699,api,4,no,yes,no,random2
F07245,F00239,css,4,yes,yes,no,source1
F07246,css,css,3,yes,yes,no,lineage_pair
F07247,F08632,api,3,no,yes,no,engine_webkit
F07248,svg,svg,3,no,yes,no,source1
F07249,F18171,javascript,4,no,yes,no,derivative1
F07250,F13159,api,3,no,yes,no,lineage_pair
F07252,F12461,css,4,no,yes,no,derivative1
F07253,css,css,3,no,yes,no,lineage_pair
F07254,F10746,api,3,yes,yes,no,random2
F07256,F14125,api,3,no,yes,no,lineage_pair
F07258,F09881,api,3,no,yes,no,engine_webkit
F07259,F05010,css,4,no,yes,no,derivative1
F07261,F02429,api,3,yes,yes,no,derivative1
F07264,F14505,javascript,5,no,yes,no,derivative1
F07265,F04065,css,4,no,yes,no,source1
F07266,F07874,api,3,no,yes,no,lineage_pair
F07267,F18491,api,3,no,yes,no,random2
F07268,F03812,css,4,no,yes,no,lineage_pair
F07269,css,css,3,no,yes,no,lineage_pair
F07271,F12680,api,3,no,yes,no,source1
F07273,F06358,css,4,no,yes,no,lineage_pair
F07274,html,html,3,no,yes,no,engine_webkit
F07276,F17194,api,3,no,yes,yes,source1
F07277,F14039,api,4,no,yes,no,derivative1
F07279,F15206,css,4,no,yes,no,engine_webkit
F07281,F10914,css,4,no,yes,no,lineage_pair
F07282,F06861,api,3,no,yes,no,random2
F07284,api,api,2,no,yes,no,random2
F07285,F04737,api,4,no,yes,no,derivative1
F07286,F18001,api,3,no,yes,no,engine_webkit
F07287,F04521,api,3,no,yes,no,lineage_pair
F07288,F09667,svg,4,no,yes,no,derivative1
F07289,F12748,api,4,no,yes,no,random2
F07291,F07707,css,4,no,yes,no,random2
F07293,F06238,webdriver,5,no,yes,no,random2
F07294,F04026,api,3,no,yes,no,derivative1
F07296,F13725,api,3,no,yes,no,derivative1
F07297,F15754,css,4,no,yes,no,derivative1
F07298,F09416,api,3,no,yes,no,source1
F07299,F07915,svg,4,no,yes,no,engine_webkit
F07300,F14026,css,4,no,yes,no,source1
F07302,F02670,api,3,yes,yes,no,lineage_pair
F07303,F15011,api,4,no,yes,no,source1
F07304,api,api,2,yes,yes,no,derivative1
F07305,F04919,css,5,no,no,no,engine_webkit
F07306,F12525,html,6,no,yes,no,lineage_pair
F07307,F14710,css,4,no,yes,no,source1
F07308,F16507,css,4,no,yes,no,lineage_pair
F07309,html,html,3,no,yes,yes,engine_webkit
F07310,F16541,api,3,no,yes,no,lineage_pair
F07311,F00777,api,3,no,yes,no,derivative1
F07313,F05690,http,4,no,yes,no,derivative1
F07314,F14954,api,3,no,yes,no,derivative1
F07316,F04040,css,4,no,yes,no,source1
F07317,F09504,api,3,no,yes,no,lineage_pair
F07319,F05834,css,4,no,yes,no,source1
F07320,F15654,javascript,5,no,yes,no,engine_webkit
F07321,svg,svg,3,no,yes,no,random2
F07322,F01350,html,4,no,no,yes,lineage_pair
F07323,F07396,api,3,yes,yes,no,engine_webkit
F07324,F08373,api,3,yes,yes,no,lineage_pair
F07326,F14507,api,3,no,yes,no,random2
F07327,css,css,3,no,yes,no,source1
F07329,F11226,api,3,no,yes,no,engine_webkit
F07330,F01150,javascript,4,no,yes,no,engine_webkit
F07332,F17927,api,3,yes,yes,no,source1
F07333,F15707,api,3,no,yes,no,engine_webkit
F07334,F04069,api,3,no,yes,no,source1
F07335,F17342,css,4,no,yes,no,derivative1
F07336,F01370,api,3,no,yes,yes,lineage_pair
F07337,api,api,2,no,yes,no,lineage_pair
F07339,F17286,html,4,no,yes,no,engine_webkit
F07341,F07151,javascript,4,no,yes,no,lineage_pair
F07342,javascript,javascript,3,no,yes,no,lineage_pair
F07343,F00557,api,3,no,yes,no,derivative1
F07344,F18491,api,3,no,yes,no,derivative1
F07346,F03766,api,3,yes,yes,no,derivative1
F07347,F04069,api,3,no,yes,no,source1
F07348,F04315,api,3,yes,yes,no,random2
F07349,F17989,api,3,no,no,no,random2
F07350,F09011,css,4,no,no,yes,source1
F07352,F03018,api,3,no,yes,no,source1
F07353,css,css,3,no,yes,no,engine_webkit
F07354,F15239,api,3,no,yes,no,engine_webkit
F07355,F08237,api,3,no,yes,no,engine_webkit
F07356,api,api,2,no,yes,no,random2
F07357,F14702,css,4,yes,yes,no,source1
F07358,F15348,api,3,no,yes,no,random2
F07359,F17260,svg,4,no,yes,no,random2
F07360,F02449,api,3,no,yes,no,derivative1
F07361,F17989,api,3,no,yes,no,random2
F07362,F18491,api,3,no,yes,no,lineage_pair
F07363,api,api,2,no,no,yes,lineage_pair
F07364,F13574,css,4,no,yes,no,derivative1
F07365,F16654,css,4,yes,yes,no,source1
F07366,F09411,api,3,no,yes,no,source1
F07367,F08336,javascript,5,no,yes,no,derivative1
F07368,F07595,api,3,no,yes,no,source1
F07369,F10726,css,4,no,yes,no,lineage_pair
F07371,F15754,css,4,no,yes,no,derivative1
F07373,F03180,api,3,no,yes,no,engine_webkit
F07375,F02967,api,3,no,yes,no,engine_webkit
F07376,F12322,svg,4,no,yes,no,source1
F07377,css,css,3,no,yes,no,random2
F07378,api,api,2,no,yes,no,lineage_pair
F07379,F12881,css,4,no,yes,no,engine_webkit
F07380,F15168,api,3,no,yes,no,random2
F07382,F15054,svg,4,no,yes,no,random2
F07383,F07284,api,3,no,yes,no,engine_webkit
F07384,F15752,api,3,no,yes,no,engine_webkit
F07386,F16251,api,3,no,yes,no,derivative1
F07387,F12923,api,3,no,yes,no,source1
F07389,F08589,api,3,yes,yes,no,lineage_pair
F07390,http,http,3,no,yes,no,engine_webkit
F07391,F17269,api,3,yes,yes,no,derivative1
F07392,F06409,css,4,no,yes,no,derivative1
F07393,F18370,css,4,no,yes,no,source1
F07394,F17699,api,4,no,yes,no,engine_webkit
F07395,api,api,2,yes,yes,no,random2
F07396,api,api,2,yes,yes,no,engine_webkit
F07397,F03563,api,3,no,yes,no,derivative1
F07398,F17111,javascript,5,no,yes,no,source1
F07399,F15049,api,3,no,no,yes,random2
F07400,F11395,api,3,no,yes,no,lineage_pair
F07401,F14903,api,3,no,yes,no,source1
F07402,F06877,webdriver,5,no,yes,no,source1
F07403,api,api,2,no,yes,no,source1
F07405,F01650,api,3,no,yes,no,derivative1
F07406,F15296,html,4,no,yes,no,random2
F07407,F12321,api,3,yes,yes,no,derivative1
F07408,svg,svg,3,no,yes,no,random2
F07409,F12600,api,3,no,yes,no,lineage_pair
F07410,F09019,api,3,no,yes,no,engine_webkit
F07412,F03867,api,3,no,yes,no,source1
F07413,F05352,api,3,no,yes,yes,source1
F07414,F17344,css,4,no,yes,no,lineage_pair
F07415,webdriver,webdriver,3,no,yes,no,source1
F07417,F12321,api,3,yes,yes,no,derivative1
F07418,F18219,css,4,no,yes,no,lineage_pair
F07420,F06990,javascript,5,no,yes,no,engine_webkit
F07421,F13316,css,4,no,yes,no,source1
F07423,F02221,css,4,yes,yes,no,source1
F07424,F17344,css,4,yes,yes,no,source1
F07425,F17765,html,4,no,yes,no,derivative1
F07428,svg,svg,3,no,yes,no,lineage_pair
F07430,F08727,api,3,no,yes,no,source1
F07431,F02089,api,3,no,yes,no,engine_webkit
F07433,F01178,css,4,no,yes,no,lineage_pair
F07434,F13681,api,3,no,yes,no,engine_webkit
F07435,F09945,api,3,no,yes,no,random2
F07436,F02931,javascript,5,no,yes,no,lineage_pair
F07438,F00794,api,4,no,yes,no,engine_webkit
F07440,api,api,2,no,yes,no,random2
F07441,F16270,api,3,no,yes,no,lineage_pair
F07442,F08242,api,3,yes,yes,no,engine_webkit
F07443,F16867,api,3,no,yes,no,derivative1
F07445,F12600,api,3,no,yes,no,source1
F07446,F15707,api,3,no,yes,no,derivative1
F07447,F11065,webdriver,4,no,yes,no,lineage_pair
F07448,F07595,api,3,no,yes,no,derivative1
F07449,css,css,3,no,yes,no,random2
F07450,F15662,api,3,no,yes,no,source1
F07452,F12604,api,3,no,yes,no,engine_webkit
F07453,F11879,css,4,yes,yes,no,source1
F07454,F13725,api,3,no,yes,no,lineage_pair
F07457,F09126,css,4,no,yes,no,source1
F07458,F13893,api,3,no,yes,no,source1
F07460,F09808,css,4,no,yes,no,lineage_pair
F07461,F13865,api,3,no,yes,no,derivative1
F07462,F09938,api,3,no,yes,no,source1
F07463,F17111,javascript,5,no,yes,no,derivative1
F07464,F07198,api,3,yes,yes,no,random2
F07465,F04521,api,3,no,yes,no,source1
F07466,F11506,api,3,no,yes,no,source1
F07467,F08275,api,4,no,yes,no,random2
F07468,F01151,api,3,no,yes,no,random2
F07469,api,api,2,no,yes,no,engine_webkit
F07470,F07441,api,4,yes,yes,no,derivative1
F07471,F03457,css,4,no,yes,no,engine_webkit
F07472,F04521,api,3,no,yes,no,derivative1
F07473,F01150,javascript,4,no,yes,no,engine_webkit
F07474,F13594,api,3,no,yes,no,random2
F07475,css,css,3,no,no,no,engine_webkit
F07476,F08377,api,3,no,yes,no,lineage_pair
F07477,F11565,http,4,no,no,yes,lineage_pair
F07478,F11565,http,4,no,no,yes,lineage_pair
F07479,F04864,api,3,no,yes,no,derivative1
F07482,F08384,api,3,no,no,yes,derivative1
F07483,F12321,api,3,yes,yes,no,source1
F07485,F08715,http,5,no,yes,no,random2
F07486,F13405,svg,5,no,yes,no,random2
F07487,F05247,api,4,no,yes,no,lineage_pair
F07488,F07342,javascript,4,no,yes,no,source1
F07489,F01922,api,3,no,yes,no,random2
F07491,F12923,api,3,no,yes,no,random2
F07492,css,css,3,no,yes,no,lineage_pair
F07494,F04521,api,3,no,yes,no,random2
F07495,F09853,html,5,yes,yes,no,engine_webkit
F07496,webdriver,webdriver,3,no,yes,no,source1
F07497,F17111,javascript,5,no,yes,no,lineage_pair
F07499,F03563,api,3,no,yes,no,source1
F07500,F06893,api,3,no,yes,no,derivative1
F07501,F07712,html,4,no,no,yes,derivative1
F07502,F14115,api,3,no,no,yes,lineage_pair
F07503,F01955,api,3,no,yes,no,engine_webkit
F07504,F02731,javascript,4,no,yes,no,random2
F07506,F13980,css,4,yes,no,no,engine_webkit
F07507,F13574,css,4,no,yes,no,source1
F07508,F15423,api,4,no,no,no,random2
F07509,F12245,api,3,yes,yes,no,random2
F07512,F05242,api,3,no,yes,no,random2
F07513,F12115,css,4,no,yes,no,engine_webkit
F07514,javascript,javascript,3,no,yes,no,random2
F07516,F04444,api,3,no,yes,no,source1
F07517,F15017,javascript,4,no,yes,yes,source1
F07518,F18386,css,4,no,yes,no,lineage_pair
F07519,F03449,javascript,4,no,yes,no,lineage_pair
F07520,F09900,api,3,no,yes,yes,lineage_pair
F07521,F04780,api,3,yes,yes,no,derivative1
F07522,F18491,api,3,no,yes,no,derivative1
F07524,F08589,api,3,yes,yes,no,source1
F07525,F00665,api,4,no,yes,no,engine_webkit
F07526,F01552,css,4,yes,yes,no,source1
F07527,F11395,api,3,yes,no,no,random2
F07528,css,css,3,no,yes,no,random2
F07529,api,api,2,no,yes,no,lineage_pair
F07530,css,css,3,no,yes,no,engine_webkit
F07531,F01178,css,4,no,yes,no,lineage_pair
F07533,F04957,api,3,no,yes,no,random2
F07534,F06315,webdriver,5,no,yes,no,lineage_pair
F07535,F16108,api,3,no,yes,no,lineage_pair
F07537,F07595,api,3,no,yes,no,random2
F07538,F09096,svg,4,no,yes,no,derivative1
F07539,F15654,javascript,5,no,yes,no,lineage_pair
F07540,F04699,javascript,5,no,yes,no,engine_webkit
F07541,F18427,api,3,no,yes,no,engine_webkit
F07542,svg,svg,3,no,yes,no,derivative1
F07543,css,css,3,no,yes,no,source1
F07544,F02020,css,4,yes,yes,no,source1
F07545,F15433,css,4,no,yes,no,engine_webkit
F07547,api,api,2,no,yes,no,source1
F07548,F15017,javascript,4,no,yes,no,random2
F07551,F09218,api,4,no,yes,no,engine_webkit
F07552,F18220,css,4,no,yes,no,random2
F07553,F05851,html,4,no,yes,no,derivative1
F07554,F16507,css,4,no,yes,no,engine_webkit
F07555,F08599,svg,4,no,yes,no,random2
F07556,F00015,api,4,no,yes,no,source1
F07558,css,css,3,yes,yes,no,source1
F07559,F06437,api,5,yes,yes,no,random2
F07560,F11009,api,3,no,yes,no,random2
F07562,F01878,api,3,no,yes,no,engine_webkit
F07563,api,api,2,no,no,yes,derivative1
F07564,F09938,api,3,no,no,no,lineage_pair
F07568,F04917,javascript,4,no,yes,no,derivative1
F07569,html,html,3,no,yes,no,random2
F07570,F16090,api,3,no,yes,no,lineage_pair
F07571,F10737,css,4,yes,yes,no,source1
F07572,F01923,api,3,no,yes,no,random2
F07573,F01178,css,4,no,yes,no,source1
F07574,F10341,css,4,no,yes,no,source1
F07575,F03198,api,3,no,yes,no,random2
F07576,F05617,api,3,no,yes,no,lineage_pair
F07577,F09122,css,4,no,yes,no,random2
F07578,javascript,javascript,3,no,yes,no,engine_webkit
F07579,F12321,api,3,yes,yes,no,derivative1
F07581,F13579,html,4,no,yes,no,engine_webkit
F07582,css,css,3,no,yes,no,source1
F07583,F12150,api,3,yes,yes,no,source1
F07584,F03319,api,3,no,yes,no,random2
F07585,F09853,html,5,no,yes,no,derivative1
F07586,F14903,api,3,no,yes,no,lineage_pair
F07587,api,api,2,no,no,yes,random2
F07588,F18491,api,3,no,yes,no,derivative1
F07589,api,api,2,no,yes,no,lineage_pair
F07590,F07344,api,4,no,yes,no,source1
F07591,F02846,api,3,no,no,no,source1
F07592,F13375,css,5,no,no,yes,lineage_pair
F07594,F06108,api,3,no,yes,no,derivative1
F07595,api,api,2,no,yes,no,lineage_pair
F07596,F04521,api,3,no,yes,no,lineage_pair
F07597,F06386,api,3,no,yes,no,lineage_pair
F07598,F13506,api,3,no,yes,no,source1
F07600,F15706,css,4,no,yes,no,derivative1
F07602,F12881,css,4,no,yes,no,lineage_pair
F07603,F05131,api,3,no,yes,no,lineage_pair
F07604,F13574,css,4,no,no,no,lineage_pair
F07605,F13316,css,4,no,yes,no,random2
F07607,F00708,javascript,5,no,yes,no,source1
F07608,F11062,api,3,no,no,yes,derivative1
F07610,api,api,2,no,yes,no,derivative1
F07611,F01701,css,4,no,yes,no,source1
F07612,F16385,css,4,yes,yes,no,engine_webkit
F07613,F17111,javascript,5,no,yes,no,random2
F07614,F06861,api,3,no,yes,no,lineage_pair
F07615,F13261,css,4,no,yes,no,source1
F07616,F12184,api,3,no,yes,yes,lineage_pair
F07617,F05617,api,3,no,yes,no,derivative1
F07618,F09208,api,3,no,yes,no,source1
F07619,F12185,css,4,yes,yes,no,random2
F07620,F11395,api,3,no,yes,no,source1
F07621,css,css,3,no,yes,no,source1
F07622,F07860,css,4,yes,yes,no,random2
F07624,F05352,api,3,no,yes,yes,random2
F07625,F05690,http,4,no,yes,no,engine_webkit
F07626,F03832,api,3,no,yes,no,source1
F07627,F13469,api,3,yes,yes,no,lineage_pair
F07629,F08214,api,3,no,yes,no,engine_webkit
F07630,F06912,api,3,no,yes,no,source1
F07631,F12321,api,3,yes,yes,no,derivative1
F07632,F08823,api,3,yes,yes,no,lineage_pair
F07633,F08843,api,3,no,yes,no,lineage_pair
F07634,F10601,api,3,no,yes,no,source1
F07635,F03648,api,4,no,yes,no,random2
F07636,F05134,javascript,5,no,yes,no,lineage_pair
F07637,F05010,css,4,yes,yes,no,derivative1
F07638,api,api,2,no,yes,no,random2
F07639,F10953,api,3,no,yes,no,random2
F07641,F09667,svg,4,yes,yes,no,derivative1
F07643,F05010,css,4,no,yes,no,random2
F07644,F08594,api,3,no,yes,no,random2
F07645,F18186,api,4,no,yes,no,derivative1
F07647,F07363,api,3,no,no,yes,engine_webkit
F07648,F13884,html,5,no,yes,no,lineage_pair
F07649,F11509,api,4,no,yes,no,random2
F07650,F01564,javascript,4,no,yes,no,random2
F07652,F16227,api,4,yes,yes,no,lineage_pair
F07653,api,api,2,no,yes,no,engine_webkit
F07655,F04823,api,4,yes,yes,no,derivative1
F07656,F14731,api,3,no,yes,no,random2
F07657,http,http,3,no,yes,no,lineage_pair
F07658,F09126,css,4,no,yes,no,source1
F07659,css,css,3,no,yes,no,random2
F07660,F17193,api,3,yes,yes,no,random2
F07661,F17785,css,4,no,yes,no,source1
F07662,F16890,javascript,4,no,yes,no,source1
F07663,F02478,api,4,yes,yes,no,lineage_pair
F07664,F18368,css,4,no,yes,no,random2
F07665,F05764,javascript,4,no,yes,no,derivative1
F07666,F16399,css,4,yes,yes,no,source1
F07667,F05781,api,3,no,yes,yes,random2
F07668,F16507,css,4,no,yes,no,derivative1
F07669,F07449,css,4,no,yes,no,derivative1
F07670,F09938,api,3,yes,yes,no,engine_webkit
F07671,F15279,css,4,yes,yes,no,source1
F07674,F13579,html,4,no,yes,no,engine_webkit
F07675,F13616,html,5,no,yes,no,source1
F07676,F01251,api,3,yes,yes,no,lineage_pair
F07677,F11424,css,4,no,yes,no,lineage_pair
F07678,F16100,webdriver,5,no,yes,no,derivative1
F07679,css,css,3,no,yes,no,lineage_pair
F07681,css,css,3,no,yes,no,source1
F07682,F08843,api,3,no,yes,no,engine_webkit
F07684,F05764,javascript,4,no,yes,no,lineage_pair
F07685,F13743,css,4,yes,yes,no,engine_webkit
F07686,F00505,api,3,no,yes,no,lineage_pair
F07687,F08397,api,3,no,yes,no,lineage_pair
F07688,F04398,api,3,no,yes,no,engine_webkit
F07690,F11586,webdriver,5,no,yes,no,derivative1
F07691,F13753,api,3,no,yes,no,derivative1
F07692,F09574,api,3,no,yes,no,source1
F07693,F18491,api,3,no,yes,no,engine_webkit
F07694,F16090,api,3,no,no,yes,derivative1
F07695,F07337,api,3,yes,no,no,random2
F07696,svg,svg,3,no,yes,no,random2
F07697,css,css,3,yes,yes,no,derivative1
F07698,F18141,api,3,no,yes,yes,random2
F07699,html,html,3,no,yes,no,source1
F07702,F08316,api,3,yes,yes,no,engine_webkit
F07703,F00142,api,3,no,yes,no,source1
F07704,F18473,api,3,yes,yes,no,source1
F07705,F05324,api,5,no,no,yes,derivative1
F07707,css,css,3,no,yes,no,derivative1
F07708,F14529,api,3,no,yes,no,source1
F07709,F04564,css,5,no,yes,no,source1
F07710,F14632,javascript,4,no,yes,no,engine_webkit
F07711,F11021,api,3,no,yes,no,source1
F07712,html,html,3,no,yes,no,random2
F07713,F08731,api,3,no,yes,no,lineage_pair
F07714,F05255,webdriver,5,no,yes,no,random2
F07715,api,api,2,no,yes,no,derivative1
F07716,api,api,2,yes,yes,no,derivative1
F07718,svg,svg,3,no,yes,no,derivative1
F07719,F18491,api,3,no,yes,no,derivative1
F07721,F00071,api,3,no,yes,no,lineage_pair
F07722,F15527,api,3,no,yes,no,lineage_pair
F07723,F08068,api,3,no,yes,no,random2
F07724,F05764,javascript,4,no,yes,no,derivative1
F07725,F08900,css,4,no,yes,no,random2
F07727,F04337,css,5,no,yes,no,engine_webkit
F07728,F14823,css,4,no,yes,no,lineage_pair
F07729,javascript,javascript,3,no,yes,no,random2
F07730,F08214,api,3,no,yes,no,source1
F07731,http,http,3,no,yes,no,lineage_pair
F07732,F05524,javascript,5,no,yes,no,lineage_pair
F07733,F04944,api,3,no,yes,no,source1
F07734,F17971,html,6,yes,yes,no,source1
F07736,F00062,webdriver,5,no,yes,no,random2
F07737,F09122,css,4,yes,yes,no,source1
F07738,javascript,javascript,3,no,yes,no,source1
F07739,F10341,css,4,no,yes,no,engine_webkit
F07740,F08613,api,3,no,yes,no,source1
F07742,F18220,css,4,no,yes,no,derivative1
F07743,F09208,api,3,no,yes,no,engine_webkit
F07744,F15959,api,3,no,yes,no,derivative1
F07745,F12898,css,5,no,yes,no,derivative1
F07747,F17795,webdriver,4,no,yes,no,lineage_pair
F07748,F01251,api,3,yes,yes,no,random2
F07749,F04610,api,3,no,no,yes,random2
F07750,F10181,css,4,no,yes,no,engine_webkit
F07751,F13601,javascript,4,no,yes,no,random2
F07752,html,html,3,no,yes,yes,random2
F07753,F04970,css,4,no,yes,no,source1
F07754,F01878,api,3,no,yes,no,lineage_pair
F07757,F01003,css,4,yes,yes,no,random2
F07758,css,css,3,yes,yes,no,source1
F07762,F01089,api,3,no,yes,no,random2
F07763,webdriver,webdriver,3,no,yes,no,engine_webkit
F07764,F00015,api,4,yes,yes,no,source1
F07765,api,api,2,yes,yes,no,random2
F07767,api,api,2,no,yes,no,random2
F07768,F09261,api,3,yes,yes,no,lineage_pair
F07769,F07344,api,4,no,yes,no,source1
F07770,F13616,html,5,no,yes,no,lineage_pair
F07771,F17286,html,4,no,yes,no,random2
F07773,F01089,api,3,no,yes,no,derivative1
F07774,F09853,html,5,yes,yes,no,random2
F07775,F15003,javascript,4,no,no,no,source1
F07776,F02625,api,3,no,yes,no,random2
F07777,F02037,webdriver,5,yes,yes,no,derivative1
F07778,F16329,api,3,no,yes,yes,lineage_pair
F07780,F14427,api,3,no,yes,no,derivative1
F07781,F01944,api,3,no,yes,yes,lineage_pair
F07782,F02126,html,4,no,yes,no,source1
F07783,F13574,css,4,no,yes,no,engine_webkit
F07784,F08384,api,3,yes,yes,no,lineage_pair
F07785,css,css,3,no,yes,no,lineage_pair
F07786,F05764,javascript,4,no,yes,no,derivative1
F07788,api,api,2,no,yes,no,engine_webkit
F07789,F02783,css,4,no,yes,no,derivative1
F07790,api,api,2,no,yes,no,source1
F07791,F09945,api,3,no,yes,no,derivative1
F07793,F17198,api,3,no,yes,no,engine_webkit
F07794,F08236,api,4,no,no,no,lineage_pair
F07796,F04521,api,3,no,yes,no,engine_webkit
F07797,html,html,3,yes,yes,no,random2
F07799,F00856,css,4,no,yes,no,source1
F07800,F14865,html,4,no,yes,no,lineage_pair
F07802,css,css,3,no,yes,no,source1
F07803,F13159,api,3,no,no,yes,lineage_pair
F07804,css,css,3,no,yes,no,source1
F07805,F10072,api,3,yes,yes,no,random2
F07806,F11062,api,3,no,no,yes,random2
F07807,F17131,css,4,no,yes,no,derivative1
F07809,F03180,api,3,no,yes,no,source1
F07810,F18491,api,3,yes,no,no,derivative1
F07811,F17156,css,4,no,yes,no,random2
F07812,css,css,3,no,yes,no,source1
F07813,F09853,html,5,no,yes,no,derivative1
F07814,F04521,api,3,no,yes,no,lineage_pair
F07815,F17699,api,4,no,yes,no,derivative1
F07816,api,api,2,no,yes,no,derivative1
F07817,F10172,api,3,yes,yes,no,derivative1
F07818,F03161,css,4,no,yes,no,random2
F07819,F00250,api,3,no,yes,no,derivative1
F07821,css,css,3,no,yes,no,lineage_pair
F07824,F10715,javascript,4,no,yes,no,lineage_pair
F07825,F18491,api,3,no,yes,no,random2
F07826,F08843,api,3,no,yes,no,random2
F07827,F05571,api,3,no,yes,no,engine_webkit
F07829,F17274,api,3,no,yes,no,lineage_pair
F07831,F17111,javascript,5,no,yes,no,derivative1
F07832,F16108,api,3,no,yes,no,derivative1
F07833,F09080,api,3,yes,no,no,source1
F07834,F05690,http,4,no,yes,no,engine_webkit
F07836,F07036,css,4,no,yes,no,derivative1
F07837,F02440,api,3,no,yes,no,derivative1
F07838,F17581,css,4,no,yes,no,source1
F07840,F13507,api,3,no,yes,no,random2
F07841,F07595,api,3,no,yes,no,engine_webkit
F07842,html,html,3,no,yes,yes,random2
F07846,F01142,api,3,no,yes,no,derivative1
F07847,F04631,css,4,no,yes,no,source1
F07848,F15675,api,4,no,yes,no,lineage_pair
F07849,F04315,api,3,yes,yes,no,engine_webkit
F07850,F06871,api,4,no,yes,no,lineage_pair
F07853,F08465,api,3,no,yes,no,source1
F07854,F01701,css,4,no,yes,no,derivative1
F07856,F06265,api,3,no,yes,yes,lineage_pair
F07859,F04526,api,3,no,yes,no,source1
F07860,css,css,3,no,yes,no,source1
F07861,F04069,api,3,no,yes,no,engine_webkit
F07863,F03902,api,3,no,yes,no,source1
F07865,F09080,api,3,no,yes,no,derivative1
F07866,F05174,css,4,yes,yes,no,source1
F07867,F04205,api,4,no,yes,no,derivative1
F07868,F07335,css,5,yes,yes,no,engine_webkit
F07869,F18491,api,3,no,yes,no,source1
F07870,F05342,javascript,5,no,yes,no,random2
F07871,F16108,api,3,no,yes,yes,source1
F07873,F05334,api,3,no,yes,no,derivative1
F07874,api,api,2,no,yes,no,derivative1
F07876,F17983,api,3,yes,yes,no,lineage_pair
F07877,javascript,javascript,3,no,yes,no,random2
F07879,F00264,javascript,4,no,yes,no,random2
F07880,F00246,javascript,4,no,yes,no,random2
F07881,F10511,api,3,no,yes,no,lineage_pair
F07882,css,css,3,no,yes,yes,derivative1
F07883,F17649,api,3,no,yes,no,source1
F07884,F03996,api,4,no,yes,no,random2
F07885,F09080,api,3,no,no,yes,derivative1
F07886,F11006,css,4,no,yes,no,random2
F07888,F08384,api,3,no,yes,no,lineage_pair
F07889,F00062,webdriver,5,no,yes,no,engine_webkit
F07890,F12600,api,3,no,yes,no,random2
F07891,F18156,api,4,no,yes,no,derivative1
F07892,F17949,css,4,no,yes,no,engine_webkit
F07893,api,api,2,no,yes,no,source1
F07895,F15273,html,4,no,yes,no,derivative1
F07896,F11395,api,3,no,yes,no,lineage_pair
F07897,F13104,api,3,no,yes,no,lineage_pair
F07898,F09938,api,3,no,yes,no,random2
F07899,F09498,api,3,no,yes,no,engine_webkit
F07900,F05585,api,3,no,yes,no,engine_webkit
F07901,F15577,html,4,yes,no,no,source1
F07902,api,api,2,no,yes,no,lineage_pair
F07903,css,css,3,no,yes,no,derivative1
F07904,F13865,api,3,yes,yes,no,random2
F07905,css,css,3,no,no,no,random2
F07906,F01593,javascript,4,no,yes,no,source1
F07907,http,http,3,no,yes,no,source1
F07908,F09938,api,3,no,yes,no,engine_webkit
F07911,F09670,webdriver,5,no,yes,no,lineage_pair
F07912,F05486,api,3,no,yes,no,lineage_pair
F07914,F15944,api,4,yes,yes,no,derivative1
F07915,svg,svg,3,no,yes,no,derivative1
F07916,F09200,api,3,yes,yes,no,lineage_pair
F07917,api,api,2,no,yes,no,random2
F07918,api,api,2,yes,yes,no,engine_webkit
F07919,F13395,api,3,yes,yes,no,derivative1
F07921,javascript,javascript,3,no,yes,no,derivative1
F07922,F08632,api,3,no,yes,no,derivative1
F07923,F07595,api,3,yes,yes,no,lineage_pair
F07924,F15882,api,3,no,yes,no,derivative1
F07925,F00613,api,3,no,yes,no,source1
F07926,F12621,css,4,no,yes,no,random2
F07928,css,css,3,no,yes,no,lineage_pair
F07929,http,http,3,no,no,yes,lineage_pair
F07931,F14421,css,4,no,yes,no,lineage_pair
F07933,F14710,css,4,no,yes,no,derivative1
F07934,F17250,api,3,no,yes,no,random2
F07935,F09876,api,3,no,yes,no,lineage_pair
F07936,F11683,api,3,no,yes,no,random2
F07937,F05752,api,3,no,yes,no,engine_webkit
F07938,F15522,api,3,no,yes,no,derivative1
F07939,F04069,api,3,no,yes,no,derivative1
F07940,F01139,api,3,yes,yes,no,source1
F07941,F15094,css,4,no,yes,no,random2
F07942,F13159,api,3,yes,yes,no,source1
F07943,F15017,javascript,4,no,yes,no,lineage_pair
F07946,F09158,api,3,no,yes,no,lineage_pair
F07947,F14227,html,5,no,yes,no,engine_webkit
F07949,F08242,api,3,yes,yes,no,lineage_pair
F07950,F00459,webdriver,6,no,yes,no,derivative1
F07951,html,html,3,no,yes,no,random2
F07952,F11415,css,4,no,yes,no,derivative1
F07953,F14650,api,5,no,yes,no,lineage_pair
F07954,F15984,api,3,yes,yes,no,engine_webkit
F07955,F12982,api,3,yes,yes,no,random2
F07956,F01837,svg,4,no,yes,no,derivative1
F07957,F06697,api,3,no,yes,no,source1
F07959,F13063,api,4,no,yes,no,lineage_pair
F07962,F01540,css,4,no,yes,no,random2
F07963,F03832,api,3,no,yes,no,source1
F07964,api,api,2,no,yes,no,random2
F07965,F01701,css,4,no,yes,no,source1
F07966,F09080,api,3,no,yes,no,source1
F07968,F16698,webdriver,5,no,no,no,engine_webkit
F07971,api,api,2,no,yes,no,derivative1
F07972,F06161,api,3,no,yes,no,derivative1
F07973,F09173,api,4,no,no,no,lineage_pair
F07974,api,api,2,yes,yes,no,source1
F07976,F16523,api,3,no,yes,no,source1
F07978,F15458,javascript,5,no,yes,no,random2
F07979,F12276,javascript,4,no,yes,no,derivative1
F07980,F03072,javascript,4,no,yes,no,source1
F07982,F03180,api,3,no,yes,no,engine_webkit
F07983,F13995,css,4,no,yes,no,source1
F07986,F12598,html,4,no,yes,no,source1
F07988,api,api,2,no,yes,no,derivative1
F07989,css,css,3,no,no,no,derivative1
F07990,F09143,api,3,no,yes,no,source1
F07991,F17507,svg,4,no,yes,yes,source1
F07992,F12185,css,4,yes,yes,no,derivative1
F07995,F04392,css,4,no,yes,no,engine_webkit
F07996,F02429,api,3,yes,no,no,derivative1
F07997,F12791,webdriver,5,no,yes,no,engine_webkit
F07998,F04988,api,3,yes,yes,no,derivative1
F07999,F14201,api,4,no,yes,no,lineage_pair
F08000,F07595,api,3,no,yes,no,random2
F08002,F04780,api,3,no,yes,no,derivative1
F08003,F08020,api,3,no,yes,no,engine_webkit
F08004,F14865,html,4,no,yes,no,derivative1
F08005,F01049,api,3,no,yes,no,lineage_pair
F08006,api,api,2,no,yes,no,engine_webkit
F08007,F18066,css,4,no,yes,no,random2
F08008,F10855,api,3,no,yes,no,lineage_pair
F08010,F08843,api,3,no,no,no,lineage_pair
F08012,html,html,3,no,yes,no,source1
F08013,F12184,api,3,no,yes,yes,random2
F08014,F04521,api,3,no,yes,no,random2
F08015,F14427,api,3,no,yes,no,source1
F08016,F03902,api,3,no,yes,no,derivative1
F08018,css,css,3,no,no,yes,source1
F08019,F13893,api,3,yes,no,no,derivative1
F08020,api,api,2,no,yes,no,derivative1
F08021,F08384,api,3,no,no,yes,source1
F08022,F17628,svg,4,no,yes,no,random2
F08023,F11133,api,3,no,yes,no,lineage_pair
F08024,F14865,html,4,no,yes,no,source1
F08025,F03557,javascript,4,no,yes,yes,source1
F08028,F13579,html,4,no,yes,no,random2
F08029,F03902,api,3,no,yes,no,random2
F08030,F18156,api,4,no,yes,no,random2
F08031,F13052,api,6,no,yes,no,random2
F08032,F18491,api,3,no,yes,no,lineage_pair
F08033,F01056,webdriver,5,no,yes,no,derivative1
F08034,F07802,css,4,no,yes,no,engine_webkit
F08035,F06890,api,3,no,yes,no,random2
F08036,F08632,api,3,no,yes,no,source1
F08038,F16167,javascript,5,no,yes,no,random2
F08039,F15624,api,3,no,yes,no,derivative1
F08040,F16275,http,4,yes,no,no,lineage_pair
F08041,F08550,css,4,no,yes,no,derivative1
F08043,F08772,api,3,no,yes,no,random2
F08044,F13160,api,3,yes,yes,no,random2
F08045,F03766,api,3,yes,yes,no,source1
F08046,F00320,css,4,yes,yes,no,lineage_pair
F08049,http,http,3,no,yes,no,source1
F08052,F02835,css,4,no,yes,no,engine_webkit
F08054,F08316,api,3,yes,yes,no,lineage_pair
F08055,F17478,api,3,yes,yes,no,derivative1
F08057,F01865,api,3,yes,yes,no,derivative1
F08060,F18368,css,4,no,yes,no,source1
F08062,api,api,2,no,yes,no,derivative1
F08063,F03319,api,3,no,yes,no,engine_webkit
F08064,F01301,api,4,yes,yes,no,engine_webkit
F08065,http,http,3,no,yes,no,derivative1
F08066,F14165,api,3,yes,yes,no,engine_webkit
F08067,F17989,api,3,no,yes,no,random2
F08069,http,http,3,yes,yes,no,random2
F08070,F05404,css,4,no,yes,no,derivative1
F08072,api,api,2,no,yes,no,source1
F08075,F10404,api,3,no,yes,no,random2
F08076,api,api,2,yes,yes,no,derivative1
F08077,F09881,api,3,no,yes,no,engine_webkit
F08078,F05371,api,4,no,yes,no,derivative1
F08079,F12150,api,3,yes,yes,no,lineage_pair
F08080,F11006,css,4,no,yes,no,engine_webkit
F08083,F14287,api,3,no,yes,no,derivative1
F08084,F16566,api,3,yes,yes,no,random2
F08085,F07214,api,3,no,yes,no,derivative1
F08088,api,api,2,yes,yes,no,derivative1
F08090,F15471,api,3,no,yes,no,engine_webkit
F08091,F17918,api,3,no,yes,no,source1
F08093,F12358,html,5,no,yes,no,engine_webkit
F08094,F10107,javascript,5,no,yes,no,derivative1
F08095,F14587,svg,4,no,yes,no,lineage_pair
F08096,F04419,api,4,no,yes,no,lineage_pair
F08097,F04069,api,3,no,yes,no,derivative1
F08098,F14702,css,4,yes,yes,no,derivative1
F08099,F10314,api,3,no,yes,no,random2
F08100,F00501,css,4,yes,yes,no,lineage_pair
F08101,F15754,css,4,no,yes,no,lineage_pair
F08102,svg,svg,3,no,yes,no,lineage_pair
F08106,F12150,api,3,yes,yes,no,engine_webkit
F08108,css,css,3,no,yes,no,source1
F08109,F05486,api,3,no,yes,no,engine_webkit
F08110,F13568,webdriver,5,no,yes,no,derivative1
F08111,F07638,api,3,no,yes,no,lineage_pair
F08112,F12943,api,3,no,yes,no,engine_webkit
F08114,F05404,css,4,no,yes,no,lineage_pair
F08116,F03747,api,3,no,yes,no,source1
F08117,F05891,css,4,yes,yes,no,derivative1
F08119,F06877,webdriver,5,yes,yes,no,engine_webkit
F08120,F15522,api,3,no,yes,no,lineage_pair
F08121,F03072,javascript,4,no,yes,no,derivative1
F08122,api,api,2,no,yes,no,derivative1
F08123,F02829,api,4,no,yes,no,lineage_pair
F08125,F07395,api,3,yes,yes,no,engine_webkit
F08127,F01127,css,4,no,yes,no,random2
F08128,F16892,api,3,yes,yes,no,source1
F08129,F07132,css,4,no,yes,no,source1
F08131,F12059,api,3,yes,yes,no,derivative1
F08132,F06916,api,3,no,yes,no,derivative1
F08135,F12923,api,3,no,yes,no,random2
F08136,F03456,api,4,no,yes,no,derivative1
F08138,svg,svg,3,no,yes,no,lineage_pair
F08139,F04521,api,3,no,yes,no,lineage_pair
F08140,F06940,api,4,no,yes,no,lineage_pair
F08141,javascript,javascript,3,no,yes,no,engine_webkit
F08142,F07234,api,3,no,yes,no,source1
F08143,api,api,2,yes,yes,no,derivative1
F08144,F13376,css,4,no,yes,no,derivative1
F08145,F14125,api,3,no,yes,no,random2
F08146,F08731,api,3,no,yes,no,derivative1
F08147,api,api,2,no,yes,no,derivative1
F08149,F06784,api,4,no,yes,no,lineage_pair
F08150,http,http,3,no,yes,no,random2
F08151,css,css,3,no,yes,no,derivative1
F08152,F14633,api,3,no,yes,no,source1
F08153,svg,svg,3,no,yes,no,engine_webkit
F08154,F01178,css,4,no,yes,no,engine_webkit
F08155,F06101,api,3,no,no,yes,derivative1
F08156,F14824,api,3,no,yes,no,source1
F08159,F05585,api,3,no,yes,no,random2
F08160,F11770,css,5,no,yes,no,random2
F08162,F16444,api,3,no,yes,no,lineage_pair
F08163,css,css,3,no,yes,no,engine_webkit
F08164,F02096,api,3,no,yes,no,lineage_pair
F08166,api,api,2,no,no,yes,lineage_pair
F08168,F04069,api,3,no,yes,no,engine_webkit
F08169,F05371,api,4,no,yes,no,lineage_pair
F08170,html,html,3,no,yes,no,source1
F08171,F00557,api,3,no,yes,no,derivative1
F08172,F17111,javascript,5,no,yes,no,derivative1
F08173,F08843,api,3,no,no,no,engine_webkit
F08174,F01571,api,4,no,yes,no,lineage_pair
F08175,css,css,3,no,yes,no,source1
F08176,F18141,api,3,no,yes,no,derivative1
F08177,F02346,css,4,no,yes,no,lineage_pair
F08178,F07228,api,3,no,yes,no,derivative1
F08179,F02502,api,3,yes,yes,no,source1
F08180,F17111,javascript,5,no,yes,no,lineage_pair
F08181,F01701,css,4,no,yes,no,derivative1
F08182,F04069,api,3,no,yes,no,engine_webkit
F08183,F03435,api,3,no,yes,no,lineage_pair
F08184,F11044,css,4,no,yes,no,source1
F08185,F12680,api,3,no,yes,no,random2
F08186,F00064,css,4,yes,yes,no,source1
F08187,F09416,api,3,no,yes,no,lineage_pair
F08188,F01488,api,3,yes,yes,no,source1
F08189,F01130,api,3,no,yes,no,derivative1
F08191,F08247,css,4,no,yes,no,engine_webkit
F08192,F08214,api,3,no,yes,no,random2
F08193,F09578,api,4,no,yes,no,source1
F08194,F14825,api,3,no,yes,no,source1
F08195,F06990,javascript,5,no,yes,no,lineage_pair
F08196,css,css,3,no,no,no,lineage_pair
F08199,F16339,css,4,no,yes,no,derivative1
F08200,F15588,svg,4,no,yes,no,lineage_pair
F08201,F01593,javascript,4,no,yes,no,engine_webkit
F08202,css,css,3,no,no,no,engine_webkit
F08205,F02751,webdriver,4,no,yes,no,lineage_pair
F08206,F15017,javascript,4,no,yes,yes,engine_webkit
F08207,F12114,api,4,no,yes,no,random2
F08208,F01732,css,4,no,yes,no,random2
F08209,F08166,api,3,no,no,yes,engine_webkit
F08210,F12621,css,4,no,yes,no,engine_webkit
F08211,css,css,3,no,yes,no,random2
F08212,F05764,javascript,4,no,yes,no,engine_webkit
F08213,F12254,javascript,5,no,yes,no,lineage_pair
F08214,api,api,2,no,yes,no,source1
F08215,api,api,2,yes,no,no,lineage_pair
F08216,F09019,api,3,no,yes,no,source1
F08217,F15800,api,3,no,yes,yes,engine_webkit
F08218,F16108,api,3,no,yes,no,engine_webkit
F08219,html,html,3,no,yes,no,source1
F08220,F04579,css,4,no,yes,no,source1
F08221,F12151,api,3,yes,yes,no,lineage_pair
F08224,css,css,3,no,yes,no,derivative1
F08225,F17765,html,4,no,yes,no,lineage_pair
F08226,F06877,webdriver,5,no,yes,no,engine_webkit
F08227,F09986,api,3,no,yes,no,random2
F08228,api,api,2,no,yes,no,lineage_pair
F08229,F01142,api,3,no,yes,no,derivative1
F08231,F11006,css,4,no,yes,no,lineage_pair
F08233,api,api,2,no,yes,no,random2
F08234,F06796,webdriver,5,no,yes,no,derivative1
F08235,F10357,svg,4,no,yes,no,derivative1
F08236,F08384,api,3,no,yes,no,source1
F08237,api,api,2,no,yes,no,lineage_pair
F08238,F14619,svg,4,no,yes,no,random2
F08239,F18491,api,3,no,yes,no,random2
F08241,F05142,css,4,no,yes,no,lineage_pair
F08242,api,api,2,yes,yes,no,derivative1
F08245,F15654,javascript,5,no,yes,no,derivative1
F08247,css,css,3,no,yes,no,source1
F08248,F04957,api,3,no,yes,no,random2
F08249,F01491,api,3,no,yes,no,source1
F08251,F01878,api,3,no,yes,no,random2
F08253,F08843,api,3,no,no,no,random2
F08254,F03812,css,4,no,yes,no,random2
F08255,F13248,css,4,no,yes,no,source1
F08256,css,css,3,no,no,no,derivative1
F08257,api,api,2,yes,yes,no,random2
F08259,F18368,css,4,no,yes,no,lineage_pair
F08260,F08843,api,3,no,no,no,derivative1
F08261,F15624,api,3,no,yes,no,derivative1
F08262,F13316,css,4,no,yes,no,source1
F08263,F15582,api,3,no,yes,no,engine_webkit
F08264,F09938,api,3,no,yes,no,derivative1
F08265,F05371,api,4,yes,yes,no,derivative1
F08267,F14114,api,3,no,yes,no,lineage_pair
F08268,F14644,api,3,no,yes,yes,random2
F08269,F16991,api,3,yes,yes,no,engine_webkit
F08271,F08843,api,3,no,yes,no,random2
F08272,F01696,webdriver,5,no,yes,no,lineage_pair
F08273,F12321,api,3,yes,yes,no,engine_webkit
F08274,F10967,http,4,yes,yes,no,lineage_pair
F08275,F09945,api,3,no,yes,no,engine_webkit
F08276,F15003,javascript,4,no,yes,no,lineage_pair
F08278,api,api,2,no,yes,no,engine_webkit
F08279,F08805,css,4,no,yes,no,derivative1
F08280,webdriver,webdriver,3,no,yes,no,derivative1
F08281,F01249,api,3,no,yes,yes,engine_webkit
F08282,F06190,css,4,no,yes,no,lineage_pair
F08283,F10357,svg,4,no,yes,no,lineage_pair
F08284,F05859,html,4,no,yes,yes,random2
F08285,F14823,css,4,no,yes,no,derivative1
F08286,F09881,api,3,no,yes,no,source1
F08289,F13594,api,3,no,yes,no,source1
F08290,F08344,css,4,no,yes,no,random2
F08291,F17989,api,3,no,yes,no,random2
F08292,F08336,javascript,4,no,yes,no,random2
F08293,F17250,api,3,no,yes,no,derivative1
F08294,F04521,api,3,no,yes,no,lineage_pair
F08295,F07151,javascript,4,no,yes,no,engine_webkit
F08296,F17765,html,4,no,yes,no,source1
F08297,F15526,api,3,yes,yes,no,derivative1
F08298,F09269,api,3,no,yes,yes,random2
F08300,F10715,javascript,4,no,yes,no,random2
F08301,html,html,3,no,yes,no,random2
F08302,F15960,webdriver,5,no,yes,no,source1
F08304,F13579,html,4,no,yes,no,source1
F08307,F13316,css,4,no,yes,no,source1
F08309,F04069,api,3,no,yes,no,source1
F08310,F13625,css,4,no,yes,no,source1
F08311,F06425,api,3,yes,yes,no,source1
F08312,F08384,api,3,yes,yes,no,engine_webkit
F08313,F01080,api,3,no,yes,no,random2
F08314,F11361,css,4,no,yes,no,source1
F08315,F12621,css,4,no,yes,no,derivative1
F08316,api,api,2,yes,yes,no,lineage_pair
F08317,F09853,html,5,yes,yes,no,random2
F08318,F07595,api,3,no,yes,no,engine_webkit
F08320,F10994,api,3,no,yes,no,random2
F08321,F03020,css,4,no,yes,no,random2
F08322,F12358,html,5,no,yes,no,source1
F08323,F03319,api,3,no,yes,no,source1
F08324,F13376,css,4,no,yes,no,engine_webkit
F08325,F06565,api,3,no,yes,no,random2
F08327,svg,svg,3,no,yes,no,engine_webkit
F08329,F08242,api,3,yes,yes,no,derivative1
F08330,F02731,javascript,4,no,yes,no,engine_webkit
F08331,F15811,css,4,no,yes,no,lineage_pair
F08332,F17250,api,3,no,yes,no,random2
F08333,F09938,api,3,no,yes,no,engine_webkit
F08336,javascript,javascript,3,no,yes,no,lineage_pair
F08337,F05948,css,4,no,yes,no,random2
F08340,F09306,api,3,no,yes,no,source1
F08341,css,css,3,no,no,no,lineage_pair
F08343,F18171,javascript,4,no,yes,no,random2
F08344,css,css,3,no,yes,no,random2
F08345,F14125,api,3,no,yes,yes,source1
F08346,F09853,html,5,yes,yes,no,derivative1
F08347,F13552,css,5,no,yes,no,random2
F08350,F00142,api,3,no,yes,no,random2
F08351,html,html,3,no,yes,no,random2
F08352,F05514,api,4,no,yes,no,derivative1
F08354,F15348,api,3,no,yes,no,lineage_pair
F08355,F09853,html,5,yes,yes,no,random2
F08357,F01150,javascript,4,no,yes,no,engine_webkit
F08358,F18120,css,4,no,yes,no,source1
F08359,F12525,html,6,no,yes,no,derivative1
F08360,F08456,api,3,yes,yes,no,derivative1
F08362,api,api,2,no,yes,no,source1
F08363,F02616,api,3,no,yes,no,source1
F08365,F12869,api,3,yes,yes,no,derivative1
F08366,F01491,api,3,no,yes,no,engine_webkit
F08368,F09104,css,4,no,yes,no,derivative1
F08369,F00969,api,3,yes,yes,no,random2
F08370,F09252,api,3,yes,yes,no,derivative1
F08371,F00809,api,4,yes,yes,no,derivative1
F08372,F05324,api,5,no,no,yes,engine_webkit
F08374,F13205,api,3,yes,yes,no,lineage_pair
F08376,F05690,http,4,no,yes,no,source1
F08377,api,api,2,no,yes,no,random2
F08378,F13261,css,4,no,yes,no,engine_webkit
F08379,F12000,css,4,no,yes,no,engine_webkit
F08380,F06082,api,3,no,yes,no,derivative1
F08381,F11395,api,3,no,yes,no,lineage_pair
F08382,F18491,api,3,no,yes,no,derivative1
F08383,api,api,2,no,yes,no,random2
F08384,api,api,2,no,yes,no,lineage_pair
F08385,F09122,css,4,yes,yes,no,source1
F08386,F00142,api,3,no,yes,no,derivative1
F08387,F16507,css,4,no,yes,no,derivative1
F08388,F01922,api,3,no,yes,no,derivative1
F08389,F01701,css,4,no,yes,no,lineage_pair
F08390,F09122,css,4,no,yes,no,source1
F08391,css,css,3,no,yes,no,lineage_pair
F08392,F09522,api,3,no,yes,no,lineage_pair
F08393,F16747,api,3,yes,yes,no,lineage_pair
F08394,F04069,api,3,no,yes,no,derivative1
F08395,F11491,css,4,no,yes,no,engine_webkit
F08397,api,api,2,no,yes,no,lineage_pair
F08398,F12245,api,3,yes,yes,no,lineage_pair
F08399,F00372,css,4,no,yes,no,lineage_pair
F08400,F16109,api,3,yes,yes,no,source1
F08401,F15296,html,4,no,yes,no,engine_webkit
F08403,api,api,2,no,no,yes,random2
F08405,F12059,api,3,yes,yes,no,lineage_pair
F08406,F05763,css,4,yes,yes,no,engine_webkit
F08408,F12321,api,3,yes,yes,no,random2
F08409,F09080,api,3,no,yes,no,engine_webkit
F08410,F14821,css,5,no,yes,no,lineage_pair
F08412,F09080,api,3,yes,yes,no,derivative1
F08413,F04832,api,4,no,yes,no,lineage_pair
F08414,api,api,2,no,yes,no,random2
F08418,F07212,api,3,no,no,yes,source1
F08420,css,css,3,no,yes,no,lineage_pair
F08421,F01391,api,5,no,yes,no,lineage_pair
F08422,F10206,api,3,no,yes,no,source1
F08423,F05087,api,3,no,yes,no,source1
F08424,css,css,3,no,yes,no,source1
F08426,F13579,html,4,yes,no,no,derivative1
F08427,F17548,api,4,no,yes,no,random2
F08429,F04321,api,3,no,yes,no,engine_webkit
F08430,F02731,javascript,4,no,yes,no,engine_webkit
F08431,F13376,css,4,no,yes,no,random2
F08433,F05221,api,3,no,yes,no,engine_webkit
F08434,F14114,api,3,no,yes,no,random2
F08435,F05840,api,3,yes,yes,no,source1
F08436,F12621,css,4,no,yes,no,source1
F08438,F05764,javascript,4,no,yes,no,source1
F08439,css,css,3,no,yes,no,source1
F08440,F08242,api,3,yes,yes,no,derivative1
F08442,F09200,api,3,yes,yes,no,random2
F08443,F14639,api,3,no,yes,no,engine_webkit
F08444,F05571,api,3,no,yes,no,derivative1
F08445,F05234,api,3,yes,yes,no,engine_webkit
F08446,F10447,api,3,no,yes,no,derivative1
F08447,F15106,api,3,no,yes,no,source1
F08448,F09122,css,4,no,yes,no,lineage_pair
F08450,F17344,css,4,no,yes,no,source1
F08451,F08214,api,3,no,yes,no,derivative1
F08452,F01674,api,4,no,yes,no,derivative1
F08455,F06971,api,3,no,yes,no,random2
F08457,F10107,javascript,5,no,yes,no,lineage_pair
F08458,F15982,html,4,yes,no,no,derivative1
F08460,api,api,2,no,yes,no,derivative1
F08461,F00683,api,3,no,yes,no,engine_webkit
F08462,F04697,api,3,no,yes,no,lineage_pair
F08463,css,css,3,no,yes,yes,random2
F08464,F12577,api,3,no,yes,no,random2
F08466,F01732,css,4,no,yes,no,lineage_pair
F08469,F07337,api,3,no,yes,no,engine_webkit
F08470,F01442,api,3,no,yes,no,lineage_pair
F08471,F13160,api,3,yes,yes,no,derivative1
F08472,F12982,api,3,yes,yes,no,derivative1
F08473,F02020,css,4,yes,yes,no,derivative1
F08475,F13831,api,4,no,yes,no,random2
F08476,F08632,api,3,no,yes,no,engine_webkit
F08478,F18211,css,4,yes,yes,no,random2
F08479,F10818,css,4,yes,yes,no,engine_webkit
F08480,F13579,html,4,no,yes,no,lineage_pair
F08482,F03495,api,3,no,yes,yes,lineage_pair
F08483,F01571,api,4,yes,yes,no,random2
F08484,F02096,api,3,yes,yes,no,random2
F08486,F06437,api,5,yes,yes,no,random2
F08487,F01923,api,3,no,yes,no,random2
F08489,F00282,api,3,no,yes,no,engine_webkit
F08490,F08843,api,3,no,yes,no,engine_webkit
F08491,css,css,3,yes,yes,no,random2
F08492,F10048,webdriver,5,no,yes,no,random2
F08493,F03746,api,3,no,yes,no,source1
F08494,http,http,3,no,no,yes,engine_webkit
F08495,F04463,api,3,no,yes,no,lineage_pair
F08496,F17111,javascript,5,no,yes,no,source1
F08498,F06495,api,3,no,yes,no,engine_webkit
F08499,css,css,3,no,yes,no,engine_webkit
F08502,F06132,api,3,no,yes,no,engine_webkit
F08503,F16789,api,3,no,yes,no,engine_webkit
F08504,api,api,2,yes,yes,no,engine_webkit
F08505,F01732,css,4,no,yes,no,source1
F08506,F07363,api,3,no,no,yes,derivative1
F08507,F17548,api,4,no,yes,no,source1
F08509,F00856,css,4,no,yes,no,source1
F08510,F14711,svg,4,no,yes,no,source1
F08511,F06600,css,4,no,yes,no,lineage_pair
F08512,F02225,api,3,no,yes,no,source1
F08513,F12869,api,3,yes,yes,no,lineage_pair
F08514,F14993,api,3,no,yes,no,lineage_pair
F08515,F06162,api,3,no,yes,yes,engine_webkit
F08516,F08843,api,3,no,yes,no,derivative1
F08519,F18491,api,3,no,yes,no,lineage_pair
F08520,F11683,api,3,no,yes,no,source1
F08521,F13574,css,4,no,no,no,lineage_pair
F08522,F11592,api,3,no,yes,no,derivative1
F08523,F13579,html,4,no,yes,no,derivative1
F08524,F01875,css,4,no,yes,no,random2
F08525,F13506,api,3,no,yes,no,engine_webkit
F08526,F10924,api,3,no,yes,no,random2
F08527,F18430,css,4,no,yes,no,derivative1
F08528,F16972,api,3,yes,yes,no,source1
F08530,F05334,api,3,no,yes,no,lineage_pair
F08531,F17465,api,3,no,yes,no,engine_webkit
F08533,F08214,api,3,no,yes,no,lineage_pair
F08534,F04521,api,3,no,yes,no,random2
F08535,http,http,3,no,yes,yes,random2
F08536,F06506,api,3,no,yes,no,engine_webkit
F08537,F04521,api,3,no,yes,no,engine_webkit
F08538,F04344,api,3,no,yes,no,random2
F08540,F16698,webdriver,5,no,no,no,engine_webkit
F08541,F11121,css,4,no,yes,no,lineage_pair
F08542,F10737,css,4,yes,yes,no,engine_webkit
F08543,F13579,html,4,no,yes,no,engine_webkit
F08544,F09503,api,3,no,yes,no,engine_webkit
F08545,F15273,html,4,no,yes,no,random2
F08546,F00856,css,4,no,yes,no,source1
F08547,F10393,css,4,yes,yes,no,source1
F08549,F12881,css,4,yes,yes,no,lineage_pair
F08550,css,css,3,no,yes,no,derivative1
F08551,F01178,css,4,no,yes,no,engine_webkit
F08553,html,html,3,no,yes,yes,random2
F08554,F03858,javascript,4,no,yes,no,lineage_pair
F08555,F16385,css,4,yes,yes,no,source1
F08556,F09853,html,5,no,yes,no,derivative1
F08557,webdriver,webdriver,3,no,yes,no,lineage_pair
F08558,css,css,3,no,yes,no,lineage_pair
F08560,F05880,api,3,no,yes,no,random2
F08561,F08465,api,3,no,yes,no,lineage_pair
F08564,api,api,2,no,yes,no,source1
F08566,F13625,css,4,no,yes,no,derivative1
F08567,F01151,api,3,no,yes,no,derivative1
F08568,F02126,html,4,no,yes,no,random2
F08569,F16028,css,4,yes,yes,no,derivative1
F08570,F13087,api,3,yes,yes,no,source1
F08571,F17131,css,4,no,yes,no,random2
F08572,F08553,html,4,no,no,yes,random2
F08573,F08414,api,3,no,yes,no,derivative1
F08574,svg,svg,3,no,yes,no,engine_webkit
F08575,api,api,2,no,yes,no,lineage_pair
F08576,F17581,css,4,no,yes,no,lineage_pair
F08577,F17241,api,4,yes,yes,no,engine_webkit
F08578,api,api,2,yes,yes,no,lineage_pair
F08579,api,api,2,no,yes,no,source1
F08580,F09853,html,5,yes,yes,no,random2
F08581,F08247,css,4,yes,yes,no,source1
F08582,F04521,api,3,no,yes,no,random2
F08583,F11401,html,4,no,yes,no,source1
F08585,F02616,api,3,no,yes,no,engine_webkit
F08586,F15657,api,3,no,yes,no,derivative1
F08587,F06273,api,4,yes,yes,no,derivative1
F08589,api,api,2,yes,yes,no,derivative1
F08590,F06509,api,3,no,yes,no,derivative1
F08591,F00863,javascript,4,no,yes,no,source1
F08592,F16953,css,4,yes,yes,no,random2
F08593,html,html,3,no,yes,no,random2
F08594,api,api,2,no,yes,no,lineage_pair
F08595,F03457,css,4,no,yes,no,lineage_pair
F08596,css,css,3,no,yes,no,random2
F08599,svg,svg,3,no,yes,no,engine_webkit
F08600,css,css,3,no,yes,no,lineage_pair
F08601,F18368,css,4,no,yes,no,engine_webkit
F08602,F09936,api,3,no,yes,yes,derivative1
F08603,api,api,2,no,yes,yes,engine_webkit
F08604,F05010,css,4,no,yes,no,source1
F08605,F17679,api,3,no,yes,no,derivative1
F08606,F17971,html,6,yes,yes,no,engine_webkit
F08607,html,html,3,no,yes,no,random2
F08608,F01647,api,3,no,yes,no,engine_webkit
F08609,F07595,api,3,no,yes,no,engine_webkit
F08612,F11401,html,4,no,yes,no,source1
F08613,api,api,2,no,yes,no,lineage_pair
F08614,F17819,api,3,no,yes,no,engine_webkit
F08616,F14396,api,3,yes,yes,no,engine_webkit
F08617,F02989,webdriver,5,yes,no,no,source1
F08618,webdriver,webdriver,3,no,yes,no,lineage_pair
F08619,api,api,2,no,yes,no,lineage_pair
F08621,css,css,3,no,no,yes,derivative1
F08622,F10623,css,4,no,yes,no,derivative1
F08624,css,css,3,no,yes,no,random2
F08626,F16275,http,4,yes,yes,no,lineage_pair
F08627,F17315,api,3,no,yes,no,engine_webkit
F08628,webdriver,webdriver,3,no,yes,no,derivative1
F08630,webdriver,webdriver,3,no,yes,no,random2
F08631,api,api,2,no,yes,no,derivative1
F08632,api,api,2,no,yes,no,engine_webkit
F08633,F17390,api,3,yes,yes,no,source1
F08634,F00699,api,3,no,yes,no,engine_webkit
F08636,css,css,3,no,yes,no,engine_webkit
F08637,F09411,api,3,no,yes,no,lineage_pair
F08638,api,api,2,no,yes,no,random2
F08640,F16275,http,4,yes,yes,no,lineage_pair
F08641,F03028,css,4,no,yes,no,derivative1
F08642,api,api,2,no,yes,no,derivative1
F08643,F18491,api,3,no,yes,no,random2
F08644,F00142,api,3,no,yes,no,source1
F08645,F07587,api,3,no,no,yes,lineage_pair
F08646,F12321,api,3,yes,yes,no,engine_webkit
F08647,F12111,api,3,yes,yes,no,lineage_pair
F08648,css,css,3,yes,yes,no,random2
F08650,F12378,api,3,no,yes,no,derivative1
F08651,F12577,api,3,no,yes,no,engine_webkit
F08652,F09619,api,3,no,yes,no,source1
F08653,F10715,javascript,4,no,yes,no,engine_webkit
F08654,F04180,css,4,no,yes,no,derivative1
F08655,F13594,api,3,no,yes,no,source1
F08656,F17656,api,3,no,no,yes,random2
F08657,F17111,javascript,5,no,yes,no,source1
F08659,F15713,css,4,yes,yes,no,lineage_pair
F08660,F09938,api,3,no,yes,no,lineage_pair
F08662,F05404,css,4,no,yes,no,engine_webkit
F08664,F10623,css,4,no,yes,no,random2
F08665,F07889,webdriver,6,no,yes,no,derivative1
F08666,F03998,api,3,no,yes,no,derivative1
F08667,F03630,api,4,no,yes,no,lineage_pair
F08668,F12059,api,3,no,yes,no,engine_webkit
F08669,F18491,api,3,yes,yes,no,derivative1
F08670,F00705,css,4,no,yes,no,source1
F08671,F12204,css,5,no,no,yes,derivative1
F08673,F10030,css,4,yes,yes,no,lineage_pair
F08675,css,css,3,no,yes,no,source1
F08676,F17680,api,3,no,yes,no,source1
F08677,javascript,javascript,3,no,yes,no,random2
F08678,F03312,css,4,no,yes,no,source1
F08681,F05764,javascript,4,no,yes,no,derivative1
F08685,javascript,javascript,3,no,yes,no,derivative1
F08686,F03043,api,3,no,yes,no,derivative1
F08687,F10259,api,3,yes,yes,no,random2
F08688,F04521,api,3,no,yes,no,source1
F08689,api,api,2,no,yes,no,lineage_pair
F08690,F17989,api,3,no,yes,no,source1
F08691,F05617,api,3,no,yes,no,random2
F08692,svg,svg,3,no,yes,no,source1
F08693,F01998,css,4,no,yes,no,derivative1
F08694,F04125,css,4,yes,yes,no,random2
F08696,F16108,api,3,no,yes,no,engine_webkit
F08697,F15666,css,4,no,yes,no,lineage_pair
F08698,F11914,api,4,no,yes,no,random2
F08699,F14532,api,3,no,yes,no,derivative1
F08703,F07952,css,5,no,yes,no,lineage_pair
F08704,F12680,api,3,no,yes,no,random2
F08705,api,api,2,no,yes,no,random2
F08706,F14507,api,3,no,yes,no,engine_webkit
F08708,F08384,api,3,no,yes,no,derivative1
F08710,F03610,svg,5,no,yes,no,lineage_pair
F08712,F09938,api,3,no,yes,no,source1
F08713,F14372,api,3,yes,yes,no,random2
F08714,F01940,api,3,no,yes,no,source1
F08715,F05690,http,4,no,yes,no,derivative1
F08716,F08666,api,4,no,yes,no,random2
F08719,F14532,api,3,no,yes,no,random2
F08721,F03457,css,4,no,yes,no,engine_webkit
F08722,api,api,2,no,yes,no,derivative1
F08723,api,api,2,no,yes,no,source1
F08724,F13118,svg,4,no,yes,no,source1
F08725,F08465,api,3,no,yes,no,derivative1
F08726,F06585,api,4,no,yes,no,engine_webkit
F08727,api,api,2,no,yes,no,lineage_pair
F08728,F13233,api,3,no,yes,no,source1
F08729,F15017,javascript,4,no,yes,no,lineage_pair
F08730,F15054,svg,4,no,yes,no,random2
F08731,api,api,2,no,yes,no,derivative1
F08732,F10407,api,3,yes,yes,no,engine_webkit
F08733,F05516,api,3,no,yes,no,source1
F08734,F11401,html,4,no,yes,no,lineage_pair
F08735,F05352,api,3,no,yes,no,source1
F08736,F02857,api,3,no,yes,no,engine_webkit
F08737,F18156,api,4,no,yes,no,engine_webkit
F08738,F09938,api,3,no,yes,no,lineage_pair
F08740,F13601,javascript,4,no,yes,no,lineage_pair
F08741,F13725,api,3,no,yes,no,random2
F08742,F11902,api,3,yes,yes,no,engine_webkit
F08743,F04773,api,3,no,yes,no,random2
F08745,F09411,api,3,no,yes,no,source1
F08746,F16108,api,3,no,yes,no,random2
F08749,api,api,2,no,yes,no,derivative1
F08750,F14887,api,3,yes,yes,no,source1
F08752,html,html,3,no,yes,no,derivative1
F08753,F18011,webdriver,5,no,yes,no,source1
F08754,F04376,api,3,no,yes,no,lineage_pair
F08755,F02293,api,3,no,no,yes,engine_webkit
F08756,F17349,api,3,no,yes,no,derivative1
F08759,api,api,2,no,yes,no,lineage_pair
F08761,css,css,3,yes,yes,no,source1
F08762,F07151,javascript,4,no,yes,no,source1
F08764,css,css,3,no,no,no,lineage_pair
F08766,F15296,html,4,no,yes,no,engine_webkit
F08767,javascript,javascript,3,no,yes,no,source1
F08768,css,css,3,no,yes,no,derivative1
F08769,F10946,api,3,no,yes,no,source1
F08770,F15541,api,3,no,yes,no,engine_webkit
F08771,api,api,2,no,yes,no,derivative1
F08772,api,api,2,no,yes,no,derivative1
F08773,F00397,css,4,no,yes,no,source1
F08774,css,css,3,no,yes,no,engine_webkit
F08775,css,css,3,no,no,no,lineage_pair
F08776,F01469,api,4,no,yes,no,derivative1
F08777,F10468,api,3,yes,yes,no,random2
F08778,F11259,api,3,no,yes,no,derivative1
F08779,F09122,css,4,no,no,no,engine_webkit
F08781,api,api,2,no,yes,no,derivative1
F08782,F07767,api,3,no,yes,no,random2
F08785,F18315,api,4,no,yes,no,source1
F08786,css,css,3,yes,yes,no,engine_webkit
F08787,F09945,api,3,no,yes,no,lineage_pair
F08788,F01178,css,4,no,yes,no,derivative1
F08789,F04069,api,3,no,yes,no,engine_webkit
F08790,html,html,3,no,yes,no,derivative1
F08791,F13585,css,4,no,yes,no,source1
F08793,F15754,css,4,no,yes,no,derivative1
F08794,F07337,api,3,no,yes,no,engine_webkit
F08795,F13574,css,4,no,yes,no,engine_webkit
F08797,F16980,api,3,no,yes,no,lineage_pair
F08798,F16890,javascript,4,no,yes,no,engine_webkit
F08800,F01357,css,4,no,yes,no,random2
F08801,F09582,webdriver,5,no,yes,no,source1
F08802,F02034,api,3,no,yes,no,random2
F08803,css,css,3,no,yes,no,engine_webkit
F08804,F12378,api,3,no,yes,no,random2
F08805,css,css,3,no,yes,no,random2
F08806,F05866,api,3,no,no,yes,engine_webkit
F08807,F09200,api,3,yes,yes,no,source1
F08808,F11065,webdriver,4,yes,yes,no,engine_webkit
F08809,F13725,api,3,no,yes,no,engine_webkit
F08810,css,css,3,no,yes,no,engine_webkit
F08811,F15583,css,4,yes,yes,no,lineage_pair
F08812,F08731,api,3,no,yes,no,derivative1
F08813,F04957,api,3,no,yes,no,random2
F08814,F14421,css,4,no,yes,no,engine_webkit
F08815,F06089,css,4,no,yes,no,random2
F08816,F09122,css,4,no,no,yes,random2
F08817,F11443,api,3,no,yes,no,lineage_pair
F08818,F15045,api,3,no,yes,yes,lineage_pair
F08820,F10464,api,4,no,yes,no,derivative1
F08822,F01552,css,4,yes,yes,no,lineage_pair
F08825,F13594,api,3,no,yes,no,engine_webkit
F08826,F03877,api,3,yes,yes,no,derivative1
F08827,F11387,api,3,yes,yes,no,engine_webkit
F08828,F08420,css,4,no,no,no,random2
F08829,api,api,2,yes,yes,no,lineage_pair
F08830,F13358,webdriver,5,no,yes,no,lineage_pair
F08831,F10623,css,4,no,yes,no,engine_webkit
F08834,F01701,css,4,no,yes,no,lineage_pair
F08835,F07595,api,3,no,yes,no,source1
F08836,api,api,2,no,yes,no,source1
F08838,F13506,api,3,no,yes,no,engine_webkit
F08839,F15423,api,4,no,yes,no,lineage_pair
F08840,F16108,api,3,no,yes,no,derivative1
F08841,F05888,api,4,no,no,yes,engine_webkit
F08842,F09528,api,3,no,yes,no,lineage_pair
F08843,api,api,2,no,yes,no,lineage_pair
F08844,F05825,html,5,no,yes,no,engine_webkit
F08845,F11226,api,3,no,yes,no,source1
F08846,F09518,api,4,yes,yes,no,engine_webkit
F08848,css,css,3,no,yes,yes,random2
F08849,html,html,3,no,yes,no,source1
F08850,F03832,api,3,no,no,no,lineage_pair
F08852,F15959,api,3,no,yes,no,engine_webkit
F08853,F02373,css,4,yes,yes,no,derivative1
F08854,F18491,api,3,no,yes,no,lineage_pair
F08855,F17156,css,4,no,yes,no,derivative1
F08856,F12525,html,6,no,yes,no,lineage_pair
F08857,api,api,2,no,yes,no,derivative1
F08860,F12321,api,3,yes,yes,no,engine_webkit
F08861,F12321,api,3,yes,yes,no,engine_webkit
F08862,F07170,css,4,no,yes,no,lineage_pair
F08864,css,css,3,no,yes,no,engine_webkit
F08866,F01467,api,3,yes,no,no,lineage_pair
F08867,F09080,api,3,yes,yes,no,engine_webkit
F08868,css,css,3,no,yes,no,lineage_pair
F08871,F07356,api,3,no,yes,no,lineage_pair
F08872,F08752,html,4,no,yes,yes,engine_webkit
F08873,F15754,css,4,no,yes,no,engine_webkit
F08875,F15094,css,4,yes,yes,no,engine_webkit
F08877,F09945,api,3,no,yes,no,engine_webkit
F08878,F06132,api,3,no,yes,no,source1
F08879,http,http,3,no,yes,yes,random2
F08880,F01089,api,3,no,yes,no,derivative1
F08881,F02096,api,3,no,yes,no,lineage_pair
F08882,F06283,api,4,no,yes,no,derivative1
F08883,F01922,api,3,no,yes,no,engine_webkit
F08884,F04979,api,3,no,yes,no,lineage_pair
F08885,F03469,api,3,no,yes,no,derivative1
F08886,F05829,api,3,no,yes,no,random2
F08887,html,html,3,no,yes,yes,engine_webkit
F08889,F02346,css,4,no,yes,no,random2
F08890,F15576,html,5,no,yes,no,lineage_pair
F08891,F17111,javascript,5,no,yes,no,source1
F08894,F16052,webdriver,4,no,yes,no,source1
F08895,F09208,api,3,no,yes,no,random2
F08897,F17473,api,3,yes,no,no,random2
F08898,F05059,api,3,yes,yes,no,engine_webkit
F08900,css,css,3,no,yes,no,lineage_pair
F08901,F11353,javascript,5,no,yes,no,derivative1
F08902,F01998,css,4,no,yes,no,source1
F08905,http,http,3,yes,yes,no,engine_webkit
F08906,F14619,svg,4,no,yes,no,source1
F08907,F11837,css,4,no,yes,no,lineage_pair
F08909,F07563,api,3,no,no,yes,source1
F08910,F04693,html,4,yes,yes,no,lineage_pair
F08911,F06450,api,3,yes,yes,no,lineage_pair
F08913,F13941,webdriver,4,yes,yes,no,source1
F08915,css,css,3,no,yes,no,engine_webkit
F08916,F04859,css,4,no,yes,no,random2
F08917,F16108,api,3,no,yes,no,derivative1
F08918,F13594,api,3,no,yes,no,engine_webkit
F08919,F13574,css,4,no,no,no,engine_webkit
F08920,F10487,svg,4,no,yes,no,source1
F08922,F10953,api,3,no,yes,no,random2
F08923,F01003,css,4,yes,yes,no,source1
F08924,F06956,api,3,yes,yes,no,source1
F08925,F07234,api,3,no,yes,no,lineage_pair
F08926,F03979,api,3,yes,yes,no,random2
F08927,F10072,api,3,yes,yes,no,lineage_pair
F08928,F12402,api,3,no,no,yes,lineage_pair
F08929,F04398,api,3,no,yes,no,random2
F08930,F04620,html,4,no,yes,yes,source1
F08932,F01732,css,4,no,yes,no,source1
F08933,F01701,css,4,no,yes,no,derivative1
F08934,F13834,api,3,no,yes,yes,random2
F08935,F09143,api,3,no,no,yes,random2
F08936,F13160,api,3,yes,yes,no,engine_webkit
F08938,F11395,api,3,no,yes,no,derivative1
F08939,F10234,api,3,yes,yes,no,engine_webkit
F08940,F15056,css,4,no,yes,no,source1
F08941,F14233,api,3,yes,yes,no,derivative1
F08942,F13594,api,3,no,yes,no,derivative1
F08943,F05825,html,5,no,yes,no,engine_webkit
F08944,F07595,api,3,no,yes,no,random2
F08945,F17581,css,4,no,yes,no,random2
F08946,F17581,css,4,no,yes,no,lineage_pair
F08948,F01601,css,4,no,yes,no,random2
F08949,F04200,api,4,no,yes,no,derivative1
F08950,F00733,api,3,yes,yes,no,engine_webkit
F08951,F18414,javascript,4,no,yes,no,source1
F08953,F03902,api,3,no,yes,no,derivative1
F08954,F16108,api,3,yes,yes,no,engine_webkit
F08955,F00866,css,4,yes,yes,no,lineage_pair
F08956,F08868,css,4,no,no,no,engine_webkit
F08957,F14842,api,3,yes,yes,no,lineage_pair
F08958,F17236,api,3,no,yes,yes,random2
F08959,api,api,2,no,yes,no,random2
F08960,F12680,api,3,no,yes,no,source1
F08961,F07343,api,4,no,yes,no,derivative1
F08963,F06990,javascript,5,no,yes,no,derivative1
F08964,F11695,css,5,no,yes,no,lineage_pair
F08965,html,html,3,no,yes,no,random2
F08967,F03516,css,4,no,no,no,random2
F08969,F15576,html,5,no,yes,no,lineage_pair
F08970,css,css,3,no,yes,no,lineage_pair
F08971,F12184,api,3,no,yes,yes,lineage_pair
F08973,F02731,javascript,4,no,yes,no,source1
F08975,F13574,css,4,no,no,no,random2
F08976,F01150,javascript,4,no,yes,no,lineage_pair
F08977,F13244,css,4,no,yes,no,engine_webkit
F08978,F13008,api,3,yes,yes,no,derivative1
F08980,F15882,api,3,no,yes,no,engine_webkit
F08981,F11009,api,3,no,yes,no,lineage_pair
F08982,F05617,api,3,yes,yes,no,derivative1
F08983,F17941,api,3,no,yes,no,derivative1
F08984,F05752,api,3,no,yes,no,random2
F08985,F08843,api,3,no,yes,no,derivative1
F08986,F18118,api,3,no,yes,no,lineage_pair
F08987,F15012,api,3,yes,yes,no,engine_webkit
F08988,F16385,css,4,yes,yes,no,engine_webkit
F08990,F03692,api,3,no,yes,no,random2
F08991,F02967,api,3,no,yes,no,engine_webkit
F08992,F16108,api,3,no,no,no,derivative1
F08993,F15037,css,4,no,yes,no,source1
F08995,F12321,api,3,yes,yes,no,engine_webkit
F08996,F12499,css,4,no,yes,no,lineage_pair
F08997,F03020,css,4,no,yes,no,source1
F09000,F05977,css,4,no,yes,no,lineage_pair
F09002,F13601,javascript,4,no,yes,no,derivative1
F09003,F10953,api,3,no,yes,no,source1
F09005,F14865,html,4,no,yes,yes,lineage_pair
F09006,F10233,api,3,no,yes,no,engine_webkit
F09007,F01142,api,3,no,yes,no,derivative1
F09008,F01467,api,3,yes,no,no,source1
F09009,F04832,api,4,no,no,no,source1
F09010,F04521,api,3,no,yes,no,engine_webkit
F09011,css,css,3,no,no,yes,lineage_pair
F09012,F14767,api,3,no,yes,no,random2
F09013,F13358,webdriver,5,no,yes,no,random2
F09014,F06679,api,3,no,yes,no,source1
F09015,css,css,3,no,yes,no,random2
F09016,F17784,css,4,no,yes,no,source1
F09018,F13452,html,4,no,no,yes,derivative1
F09019,api,api,2,no,yes,no,source1
F09021,F04724,svg,4,no,yes,no,derivative1
F09023,html,html,3,no,yes,no,derivative1
F09024,F14151,api,3,no,yes,no,engine_webkit
F09025,F08384,api,3,no,yes,no,lineage_pair
F09026,F04579,css,4,no,yes,no,derivative1
F09028,F14767,api,3,no,yes,no,derivative1
F09029,F15348,api,3,no,yes,no,lineage_pair
F09030,F18491,api,3,no,yes,no,derivative1
F09031,F09945,api,3,no,yes,no,derivative1
F09032,F01078,html,4,no,yes,no,lineage_pair
F09033,F09416,api,3,yes,yes,no,derivative1
F09036,javascript,javascript,3,no,yes,no,random2
F09037,api,api,2,no,yes,no,random2
F09038,F08384,api,3,no,yes,no,random2
F09039,F04580,api,3,no,yes,no,derivative1
F09040,F01150,javascript,4,no,yes,no,source1
F09041,F05486,api,3,no,yes,no,lineage_pair
F09042,F07595,api,3,no,yes,no,source1
F09044,css,css,3,no,yes,no,random2
F09045,F12621,css,4,no,yes,no,engine_webkit
F09047,F08843,api,3,no,yes,yes,lineage_pair
F09048,F01142,api,3,no,yes,no,derivative1
F09049,F10368,css,4,no,yes,no,lineage_pair
F09050,F13160,api,3,yes,yes,no,source1
F09051,F07092,api,3,no,yes,no,source1
F09052,F06386,api,3,no,yes,no,derivative1
F09053,F02384,api,3,no,yes,yes,engine_webkit
F09054,F04526,api,3,no,yes,no,lineage_pair
F09055,F05404,css,4,no,yes,no,source1
F09056,F16392,css,4,no,yes,no,engine_webkit
F09057,F16090,api,3,no,no,yes,source1
F09059,F01150,javascript,4,no,yes,no,lineage_pair
F09061,F08843,api,3,no,yes,no,source1
F09062,F16523,api,3,no,yes,no,source1
F09063,F09339,api,3,yes,yes,no,derivative1
F09064,F12402,api,3,no,no,yes,engine_webkit
F09065,F13585,css,4,no,yes,no,lineage_pair
F09066,F01089,api,3,no,yes,no,random2
F09067,F04957,api,3,no,yes,no,lineage_pair
F09068,F13616,html,5,no,yes,no,source1
F09070,F12346,api,4,no,yes,no,source1
F09071,F07170,css,4,no,yes,no,lineage_pair
F09076,F01467,api,3,no,yes,no,random2
F09077,F10631,webdriver,5,no,yes,no,engine_webkit
F09078,F08234,webdriver,6,no,yes,no,source1
F09079,F04760,api,3,no,yes,yes,engine_webkit
F09081,F11226,api,3,no,yes,no,source1
F09083,F00699,api,3,no,yes,no,derivative1
F09085,F10623,css,4,no,yes,no,engine_webkit
F09086,F03902,api,3,no,no,no,engine_webkit
F09087,F05352,api,3,no,yes,yes,lineage_pair
F09089,F06283,api,4,no,yes,no,source1
F09090,F02588,api,3,no,yes,no,engine_webkit
F09091,F14198,api,3,yes,yes,no,derivative1
F09092,F18414,javascript,4,no,yes,no,derivative1
F09095,html,html,3,no,yes,no,engine_webkit
F09096,svg,svg,3,no,yes,no,derivative1
F09097,F01922,api,3,no,yes,no,lineage_pair
F09099,F08397,api,3,no,yes,no,derivative1
F09100,F08554,javascript,5,no,yes,no,random2
F09101,F11133,api,3,no,yes,no,source1
F09102,F17357,api,4,no,no,no,lineage_pair
F09103,F18368,css,4,no,yes,no,engine_webkit
F09104,css,css,3,no,yes,no,random2
F09107,F07223,api,4,no,yes,no,random2
F09108,F13601,javascript,4,yes,yes,no,random2
F09109,F15851,css,4,yes,yes,no,engine_webkit
F09110,F07595,api,3,no,yes,no,random2
F09112,F13601,javascript,4,no,yes,no,lineage_pair
F09114,F18491,api,3,no,yes,no,lineage_pair
F09115,F18491,api,3,no,yes,no,random2
F09116,F14699,html,4,no,yes,no,lineage_pair
F09117,F03141,css,4,no,yes,no,derivative1
F09118,F14252,api,3,no,yes,no,engine_webkit
F09119,F10295,http,4,no,yes,no,lineage_pair
F09120,css,css,3,no,yes,no,random2
F09121,F06331,api,3,no,yes,no,source1
F09122,css,css,3,no,yes,no,source1
F09123,F09339,api,3,yes,yes,no,engine_webkit
F09125,F14372,api,3,yes,yes,no,random2
F09126,css,css,3,no,yes,no,random2
F09127,F03902,api,3,no,yes,no,derivative1
F09128,F02037,webdriver,5,yes,yes,no,random2
F09129,F02989,webdriver,5,no,yes,no,derivative1
F09132,F06162,api,3,no,yes,yes,lineage_pair
F09133,F04852,css,4,no,yes,no,random2
F09134,svg,svg,3,no,yes,yes,source1
F09135,F08456,api,3,yes,yes,no,random2
F09136,F09398,javascript,4,no,yes,no,source1
F09137,F13574,css,4,no,yes,no,lineage_pair
F09138,F12479,api,3,no,yes,no,engine_webkit
F09139,F13244,css,4,no,yes,no,derivative1
F09140,F08613,api,3,no,yes,no,lineage_pair
F09141,F18491,api,3,no,yes,no,lineage_pair
F09142,F06676,css,4,no,yes,no,engine_webkit
F09143,api,api,2,no,yes,no,source1
F09144,F09518,api,4,no,yes,no,derivative1
F09145,F02449,api,3,no,yes,no,lineage_pair
F09147,F13753,api,3,no,yes,yes,lineage_pair
F09148,css,css,3,no,yes,no,random2
F09149,F10196,html,5,no,yes,no,engine_webkit
F09150,F16953,css,4,yes,yes,no,engine_webkit
F09152,F05651,javascript,5,no,yes,no,random2
F09153,F04610,api,3,no,no,yes,lineage_pair
F09155,F01019,api,3,no,yes,no,derivative1
F09156,F13797,svg,4,no,yes,no,derivative1
F09157,html,html,3,no,yes,yes,random2
F09161,F16108,api,3,no,no,yes,derivative1
F09163,F07971,api,3,no,yes,no,lineage_pair
F09164,F02893,webdriver,5,no,yes,no,source1
F09165,F16415,css,4,no,yes,no,lineage_pair
F09166,F06507,css,4,no,yes,no,lineage_pair
F09167,svg,svg,3,no,yes,no,engine_webkit
F09168,F03902,api,3,no,yes,no,random2
F09170,F07874,api,3,no,yes,no,random2
F09171,F07653,api,3,no,yes,no,lineage_pair
F09172,F14825,api,3,no,yes,no,lineage_pair
F09173,F18498,api,3,no,yes,no,random2
F09176,F04412,api,3,yes,yes,no,lineage_pair
F09177,api,api,2,no,yes,no,source1
F09178,F17649,api,3,no,yes,no,lineage_pair
F09179,F18450,api,3,no,yes,no,random2
F09180,F18491,api,3,no,yes,no,lineage_pair
F09182,F03469,api,3,no,yes,no,derivative1
F09183,F07802,css,4,no,yes,no,engine_webkit
F09184,F13579,html,4,no,yes,no,random2
F09185,F16307,html,4,no,yes,yes,lineage_pair
F09186,F05880,api,3,no,yes,no,engine_webkit
F09188,F06183,api,3,yes,yes,no,source1
F09189,javascript,javascript,3,no,yes,no,engine_webkit
F09190,F04069,api,3,no,yes,no,lineage_pair
F09193,F07170,css,4,no,yes,no,engine_webkit
F09194,F01701,css,4,no,yes,no,source1
F09195,F08843,api,3,no,no,no,lineage_pair
F09196,F10715,javascript,4,no,yes,no,engine_webkit
F09197,F18171,javascript,4,no,yes,no,derivative1
F09198,F12000,css,4,no,yes,no,random2
F09200,api,api,2,yes,yes,no,source1
F09202,F05404,css,4,no,yes,no,derivative1
F09203,F01784,css,4,no,yes,no,engine_webkit
F09205,F00471,javascript,4,no,yes,no,random2
F09206,F05965,api,3,no,yes,no,derivative1
F09207,F16415,css,4,no,yes,no,source1
F09208,api,api,2,no,yes,no,derivative1
F09209,F06965,api,4,no,yes,no,derivative1
F09211,F10385,javascript,5,no,yes,no,lineage_pair
F09212,F07132,css,4,no,yes,no,source1
F09213,F17941,api,3,no,yes,no,engine_webkit
F09214,F01089,api,3,no,yes,no,engine_webkit
F09215,F13944,http,5,no,yes,no,lineage_pair
F09216,api,api,2,no,yes,no,random2
F09217,F09272,css,4,no,yes,no,engine_webkit
F09218,F15792,api,3,no,yes,no,random2
F09219,api,api,2,no,yes,no,engine_webkit
F09220,F02967,api,3,no,yes,no,source1
F09221,F04770,api,4,yes,yes,no,random2
F09222,F15743,webdriver,5,no,yes,no,derivative1
F09225,F00683,api,3,no,yes,no,derivative1
F09226,F08214,api,3,no,yes,no,random2
F09229,F06563,api,3,no,no,yes,source1
F09232,F15316,css,4,no,yes,no,engine_webkit
F09233,F17212,api,3,no,yes,no,lineage_pair
F09234,api,api,2,no,yes,no,engine_webkit
F09236,F15151,api,4,no,yes,yes,derivative1
F09239,F17746,api,3,no,yes,yes,lineage_pair
F09240,F10181,css,4,no,yes,no,source1
F09242,F01142,api,3,yes,yes,no,random2
F09244,http,http,3,no,yes,no,random2
F09245,F10737,css,4,yes,yes,no,engine_webkit
F09246,F16275,http,4,no,no,yes,source1
F09247,F17649,api,3,no,yes,no,derivative1
F09250,F05384,api,3,no,yes,no,source1
F09251,F08377,api,3,yes,yes,no,random2
F09252,api,api,2,yes,yes,no,lineage_pair
F09255,F17016,api,3,no,yes,no,lineage_pair
F09256,F02089,api,3,no,yes,no,engine_webkit
F09257,F01150,javascript,4,no,yes,no,source1
F09258,F11133,api,3,no,yes,no,random2
F09260,F10814,javascript,5,no,yes,no,random2
F09264,F04521,api,3,no,yes,no,random2
F09265,F15056,css,4,no,yes,no,lineage_pair
F09266,F12235,css,4,no,yes,no,derivative1
F09267,api,api,2,no,yes,no,source1
F09268,F06627,css,4,no,yes,no,lineage_pair
F09269,api,api,2,no,yes,yes,random2
F09270,F10341,css,4,no,yes,no,derivative1
F09271,F15348,api,3,no,yes,no,engine_webkit
F09272,css,css,3,no,yes,no,lineage_pair
F09275,F05651,javascript,5,no,yes,no,random2
F09276,F05674,css,5,no,no,yes,derivative1
F09278,F07170,css,4,no,yes,no,source1
F09279,F17949,css,4,no,yes,no,lineage_pair
F09281,F07447,webdriver,5,no,yes,no,engine_webkit
F09283,F09122,css,4,no,yes,yes,derivative1
F09284,F04979,api,3,no,yes,no,derivative1
F09285,F02242,css,4,yes,yes,no,random2
F09286,F12600,api,3,no,yes,no,source1
F09287,F11883,api,3,no,yes,no,random2
F09290,F01552,css,4,yes,yes,no,random2
F09291,F14767,api,3,no,yes,no,engine_webkit
F09293,F15348,api,3,no,yes,no,source1
F09294,css,css,3,no,no,yes,source1
F09295,F01701,css,4,no,yes,no,random2
F09297,F08395,css,5,no,yes,no,source1
F09298,F04051,http,4,yes,yes,no,random2
F09299,F04724,svg,4,no,yes,no,random2
F09300,api,api,2,no,yes,no,source1
F09302,F04521,api,3,no,yes,no,random2
F09303,F03108,api,3,no,yes,no,engine_webkit
F09304,F09796,css,4,yes,yes,no,derivative1
F09305,F04521,api,3,no,yes,no,lineage_pair
F09306,api,api,2,no,yes,no,derivative1
F09307,F01178,css,4,no,yes,no,source1
F09309,F12612,javascript,4,no,yes,no,engine_webkit
F09310,F14252,api,3,no,yes,no,random2
F09311,F03467,html,4,no,yes,no,source1
F09312,F17103,api,4,yes,no,no,derivative1
F09313,api,api,2,no,yes,no,lineage_pair
F09314,F09126,css,4,no,yes,no,derivative1
F09315,F07151,javascript,4,no,yes,no,random2
F09316,F18491,api,3,no,yes,no,random2
F09317,F11773,api,3,no,yes,no,engine_webkit
F09318,api,api,2,yes,yes,no,engine_webkit
F09319,api,api,2,no,yes,no,lineage_pair
F09320,F03049,api,3,no,yes,no,lineage_pair
F09321,api,api,2,yes,yes,no,engine_webkit
F09322,F04398,api,3,no,yes,no,engine_webkit
F09323,F05690,http,4,no,yes,no,derivative1
F09324,F17784,css,4,no,yes,no,random2
F09325,F04526,api,3,no,yes,no,engine_webkit
F09326,F05829,api,3,no,yes,no,engine_webkit
F09327,F04034,css,4,yes,yes,no,source1
F09329,F07595,api,3,no,yes,no,lineage_pair
F09330,F13579,html,4,no,yes,no,lineage_pair
F09331,F03630,api,4,no,yes,no,derivative1
F09332,F11810,api,3,no,yes,no,source1
F09333,F01150,javascript,4,no,yes,no,lineage_pair
F09335,css,css,3,no,yes,no,engine_webkit
F09336,F00969,api,3,yes,yes,no,lineage_pair
F09337,F08619,api,3,no,yes,no,random2
F09340,F13834,api,3,no,yes,yes,source1
F09341,F17581,css,4,yes,yes,no,source1
F09343,F10074,api,3,no,yes,no,derivative1
F09345,F07543,css,4,no,yes,no,source1
F09347,F06049,http,4,no,yes,no,lineage_pair
F09348,F16275,http,4,yes,yes,no,source1
F09349,F16851,html,5,no,yes,no,engine_webkit
F09350,F05131,api,3,no,yes,no,engine_webkit
F09352,F11553,api,4,no,yes,no,source1
F09354,F02778,api,3,yes,yes,no,random2
F09355,F08020,api,3,no,yes,no,lineage_pair
F09356,F06148,api,3,yes,yes,no,lineage_pair
F09357,F00560,javascript,4,no,yes,no,engine_webkit
F09358,css,css,3,yes,yes,no,engine_webkit
F09359,F09969,api,4,no,yes,no,random2
F09360,F18450,api,3,no,yes,no,lineage_pair
F09361,F06276,css,4,yes,yes,no,random2
F09362,F05948,css,4,no,yes,no,engine_webkit
F09363,F17111,javascript,5,no,yes,no,engine_webkit
F09364,F11750,api,3,yes,yes,no,engine_webkit
F09366,F12402,api,3,no,no,yes,engine_webkit
F09367,F16752,api,4,no,yes,no,derivative1
F09368,F09912,api,5,no,yes,no,derivative1
F09370,F15009,api,3,no,yes,no,engine_webkit
F09371,F12151,api,3,yes,yes,no,source1
F09372,F09122,css,4,no,yes,no,source1
F09373,F16023,css,4,no,yes,no,derivative1
F09375,F12600,api,3,no,yes,no,engine_webkit
F09376,F18491,api,3,no,yes,no,derivative1
F09377,F12321,api,3,yes,yes,no,engine_webkit
F09378,F01922,api,3,yes,yes,no,source1
F09379,F01258,api,3,no,yes,no,source1
F09380,F04521,api,3,no,yes,no,engine_webkit
F09381,F11565,http,4,no,no,yes,random2
F09382,F12432,api,3,no,yes,no,lineage_pair
F09383,F14655,api,3,no,yes,no,source1
F09385,F06423,javascript,4,no,yes,no,engine_webkit
F09386,F12449,api,3,no,yes,no,random2
F09388,api,api,2,no,yes,no,lineage_pair
F09390,F08731,api,3,no,yes,no,random2
F09393,F17699,api,4,no,yes,no,source1
F09394,F05371,api,4,no,yes,no,derivative1
F09395,F07459,api,3,yes,yes,no,engine_webkit
F09396,api,api,2,no,yes,no,random2
F09397,F08624,css,4,yes,yes,no,random2
F09398,javascript,javascript,3,no,yes,no,random2
F09400,F08456,api,3,yes,yes,no,engine_webkit
F09401,F09504,api,3,no,yes,no,source1
F09402,F01944,api,3,no,yes,no,random2
F09404,F09439,api,3,no,yes,no,random2
F09405,http,http,3,no,yes,no,lineage_pair
F09408,F07595,api,3,no,yes,no,random2
F09409,F13182,css,4,no,yes,no,engine_webkit
F09410,F14498,css,4,no,yes,no,engine_webkit
F09411,api,api,2,no,yes,no,source1
F09412,F07659,css,4,no,yes,no,random2
F09413,F14980,css,4,no,yes,no,lineage_pair
F09414,F12406,api,3,no,yes,no,derivative1
F09415,F02761,webdriver,5,yes,yes,no,source1
F09417,F16108,api,3,no,yes,no,engine_webkit
F09420,F14767,api,3,no,yes,no,engine_webkit
F09421,F09945,api,3,no,yes,no,engine_webkit
F09422,F01814,api,3,no,yes,no,random2
F09424,F03464,api,3,no,no,yes,source1
F09425,F08384,api,3,yes,yes,no,lineage_pair
F09426,F17679,api,3,no,yes,no,lineage_pair
F09427,F17910,api,3,yes,yes,no,random2
F09428,F13160,api,3,yes,yes,no,random2
F09430,F11920,api,3,yes,yes,no,random2
F09433,F02893,webdriver,5,no,yes,no,lineage_pair
F09434,F01150,javascript,4,no,yes,no,lineage_pair
F09436,F12349,api,4,yes,yes,no,engine_webkit
F09438,F16408,api,3,no,yes,no,lineage_pair
F09439,api,api,2,no,yes,no,source1
F09440,F01865,api,3,yes,yes,no,random2
F09441,F13725,api,3,no,yes,no,derivative1
F09442,F07269,css,4,no,yes,no,lineage_pair
F09443,javascript,javascript,3,no,yes,no,derivative1
F09444,F10562,api,4,no,yes,no,derivative1
F09445,F14026,css,4,no,yes,no,derivative1
F09446,css,css,3,yes,yes,no,engine_webkit
F09447,F03711,api,4,yes,yes,no,source1
F09449,F11955,api,3,no,yes,no,random2
F09450,F00425,css,4,no,yes,no,derivative1
F09451,F09300,api,3,no,yes,no,source1
F09452,svg,svg,3,no,yes,no,lineage_pair
F09453,F12621,css,4,no,yes,no,random2
F09454,F07804,css,4,no,yes,no,derivative1
F09456,F13086,api,3,no,yes,no,derivative1
F09457,F09945,api,3,no,no,yes,derivative1
F09458,api,api,2,no,yes,yes,lineage_pair
F09459,F11914,api,4,yes,no,no,random2
F09460,F02463,api,3,yes,yes,no,derivative1
F09461,javascript,javascript,3,no,yes,no,random2
F09462,F15475,api,5,yes,yes,no,engine_webkit
F09463,F05764,javascript,4,no,yes,no,lineage_pair
F09465,F07902,api,3,no,yes,no,source1
F09466,F09126,css,4,no,yes,no,source1
F09467,F01080,api,3,no,yes,no,derivative1
F09468,api,api,2,no,yes,no,lineage_pair
F09469,F10107,javascript,5,no,yes,no,derivative1
F09470,F04612,api,3,no,yes,no,engine_webkit
F09471,F05764,javascript,4,no,yes,no,source1
F09473,F15458,javascript,5,no,yes,no,random2
F09474,F08384,api,3,no,yes,no,source1
F09475,F11565,http,4,no,no,yes,source1
F09476,F08384,api,3,no,yes,no,derivative1
F09477,F14427,api,3,yes,no,no,derivative1
F09478,F09982,svg,4,no,yes,no,source1
F09479,F06292,css,4,no,yes,no,random2
F09480,F10178,css,5,no,yes,no,engine_webkit
F09482,api,api,2,no,yes,no,derivative1
F09483,css,css,3,no,yes,no,engine_webkit
F09484,api,api,2,no,yes,no,source1
F09485,F05752,api,3,no,yes,no,derivative1
F09486,F11592,api,3,no,yes,no,source1
F09487,F03205,api,3,yes,yes,no,random2
F09488,F01571,api,4,no,yes,no,random2
F09489,F01333,api,3,no,yes,no,lineage_pair
F09491,F11438,api,3,no,yes,no,lineage_pair
F09494,F14865,html,4,no,yes,no,engine_webkit
F09495,F10914,css,4,no,yes,no,derivative1
F09496,F15247,api,3,no,yes,no,engine_webkit
F09497,F01940,api,3,no,yes,no,engine_webkit
F09498,api,api,2,no,yes,no,random2
F09499,F12869,api,3,yes,yes,no,source1
F09500,F10169,http,4,no,yes,no,source1
F09501,F06990,javascript,5,no,yes,no,source1
F09502,F12404,api,3,no,yes,no,derivative1
F09503,api,api,2,no,yes,no,derivative1
F09504,api,api,2,no,yes,no,engine_webkit
F09506,F16326,api,3,no,yes,no,derivative1
F09507,F18491,api,3,no,yes,no,random2
F09508,F07231,css,4,no,yes,no,derivative1
F09509,F13599,api,4,no,yes,no,random2
F09510,F01650,api,3,no,yes,no,random2
F09511,F08214,api,3,no,yes,no,source1
F09513,F05185,api,3,no,yes,yes,lineage_pair
F09514,F03832,api,3,no,yes,no,lineage_pair
F09516,F13901,css,4,yes,yes,no,derivative1
F09517,F00969,api,3,yes,yes,no,source1
F09518,F16344,api,3,no,yes,no,lineage_pair
F09519,F15328,api,3,no,no,yes,derivative1
F09520,F10048,webdriver,5,yes,yes,no,random2
F09521,F13504,html,4,no,yes,yes,engine_webkit
F09522,api,api,2,no,yes,no,lineage_pair
F09526,F05059,api,3,yes,yes,no,source1
F09527,F06138,api,3,no,yes,no,derivative1
F09528,api,api,2,no,yes,no,random2
F09529,F02074,javascript,4,no,yes,no,engine_webkit
F09532,F05481,api,3,no,yes,no,engine_webkit
F09533,F12321,api,3,yes,yes,no,lineage_pair
F09535,F18171,javascript,4,no,yes,no,engine_webkit
F09538,F14699,html,4,no,yes,yes,lineage_pair
F09540,F04957,api,3,no,yes,no,engine_webkit
F09541,F18171,javascript,4,no,yes,no,engine_webkit
F09542,api,api,2,no,yes,no,random2
F09543,F14725,api,3,no,yes,no,engine_webkit
F09544,F16714,css,4,no,yes,no,source1
F09545,html,html,3,no,yes,no,engine_webkit
F09546,F08384,api,3,no,yes,no,derivative1
F09547,F01701,css,4,no,yes,no,lineage_pair
F09550,F08384,api,3,yes,yes,no,derivative1
F09551,F13805,api,3,yes,yes,no,derivative1
F09552,F09253,api,3,no,yes,no,source1
F09553,F11424,css,4,no,yes,no,source1
F09554,F09253,api,3,no,yes,no,derivative1
F09555,F01650,api,3,no,yes,no,source1
F09557,F09563,api,3,yes,yes,no,engine_webkit
F09558,F09876,api,3,no,yes,no,derivative1
F09559,F17989,api,3,no,yes,no,random2
F09560,css,css,3,no,yes,no,source1
F09562,F13731,css,4,no,yes,no,derivative1
F09563,api,api,2,yes,yes,no,source1
F09564,F13112,css,4,no,yes,no,derivative1
F09565,F06916,api,3,no,yes,no,lineage_pair
F09566,F09096,svg,4,no,yes,no,lineage_pair
F09567,F07804,css,4,yes,yes,no,engine_webkit
F09568,css,css,3,yes,no,no,source1
F09569,api,api,2,no,yes,no,lineage_pair
F09570,F06138,api,3,no,yes,no,lineage_pair
F09572,F06871,api,4,no,yes,no,derivative1
F09573,F18050,api,4,no,yes,no,engine_webkit
F09574,api,api,2,no,yes,no,derivative1
F09576,F18090,api,3,no,yes,no,derivative1
F09577,svg,svg,3,no,yes,no,source1
F09578,F18491,api,3,no,yes,no,source1
F09579,F04069,api,3,no,yes,no,random2
F09580,F00501,css,4,yes,yes,no,source1
F09581,F04059,svg,4,no,yes,no,derivative1
F09582,F15334,webdriver,4,no,yes,no,engine_webkit
F09584,F17236,api,3,no,yes,yes,lineage_pair
F09585,F06315,webdriver,5,no,yes,no,lineage_pair
F09586,F16789,api,3,no,yes,no,lineage_pair
F09588,F05646,api,3,no,yes,no,random2
F09590,api,api,2,no,yes,no,random2
F09592,F05434,api,3,no,yes,no,lineage_pair
F09593,F01488,api,3,yes,yes,no,engine_webkit
F09594,F05640,api,3,no,yes,no,engine_webkit
F09595,F02478,api,4,no,yes,no,derivative1
F09596,F18472,api,3,yes,yes,no,lineage_pair
F09597,F09269,api,3,no,yes,yes,derivative1
F09598,F07151,javascript,4,no,yes,no,random2
F09599,F09855,api,5,yes,yes,no,engine_webkit
F09600,F15358,css,4,no,yes,no,source1
F09601,F03028,css,4,no,yes,no,source1
F09602,F02814,api,3,no,no,yes,random2
F09603,F14997,css,4,yes,yes,no,lineage_pair
F09604,F02731,javascript,4,no,yes,no,engine_webkit
F09607,F01593,javascript,4,no,yes,no,source1
F09609,F07587,api,3,no,no,yes,source1
F09612,F03504,api,3,yes,yes,no,source1
F09614,F05859,html,4,no,yes,yes,random2
F09616,F12321,api,3,yes,yes,no,lineage_pair
F09617,F16108,api,3,no,yes,no,random2
F09618,F16108,api,3,no,yes,yes,derivative1
F09619,api,api,2,no,yes,no,engine_webkit
F09620,F09189,javascript,4,no,yes,no,random2
F09621,F11395,api,3,no,yes,no,random2
F09623,F16585,api,3,yes,yes,no,source1
F09624,javascript,javascript,3,no,yes,no,lineage_pair
F09625,F09253,api,3,no,yes,no,engine_webkit
F09626,F09620,javascript,5,no,yes,no,source1
F09627,F13087,api,3,yes,yes,no,lineage_pair
F09629,F09945,api,3,no,yes,no,lineage_pair
F09630,F04069,api,3,no,yes,no,lineage_pair
F09631,F15532,css,4,no,yes,no,lineage_pair
F09633,F15017,javascript,4,no,yes,no,derivative1
F09634,F00741,api,3,yes,yes,no,engine_webkit
F09635,api,api,2,no,yes,yes,engine_webkit
F09639,F14650,api,5,no,yes,no,lineage_pair
F09641,F07170,css,4,no,yes,no,source1
F09643,F09247,api,4,yes,no,no,source1
F09644,F01151,api,3,no,yes,no,source1
F09645,F03504,api,3,yes,yes,no,source1
F09648,F01878,api,3,no,yes,no,source1
F09649,F08731,api,3,no,yes,no,derivative1
F09650,F04521,api,3,no,yes,no,source1
F09651,F04821,css,4,no,yes,no,random2
F09652,F10108,webdriver,5,no,yes,no,lineage_pair
F09653,F11491,css,4,no,yes,no,lineage_pair
F09655,F06386,api,3,no,yes,no,lineage_pair
F09656,api,api,2,no,yes,no,source1
F09658,api,api,2,no,yes,no,engine_webkit
F09659,F12621,css,4,no,yes,no,source1
F09661,html,html,3,no,yes,no,source1
F09663,F17438,css,4,yes,yes,no,source1
F09664,F03457,css,4,no,yes,no,engine_webkit
F09665,F09938,api,3,no,yes,no,source1
F09666,F08843,api,3,no,yes,no,engine_webkit
F09667,svg,svg,3,no,yes,no,random2
F09668,F18491,api,3,yes,yes,no,source1
F09669,F17581,css,4,no,yes,no,lineage_pair
F09670,F16052,webdriver,4,no,yes,no,source1
F09671,F00372,css,4,no,yes,no,random2
F09672,F15654,javascript,5,no,yes,no,source1
F09673,F15851,css,4,yes,yes,no,random2
F09674,F13753,api,3,no,yes,no,engine_webkit
F09676,F08619,api,3,no,yes,no,random2
F09677,F02713,css,4,no,yes,no,engine_webkit
F09678,F02588,api,3,no,yes,no,random2
F09679,F16146,api,3,no,yes,yes,derivative1
F09680,F08731,api,3,no,yes,no,source1
F09681,css,css,3,no,yes,no,source1
F09682,F07190,api,3,no,yes,no,engine_webkit
F09683,F00264,javascript,4,no,yes,no,derivative1
F09684,F11592,api,3,no,yes,no,derivative1
F09685,F06985,webdriver,5,no,yes,no,engine_webkit
F09686,F04957,api,3,yes,yes,no,random2
F09687,F07860,css,4,yes,yes,no,engine_webkit
F09688,F10862,css,4,no,yes,no,random2
F09689,F17190,api,3,no,yes,no,source1
F09690,F08384,api,3,yes,yes,no,derivative1
F09692,F04521,api,3,no,yes,no,derivative1
F09694,F09778,api,3,no,yes,no,source1
F09695,F14396,api,3,yes,yes,no,random2
F09696,F04521,api,3,no,yes,no,random2
F09697,F15348,api,3,no,yes,no,derivative1
F09698,F05764,javascript,4,no,yes,no,derivative1
F09699,F00471,javascript,4,no,yes,no,source1
F09700,F12321,api,3,yes,yes,no,random2
F09701,F15662,api,3,no,yes,no,random2
F09702,F07363,api,3,no,no,yes,source1
F09703,F14427,api,3,yes,yes,no,derivative1
F09704,F09996,api,3,no,yes,no,lineage_pair
F09705,F17679,api,3,no,yes,no,random2
F09706,F04247,api,4,no,yes,no,derivative1
F09707,F13175,css,4,no,yes,no,random2
F09708,F12099,html,4,no,yes,no,engine_webkit
F09709,F04832,api,4,no,yes,no,random2
F09710,F18491,api,3,no,yes,no,random2
F09711,F13358,webdriver,5,no,yes,no,random2
F09712,F07337,api,3,yes,no,no,derivative1
F09713,F18491,api,3,yes,yes,no,lineage_pair
F09715,F04760,api,3,no,yes,no,lineage_pair
F09716,F13988,webdriver,5,no,yes,no,engine_webkit
F09717,F13257,api,4,no,yes,no,lineage_pair
F09718,F07170,css,4,no,yes,no,random2
F09719,F05541,css,4,no,yes,no,lineage_pair
F09720,F15541,api,3,no,yes,no,lineage_pair
F09721,F16576,api,4,no,yes,no,derivative1
F09722,F05345,css,4,no,yes,no,random2
F09723,F09653,css,5,no,yes,no,lineage_pair
F09726,F06190,css,4,no,yes,no,source1
F09728,html,html,3,no,yes,no,engine_webkit
F09729,F09938,api,3,no,yes,no,derivative1
F09731,F08619,api,3,no,yes,no,derivative1
F09732,F03750,api,3,no,yes,no,lineage_pair
F09733,F07269,css,4,no,yes,no,random2
F09736,F17103,api,4,no,yes,no,engine_webkit
F09737,css,css,3,no,yes,no,engine_webkit
F09739,F14865,html,4,no,yes,yes,random2
F09740,F13865,api,3,no,yes,no,source1
F09742,javascript,javascript,3,no,yes,no,lineage_pair
F09744,F06990,javascript,5,no,yes,no,source1
F09748,F05059,api,3,yes,yes,no,random2
F09750,svg,svg,3,no,yes,no,derivative1
F09751,F07874,api,3,no,yes,no,source1
F09752,F04631,css,4,no,yes,no,lineage_pair
F09753,F02429,api,3,no,yes,no,lineage_pair
F09754,F03457,css,4,no,yes,no,lineage_pair
F09755,F16108,api,3,no,yes,no,lineage_pair
F09757,F07874,api,3,no,yes,no,random2
F09758,F17907,api,4,no,yes,no,random2
F09760,F04620,html,4,no,yes,yes,derivative1
F09761,javascript,javascript,3,no,yes,no,random2
F09762,F04521,api,3,no,yes,no,derivative1
F09763,F00142,api,3,no,yes,no,source1
F09764,F10048,webdriver,5,no,yes,no,source1
F09765,F16152,css,5,no,yes,no,source1
F09766,F14364,javascript,5,no,no,yes,lineage_pair
F09768,F00741,api,3,yes,yes,no,lineage_pair
F09769,F15206,css,4,no,yes,no,engine_webkit
F09770,F09982,svg,4,no,yes,no,engine_webkit
F09771,api,api,2,yes,yes,no,derivative1
F09772,F15662,api,3,no,yes,yes,random2
F09773,F00236,api,3,no,no,no,random2
F09774,F10337,api,3,no,yes,no,random2
F09775,F07274,html,4,no,yes,yes,derivative1
F09777,css,css,3,no,yes,no,lineage_pair
F09778,api,api,2,no,yes,no,random2
F09779,F17881,api,3,no,yes,no,derivative1
F09780,F01837,svg,4,no,yes,no,lineage_pair
F09782,F10181,css,4,no,yes,no,lineage_pair
F09783,F09158,api,3,yes,yes,no,source1
F09784,F07029,svg,4,yes,yes,no,engine_webkit
F09785,F08363,api,4,no,yes,no,source1
F09786,F09852,css,4,no,yes,no,engine_webkit
F09788,F00142,api,3,no,yes,no,random2
F09790,F08170,html,4,no,yes,yes,derivative1
F09791,F04832,api,4,no,yes,no,source1
F09792,F11946,api,3,no,yes,no,source1
F09794,F02994,api,3,no,yes,no,derivative1
F09795,F04691,css,4,no,yes,no,engine_webkit
F09796,css,css,3,yes,yes,no,engine_webkit
F09797,F04723,api,3,no,yes,no,lineage_pair
F09798,F12740,api,3,yes,yes,no,random2
F09799,F10715,javascript,4,no,yes,no,source1
F09800,F17949,css,4,no,yes,no,derivative1
F09802,api,api,2,no,yes,no,source1
F09803,F10967,http,4,no,no,yes,lineage_pair
F09804,F12059,api,3,yes,yes,no,random2
F09806,F11062,api,3,no,no,yes,derivative1
F09807,F14699,html,4,no,yes,no,lineage_pair
F09808,css,css,3,no,yes,no,engine_webkit
F09811,F10511,api,3,no,yes,no,engine_webkit
F09813,F01030,css,5,no,yes,no,engine_webkit
F09814,F03198,api,3,no,no,yes,derivative1
F09815,F09737,css,4,no,yes,no,random2
F09816,F05900,api,3,yes,yes,no,lineage_pair
F09817,F09935,api,3,yes,yes,no,engine_webkit
F09818,F06871,api,4,no,yes,no,derivative1
F09819,F08774,css,4,no,yes,no,derivative1
F09820,F11736,css,4,no,yes,no,derivative1
F09821,F09938,api,3,no,yes,no,random2
F09822,F14731,api,3,no,yes,no,source1
F09823,F10855,api,3,no,yes,no,source1
F09824,F08613,api,3,no,yes,no,derivative1
F09826,F18491,api,3,no,yes,no,lineage_pair
F09827,css,css,3,no,yes,no,derivative1
F09829,F04521,api,3,no,yes,no,derivative1
F09830,F13261,css,4,no,yes,no,derivative1
F09831,F17313,css,4,no,yes,no,random2
F09833,F05434,api,3,no,yes,no,lineage_pair
F09835,F18414,javascript,4,no,yes,no,random2
F09836,F14501,html,4,no,yes,yes,lineage_pair
F09838,F13112,css,4,no,yes,no,source1
F09839,F05247,api,4,no,yes,no,random2
F09840,F01089,api,3,no,yes,no,source1
F09841,F00699,api,3,no,yes,no,engine_webkit
F09842,F04441,api,5,yes,yes,no,random2
F09843,F03319,api,3,no,yes,no,engine_webkit
F09847,F04521,api,3,no,yes,no,source1
F09848,F03180,api,3,no,yes,no,derivative1
F09849,F16275,http,4,yes,yes,no,derivative1
F09850,F16108,api,3,no,yes,no,lineage_pair
F09852,css,css,3,no,yes,no,random2
F09853,F14699,html,4,no,yes,no,source1
F09855,F09518,api,4,no,yes,no,lineage_pair
F09856,F18450,api,3,yes,yes,no,random2
F09858,F13753,api,3,no,yes,no,source1
F09859,F01132,html,4,no,yes,no,engine_webkit
F09860,F12059,api,3,no,yes,no,engine_webkit
F09861,F09938,api,3,no,yes,no,engine_webkit
F09864,F05404,css,4,no,yes,no,lineage_pair
F09865,F11995,svg,5,no,yes,no,derivative1
F09866,F15348,api,3,no,yes,no,source1
F09868,F12321,api,3,yes,yes,no,derivative1
F09869,F13915,css,4,no,yes,no,source1
F09870,F04966,api,3,yes,yes,no,derivative1
F09871,F07132,css,4,no,yes,no,derivative1
F09872,F15581,css,4,no,yes,no,lineage_pair
F09873,F04579,css,4,no,yes,no,lineage_pair
F09874,F11395,api,3,no,yes,no,source1
F09875,api,api,2,no,yes,no,engine_webkit
F09876,api,api,2,no,yes,no,derivative1
F09877,F16090,api,3,no,no,yes,source1
F09878,F13182,css,4,no,yes,no,source1
F09879,F09996,api,3,no,yes,no,source1
F09880,F15017,javascript,4,no,yes,yes,derivative1
F09881,api,api,2,no,yes,no,engine_webkit
F09882,F06916,api,3,no,yes,no,engine_webkit
F09883,F05087,api,3,yes,yes,no,lineage_pair
F09884,F01089,api,3,no,yes,no,derivative1
F09885,F03563,api,3,no,yes,no,random2
F09886,F05651,javascript,5,no,yes,no,lineage_pair
F09887,F16108,api,3,no,no,yes,random2
F09888,F01701,css,4,no,yes,no,lineage_pair
F09889,F01593,javascript,4,no,yes,no,engine_webkit
F09890,F15017,javascript,4,no,yes,yes,source1
F09891,F11019,api,3,no,yes,no,lineage_pair
F09892,F04521,api,3,no,yes,no,source1
F09893,F08681,javascript,5,no,yes,no,random2
F09894,F05617,api,3,yes,yes,no,derivative1
F09895,F00733,api,3,yes,yes,no,random2
F09896,F15012,api,3,yes,yes,no,engine_webkit
F09897,api,api,2,no,yes,no,source1
F09898,F15106,api,3,no,yes,no,engine_webkit
F09899,F05651,javascript,5,no,yes,no,random2
F09900,api,api,2,no,yes,yes,random2
F09903,F12254,javascript,5,no,yes,no,random2
F09904,F03229,api,3,yes,yes,no,random2
F09905,F02967,api,3,no,yes,no,engine_webkit
F09906,F03739,html,6,no,yes,no,source1
F09907,F04957,api,3,no,yes,no,engine_webkit
F09908,F15576,html,5,no,yes,no,lineage_pair
F09909,F11920,api,3,yes,yes,no,random2
F09910,F00732,api,3,no,yes,no,random2
F09911,F00795,api,3,yes,yes,no,source1
F09912,F08666,api,4,no,yes,no,random2
F09913,F04069,api,3,no,yes,no,lineage_pair
F09914,F13205,api,3,yes,yes,no,source1
F09915,F08761,css,4,yes,yes,no,lineage_pair
F09917,F05324,api,5,yes,yes,no,lineage_pair
F09918,F15458,javascript,5,no,yes,no,lineage_pair
F09919,F11565,http,4,no,no,yes,random2
F09920,F01733,api,3,no,yes,no,source1
F09921,F14419,api,3,no,yes,no,random2
F09922,F08233,api,3,no,yes,no,engine_webkit
F09923,F08843,api,3,no,yes,no,lineage_pair
F09924,F13160,api,3,yes,yes,no,source1
F09925,F02490,css,4,yes,yes,no,random2
F09926,api,api,2,no,yes,no,random2
F09927,api,api,2,no,yes,no,random2
F09930,F15106,api,3,no,yes,no,lineage_pair
F09931,F10715,javascript,4,no,yes,no,random2
F09932,F07349,api,4,yes,no,no,source1
F09933,F05342,javascript,5,no,yes,no,lineage_pair
F09934,api,api,2,no,yes,no,source1
F09935,api,api,2,yes,yes,no,source1
F09936,api,api,2,no,yes,yes,engine_webkit
F09937,api,api,2,no,yes,no,lineage_pair
F09939,F06965,api,4,no,yes,no,derivative1
F09940,F09667,svg,4,no,yes,yes,engine_webkit
F09941,F08214,api,3,no,yes,no,random2
F09942,F13096,api,3,no,yes,no,derivative1
F09943,F12621,css,4,no,yes,no,engine_webkit
F09944,F08151,css,4,no,yes,no,derivative1
F09945,api,api,2,no,yes,no,derivative1
F09946,F08377,api,3,no,yes,no,source1
F09947,F14964,css,4,no,yes,no,random2
F09949,F07802,css,4,no,yes,no,random2
F09950,css,css,3,no,yes,no,engine_webkit
F09951,F03563,api,3,no,yes,no,random2
F09952,F07595,api,3,no,yes,no,derivative1
F09953,F18264,api,3,no,yes,no,source1
F09955,F06183,api,3,no,yes,no,source1
F09956,F08316,api,3,yes,yes,no,derivative1
F09957,F03457,css,4,no,yes,no,random2
F09958,F08727,api,3,no,yes,no,lineage_pair
F09959,F01944,api,3,no,no,yes,random2
F09960,F01150,javascript,4,no,yes,no,derivative1
F09961,F16108,api,3,no,yes,no,random2
F09962,F06331,api,3,no,yes,no,lineage_pair
F09963,F09001,api,3,no,yes,no,engine_webkit
F09965,F03435,api,3,no,yes,no,lineage_pair
F09966,F17320,api,3,yes,yes,no,random2
F09967,F18491,api,3,no,yes,no,engine_webkit
F09968,api,api,2,no,yes,no,derivative1
F09969,F17819,api,3,no,yes,no,derivative1
F09970,F15269,api,3,yes,yes,no,derivative1
F09971,F09252,api,3,yes,yes,no,random2
F09972,css,css,3,no,yes,no,lineage_pair
F09973,F15094,css,4,no,yes,no,lineage_pair
F09974,F03998,api,3,no,yes,no,random2
F09975,F18450,api,3,no,yes,no,random2
F09976,F17548,api,4,no,no,yes,derivative1
F09977,F04521,api,3,no,yes,no,derivative1
F09978,F05654,api,3,no,yes,no,lineage_pair
F09979,F01571,api,4,no,yes,no,lineage_pair
F09980,F13731,css,4,no,yes,no,derivative1
F09981,F13594,api,3,no,yes,no,source1
F09982,svg,svg,3,no,yes,no,source1
F09983,F07595,api,3,no,yes,no,engine_webkit
F09985,F00147,css,4,no,yes,no,source1
F09986,api,api,2,no,yes,no,derivative1
F09987,F18486,api,4,no,yes,no,source1
F09988,F00603,css,4,yes,yes,no,engine_webkit
F09989,F10914,css,4,no,yes,no,engine_webkit
F09991,F01663,svg,4,no,yes,no,lineage_pair
F09992,F02723,css,4,no,yes,no,engine_webkit
F09994,css,css,3,no,yes,no,random2
F09996,api,api,2,no,yes,no,derivative1
F09997,api,api,2,no,yes,no,derivative1
F09998,F12604,api,3,no,yes,no,derivative1
F09999,F18414,javascript,4,no,yes,no,random2
F10000,html,html,3,no,yes,no,random2
F10001,F17473,api,3,yes,no,no,source1
F10002,F15017,javascript,4,no,yes,yes,engine_webkit
F10004,javascript,javascript,3,no,yes,no,source1
F10006,F14865,html,4,no,yes,yes,derivative1
F10008,F17989,api,3,no,yes,no,engine_webkit
F10009,F00100,api,3,no,yes,no,lineage_pair
F10010,F14633,api,3,no,yes,no,derivative1
F10011,javascript,javascript,3,no,yes,no,engine_webkit
F10013,F10233,api,3,no,yes,no,source1
F10016,F03686,javascript,5,no,yes,no,engine_webkit
F10017,F05185,api,3,no,yes,yes,random2
F10018,F06985,webdriver,5,no,yes,no,lineage_pair
F10019,F17349,api,3,no,yes,no,random2
F10020,F13210,css,4,no,yes,no,engine_webkit
F10022,F17679,api,3,no,yes,no,random2
F10023,F18064,api,3,no,yes,no,engine_webkit
F10024,F00236,api,3,no,yes,no,random2
F10025,F16040,api,3,no,yes,no,engine_webkit
F10026,api,api,2,yes,yes,no,random2
F10027,F15984,api,3,yes,yes,no,derivative1
F10029,F12278,css,4,no,yes,no,derivative1
F10030,css,css,3,yes,yes,no,derivative1
F10032,javascript,javascript,3,no,yes,no,engine_webkit
F10033,F07595,api,3,no,yes,no,lineage_pair
F10034,css,css,3,no,yes,no,lineage_pair
F10035,F04011,api,5,no,yes,no,lineage_pair
F10036,F16196,api,3,no,yes,no,derivative1
F10037,F05344,css,4,no,yes,no,engine_webkit
F10038,F04620,html,4,no,yes,yes,source1
F10039,F17881,api,3,no,yes,no,derivative1
F10041,api,api,2,no,yes,no,derivative1
F10042,F14767,api,3,no,yes,no,lineage_pair
F10043,F16523,api,3,no,yes,no,engine_webkit
F10044,F15857,html,4,no,yes,no,engine_webkit
F10045,api,api,2,no,yes,yes,source1
F10048,F17795,webdriver,4,no,yes,no,random2
F10049,F17131,css,4,no,yes,no,lineage_pair
F10050,css,css,3,no,yes,no,derivative1
F10052,F12621,css,4,no,yes,no,derivative1
F10053,api,api,2,no,yes,no,lineage_pair
F10054,F08619,api,3,no,yes,no,source1
F10055,F09122,css,4,no,yes,no,engine_webkit
F10056,F00427,api,3,no,yes,no,lineage_pair
F10059,F13601,javascript,4,no,yes,no,engine_webkit
F10061,F12235,css,4,no,yes,no,random2
F10062,F08214,api,3,no,yes,no,derivative1
F10063,F06315,webdriver,5,no,yes,no,engine_webkit
F10064,F04965,css,4,no,yes,no,lineage_pair
F10066,F16275,http,4,yes,yes,no,engine_webkit
F10067,F15792,api,3,no,yes,no,engine_webkit
F10068,F12676,html,4,no,yes,no,random2
F10070,F07228,api,3,no,yes,no,random2
F10073,F03902,api,3,no,yes,no,random2
F10074,api,api,2,no,yes,no,source1
F10075,F06965,api,4,no,yes,no,engine_webkit
F10076,F16747,api,3,yes,yes,no,lineage_pair
F10077,F04069,api,3,no,yes,no,source1
F10079,api,api,2,no,yes,no,derivative1
F10080,F09269,api,3,no,yes,yes,lineage_pair
F10082,F10850,api,5,yes,yes,no,lineage_pair
F10083,F16116,api,3,no,no,yes,lineage_pair
F10084,F03449,javascript,4,no,yes,no,random2
F10085,F04988,api,3,yes,yes,no,source1
F10086,F03163,api,3,no,yes,yes,lineage_pair
F10087,F11506,api,3,no,yes,no,derivative1
F10088,F18118,api,3,no,yes,no,derivative1
F10089,F08336,javascript,5,no,yes,no,source1
F10092,F01601,css,4,no,yes,no,derivative1
F10093,F12479,api,3,no,yes,no,source1
F10094,F05221,api,3,no,yes,no,engine_webkit
F10095,F13008,api,3,yes,yes,no,engine_webkit
F10096,F16108,api,3,no,yes,no,random2
F10097,F14903,api,3,no,yes,no,engine_webkit
F10098,F12321,api,3,yes,yes,no,lineage_pair
F10099,F02038,api,3,no,yes,no,random2
F10100,F10407,api,3,yes,yes,no,engine_webkit
F10102,F10726,css,4,no,yes,no,source1
F10103,F09853,html,5,no,yes,no,random2
F10104,F13579,html,4,no,yes,no,engine_webkit
F10105,api,api,2,yes,yes,no,source1
F10106,F02089,api,3,no,yes,no,derivative1
F10107,F01708,javascript,4,no,yes,no,lineage_pair
F10108,F16052,webdriver,4,no,yes,no,random2
F10109,F15501,http,5,no,yes,no,random2
F10110,F15501,http,5,no,yes,no,random2
F10112,F16591,api,3,no,yes,no,engine_webkit
F10113,html,html,3,no,yes,no,engine_webkit
F10114,html,html,3,no,yes,no,derivative1
F10118,html,html,3,yes,yes,no,lineage_pair
F10121,F01467,api,3,yes,no,no,engine_webkit
F10122,F12943,api,3,no,yes,no,source1
F10123,F01813,api,3,no,yes,no,engine_webkit
F10124,F15168,api,3,no,yes,no,source1
F10125,F09234,api,3,no,yes,no,lineage_pair
F10126,javascript,javascript,3,no,yes,no,source1
F10127,F10393,css,4,no,yes,no,engine_webkit
F10128,F00866,css,4,yes,yes,no,engine_webkit
F10129,F05643,api,3,yes,yes,no,lineage_pair
F10131,F16275,http,4,yes,yes,no,random2
F10132,F08257,api,3,yes,yes,no,engine_webkit
F10133,F18313,api,3,no,yes,no,engine_webkit
F10134,F07349,api,4,yes,no,no,source1
F10136,F17748,css,4,yes,yes,no,derivative1
F10138,F15017,javascript,4,no,yes,no,random2
F10139,F16275,http,4,yes,yes,no,lineage_pair
F10140,F05859,html,4,no,yes,yes,derivative1
F10142,javascript,javascript,3,no,yes,no,source1
F10143,F02497,api,3,no,yes,no,lineage_pair
F10145,api,api,2,no,yes,no,random2
F10146,F17548,api,4,no,yes,no,derivative1
F10148,F10583,api,3,no,yes,no,derivative1
F10149,F17581,css,4,no,yes,no,random2
F10150,F07902,api,3,no,yes,no,lineage_pair
F10151,F07543,css,4,no,yes,no,lineage_pair
F10153,F09319,api,3,no,yes,yes,random2
F10155,F11879,css,4,no,yes,no,engine_webkit
F10156,F01150,javascript,4,no,yes,yes,lineage_pair
F10157,F00142,api,3,no,yes,no,source1
F10159,F17941,api,3,no,yes,no,lineage_pair
F10161,F16028,css,4,no,yes,no,derivative1
F10162,F08189,api,4,no,yes,no,lineage_pair
F10163,F16168,api,3,no,yes,no,lineage_pair
F10165,F15654,javascript,5,no,yes,no,random2
F10166,F02846,api,3,no,no,no,derivative1
F10167,F14125,api,3,no,yes,yes,lineage_pair
F10168,F10374,api,4,yes,yes,no,random2
F10169,http,http,3,no,yes,no,derivative1
F10170,F07715,api,3,no,yes,no,lineage_pair
F10171,F09122,css,4,no,yes,no,random2
F10172,api,api,2,yes,yes,no,lineage_pair
F10175,F09001,api,3,no,yes,no,source1
F10176,F04760,api,3,no,yes,no,engine_webkit
F10177,F11395,api,3,no,yes,no,lineage_pair
F10178,F11415,css,4,no,yes,no,random2
F10179,F15794,api,3,no,yes,no,source1
F10181,css,css,3,no,yes,no,source1
F10182,F04580,api,3,no,yes,no,engine_webkit
F10183,F03164,api,4,no,yes,no,source1
F10184,F05649,api,3,no,yes,no,engine_webkit
F10185,F09158,api,3,yes,yes,no,derivative1
F10186,F07029,svg,4,no,yes,yes,derivative1
F10187,F09411,api,3,no,yes,no,derivative1
F10188,F02429,api,3,no,yes,no,derivative1
F10189,F14993,api,3,no,yes,no,lineage_pair
F10192,F11946,api,3,no,yes,yes,engine_webkit
F10195,F01861,api,3,no,no,no,derivative1
F10196,F14865,html,4,no,yes,no,source1
F10197,F09528,api,3,no,yes,no,random2
F10201,http,http,3,yes,yes,no,source1
F10202,F08843,api,3,no,yes,no,lineage_pair
F10204,F09912,api,5,no,yes,no,lineage_pair
F10206,api,api,2,no,yes,no,lineage_pair
F10207,F15814,api,3,yes,yes,no,derivative1
F10208,F15959,api,3,no,yes,no,random2
F10209,F04521,api,3,no,yes,no,engine_webkit
F10210,F14980,css,4,no,yes,no,lineage_pair
F10212,F04069,api,3,no,yes,no,engine_webkit
F10213,F01400,svg,4,no,yes,no,random2
F10214,F18491,api,3,no,yes,no,source1
F10215,F18491,api,3,no,no,no,source1
F10217,F10715,javascript,4,no,yes,no,random2
F10221,F17692,svg,4,no,yes,no,engine_webkit
F10222,F14650,api,5,no,yes,no,source1
F10223,F09461,javascript,4,no,yes,no,lineage_pair
F10224,F10206,api,3,no,yes,no,derivative1
F10225,F13205,api,3,yes,yes,no,derivative1
F10227,F06488,api,3,yes,yes,no,engine_webkit
F10228,F00290,css,4,no,yes,no,source1
F10231,F17949,css,4,no,yes,no,engine_webkit
F10232,F06132,api,3,no,yes,no,lineage_pair
F10234,api,api,2,yes,yes,no,source1
F10235,F17314,api,3,yes,yes,no,derivative1
F10239,F10398,api,4,no,yes,no,lineage_pair
F10240,F03747,api,3,no,yes,no,random2
F10242,F09234,api,3,no,yes,no,source1
F10244,F08843,api,3,yes,yes,no,source1
F10245,F05571,api,3,no,yes,no,lineage_pair
F10246,F02220,api,3,no,yes,no,engine_webkit
F10247,F09504,api,3,no,yes,no,engine_webkit
F10248,F16392,css,4,no,yes,no,source1
F10249,F04521,api,3,no,yes,no,derivative1
F10253,F16770,api,3,no,yes,yes,derivative1
F10254,F03005,svg,4,no,yes,no,engine_webkit
F10257,F15792,api,3,no,yes,no,random2
F10258,F01080,api,3,no,yes,no,random2
F10259,api,api,2,yes,yes,no,random2
F10260,F10715,javascript,4,no,yes,no,source1
F10261,F03180,api,3,no,yes,no,engine_webkit
F10263,F04521,api,3,no,yes,no,random2
F10266,F02967,api,3,no,yes,no,random2
F10267,F14114,api,3,no,yes,no,source1
F10268,F14823,css,4,no,yes,no,lineage_pair
F10270,css,css,3,no,no,no,source1
F10271,F01490,api,4,no,yes,no,lineage_pair
F10272,F14571,api,3,no,yes,no,random2
F10273,F00721,css,4,no,yes,no,random2
F10276,F11064,api,3,no,yes,no,engine_webkit
F10278,F15713,css,4,yes,yes,no,source1
F10279,F01019,api,3,no,yes,no,derivative1
F10281,F14501,html,4,no,yes,yes,lineage_pair
F10282,F00121,html,4,no,yes,no,derivative1
F10283,css,css,3,no,no,yes,derivative1
F10284,F04828,api,3,no,yes,no,lineage_pair
F10285,F01251,api,3,yes,yes,no,derivative1
F10286,F05651,javascript,5,no,yes,no,engine_webkit
F10287,F07547,api,3,no,yes,no,source1
F10288,F16052,webdriver,4,no,yes,no,derivative1
F10289,F04521,api,3,no,yes,no,lineage_pair
F10291,F18491,api,3,no,yes,no,lineage_pair
F10292,F18361,css,4,no,yes,no,derivative1
F10293,F11439,css,4,no,yes,no,random2
F10294,css,css,3,no,yes,no,random2
F10295,http,http,3,no,yes,no,random2
F10296,F06627,css,4,no,no,no,derivative1
F10297,F17307,html,7,no,yes,no,source1
F10299,F13316,css,4,no,yes,no,derivative1
F10300,F14711,svg,4,no,yes,no,random2
F10301,F16130,api,4,no,yes,no,engine_webkit
F10302,F14597,css,4,no,yes,no,random2
F10303,F16108,api,3,no,yes,no,engine_webkit
F10304,F03747,api,3,no,yes,no,random2
F10305,css,css,3,no,yes,no,source1
F10306,F14372,api,3,yes,yes,no,random2
F10307,F05001,css,4,no,yes,no,derivative1
F10308,F02731,javascript,4,no,yes,no,derivative1
F10309,F12680,api,3,no,yes,no,random2
F10311,F03049,api,3,no,yes,no,random2
F10312,F01467,api,3,no,yes,no,derivative1
F10313,F16075,api,3,no,yes,no,engine_webkit
F10314,api,api,2,no,yes,no,lineage_pair
F10316,F16399,css,4,yes,yes,no,random2
F10318,F07253,css,4,yes,yes,no,source1
F10319,css,css,3,no,yes,no,derivative1
F10320,F15329,css,4,no,yes,no,derivative1
F10321,F10924,api,3,no,yes,no,derivative1
F10323,F05557,api,3,no,yes,no,engine_webkit
F10324,F01782,api,4,no,yes,no,lineage_pair
F10327,F01764,javascript,5,no,yes,no,source1
F10329,F14802,api,4,yes,yes,no,source1
F10330,F04011,api,5,no,no,yes,random2
F10331,F01178,css,4,no,yes,no,engine_webkit
F10333,F01865,api,3,yes,yes,no,engine_webkit
F10334,F06990,javascript,5,no,yes,no,derivative1
F10336,F01019,api,3,no,yes,no,source1
F10338,F04917,javascript,4,no,yes,no,engine_webkit
F10339,F04860,api,4,yes,yes,no,random2
F10340,F03280,api,4,yes,yes,no,engine_webkit
F10341,css,css,3,no,yes,no,random2
F10342,F05324,api,5,no,yes,no,engine_webkit
F10343,F15585,api,4,yes,yes,no,source1
F10344,F10107,javascript,5,no,yes,no,source1
F10345,F13574,css,4,no,no,no,derivative1
F10347,svg,svg,3,no,yes,no,source1
F10348,F01922,api,3,yes,yes,no,engine_webkit
F10349,F06425,api,3,yes,yes,no,engine_webkit
F10350,F09080,api,3,no,yes,no,source1
F10353,F12402,api,3,no,no,yes,lineage_pair
F10354,css,css,3,no,yes,no,derivative1
F10355,F18482,webdriver,5,yes,yes,no,derivative1
F10356,F01150,javascript,4,no,yes,no,source1
F10357,svg,svg,3,no,yes,no,derivative1
F10358,F08632,api,3,no,yes,no,random2
F10359,http,http,3,no,yes,no,random2
F10361,F12881,css,4,no,yes,no,engine_webkit
F10362,F13574,css,4,no,yes,no,lineage_pair
F10363,F15049,api,3,no,no,yes,random2
F10364,F17111,javascript,5,no,yes,no,engine_webkit
F10365,F08170,html,4,no,yes,yes,source1
F10368,css,css,3,no,yes,no,random2
F10369,F04577,webdriver,5,no,yes,no,engine_webkit
F10370,F17473,api,3,yes,no,no,random2
F10371,F18491,api,3,no,yes,no,source1
F10372,F08619,api,3,no,yes,no,random2
F10373,F16178,api,5,no,yes,no,random2
F10374,F08632,api,3,no,yes,no,derivative1
F10375,F13316,css,4,no,yes,no,random2
F10376,F02096,api,3,no,yes,no,derivative1
F10380,F01878,api,3,no,yes,no,source1
F10381,F01571,api,4,no,yes,no,random2
F10382,F15348,api,3,no,yes,no,lineage_pair
F10384,F16752,api,4,no,yes,no,lineage_pair
F10385,F06423,javascript,4,no,yes,no,source1
F10386,F08102,svg,4,no,yes,no,random2
F10387,F08843,api,3,no,yes,no,derivative1
F10388,F08731,api,3,no,yes,no,source1
F10389,F13601,javascript,4,no,yes,no,source1
F10391,F12722,css,4,no,yes,no,random2
F10392,javascript,javascript,3,no,yes,no,engine_webkit
F10393,css,css,3,no,yes,no,derivative1
F10394,F18011,webdriver,5,no,yes,no,lineage_pair
F10395,F06276,css,4,yes,yes,no,lineage_pair
F10396,F09563,api,3,yes,yes,no,lineage_pair
F10397,F13376,css,4,no,yes,no,source1
F10398,F08214,api,3,no,yes,no,derivative1
F10399,F01089,api,3,no,yes,no,lineage_pair
F10400,api,api,2,no,yes,no,engine_webkit
F10401,javascript,javascript,3,no,yes,no,lineage_pair
F10402,F01732,css,4,no,yes,no,random2
F10403,F14634,css,4,no,yes,no,random2
F10405,html,html,3,no,yes,no,derivative1
F10406,F09504,api,3,no,yes,no,source1
F10407,api,api,2,yes,yes,no,random2
F10408,F04477,api,4,yes,yes,no,lineage_pair
F10410,F18491,api,3,no,yes,no,random2
F10411,F09313,api,3,no,yes,no,random2
F10412,F03495,api,3,no,yes,no,derivative1
F10413,F03469,api,3,no,yes,no,source1
F10414,css,css,3,no,yes,no,engine_webkit
F10415,http,http,3,no,yes,no,engine_webkit
F10416,F08700,http,3,no,yes,no,engine_webkit
F10418,F08632,api,3,no,yes,no,source1
F10419,F04821,css,4,no,yes,no,lineage_pair
F10420,F08599,svg,4,no,yes,no,derivative1
F10421,F00142,api,3,no,yes,no,source1
F10422,F10257,api,4,no,yes,no,source1
F10423,F01080,api,3,no,yes,no,engine_webkit
F10424,F08062,api,3,no,yes,no,derivative1
F10425,F16392,css,4,yes,yes,no,engine_webkit
F10426,F05571,api,3,no,yes,no,engine_webkit
F10428,F08384,api,3,yes,no,no,source1
F10429,javascript,javascript,3,no,yes,no,derivative1
F10430,F16244,webdriver,5,no,yes,no,engine_webkit
F10431,F13753,api,3,no,yes,no,engine_webkit
F10432,F08926,api,4,yes,yes,no,lineage_pair
F10433,F01647,api,3,no,yes,no,derivative1
F10434,F00522,webdriver,6,yes,yes,no,derivative1
F10435,F14731,api,3,yes,yes,no,lineage_pair
F10436,F06985,webdriver,5,yes,yes,no,engine_webkit
F10437,F16108,api,3,no,yes,no,engine_webkit
F10439,api,api,2,no,yes,yes,derivative1
F10440,F04521,api,3,yes,yes,no,source1
F10441,F04422,api,3,no,yes,no,lineage_pair
F10442,F12168,html,4,no,yes,yes,random2
F10444,F12621,css,4,no,yes,no,lineage_pair
F10446,F12742,javascript,5,no,yes,no,source1
F10447,api,api,2,no,yes,no,random2
F10448,F17773,api,3,no,yes,no,random2
F10449,svg,svg,3,no,yes,no,random2
F10451,F08803,css,4,no,yes,no,derivative1
F10452,F12869,api,3,yes,yes,no,lineage_pair
F10454,F00582,webdriver,5,no,yes,no,engine_webkit
F10455,F11671,html,4,no,yes,no,source1
F10458,F06940,api,4,no,yes,no,random2
F10459,F07151,javascript,4,no,yes,no,lineage_pair
F10460,F04521,api,3,no,yes,no,lineage_pair
F10461,api,api,2,no,yes,no,source1
F10462,F07231,css,4,no,yes,no,source1
F10463,F03902,api,3,no,yes,no,lineage_pair
F10464,F04422,api,3,no,yes,no,source1
F10465,F09208,api,3,no,yes,no,source1
F10466,F04069,api,3,no,yes,no,lineage_pair
F10467,F05516,api,3,no,yes,no,source1
F10468,api,api,2,yes,yes,no,random2
F10473,api,api,2,no,yes,no,source1
F10475,F07327,css,4,no,yes,no,lineage_pair
F10477,css,css,3,yes,yes,no,source1
F10478,F08076,api,3,yes,yes,no,source1
F10480,F08843,api,3,no,no,yes,lineage_pair
F10482,F02967,api,3,no,yes,no,lineage_pair
F10483,F12943,api,3,no,yes,no,derivative1
F10484,F00895,api,3,no,yes,no,random2
F10485,F18171,javascript,4,no,yes,no,lineage_pair
F10487,svg,svg,3,no,yes,no,lineage_pair
F10488,F15725,api,4,no,yes,no,derivative1
F10489,F09300,api,3,no,yes,no,derivative1
F10490,F04069,api,3,no,yes,no,derivative1
F10491,F17949,css,4,no,yes,no,lineage_pair
F10492,F14823,css,4,no,yes,no,source1
F10493,F16108,api,3,no,yes,yes,random2
F10494,F17699,api,4,yes,yes,no,engine_webkit
F10496,F03198,api,3,no,no,yes,lineage_pair
F10498,F03373,api,3,no,yes,no,lineage_pair
F10499,F13574,css,4,no,yes,no,random2
F10500,F17205,css,4,no,yes,no,lineage_pair
F10502,F07284,api,3,no,yes,no,lineage_pair
F10504,F18491,api,3,yes,no,no,derivative1
F10506,F04780,api,3,no,yes,no,engine_webkit
F10507,F11200,api,3,no,yes,no,engine_webkit
F10508,F05860,html,4,no,yes,yes,lineage_pair
F10513,F18459,css,5,yes,yes,no,source1
F10514,F00142,api,3,no,yes,no,source1
F10515,F06916,api,3,no,yes,no,engine_webkit
F10516,F09582,webdriver,5,no,yes,no,lineage_pair
F10518,html,html,3,yes,yes,no,engine_webkit
F10519,F17283,html,4,no,yes,no,source1
F10520,F11565,http,4,no,no,yes,source1
F10521,F14823,css,4,no,yes,no,source1
F10522,F09396,api,3,no,yes,yes,derivative1
F10524,F08843,api,3,no,yes,no,random2
F10525,css,css,3,no,yes,no,lineage_pair
F10527,F07595,api,3,no,yes,no,lineage_pair
F10528,F17554,css,4,no,no,no,lineage_pair
F10529,F13096,api,3,no,yes,no,engine_webkit
F10530,F15111,css,4,no,yes,no,lineage_pair
F10531,F12150,api,3,yes,yes,no,lineage_pair
F10532,F15105,css,4,yes,yes,no,source1
F10534,F03686,javascript,5,no,yes,no,engine_webkit
F10536,http,http,3,yes,yes,no,random2
F10537,F03018,api,3,no,yes,no,derivative1
F10538,F01701,css,4,no,yes,no,derivative1
F10539,F16244,webdriver,5,no,yes,no,source1
F10540,F02616,api,3,no,yes,no,random2
F10541,F12204,css,5,no,no,no,random2
F10543,http,http,3,no,no,yes,engine_webkit
F10544,F04526,api,3,no,yes,no,source1
F10545,api,api,2,no,yes,no,lineage_pair
F10547,api,api,2,yes,yes,no,random2
F10548,F09398,javascript,4,no,yes,no,random2
F10549,F08689,api,3,no,yes,yes,engine_webkit
F10551,F13634,css,4,no,yes,no,derivative1
F10552,svg,svg,3,no,yes,no,engine_webkit
F10553,F08843,api,3,no,yes,no,random2
F10554,F04770,api,4,no,yes,no,random2
F10555,F01132,html,4,no,yes,no,lineage_pair
F10556,F07802,css,4,no,yes,no,random2
F10557,F01130,api,3,yes,yes,no,engine_webkit
F10558,webdriver,webdriver,3,no,yes,no,lineage_pair
F10559,F13316,css,4,no,yes,no,random2
F10560,F02903,css,4,no,yes,no,random2
F10561,css,css,3,no,yes,no,engine_webkit
F10562,F09945,api,3,no,yes,no,source1
F10563,F15888,api,3,yes,yes,no,derivative1
F10564,F15458,javascript,5,no,yes,no,source1
F10565,F13893,api,3,no,yes,no,lineage_pair
F10566,F14823,css,4,no,yes,no,engine_webkit
F10568,F04944,api,3,no,yes,yes,source1
F10569,F05404,css,4,no,no,yes,random2
F10571,F18001,api,3,no,yes,no,source1
F10572,api,api,2,no,yes,no,engine_webkit
F10573,api,api,2,no,yes,no,source1
F10574,F11361,css,4,no,yes,no,derivative1
F10575,F09037,api,3,no,yes,no,derivative1
F10577,css,css,3,no,yes,no,engine_webkit
F10578,F17193,api,3,no,no,yes,random2
F10579,F03877,api,3,yes,yes,no,source1
F10580,F10987,css,4,yes,yes,no,random2
F10581,F09853,html,5,no,yes,no,engine_webkit
F10582,F03435,api,3,no,yes,no,lineage_pair
F10583,api,api,2,no,yes,no,derivative1
F10584,css,css,3,no,yes,no,source1
F10585,F06687,api,3,no,yes,no,source1
F10587,F15888,api,3,yes,yes,no,lineage_pair
F10588,F09653,css,5,no,yes,no,random2
F10589,F09208,api,3,no,yes,no,random2
F10591,F17699,api,4,yes,no,no,derivative1
F10593,F05834,css,4,no,yes,no,derivative1
F10594,F07569,html,4,no,yes,no,random2
F10595,css,css,3,no,yes,no,lineage_pair
F10597,F11770,css,5,no,no,no,lineage_pair
F10598,F04709,api,4,no,yes,no,engine_webkit
F10599,F15017,javascript,4,no,yes,no,source1
F10600,F14026,css,4,no,yes,no,engine_webkit
F10601,api,api,2,no,yes,no,source1
F10603,F09122,css,4,no,yes,no,source1
F10604,F03902,api,3,no,yes,no,random2
F10605,F18264,api,3,no,yes,no,derivative1
F10606,F02449,api,3,no,yes,no,lineage_pair
F10609,F09945,api,3,no,yes,no,derivative1
F10612,F12115,css,4,no,yes,no,random2
F10613,F04737,api,4,no,yes,no,source1
F10615,F00590,api,3,yes,yes,no,random2
F10616,javascript,javascript,3,no,yes,no,engine_webkit
F10617,F16123,api,3,yes,yes,no,source1
F10619,F12982,api,3,yes,yes,no,source1
F10620,F13753,api,3,no,yes,no,engine_webkit
F10622,F12321,api,3,yes,yes,no,source1
F10623,css,css,3,no,yes,no,random2
F10624,F15982,html,4,no,yes,no,source1
F10625,F07363,api,3,no,no,yes,lineage_pair
F10626,F10199,api,3,no,yes,no,lineage_pair
F10627,F17746,api,3,no,yes,no,lineage_pair
F10628,F07543,css,4,no,yes,no,source1
F10629,F18471,api,3,no,yes,no,lineage_pair
F10631,F15334,webdriver,4,no,yes,no,random2
F10632,F17563,api,3,yes,yes,no,engine_webkit
F10633,F01701,css,4,no,yes,no,lineage_pair
F10634,css,css,3,no,yes,no,lineage_pair
F10635,http,http,3,yes,yes,no,lineage_pair
F10636,api,api,2,no,no,yes,lineage_pair
F10637,F12507,api,3,no,no,yes,derivative1
F10638,F01275,css,4,no,yes,no,source1
F10639,F17584,api,5,yes,yes,no,derivative1
F10640,F16108,api,3,no,no,no,source1
F10641,F18156,api,4,no,yes,no,source1
F10643,F13980,css,4,yes,no,no,engine_webkit
F10645,F05707,css,4,no,yes,no,derivative1
F10646,F12114,api,4,no,yes,no,source1
F10647,F15334,webdriver,4,no,yes,no,derivative1
F10648,F08108,css,4,no,yes,no,source1
F10649,F13376,css,4,no,yes,no,random2
F10650,F01944,api,3,no,yes,yes,source1
F10651,F14731,api,3,no,yes,no,random2
F10653,F13579,html,4,no,yes,no,source1
F10654,F03421,css,5,no,yes,no,random2
F10655,F18156,api,4,no,yes,no,source1
F10656,F02271,css,4,yes,yes,no,engine_webkit
F10657,F04344,api,3,no,yes,no,lineage_pair
F10659,F03829,api,3,yes,yes,no,engine_webkit
F10660,F02510,api,3,no,yes,no,engine_webkit
F10661,css,css,3,yes,yes,no,source1
F10662,F01231,api,3,no,no,yes,lineage_pair
F10663,F11439,css,4,no,yes,no,derivative1
F10665,css,css,3,no,yes,no,source1
F10666,F14699,html,4,no,no,yes,lineage_pair
F10669,F15851,css,4,yes,yes,no,derivative1
F10670,F09253,api,3,no,yes,no,random2
F10671,F12869,api,3,yes,yes,no,derivative1
F10673,F18491,api,3,no,yes,no,engine_webkit
F10674,api,api,2,no,yes,no,random2
F10677,F03563,api,3,no,yes,no,engine_webkit
F10680,F12402,api,3,no,no,yes,derivative1
F10681,F10404,api,3,no,yes,no,lineage_pair
F10682,api,api,2,yes,yes,no,derivative1
F10683,F01178,css,4,no,yes,no,engine_webkit
F10684,F16090,api,3,no,no,yes,lineage_pair
F10685,F13091,css,4,no,yes,no,derivative1
F10686,F00663,api,3,no,yes,no,random2
F10687,F13825,api,3,yes,yes,no,engine_webkit
F10688,F01234,webdriver,6,no,yes,no,random2
F10689,F04026,api,3,no,yes,no,derivative1
F10690,F01150,javascript,4,no,yes,no,engine_webkit
F10692,F04631,css,4,no,yes,no,engine_webkit
F10694,F04957,api,3,no,yes,no,engine_webkit
F10695,F15583,css,4,yes,yes,no,random2
F10697,F05097,css,4,no,yes,no,lineage_pair
F10698,F15501,http,5,no,yes,no,random2
F10699,F06594,svg,5,no,yes,no,random2
F10700,html,html,3,no,yes,no,source1
F10701,F18491,api,3,no,yes,no,source1
F10703,F01940,api,3,no,yes,no,source1
F10704,F07765,api,3,yes,yes,no,source1
F10705,F18274,api,3,no,yes,no,lineage_pair
F10706,F09313,api,3,no,yes,no,lineage_pair
F10708,F05674,css,5,no,yes,no,source1
F10709,F14202,html,4,no,yes,no,derivative1
F10710,F04521,api,3,no,yes,no,random2
F10712,F11067,css,4,no,yes,no,lineage_pair
F10713,api,api,2,no,yes,no,engine_webkit
F10714,F03766,api,3,yes,yes,no,source1
F10715,javascript,javascript,3,no,yes,no,engine_webkit
F10716,F15982,html,4,no,yes,no,random2
F10717,F07151,javascript,4,no,yes,no,random2
F10719,F08772,api,3,no,yes,no,lineage_pair
F10720,F05764,javascript,4,no,yes,no,lineage_pair
F10721,api,api,2,no,yes,no,derivative1
F10722,F18491,api,3,yes,no,no,engine_webkit
F10723,F02761,webdriver,5,yes,yes,no,lineage_pair
F10725,F10636,api,3,no,no,yes,random2
F10726,css,css,3,no,yes,no,random2
F10728,F10967,http,4,yes,yes,no,lineage_pair
F10729,F01461,html,5,no,yes,no,lineage_pair
F10730,F17944,api,3,no,yes,no,derivative1
F10731,api,api,2,yes,yes,no,engine_webkit
F10732,F12621,css,4,no,yes,no,lineage_pair
F10733,F00501,css,4,yes,yes,no,lineage_pair
F10734,F14144,http,4,no,yes,no,lineage_pair
F10735,F11550,css,5,no,yes,no,engine_webkit
F10737,css,css,3,yes,yes,no,random2
F10738,api,api,2,no,yes,no,random2
F10739,F12150,api,3,yes,yes,no,engine_webkit
F10741,F00863,javascript,4,no,yes,no,lineage_pair
F10742,css,css,3,no,no,yes,derivative1
F10743,F05485,api,3,no,yes,no,engine_webkit
F10744,F08384,api,3,no,yes,no,engine_webkit
F10746,api,api,2,yes,yes,no,source1
F10747,F02829,api,4,no,yes,no,derivative1
F10749,F01891,svg,4,no,yes,no,lineage_pair
F10750,F13568,webdriver,5,no,yes,no,random2
F10751,F16108,api,3,no,yes,no,derivative1
F10752,F13182,css,4,no,yes,no,engine_webkit
F10753,F05440,css,4,no,yes,no,engine_webkit
F10754,F12322,svg,4,no,yes,no,source1
F10755,F17315,api,3,no,yes,no,derivative1
F10756,F10682,api,3,yes,yes,no,lineage_pair
F10757,F12321,api,3,yes,yes,no,random2
F10758,F17220,api,4,no,yes,no,random2
F10761,F06916,api,3,no,yes,no,lineage_pair
F10763,css,css,3,no,yes,no,source1
F10764,F09126,css,4,no,yes,no,engine_webkit
F10765,F02510,api,3,no,yes,no,derivative1
F10766,F08214,api,3,no,yes,no,source1
F10767,F16653,css,4,no,yes,no,derivative1
F10768,F02891,api,3,no,yes,no,lineage_pair
F10770,F13579,html,4,no,yes,no,random2
F10771,api,api,2,no,yes,no,derivative1
F10773,F18491,api,3,no,yes,no,lineage_pair
F10774,F15017,javascript,4,no,yes,no,engine_webkit
F10775,F15296,html,4,no,yes,no,lineage_pair
F10777,http,http,3,no,yes,no,source1
F10779,F16131,css,4,no,yes,no,derivative1
F10781,F13182,css,4,no,yes,no,lineage_pair
F10782,F14597,css,4,no,yes,no,source1
F10783,F01620,api,3,yes,yes,no,lineage_pair
F10785,F09569,api,3,no,yes,no,lineage_pair
F10787,F02095,api,3,no,yes,no,random2
F10788,F06077,api,3,no,yes,no,source1
F10789,F00809,api,4,yes,no,no,lineage_pair
F10791,F04521,api,3,no,yes,no,random2
F10793,F07595,api,3,no,yes,no,derivative1
F10794,api,api,2,no,yes,no,random2
F10795,svg,svg,3,no,yes,no,engine_webkit
F10796,F15037,css,4,no,yes,no,engine_webkit
F10797,F11021,api,3,no,yes,no,derivative1
F10798,F03563,api,3,no,yes,no,derivative1
F10799,F00699,api,3,no,yes,no,random2
F10800,F04821,css,4,no,yes,no,lineage_pair
F10801,F03457,css,4,no,yes,no,random2
F10802,F14903,api,3,no,yes,no,derivative1
F10803,http,http,3,yes,yes,no,random2
F10806,F13594,api,3,no,yes,no,engine_webkit
F10807,F12461,css,4,no,yes,no,source1
F10808,F18001,api,3,no,yes,no,source1
F10809,F10601,api,3,no,yes,no,derivative1
F10810,F12099,html,4,no,yes,yes,random2
F10812,F07595,api,3,no,yes,no,random2
F10814,F12612,javascript,4,no,yes,no,derivative1
F10815,F00826,javascript,4,no,yes,no,source1
F10816,F01764,javascript,5,no,yes,no,derivative1
F10817,F01923,api,3,no,yes,no,lineage_pair
F10818,css,css,3,yes,yes,no,derivative1
F10819,F11142,api,3,no,yes,no,random2
F10820,F05384,api,3,no,yes,no,derivative1
F10821,F02670,api,3,yes,yes,no,random2
F10822,F16275,http,4,yes,yes,no,random2
F10823,F00583,api,3,no,yes,no,random2
F10824,F16146,api,3,no,yes,yes,lineage_pair
F10825,F02009,css,4,no,yes,yes,engine_webkit
F10826,F05829,api,3,no,yes,no,source1
F10827,F09945,api,3,no,yes,no,derivative1
F10828,F00250,api,3,no,yes,no,source1
F10829,F15054,svg,4,no,yes,no,random2
F10830,F17989,api,3,no,yes,no,lineage_pair
F10832,F08843,api,3,no,yes,yes,source1
F10833,F03467,html,4,no,yes,no,random2
F10834,F09945,api,3,no,yes,no,lineage_pair
F10835,http,http,3,no,yes,no,derivative1
F10836,F17438,css,4,no,yes,no,lineage_pair
F10837,F14113,css,4,no,yes,no,random2
F10838,F13574,css,4,no,no,no,random2
F10839,api,api,2,no,yes,no,derivative1
F10842,F11534,css,4,no,yes,no,engine_webkit
F10843,F08214,api,3,no,yes,no,source1
F10844,F06708,css,4,no,yes,no,derivative1
F10845,F01552,css,4,yes,yes,no,source1
F10846,css,css,3,no,yes,no,random2
F10847,F11883,api,3,no,yes,no,lineage_pair
F10848,F16108,api,3,no,yes,no,source1
F10849,F16109,api,3,yes,yes,no,random2
F10850,F02187,api,4,yes,yes,no,lineage_pair
F10851,F07274,html,4,no,yes,no,derivative1
F10852,F11565,http,4,no,no,yes,derivative1
F10853,F09982,svg,4,no,yes,no,source1
F10854,F13826,api,3,no,yes,no,engine_webkit
F10855,api,api,2,no,yes,no,random2
F10857,F17941,api,3,no,yes,no,engine_webkit
F10858,F16108,api,3,no,yes,yes,source1
F10859,F08362,api,3,no,yes,no,source1
F10860,F15017,javascript,4,no,yes,no,lineage_pair
F10861,F13376,css,4,no,yes,no,lineage_pair
F10862,css,css,3,no,yes,no,engine_webkit
F10863,F14821,css,5,no,yes,no,random2
F10864,F18313,api,3,no,yes,no,random2
F10865,css,css,3,no,yes,no,engine_webkit
F10866,F05362,api,3,no,no,yes,engine_webkit
F10867,F15675,api,4,no,yes,no,derivative1
F10868,F15405,api,3,no,yes,no,derivative1
F10869,F03721,api,3,no,yes,no,source1
F10871,F04065,css,4,no,yes,no,lineage_pair
F10873,F03902,api,3,no,yes,no,lineage_pair
F10874,F15754,css,4,no,yes,no,engine_webkit
F10876,F07528,css,4,no,yes,no,lineage_pair
F10878,api,api,2,yes,yes,no,engine_webkit
F10879,F09973,css,5,no,yes,no,source1
F10880,F18491,api,3,yes,no,no,engine_webkit
F10882,F00142,api,3,no,yes,no,lineage_pair
F10883,F07514,javascript,4,no,yes,no,lineage_pair
F10884,F06221,javascript,5,no,yes,no,source1
F10885,F04026,api,3,no,yes,no,engine_webkit
F10886,F04644,webdriver,4,no,yes,no,derivative1
F10888,api,api,2,no,yes,no,engine_webkit
F10889,F02778,api,3,yes,yes,no,lineage_pair
F10891,F16496,api,3,no,yes,no,engine_webkit
F10892,F10726,css,4,no,yes,no,random2
F10893,F18473,api,3,yes,yes,no,random2
F10894,F12254,javascript,5,no,yes,no,engine_webkit
F10896,F10404,api,3,no,yes,no,lineage_pair
F10898,F00142,api,3,no,yes,no,lineage_pair
F10899,api,api,2,no,yes,no,engine_webkit
F10902,F13756,css,4,yes,yes,no,lineage_pair
F10905,F14633,api,3,no,yes,no,derivative1
F10906,F09852,css,4,no,yes,no,random2
F10907,F03877,api,3,yes,yes,no,derivative1
F10908,F18430,css,4,yes,yes,no,derivative1
F10909,F06990,javascript,5,no,yes,no,derivative1
F10910,F13112,css,4,no,yes,no,lineage_pair
F10912,F04087,api,4,no,yes,no,source1
F10913,F12426,api,3,no,no,yes,random2
F10914,css,css,3,no,yes,no,lineage_pair
F10915,F18491,api,3,no,yes,no,engine_webkit
F10916,F08214,api,3,no,yes,no,engine_webkit
F10917,F11058,css,4,no,yes,no,source1
F10918,F03630,api,4,no,yes,no,lineage_pair
F10919,F16657,javascript,5,no,yes,no,derivative1
F10920,F12321,api,3,yes,yes,no,lineage_pair
F10921,F03469,api,3,yes,no,no,source1
F10922,F13725,api,3,no,yes,no,source1
F10923,F07447,webdriver,5,no,yes,no,engine_webkit
F10924,api,api,2,no,yes,no,random2
F10925,F17260,svg,4,yes,no,no,source1
F10927,F06101,api,3,no,no,yes,source1
F10928,F14731,api,3,no,yes,no,derivative1
F10931,F07547,api,3,no,yes,no,random2
F10932,F13393,api,3,no,yes,no,derivative1
F10933,F07595,api,3,no,yes,no,source1
F10934,F15041,css,4,yes,yes,no,derivative1
F10935,F03829,api,3,yes,yes,no,engine_webkit
F10936,F00427,api,3,no,yes,no,derivative1
F10937,F15982,html,4,no,yes,no,source1
F10938,F07106,svg,4,no,yes,no,derivative1
F10939,F13608,api,3,no,yes,no,derivative1
F10940,http,http,3,no,yes,yes,derivative1
F10942,F11002,css,4,no,yes,no,derivative1
F10944,F07917,api,3,no,yes,no,lineage_pair
F10947,F02731,javascript,4,no,yes,no,random2
F10948,F13616,html,5,no,yes,yes,random2
F10949,F10577,css,4,no,yes,no,engine_webkit
F10950,F09306,api,3,no,yes,no,random2
F10951,F18141,api,3,no,yes,yes,derivative1
F10952,javascript,javascript,3,no,yes,no,derivative1
F10954,F06138,api,3,no,yes,no,derivative1
F10955,F06990,javascript,5,no,yes,no,lineage_pair
F10956,F16108,api,3,no,yes,yes,random2
F10957,F05651,javascript,5,no,yes,no,derivative1
F10958,F10169,http,4,no,yes,no,random2
F10959,F10107,javascript,5,no,yes,no,lineage_pair
F10960,F16344,api,3,no,yes,no,source1
F10961,api,api,2,yes,yes,no,derivative1
F10963,F07595,api,3,no,yes,no,lineage_pair
F10964,F01861,api,3,no,yes,no,lineage_pair
F10965,F14823,css,4,no,yes,no,lineage_pair
F10966,F03268,css,4,no,yes,no,engine_webkit
F10967,http,http,3,no,yes,no,random2
F10969,F00777,api,3,no,yes,no,source1
F10970,F00068,api,4,no,yes,no,lineage_pair
F10971,F15541,api,3,no,yes,no,engine_webkit
F10972,F12321,api,3,yes,yes,no,derivative1
F10973,F13988,webdriver,5,yes,yes,no,derivative1
F10975,F13205,api,3,yes,yes,no,source1
F10976,F04965,css,4,no,yes,no,engine_webkit
F10977,F07029,svg,4,no,yes,no,engine_webkit
F10978,api,api,2,yes,yes,no,engine_webkit
F10979,F16123,api,3,yes,yes,no,random2
F10980,javascript,javascript,3,no,yes,no,engine_webkit
F10981,F12185,css,4,yes,yes,no,engine_webkit
F10982,F03563,api,3,no,yes,no,source1
F10984,F12382,api,3,no,yes,no,lineage_pair
F10987,css,css,3,yes,yes,no,lineage_pair
F10988,F00733,api,3,yes,yes,no,random2
F10989,F12000,css,4,no,yes,no,source1
F10991,F07915,svg,4,no,yes,no,lineage_pair
F10992,webdriver,webdriver,3,no,yes,no,lineage_pair
F10993,F00082,html,4,no,no,yes,random2
F10995,F14495,api,3,no,yes,no,engine_webkit
F10997,F11534,css,4,no,yes,no,engine_webkit
F10999,F01375,svg,4,no,yes,no,engine_webkit
F11000,F01282,api,3,no,yes,no,lineage_pair
F11001,F17927,api,3,yes,yes,no,random2
F11002,css,css,3,no,yes,no,engine_webkit
F11004,F11152,api,4,yes,yes,no,random2
F11005,F07893,api,3,no,yes,yes,source1
F11006,css,css,3,no,yes,no,engine_webkit
F11007,F04069,api,3,no,yes,no,source1
F11008,F04614,api,3,yes,yes,no,source1
F11011,F01967,api,4,no,yes,no,engine_webkit
F11012,F00888,api,3,yes,yes,no,lineage_pair
F11013,F08383,api,3,no,yes,no,random2
F11014,F05324,api,5,no,yes,no,source1
F11015,F12923,api,3,yes,yes,no,source1
F11016,css,css,3,no,yes,yes,engine_webkit
F11017,F04444,api,3,no,yes,no,source1
F11019,api,api,2,no,yes,no,random2
F11021,api,api,2,no,yes,no,source1
F11022,F08970,css,4,no,yes,no,source1
F11024,F03326,api,3,yes,yes,no,derivative1
F11025,F01089,api,3,no,yes,no,source1
F11026,webdriver,webdriver,3,no,yes,no,engine_webkit
F11027,F05481,api,3,no,yes,no,lineage_pair
F11029,F06138,api,3,no,yes,no,random2
F11030,F08600,css,4,no,yes,no,engine_webkit
F11031,F11510,api,3,no,yes,no,lineage_pair
F11032,F18491,api,3,no,yes,no,random2
F11033,F05352,api,3,no,yes,no,random2
F11035,html,html,3,no,yes,no,lineage_pair
F11036,F14823,css,4,no,yes,no,lineage_pair
F11037,svg,svg,3,no,yes,no,random2
F11038,F18491,api,3,no,yes,no,lineage_pair
F11039,F07595,api,3,no,yes,no,derivative1
F11040,F04069,api,3,no,yes,no,lineage_pair
F11041,F12402,api,3,no,no,yes,lineage_pair
F11042,F07337,api,3,yes,no,no,random2
F11043,F09269,api,3,no,yes,yes,lineage_pair
F11044,css,css,3,no,yes,no,engine_webkit
F11045,html,html,3,no,yes,no,random2
F11047,F07337,api,3,yes,no,no,derivative1
F11048,F15017,javascript,4,no,yes,no,derivative1
F11050,F14823,css,4,no,yes,no,random2
F11051,F13579,html,4,no,yes,no,lineage_pair
F11052,F14767,api,3,yes,yes,no,source1
F11053,F17715,css,4,no,yes,no,source1
F11054,F07860,css,4,yes,yes,no,random2
F11055,F09321,api,3,yes,yes,no,derivative1
F11056,F10181,css,4,no,yes,no,random2
F11057,F09177,api,3,no,yes,no,lineage_pair
F11058,css,css,3,no,yes,no,lineage_pair
F11059,F12114,api,4,no,yes,no,random2
F11060,api,api,2,no,yes,no,source1
F11062,api,api,2,no,yes,no,engine_webkit
F11063,F03711,api,4,yes,no,no,source1
F11064,api,api,2,no,yes,no,engine_webkit
F11065,webdriver,webdriver,3,no,yes,no,lineage_pair
F11066,F05721,api,3,no,yes,no,source1
F11067,css,css,3,no,yes,no,source1
F11068,F00721,css,4,yes,yes,no,derivative1
F11069,api,api,2,no,yes,no,source1
F11070,F17699,api,4,no,yes,no,source1
F11071,F08803,css,4,no,yes,no,lineage_pair
F11073,F17606,html,4,no,yes,yes,engine_webkit
F11075,F12869,api,3,yes,yes,no,source1
F11076,F04917,javascript,4,no,yes,no,engine_webkit
F11077,F00741,api,3,yes,yes,no,source1
F11078,F07246,css,4,yes,yes,no,derivative1
F11079,css,css,3,no,yes,no,derivative1
F11080,F16090,api,3,no,no,yes,engine_webkit
F11081,F03368,api,5,yes,yes,no,derivative1
F11082,F06425,api,3,yes,yes,no,random2
F11083,F08554,javascript,5,no,yes,no,source1
F11084,F13188,html,5,no,yes,no,engine_webkit
F11085,F14731,api,3,no,yes,no,derivative1
F11088,F02195,api,3,no,yes,no,source1
F11090,F17684,css,4,no,yes,no,lineage_pair
F11091,F12321,api,3,yes,yes,no,random2
F11092,F13316,css,4,no,yes,no,lineage_pair
F11093,F09542,api,3,no,yes,no,engine_webkit
F11094,F09967,api,4,no,yes,no,lineage_pair
F11095,F14529,api,3,no,yes,no,derivative1
F11097,javascript,javascript,3,no,yes,no,derivative1
F11098,F08088,api,3,yes,yes,no,lineage_pair
F11101,F09945,api,3,no,yes,no,derivative1
F11104,F18507,api,3,no,yes,no,lineage_pair
F11105,F12402,api,3,no,no,yes,random2
F11107,F16892,api,3,yes,yes,no,source1
F11108,F16275,http,4,yes,yes,no,source1
F11110,F04180,css,4,no,yes,no,lineage_pair
F11112,F06871,api,4,no,yes,no,derivative1
F11113,F00721,css,4,no,yes,no,engine_webkit
F11114,F13256,api,3,no,yes,no,source1
F11115,F04521,api,3,no,yes,no,lineage_pair
F11116,F15743,webdriver,5,no,yes,no,lineage_pair
F11117,F13725,api,3,no,yes,no,derivative1
F11118,F11565,http,4,no,no,yes,derivative1
F11121,css,css,3,no,yes,no,lineage_pair
F11122,F08749,api,3,no,yes,no,derivative1
F11123,F17069,css,4,no,yes,no,random2
F11124,F07231,css,4,no,yes,no,derivative1
F11125,F03803,css,4,no,yes,no,lineage_pair
F11126,F14026,css,4,no,yes,no,lineage_pair
F11127,F14285,api,3,no,yes,no,lineage_pair
F11129,F02625,api,3,no,yes,no,derivative1
F11130,F14125,api,3,no,yes,no,lineage_pair
F11131,F13239,api,3,no,yes,no,lineage_pair
F11132,F07170,css,4,no,yes,no,engine_webkit
F11133,api,api,2,no,yes,no,engine_webkit
F11134,F02123,api,4,no,yes,no,derivative1
F11135,css,css,3,no,yes,no,random2
F11140,F09945,api,3,no,no,yes,lineage_pair
F11142,api,api,2,no,yes,no,source1
F11143,F16056,css,4,no,yes,no,derivative1
F11144,F09208,api,3,no,yes,no,random2
F11145,F18491,api,3,no,yes,no,random2
F11146,F12126,api,3,no,yes,no,derivative1
F11147,F05643,api,3,yes,yes,no,random2
F11148,F13579,html,4,no,yes,yes,derivative1
F11149,F12324,api,3,no,yes,no,derivative1
F11152,F05829,api,3,no,yes,no,lineage_pair
F11153,css,css,3,no,yes,no,derivative1
F11154,F11773,api,3,no,yes,no,random2
F11156,F13797,svg,4,no,yes,no,derivative1
F11159,F10545,api,3,no,yes,no,source1
F11161,F09934,api,3,no,yes,no,derivative1
F11162,api,api,2,no,yes,no,random2
F11163,F01089,api,3,no,yes,no,source1
F11164,F08658,api,3,no,yes,no,source1
F11165,svg,svg,3,no,yes,no,random2
F11167,css,css,3,no,yes,no,random2
F11168,F13574,css,4,no,yes,no,random2
F11169,css,css,3,no,yes,no,derivative1
F11170,F08894,webdriver,5,no,yes,no,random2
F11171,F12646,http,4,no,yes,no,engine_webkit
F11173,F07874,api,3,no,yes,no,lineage_pair
F11174,F10737,css,4,yes,yes,no,lineage_pair
F11175,F15017,javascript,4,no,yes,yes,derivative1
F11176,css,css,3,no,yes,no,engine_webkit
F11177,F06871,api,4,no,yes,no,random2
F11180,F05193,css,4,no,yes,yes,lineage_pair
F11181,F13579,html,4,no,yes,no,random2
F11182,F15582,api,3,no,yes,no,random2
F11183,F02502,api,3,yes,yes,no,derivative1
F11184,F08619,api,3,no,yes,no,derivative1
F11185,F15273,html,4,no,yes,no,derivative1
F11186,F07595,api,3,no,yes,no,random2
F11187,F17679,api,3,no,yes,no,derivative1
F11188,F03311,css,4,yes,yes,no,lineage_pair
F11190,F06563,api,3,no,no,yes,lineage_pair
F11194,F16399,css,4,yes,yes,no,random2
F11195,F09996,api,3,no,yes,no,source1
F11196,F14699,html,4,no,yes,no,random2
F11197,F10573,api,3,no,yes,no,derivative1
F11198,F06990,javascript,5,no,yes,no,engine_webkit
F11199,F09518,api,4,no,yes,no,lineage_pair
F11201,F05851,html,4,no,yes,yes,random2
F11203,F08843,api,3,no,no,yes,lineage_pair
F11204,F01369,css,4,no,yes,no,source1
F11205,css,css,3,no,yes,no,random2
F11206,F12150,api,3,yes,yes,no,lineage_pair
F11208,F17773,api,3,no,yes,no,random2
F11210,F00121,html,4,no,yes,no,lineage_pair
F11211,F16275,http,4,yes,no,no,source1
F11212,F13797,svg,4,no,yes,no,source1
F11213,F07304,api,3,yes,yes,no,source1
F11214,F00130,api,3,no,yes,no,random2
F11215,F18491,api,3,no,yes,no,lineage_pair
F11216,F04398,api,3,no,yes,no,lineage_pair
F11217,api,api,2,no,yes,no,lineage_pair
F11218,F16714,css,4,yes,yes,no,derivative1
F11219,api,api,2,no,yes,no,engine_webkit
F11220,F04198,api,3,no,yes,no,source1
F11222,F13507,api,3,no,yes,no,lineage_pair
F11223,F02842,api,3,no,yes,no,random2
F11224,F10477,css,4,yes,yes,no,source1
F11226,api,api,2,no,yes,no,derivative1
F11227,F01098,webdriver,5,yes,yes,no,random2
F11228,F02731,javascript,4,no,yes,no,lineage_pair
F11229,F03686,javascript,5,no,yes,no,engine_webkit
F11230,F12276,javascript,4,no,yes,yes,engine_webkit
F11231,F08403,api,3,no,no,yes,lineage_pair
F11232,F01150,javascript,4,no,yes,no,engine_webkit
F11233,css,css,3,no,yes,no,source1
F11235,F15902,css,4,no,yes,no,engine_webkit
F11236,F13834,api,3,no,yes,yes,random2
F11237,F04064,css,4,no,yes,no,lineage_pair
F11238,F04208,api,3,no,yes,no,random2
F11239,F06358,css,4,no,yes,no,derivative1
F11240,F17909,api,3,no,yes,no,lineage_pair
F11241,F06275,webdriver,5,no,yes,no,random2
F11242,F16714,css,4,no,yes,no,lineage_pair
F11243,F16108,api,3,no,yes,no,engine_webkit
F11244,F00683,api,3,no,yes,no,random2
F11245,F12141,css,4,no,yes,no,derivative1
F11246,F18430,css,4,no,yes,no,engine_webkit
F11247,F02842,api,3,no,yes,no,lineage_pair
F11249,css,css,3,no,no,no,engine_webkit
F11250,F10583,api,3,no,yes,no,derivative1
F11251,F04521,api,3,no,yes,no,source1
F11254,F11395,api,3,no,yes,no,engine_webkit
F11256,F09484,api,3,no,yes,no,engine_webkit
F11257,F00795,api,3,yes,yes,no,lineage_pair
F11258,F05352,api,3,no,yes,yes,engine_webkit
F11259,api,api,2,no,yes,no,engine_webkit
F11260,F01732,css,4,no,yes,no,derivative1
F11261,F06077,api,3,no,yes,no,source1
F11263,F08214,api,3,no,yes,no,engine_webkit
F11264,F11518,api,3,no,yes,yes,random2
F11265,F12321,api,3,yes,yes,no,source1
F11266,F17111,javascript,5,no,yes,no,derivative1
F11267,F10487,svg,4,no,yes,no,source1
F11268,F01089,api,3,no,yes,no,random2
F11269,F07988,api,3,no,yes,no,lineage_pair
F11270,F16100,webdriver,5,no,yes,no,engine_webkit
F11271,F01089,api,3,no,yes,no,derivative1
F11272,F01132,html,4,no,yes,no,random2
F11273,F08720,api,3,yes,yes,no,random2
F11275,F06386,api,3,no,no,no,engine_webkit
F11276,F16714,css,4,yes,yes,no,lineage_pair
F11281,api,api,2,no,yes,no,engine_webkit
F11282,F06990,javascript,5,no,yes,no,source1
F11284,F05651,javascript,5,no,yes,no,source1
F11285,F12604,api,3,no,yes,no,engine_webkit
F11287,F17885,api,3,no,yes,no,lineage_pair
F11288,F15588,svg,4,no,yes,no,source1
F11289,F18118,api,3,no,yes,no,engine_webkit
F11291,F01732,css,4,no,yes,no,source1
F11292,F11753,http,4,yes,yes,no,source1
F11293,F18368,css,4,no,yes,no,source1
F11294,F00290,css,4,no,yes,no,source1
F11295,F04412,api,3,yes,yes,no,engine_webkit
F11296,F03297,javascript,4,no,yes,no,source1
F11297,F05406,api,3,no,yes,no,derivative1
F11298,F12254,javascript,5,no,yes,no,engine_webkit
F11299,api,api,2,no,yes,no,engine_webkit
F11301,F04392,css,4,no,yes,no,lineage_pair
F11302,F16972,api,3,yes,yes,no,derivative1
F11303,api,api,2,no,yes,no,random2
F11304,F16090,api,3,no,no,yes,derivative1
F11306,F02371,webdriver,5,no,yes,no,engine_webkit
F11308,F08843,api,3,no,yes,no,random2
F11309,F10107,javascript,5,no,yes,no,derivative1
F11311,F13579,html,4,no,yes,no,source1
F11315,F03902,api,3,no,yes,no,engine_webkit
F11316,css,css,3,no,yes,no,source1
F11317,F02020,css,4,yes,yes,no,derivative1
F11318,F15467,api,3,yes,yes,no,lineage_pair
F11320,F03630,api,4,no,yes,no,derivative1
F11321,css,css,3,no,no,no,random2
F11322,F05059,api,3,yes,yes,no,engine_webkit
F11324,css,css,3,no,yes,no,random2
F11326,F02731,javascript,4,no,yes,no,source1
F11327,F01660,css,4,no,yes,no,source1
F11328,F14823,css,4,no,yes,no,derivative1
F11330,F15662,api,3,no,yes,yes,lineage_pair
F11331,F10835,http,4,no,yes,no,source1
F11332,F14152,css,5,yes,yes,no,derivative1
F11333,F18491,api,3,no,no,no,engine_webkit
F11334,F09019,api,3,no,yes,no,random2
F11335,F06275,webdriver,5,no,yes,no,derivative1
F11336,F12600,api,3,no,yes,no,derivative1
F11337,F12479,api,3,no,yes,no,engine_webkit
F11341,F08786,css,4,yes,yes,no,derivative1
F11342,F06186,css,4,no,yes,no,lineage_pair
F11343,F16108,api,3,no,yes,no,lineage_pair
F11344,F15348,api,3,no,yes,no,random2
F11345,http,http,3,yes,yes,no,derivative1
F11348,F18491,api,3,no,yes,no,lineage_pair
F11349,F11943,css,4,no,yes,no,derivative1
F11350,svg,svg,3,no,yes,no,lineage_pair
F11352,F16275,http,4,yes,yes,no,engine_webkit
F11353,F15745,javascript,4,no,yes,no,derivative1
F11354,F00683,api,3,no,yes,no,engine_webkit
F11356,F05516,api,3,no,yes,no,source1
F11357,F18491,api,3,no,yes,no,source1
F11358,http,http,3,no,yes,no,random2
F11360,javascript,javascript,3,no,yes,no,random2
F11361,css,css,3,no,yes,no,derivative1
F11363,F01089,api,3,no,yes,no,random2
F11364,F01333,api,3,no,yes,no,lineage_pair
F11366,F05764,javascript,4,no,yes,no,lineage_pair
F11367,F18495,api,3,no,yes,no,derivative1
F11368,F03902,api,3,no,yes,no,random2
F11369,F13594,api,3,no,yes,no,source1
F11372,F10527,api,4,no,yes,no,random2
F11374,F16108,api,3,no,yes,no,lineage_pair
F11376,F08275,api,4,no,yes,no,derivative1
F11377,F04579,css,4,no,yes,no,random2
F11378,F08558,css,4,no,yes,no,engine_webkit
F11379,F10726,css,4,no,yes,no,lineage_pair
F11380,F11987,api,3,no,yes,no,random2
F11383,F07234,api,3,no,yes,no,derivative1
F11384,F09122,css,4,no,yes,no,engine_webkit
F11385,F17525,api,3,no,yes,no,lineage_pair
F11387,api,api,2,yes,yes,no,engine_webkit
F11390,F18414,javascript,4,no,yes,no,engine_webkit
F11391,F04521,api,3,no,yes,no,source1
F11392,F10341,css,4,no,yes,no,engine_webkit
F11393,F04392,css,4,yes,yes,no,source1
F11394,css,css,3,yes,yes,no,random2
F11395,api,api,2,no,yes,no,random2
F11398,F17190,api,3,no,yes,no,source1
F11400,F12000,css,4,no,yes,no,source1
F11401,html,html,3,no,yes,no,engine_webkit
F11404,F16629,api,4,yes,no,no,lineage_pair
F11405,F11303,api,3,no,yes,no,engine_webkit
F11406,F09574,api,3,no,yes,no,source1
F11407,F08843,api,3,no,yes,no,derivative1
F11408,F16108,api,3,no,yes,no,random2
F11409,F14644,api,3,no,yes,no,derivative1
F11410,F03435,api,3,no,yes,no,random2
F11411,F09167,svg,4,no,yes,no,lineage_pair
F11412,F18491,api,3,yes,yes,no,derivative1
F11413,F01019,api,3,no,yes,no,derivative1
F11415,css,css,3,no,yes,no,random2
F11416,F18491,api,3,no,yes,no,lineage_pair
F11417,F03557,javascript,4,no,yes,no,lineage_pair
F11418,F09938,api,3,no,yes,no,derivative1
F11419,F12276,javascript,4,no,yes,no,lineage_pair
F11420,F14903,api,3,no,yes,yes,random2
F11423,http,http,3,no,yes,no,engine_webkit
F11424,css,css,3,no,yes,no,engine_webkit
F11425,F01448,css,4,no,yes,no,engine_webkit
F11426,api,api,2,no,yes,no,random2
F11427,svg,svg,3,no,yes,no,random2
F11428,F05643,api,3,yes,yes,no,lineage_pair
F11429,api,api,2,no,no,yes,lineage_pair
F11430,F02761,webdriver,5,yes,yes,no,source1
F11431,F06313,javascript,5,no,yes,no,lineage_pair
F11432,F01571,api,4,no,yes,no,lineage_pair
F11433,F11069,api,3,no,yes,no,random2
F11434,javascript,javascript,3,no,yes,no,source1
F11435,F07638,api,3,no,yes,no,engine_webkit
F11438,api,api,2,no,yes,no,source1
F11439,css,css,3,no,yes,no,lineage_pair
F11440,css,css,3,yes,yes,no,derivative1
F11441,F16040,api,3,no,yes,no,derivative1
F11443,api,api,2,no,yes,no,random2
F11444,F09968,api,3,no,yes,no,random2
F11445,F02243,api,4,yes,yes,no,lineage_pair
F11446,F17250,api,3,no,yes,no,lineage_pair
F11447,F17349,api,3,no,yes,no,source1
F11448,F08520,api,4,no,yes,no,lineage_pair
F11450,F10967,http,4,no,no,yes,random2
F11451,F13601,javascript,4,no,yes,no,source1
F11453,F08575,api,3,no,yes,no,source1
F11455,F10987,css,4,yes,yes,no,derivative1
F11456,css,css,3,no,yes,no,derivative1
F11457,F11570,api,4,no,yes,no,derivative1
F11459,F13579,html,4,no,yes,no,source1
F11462,css,css,3,no,yes,no,random2
F11463,F17699,api,4,no,yes,no,engine_webkit
F11464,F11133,api,3,no,yes,no,derivative1
F11465,F07151,javascript,4,no,yes,no,derivative1
F11467,F06520,css,4,no,yes,no,random2
F11469,F10818,css,4,yes,yes,no,random2
F11470,F17069,css,4,no,yes,no,source1
F11471,css,css,3,no,no,no,derivative1
F11472,http,http,3,no,yes,no,engine_webkit
F11473,F04230,api,4,no,yes,no,source1
F11474,F17879,api,3,no,yes,no,lineage_pair
F11475,F01490,api,4,no,yes,no,lineage_pair
F11476,F18264,api,3,no,yes,no,random2
F11477,F10987,css,4,yes,yes,no,engine_webkit
F11478,F15902,css,4,no,yes,no,engine_webkit
F11479,svg,svg,3,no,yes,no,lineage_pair
F11482,F01923,api,3,no,yes,no,derivative1
F11483,F05059,api,3,yes,yes,no,random2
F11484,F09019,api,3,no,yes,no,derivative1
F11486,F18491,api,3,no,yes,no,derivative1
F11487,F15541,api,3,no,yes,no,lineage_pair
F11488,F15471,api,3,no,no,yes,derivative1
F11489,F02989,webdriver,5,yes,no,no,lineage_pair
F11490,F14587,svg,4,no,yes,no,random2
F11491,css,css,3,no,yes,no,engine_webkit
F11492,F04521,api,3,no,yes,no,engine_webkit
F11494,F09619,api,3,no,yes,no,random2
F11495,F12891,html,5,yes,no,no,engine_webkit
F11496,html,html,3,no,yes,no,random2
F11497,F17971,html,6,yes,yes,no,lineage_pair
F11498,F06108,api,3,no,yes,no,derivative1
F11500,html,html,3,no,yes,no,derivative1
F11501,F03902,api,3,no,yes,no,engine_webkit
F11502,F17699,api,4,no,yes,no,source1
F11504,F03926,api,4,no,yes,no,derivative1
F11506,api,api,2,no,yes,no,random2
F11507,F04620,html,4,no,yes,yes,lineage_pair
F11508,F05690,http,4,no,yes,no,engine_webkit
F11509,F11395,api,3,no,yes,no,random2
F11511,F15713,css,4,yes,yes,no,engine_webkit
F11513,F15527,api,3,no,yes,no,lineage_pair
F11514,F07231,css,4,no,yes,no,derivative1
F11515,F07595,api,3,no,yes,no,lineage_pair
F11516,css,css,3,no,yes,no,random2
F11517,F05193,css,4,no,yes,yes,random2
F11518,api,api,2,no,yes,yes,random2
F11519,F18238,api,3,no,yes,no,random2
F11520,F13805,api,3,yes,yes,no,source1
F11521,F01593,javascript,4,no,yes,no,lineage_pair
F11522,F01764,javascript,5,no,yes,no,lineage_pair
F11525,api,api,2,yes,yes,no,lineage_pair
F11526,F17952,api,3,no,no,yes,source1
F11527,F15003,javascript,4,no,yes,no,derivative1
F11528,api,api,2,no,yes,no,random2
F11529,F09994,css,4,no,yes,no,source1
F11532,F10288,webdriver,5,no,yes,no,engine_webkit
F11533,F03072,javascript,4,no,yes,no,source1
F11534,css,css,3,no,yes,no,engine_webkit
F11535,F04392,css,4,no,yes,no,derivative1
F11536,F07635,api,5,no,yes,no,engine_webkit
F11537,F17819,api,3,no,yes,no,engine_webkit
F11538,F09937,api,3,no,yes,no,engine_webkit
F11539,F08491,css,4,yes,yes,no,source1
F11541,http,http,3,no,yes,no,source1
F11543,css,css,3,no,yes,no,lineage_pair
F11544,api,api,2,yes,yes,no,random2
F11547,F11062,api,3,no,yes,no,derivative1
F11548,F12150,api,3,yes,yes,no,random2
F11549,F11064,api,3,no,yes,no,derivative1
F11550,F09122,css,4,no,yes,no,engine_webkit
F11551,F04026,api,3,no,yes,no,derivative1
F11552,F13914,css,4,no,yes,no,engine_webkit
F11553,F16591,api,3,no,yes,no,derivative1
F11554,F04152,css,4,yes,yes,no,derivative1
F11556,F08600,css,4,no,yes,no,lineage_pair
F11558,F06990,javascript,5,no,yes,no,engine_webkit
F11559,F06916,api,3,no,yes,no,source1
F11560,F00665,api,4,no,yes,no,lineage_pair
F11561,F08594,api,3,no,yes,no,derivative1
F11562,F15168,api,3,no,yes,no,source1
F11564,F06687,api,3,no,yes,no,derivative1
F11565,http,http,3,no,no,yes,derivative1
F11566,F17699,api,4,yes,yes,no,random2
F11567,F15106,api,3,no,yes,no,derivative1
F11568,F15878,api,4,yes,yes,no,lineage_pair
F11569,F01674,api,4,no,yes,no,engine_webkit
F11570,F18491,api,3,no,yes,no,source1
F11571,api,api,2,no,yes,no,random2
F11572,F12881,css,4,no,yes,no,source1
F11573,F03161,css,4,yes,yes,no,derivative1
F11575,F15017,javascript,4,no,yes,no,lineage_pair
F11576,F18414,javascript,4,no,yes,no,derivative1
F11577,F01620,api,3,yes,yes,no,random2
F11578,F15054,svg,4,no,yes,no,source1
F11584,F08205,webdriver,5,no,yes,no,engine_webkit
F11585,F13579,html,4,no,yes,no,source1
F11586,F13251,webdriver,4,no,yes,no,derivative1
F11588,F13239,api,3,no,yes,no,engine_webkit
F11590,F11565,http,4,no,no,yes,engine_webkit
F11591,api,api,2,no,yes,no,source1
F11593,api,api,2,no,yes,no,random2
F11594,F08384,api,3,yes,yes,no,lineage_pair
F11595,F06715,api,3,no,yes,no,derivative1
F11596,api,api,2,no,yes,no,derivative1
F11597,F13574,css,4,no,yes,no,derivative1
F11598,F09670,webdriver,5,no,yes,no,derivative1
F11601,F11500,html,4,no,no,yes,random2
F11602,F18491,api,3,no,yes,no,derivative1
F11603,F03902,api,3,no,yes,no,engine_webkit
F11604,css,css,3,no,no,no,lineage_pair
F11605,css,css,3,yes,yes,no,engine_webkit
F11606,F12150,api,3,yes,yes,no,lineage_pair
F11607,F06275,webdriver,5,no,yes,no,random2
F11609,F02651,api,3,no,yes,no,lineage_pair
F11610,http,http,3,no,yes,no,derivative1
F11611,F13261,css,4,no,yes,no,derivative1
F11614,F01266,api,4,no,yes,no,random2
F11615,F08843,api,3,yes,yes,no,derivative1
F11616,F14619,svg,4,no,yes,no,random2
F11618,F04950,api,4,no,yes,no,lineage_pair
F11620,F00142,api,3,yes,yes,no,engine_webkit
F11621,F07634,api,4,no,yes,no,engine_webkit
F11622,F01089,api,3,no,no,yes,source1
F11623,F14241,svg,4,no,yes,no,random2
F11625,F10314,api,3,no,yes,no,source1
F11626,F06495,api,3,no,yes,no,random2
F11627,F11592,api,3,no,yes,no,derivative1
F11629,F06305,api,3,no,no,yes,engine_webkit
F11630,F02731,javascript,4,no,yes,no,derivative1
F11632,F08377,api,3,no,no,yes,source1
F11634,F18491,api,3,no,yes,no,derivative1
F11636,F17679,api,3,no,yes,no,engine_webkit
F11637,F01850,api,5,yes,yes,no,lineage_pair
F11638,F09122,css,4,no,yes,yes,random2
F11639,F07440,api,3,no,yes,no,derivative1
F11640,F18491,api,3,no,yes,no,random2
F11642,F18450,api,3,no,yes,no,lineage_pair
F11646,css,css,3,no,yes,no,source1
F11648,F05829,api,3,no,yes,no,lineage_pair
F11650,F05103,api,4,no,yes,no,source1
F11652,F01630,api,3,no,no,yes,lineage_pair
F11653,F06520,css,4,no,yes,no,source1
F11654,F00009,api,3,no,no,yes,lineage_pair
F11657,F08384,api,3,no,yes,no,lineage_pair
F11659,F16275,http,4,yes,yes,no,derivative1
F11660,F08492,webdriver,6,yes,yes,no,engine_webkit
F11661,F11525,api,3,yes,yes,no,lineage_pair
F11662,F09122,css,4,no,yes,no,source1
F11663,F05292,css,4,no,yes,no,random2
F11664,api,api,2,no,yes,no,source1
F11665,F09104,css,4,no,yes,no,random2
F11666,F04521,api,3,no,yes,no,lineage_pair
F11667,F00403,html,5,no,yes,no,lineage_pair
F11668,F00062,webdriver,5,no,yes,no,derivative1
F11669,F03630,api,4,no,yes,no,engine_webkit
F11670,F05860,html,4,no,yes,yes,derivative1
F11671,html,html,3,no,yes,no,derivative1
F11672,F00724,webdriver,5,no,yes,no,lineage_pair
F11673,F04069,api,3,no,yes,no,random2
F11674,F10169,http,4,no,yes,no,random2
F11675,F00618,css,4,no,yes,no,derivative1
F11678,F08843,api,3,no,no,yes,engine_webkit
F11680,F15106,api,3,no,yes,no,random2
F11681,F01468,api,4,no,yes,no,derivative1
F11683,api,api,2,no,yes,no,source1
F11685,F08731,api,3,no,yes,no,source1
F11686,F15238,api,4,no,yes,no,lineage_pair
F11687,F06161,api,3,no,yes,no,lineage_pair
F11689,F16088,api,3,no,yes,no,source1
F11690,F09973,css,5,no,no,yes,random2
F11692,F00888,api,3,yes,yes,no,source1
F11693,F14310,api,4,yes,yes,no,random2
F11695,F11491,css,4,no,yes,no,random2
F11697,F13574,css,4,no,yes,no,engine_webkit
F11699,F12898,css,5,no,yes,no,random2
F11700,F02034,api,3,no,yes,no,lineage_pair
F11701,F01462,api,3,yes,yes,no,random2
F11702,F08492,webdriver,6,yes,yes,no,derivative1
F11705,F07595,api,3,no,yes,no,derivative1
F11706,F06077,api,3,no,yes,no,random2
F11707,F03832,api,3,no,yes,no,random2
F11711,api,api,2,no,yes,no,random2
F11712,F01146,api,3,no,yes,no,lineage_pair
F11713,F06331,api,3,no,yes,no,engine_webkit
F11716,http,http,3,yes,yes,no,random2
F11717,F14923,api,4,yes,yes,no,random2
F11718,F12185,css,4,yes,yes,no,source1
F11719,F16108,api,3,no,yes,no,engine_webkit
F11720,F13452,html,4,no,no,yes,lineage_pair
F11721,F01089,api,3,no,yes,no,engine_webkit
F11722,F05404,css,4,no,yes,no,lineage_pair
F11723,F11987,api,3,no,yes,no,lineage_pair
F11724,F14456,css,4,yes,yes,no,lineage_pair
F11725,F06878,css,4,no,yes,no,random2
F11726,api,api,2,no,yes,no,derivative1
F11727,css,css,3,yes,yes,no,lineage_pair
F11728,html,html,3,no,yes,no,engine_webkit
F11729,F12150,api,3,yes,yes,no,lineage_pair
F11731,F18143,api,4,no,no,no,derivative1
F11732,F01922,api,3,no,yes,no,source1
F11733,F00239,css,4,yes,yes,no,lineage_pair
F11734,F08214,api,3,no,yes,no,derivative1
F11735,F15982,html,4,yes,yes,no,random2
F11736,css,css,3,no,yes,no,lineage_pair
F11737,F06908,webdriver,5,no,yes,no,random2
F11740,F02731,javascript,4,no,yes,no,derivative1
F11741,javascript,javascript,3,no,yes,no,random2
F11743,F17193,api,3,no,yes,no,random2
F11744,F12321,api,3,yes,yes,no,source1
F11745,F03902,api,3,no,yes,no,random2
F11747,F02371,webdriver,5,no,yes,no,source1
F11748,F08864,css,4,no,yes,no,random2
F11750,api,api,2,yes,yes,no,random2
F11751,F17147,css,4,no,yes,no,engine_webkit
F11752,F00372,css,4,no,yes,no,engine_webkit
F11753,http,http,3,no,yes,no,derivative1
F11754,F17111,javascript,5,no,yes,no,random2
F11755,F13205,api,3,yes,yes,no,source1
F11756,F11536,api,6,no,yes,no,source1
F11757,F15348,api,3,no,yes,no,source1
F11760,css,css,3,no,yes,no,source1
F11761,F16329,api,3,no,yes,yes,lineage_pair
F11762,F04965,css,4,no,yes,no,engine_webkit
F11765,F15329,css,4,no,yes,no,engine_webkit
F11766,F12168,html,4,no,yes,yes,lineage_pair
F11767,F12621,css,4,no,yes,no,source1
F11768,F03469,api,3,yes,no,no,derivative1
F11770,F05404,css,4,no,yes,no,source1
F11771,F11395,api,3,no,yes,no,engine_webkit
F11772,F06990,javascript,5,no,yes,no,engine_webkit
F11774,F15982,html,4,no,yes,no,lineage_pair
F11775,F08242,api,3,yes,yes,no,source1
F11777,F13725,api,3,no,yes,no,engine_webkit
F11778,F04521,api,3,no,yes,no,random2
F11780,F04870,api,3,no,yes,no,source1
F11781,F11215,api,4,no,yes,no,lineage_pair
F11782,F16023,css,4,no,yes,no,lineage_pair
F11783,css,css,3,no,yes,no,engine_webkit
F11784,F07377,css,4,no,yes,no,source1
F11785,F03326,api,3,yes,yes,no,engine_webkit
F11786,F16698,webdriver,5,no,no,no,source1
F11787,F03449,javascript,4,no,yes,no,engine_webkit
F11788,F16049,api,3,no,yes,no,source1
F11790,F18144,api,3,no,yes,no,source1
F11791,F17111,javascript,5,no,yes,no,derivative1
F11792,css,css,3,no,no,no,lineage_pair
F11793,api,api,2,no,yes,no,derivative1
F11794,F09853,html,5,no,yes,no,source1
F11795,F08214,api,3,no,yes,no,random2
F11796,F09177,api,3,no,yes,no,derivative1
F11797,F08599,svg,4,no,yes,yes,engine_webkit
F11798,F08759,api,3,no,yes,no,engine_webkit
F11799,api,api,2,no,yes,no,lineage_pair
F11800,F15541,api,3,no,yes,no,random2
F11801,F06138,api,3,no,yes,no,lineage_pair
F11802,F13119,api,3,no,yes,no,engine_webkit
F11803,F12923,api,3,no,yes,no,derivative1
F11804,F03319,api,3,no,yes,no,engine_webkit
F11805,F03469,api,3,no,yes,no,lineage_pair
F11806,F11472,http,4,no,yes,no,source1
F11807,api,api,2,no,yes,no,source1
F11808,F17147,css,4,no,yes,no,derivative1
F11810,api,api,2,no,yes,no,derivative1
F11811,F12756,webdriver,5,no,yes,no,random2
F11813,F04614,api,3,yes,yes,no,random2
F11814,F10987,css,4,yes,yes,no,derivative1
F11815,F04521,api,3,no,yes,no,engine_webkit
F11816,F03319,api,3,no,yes,no,random2
F11817,F04180,css,4,no,yes,no,lineage_pair
F11818,F07595,api,3,no,yes,no,engine_webkit
F11819,http,http,3,no,yes,no,source1
F11820,F07595,api,3,no,yes,no,derivative1
F11823,F06614,css,4,no,yes,no,engine_webkit
F11824,F01150,javascript,4,no,yes,no,derivative1
F11825,F16399,css,4,yes,yes,no,random2
F11826,F02708,api,4,no,yes,no,derivative1
F11827,F17983,api,3,yes,yes,no,lineage_pair
F11828,F04392,css,4,no,yes,no,engine_webkit
F11829,F15960,webdriver,5,no,yes,no,derivative1
F11830,F03467,html,4,no,yes,no,engine_webkit
F11831,F01178,css,4,no,yes,no,engine_webkit
F11832,F12488,api,4,no,yes,no,engine_webkit
F11834,F13239,api,3,no,yes,no,derivative1
F11835,F04152,css,4,yes,yes,no,source1
F11837,css,css,3,no,yes,no,derivative1
F11838,F15430,api,6,no,yes,no,derivative1
F11839,F04392,css,4,no,yes,no,random2
F11840,F05840,api,3,yes,yes,no,source1
F11841,F07209,api,3,no,yes,no,random2
F11842,F09306,api,3,no,yes,no,engine_webkit
F11843,F13292,api,3,no,yes,no,lineage_pair
F11844,F01150,javascript,4,no,yes,yes,random2
F11845,F02242,css,4,no,yes,no,source1
F11846,F12321,api,3,yes,yes,no,derivative1
F11847,F18011,webdriver,5,no,yes,no,derivative1
F11848,F11837,css,4,no,yes,no,engine_webkit
F11849,F15624,api,3,no,yes,no,random2
F11850,F10715,javascript,4,no,yes,no,lineage_pair
F11851,F10074,api,3,no,yes,no,random2
F11852,F02230,api,4,no,yes,no,engine_webkit
F11854,F08068,api,3,no,yes,no,lineage_pair
F11857,F15959,api,3,no,yes,no,random2
F11858,F00193,api,3,no,yes,yes,source1
F11860,F09458,api,3,no,yes,yes,lineage_pair
F11863,F02835,css,4,no,yes,no,engine_webkit
F11864,F07731,http,4,no,yes,no,derivative1
F11865,F14633,api,3,no,yes,no,lineage_pair
F11866,F05948,css,4,no,yes,no,lineage_pair
F11867,F04860,api,4,yes,yes,no,lineage_pair
F11870,F04526,api,3,no,yes,no,random2
F11871,F00427,api,3,no,yes,no,engine_webkit
F11872,F00142,api,3,no,yes,no,random2
F11873,F14650,api,5,no,yes,no,engine_webkit
F11874,F13261,css,4,no,yes,no,source1
F11875,html,html,3,no,yes,no,random2
F11876,F07595,api,3,no,yes,no,source1
F11877,F15017,javascript,4,no,yes,yes,lineage_pair
F11878,F02519,api,3,no,yes,no,derivative1
F11879,css,css,3,no,yes,no,engine_webkit
F11880,F06558,css,4,no,yes,no,derivative1
F11881,F15358,css,4,no,yes,no,engine_webkit
F11882,F01080,api,3,no,yes,no,engine_webkit
F11883,api,api,2,no,yes,no,engine_webkit
F11884,svg,svg,3,no,yes,no,source1
F11885,F16318,css,4,no,yes,no,random2
F11886,F15471,api,3,no,yes,no,random2
F11887,css,css,3,no,yes,no,derivative1
F11888,F09158,api,3,no,yes,no,engine_webkit
F11889,F10055,css,5,no,yes,no,derivative1
F11890,css,css,3,no,yes,no,derivative1
F11891,F02419,api,3,no,yes,no,random2
F11892,F03750,api,3,no,yes,no,engine_webkit
F11893,F01178,css,4,yes,yes,no,source1
F11894,F15294,api,3,no,yes,no,engine_webkit
F11895,F12621,css,4,no,yes,no,random2
F11897,F14571,api,3,no,yes,no,lineage_pair
F11898,F11500,html,4,no,no,yes,source1
F11900,F05653,api,4,no,yes,no,random2
F11903,javascript,javascript,3,no,yes,no,derivative1
F11904,F13574,css,4,no,no,no,engine_webkit
F11905,F13096,api,3,no,yes,no,random2
F11906,html,html,3,no,yes,no,random2
F11907,F04069,api,3,no,yes,no,source1
F11908,F08384,api,3,no,yes,no,engine_webkit
F11909,css,css,3,no,no,no,source1
F11910,F13579,html,4,no,yes,no,engine_webkit
F11911,F16568,webdriver,6,yes,yes,no,random2
F11912,F04580,api,3,no,yes,no,lineage_pair
F11913,F11671,html,4,no,yes,no,random2
F11914,F04773,api,3,no,yes,no,random2
F11915,F12321,api,3,yes,yes,no,source1
F11918,F16049,api,3,no,yes,no,lineage_pair
F11919,F15609,api,3,no,yes,no,lineage_pair
F11920,api,api,2,yes,yes,no,engine_webkit
F11922,F17784,css,4,no,yes,no,lineage_pair
F11923,F08460,api,3,no,yes,no,source1
F11924,F13579,html,4,no,yes,no,derivative1
F11925,F06281,api,3,no,yes,no,lineage_pair
F11926,F15541,api,3,no,yes,no,source1
F11927,api,api,2,no,yes,no,engine_webkit
F11928,api,api,2,no,yes,no,engine_webkit
F11929,F16275,http,4,no,no,yes,random2
F11930,F12321,api,3,yes,yes,no,derivative1
F11931,F07988,api,3,no,yes,no,source1
F11932,F04069,api,3,no,yes,no,random2
F11934,F15811,css,4,no,yes,no,engine_webkit
F11935,F05851,html,4,no,yes,yes,engine_webkit
F11936,F03006,api,3,no,no,yes,random2
F11938,F02510,api,3,no,yes,no,engine_webkit
F11939,F04521,api,3,no,yes,no,derivative1
F11940,F10181,css,4,no,yes,no,lineage_pair
F11941,F17971,html,6,yes,yes,no,lineage_pair
F11942,F03449,javascript,4,no,yes,no,random2
F11943,css,css,3,no,yes,no,random2
F11944,api,api,2,yes,yes,no,engine_webkit
F11945,F04051,http,4,no,yes,no,random2
F11946,api,api,2,no,yes,no,derivative1
F11950,F15348,api,3,no,yes,no,random2
F11951,F09208,api,3,no,yes,no,random2
F11952,F12321,api,3,yes,yes,no,lineage_pair
F11953,F05234,api,3,yes,yes,no,derivative1
F11955,api,api,2,no,yes,no,source1
F11956,F16275,http,4,yes,yes,no,random2
F11957,api,api,2,yes,yes,no,lineage_pair
F11961,javascript,javascript,3,no,yes,no,engine_webkit
F11962,F01509,svg,4,no,yes,no,random2
F11963,F01461,html,5,no,yes,no,lineage_pair
F11965,F12404,api,3,no,yes,no,engine_webkit
F11967,api,api,2,no,yes,no,engine_webkit
F11968,F00885,api,4,no,yes,no,derivative1
F11969,F07874,api,3,yes,no,no,source1
F11971,F02280,api,3,yes,yes,no,random2
F11972,F07094,api,4,no,yes,no,engine_webkit
F11977,F08959,api,3,no,yes,no,engine_webkit
F11978,F18491,api,3,no,yes,no,source1
F11979,F05997,api,3,no,yes,yes,random2
F11980,F16108,api,3,no,yes,no,random2
F11981,F09122,css,4,yes,yes,no,engine_webkit
F11982,html,html,3,no,yes,no,source1
F11984,F04521,api,3,no,yes,no,random2
F11985,F03692,api,3,no,yes,no,source1
F11986,F15932,svg,4,no,yes,no,lineage_pair
F11987,api,api,2,no,yes,no,derivative1
F11988,F09122,css,4,yes,yes,no,lineage_pair
F11989,F17679,api,3,no,yes,no,derivative1
F11990,F12479,api,3,no,yes,no,lineage_pair
F11993,F03902,api,3,no,yes,no,engine_webkit
F11994,F16108,api,3,no,yes,no,source1
F11995,F05042,svg,4,no,yes,no,engine_webkit
F11996,F05193,css,4,no,yes,yes,lineage_pair
F11997,F14399,api,3,no,no,yes,random2
F11998,F16131,css,4,no,yes,no,derivative1
F12000,css,css,3,no,yes,no,lineage_pair
F12002,F04011,api,5,no,yes,no,lineage_pair
F12003,F07802,css,4,no,yes,no,lineage_pair
F12004,F04966,api,3,yes,yes,no,derivative1
F12005,F17983,api,3,yes,yes,no,derivative1
F12006,F09666,api,4,no,yes,no,random2
F12008,F01764,javascript,5,no,yes,no,derivative1
F12009,F06904,api,3,no,yes,no,source1
F12010,F08242,api,3,yes,yes,no,derivative1
F12011,F07151,javascript,4,no,yes,no,random2
F12012,F16244,webdriver,5,no,yes,no,lineage_pair
F12013,F06543,api,3,no,yes,no,random2
F12014,http,http,3,yes,yes,no,engine_webkit
F12016,F03902,api,3,no,yes,no,lineage_pair
F12017,F01701,css,4,no,yes,no,random2
F12018,css,css,3,no,yes,no,lineage_pair
F12019,F07893,api,3,no,yes,no,engine_webkit
F12020,F01650,api,3,no,yes,no,engine_webkit
F12021,F00863,javascript,4,no,yes,no,derivative1
F12022,F07788,api,3,no,yes,no,lineage_pair
F12023,F16152,css,5,no,yes,no,derivative1
F12026,F02478,api,4,yes,yes,no,source1
F12027,F10295,http,4,yes,no,no,source1
F12030,css,css,3,no,yes,no,lineage_pair
F12031,F07595,api,3,no,yes,no,random2
F12032,javascript,javascript,3,no,yes,no,derivative1
F12033,F18211,css,4,yes,yes,no,engine_webkit
F12035,F08843,api,3,no,yes,no,lineage_pair
F12036,F10726,css,4,no,yes,no,engine_webkit
F12039,F11944,api,3,yes,yes,no,source1
F12040,F10107,javascript,5,no,yes,no,random2
F12041,F18414,javascript,4,no,yes,no,lineage_pair
F12042,F18491,api,3,no,yes,no,derivative1
F12043,F10595,css,4,no,yes,no,engine_webkit
F12045,F07595,api,3,no,yes,no,engine_webkit
F12046,F03467,html,4,no,yes,no,lineage_pair
F12049,svg,svg,3,no,yes,no,random2
F12050,F03306,api,4,no,yes,no,source1
F12051,F11395,api,3,no,no,yes,source1
F12053,F04521,api,3,no,yes,no,derivative1
F12054,api,api,2,yes,yes,no,lineage_pair
F12055,F12890,api,3,no,yes,no,lineage_pair
F12056,F14699,html,4,no,yes,no,source1
F12057,F02723,css,4,no,yes,no,random2
F12058,F14294,api,3,no,yes,no,random2
F12059,api,api,2,no,yes,no,derivative1
F12060,F10449,svg,4,no,yes,no,random2
F12062,F05764,javascript,4,no,yes,no,lineage_pair
F12063,F02519,api,3,no,yes,no,source1
F12064,F07860,css,4,no,yes,no,lineage_pair
F12065,F12635,api,3,yes,yes,no,derivative1
F12066,javascript,javascript,3,no,yes,no,source1
F12069,F01490,api,4,no,yes,no,derivative1
F12070,F08843,api,3,no,yes,no,engine_webkit
F12071,F12712,api,3,no,yes,no,random2
F12072,css,css,3,no,no,no,random2
F12073,F13160,api,3,yes,yes,no,lineage_pair
F12074,F09658,api,3,no,yes,no,random2
F12075,javascript,javascript,3,no,yes,no,random2
F12076,F11946,api,3,no,yes,yes,random2
F12077,F18144,api,3,no,yes,no,engine_webkit
F12078,F18118,api,3,no,yes,no,engine_webkit
F12079,http,http,3,yes,yes,no,engine_webkit
F12080,F01089,api,3,no,yes,no,lineage_pair
F12081,F16789,api,3,no,yes,no,engine_webkit
F12082,F09996,api,3,no,yes,no,random2
F12084,F05557,api,3,no,yes,no,random2
F12085,F04069,api,3,no,yes,no,lineage_pair
F12086,F15017,javascript,4,no,yes,no,source1
F12087,css,css,3,no,yes,no,random2
F12088,F03591,api,4,yes,yes,no,derivative1
F12090,F02449,api,3,no,yes,no,engine_webkit
F12092,F04620,html,4,no,yes,no,random2
F12093,F05141,api,4,yes,yes,no,engine_webkit
F12094,F13316,css,4,no,yes,no,source1
F12095,F08214,api,3,no,yes,no,source1
F12096,F16028,css,4,yes,yes,no,source1
F12097,F11570,api,4,no,yes,no,engine_webkit
F12098,F16714,css,4,no,yes,no,lineage_pair
F12099,html,html,3,no,yes,no,source1
F12100,F17699,api,4,no,yes,no,engine_webkit
F12101,F11565,http,4,no,no,yes,source1
F12102,F05557,api,3,no,yes,no,engine_webkit
F12104,css,css,3,no,yes,no,source1
F12105,F03469,api,3,yes,no,no,engine_webkit
F12106,F12000,css,4,no,yes,no,random2
F12107,F01861,api,3,no,no,no,derivative1
F12108,F16108,api,3,no,yes,yes,random2
F12109,F03902,api,3,no,yes,no,engine_webkit
F12110,html,html,3,no,yes,no,lineage_pair
F12112,F15094,css,4,no,yes,no,random2
F12113,F13753,api,3,no,yes,no,derivative1
F12114,F15792,api,3,no,yes,no,derivative1
F12115,css,css,3,no,yes,no,derivative1
F12116,F09545,html,4,no,yes,no,source1
F12117,F09619,api,3,no,yes,no,lineage_pair
F12118,F15458,javascript,5,no,yes,no,lineage_pair
F12119,F09852,css,4,no,yes,no,random2
F12120,F15743,webdriver,5,yes,yes,no,derivative1
F12121,F16329,api,3,no,yes,no,random2
F12123,F15657,api,3,no,yes,no,engine_webkit
F12124,F09504,api,3,no,yes,no,engine_webkit
F12126,api,api,2,no,yes,no,derivative1
F12128,F00102,javascript,5,no,yes,no,lineage_pair
F12129,F17679,api,3,no,yes,no,source1
F12130,F12402,api,3,no,no,yes,random2
F12132,css,css,3,no,yes,no,derivative1
F12133,F04521,api,3,no,yes,no,lineage_pair
F12134,F16108,api,3,no,no,yes,derivative1
F12135,F18118,api,3,no,yes,no,random2
F12136,F04521,api,3,no,yes,no,random2
F12137,F09945,api,3,no,no,yes,engine_webkit
F12138,F03141,css,4,no,yes,no,engine_webkit
F12140,F15508,http,4,no,yes,no,random2
F12141,css,css,3,no,yes,no,engine_webkit
F12142,F14027,api,4,no,yes,no,derivative1
F12143,css,css,3,no,yes,no,engine_webkit
F12144,F13579,html,4,yes,yes,no,engine_webkit
F12146,F18465,api,4,yes,no,no,engine_webkit
F12147,css,css,3,yes,yes,no,derivative1
F12148,F03557,javascript,4,no,yes,no,derivative1
F12149,F12649,css,4,no,yes,no,derivative1
F12150,api,api,2,yes,yes,no,lineage_pair
F12151,api,api,2,yes,yes,no,random2
F12152,F05010,css,4,yes,yes,no,source1
F12154,F02751,webdriver,4,no,yes,no,lineage_pair
F12155,F13160,api,3,yes,yes,no,derivative1
F12157,F08062,api,3,no,yes,no,engine_webkit
F12158,F05968,css,4,no,yes,yes,lineage_pair
F12160,F04521,api,3,no,yes,no,random2
F12161,F13725,api,3,no,yes,no,lineage_pair
F12162,F10718,api,3,no,yes,no,source1
F12163,F09997,api,3,no,yes,no,lineage_pair
F12164,F07563,api,3,no,no,yes,random2
F12167,F01601,css,4,no,yes,no,engine_webkit
F12168,html,html,3,no,yes,no,derivative1
F12169,F05404,css,4,no,yes,no,engine_webkit
F12170,F16529,css,4,yes,yes,no,random2
F12171,F09482,api,3,no,yes,no,source1
F12172,F04392,css,4,no,yes,no,derivative1
F12173,F04069,api,3,no,yes,no,engine_webkit
F12174,F14824,api,3,no,yes,no,random2
F12175,F15624,api,3,no,yes,no,source1
F12176,F05948,css,4,no,yes,no,source1
F12177,javascript,javascript,3,no,yes,no,derivative1
F12178,F13825,api,3,yes,yes,no,source1
F12179,F02588,api,3,no,yes,no,random2
F12180,F09080,api,3,yes,yes,no,derivative1
F12181,F07447,webdriver,5,no,yes,no,random2
F12182,F04823,api,4,yes,yes,no,lineage_pair
F12183,F17111,javascript,5,no,yes,no,engine_webkit
F12184,api,api,2,no,yes,yes,random2
F12185,css,css,3,yes,yes,no,random2
F12186,F09253,api,3,no,yes,no,lineage_pair
F12187,F12311,css,4,no,yes,no,lineage_pair
F12189,F09563,api,3,yes,yes,no,engine_webkit
F12190,F00298,javascript,4,no,yes,no,derivative1
F12191,F17746,api,3,no,yes,no,derivative1
F12193,F14767,api,3,no,yes,no,derivative1
F12194,F17581,css,4,yes,yes,no,random2
F12196,F04398,api,3,no,yes,no,derivative1
F12198,F06138,api,3,no,yes,no,derivative1
F12199,F02846,api,3,no,no,no,derivative1
F12200,F07274,html,4,no,yes,yes,engine_webkit
F12201,F13731,css,4,no,yes,no,derivative1
F12202,F05224,api,4,no,yes,no,engine_webkit
F12204,F09122,css,4,no,yes,no,lineage_pair
F12205,F14767,api,3,no,yes,no,engine_webkit
F12206,F08689,api,3,no,yes,no,lineage_pair
F12207,F05334,api,3,no,yes,no,source1
F12208,F18491,api,3,no,yes,no,lineage_pair
F12209,F01865,api,3,yes,yes,no,engine_webkit
F12210,F01178,css,4,no,yes,no,source1
F12211,F06089,css,4,no,yes,no,source1
F12213,F01080,api,3,no,yes,yes,engine_webkit
F12215,F07403,api,3,no,yes,no,random2
F12216,F13504,html,4,no,no,yes,source1
F12217,F06871,api,4,no,yes,no,source1
F12218,F10967,http,4,no,no,yes,derivative1
F12221,F01142,api,3,yes,yes,no,source1
F12222,F11506,api,3,no,yes,no,source1
F12223,F08731,api,3,no,yes,no,engine_webkit
F12224,F14165,api,3,yes,no,no,lineage_pair
F12225,F16108,api,3,no,yes,no,source1
F12227,F17162,api,4,no,yes,no,engine_webkit
F12228,F07151,javascript,4,no,yes,no,source1
F12229,F04069,api,3,no,yes,no,engine_webkit
F12231,api,api,2,no,yes,no,source1
F12232,F13941,webdriver,4,yes,yes,no,lineage_pair
F12233,F09852,css,4,no,yes,no,random2
F12234,F01701,css,4,no,yes,no,source1
F12235,css,css,3,no,yes,no,derivative1
F12238,F16108,api,3,no,no,yes,derivative1
F12239,F10718,api,3,no,yes,no,source1
F12241,F11565,http,4,no,no,yes,engine_webkit
F12242,F14767,api,3,no,yes,no,derivative1
F12243,F12479,api,3,no,yes,no,lineage_pair
F12244,F15588,svg,4,no,yes,no,random2
F12245,api,api,2,yes,yes,no,lineage_pair
F12247,F04521,api,3,no,yes,no,source1
F12248,api,api,2,no,yes,no,lineage_pair
F12250,F18459,css,5,yes,yes,no,source1
F12251,F12621,css,4,no,yes,no,engine_webkit
F12252,F03630,api,4,no,yes,no,random2
F12253,F13797,svg,4,no,yes,no,engine_webkit
F12254,F01708,javascript,4,no,yes,no,derivative1
F12255,F15888,api,3,yes,yes,no,lineage_pair
F12257,F03686,javascript,5,no,yes,no,engine_webkit
F12258,F18313,api,3,no,yes,no,derivative1
F12259,F01022,http,4,no,yes,no,engine_webkit
F12261,F04995,api,3,no,yes,no,lineage_pair
F12262,F04917,javascript,4,no,yes,no,engine_webkit
F12263,F16980,api,3,yes,yes,no,random2
F12264,F01574,api,3,no,yes,no,random2
F12265,F00803,javascript,5,no,yes,no,source1
F12266,F09994,css,4,no,yes,no,lineage_pair
F12267,F04577,webdriver,5,no,yes,no,random2
F12270,F08689,api,3,no,yes,no,derivative1
F12273,F08336,javascript,5,no,yes,no,lineage_pair
F12274,F16714,css,4,yes,yes,no,engine_webkit
F12275,F14633,api,3,no,yes,no,lineage_pair
F12276,javascript,javascript,3,no,yes,no,random2
F12277,F13812,api,3,yes,yes,no,lineage_pair
F12278,css,css,3,no,yes,no,derivative1
F12279,F01891,svg,4,no,yes,no,derivative1
F12280,F18001,api,3,no,yes,no,lineage_pair
F12282,api,api,2,no,yes,no,random2
F12283,F17699,api,4,no,yes,no,derivative1
F12285,F12235,css,4,no,yes,no,source1
F12286,css,css,3,yes,yes,no,source1
F12287,F15168,api,3,no,yes,no,engine_webkit
F12288,F05690,http,4,no,yes,no,derivative1
F12289,api,api,2,yes,yes,no,source1
F12290,F08579,api,3,no,yes,no,derivative1
F12291,F16028,css,4,yes,yes,no,derivative1
F12292,F07547,api,3,no,yes,no,lineage_pair
F12297,F13376,css,4,no,yes,no,engine_webkit
F12299,F04521,api,3,no,yes,no,derivative1
F12301,F02857,api,3,no,yes,no,engine_webkit
F12302,F02038,api,3,no,yes,no,engine_webkit
F12303,api,api,2,no,yes,no,lineage_pair
F12304,api,api,2,no,yes,no,derivative1
F12307,F18427,api,3,no,yes,no,engine_webkit
F12308,F12168,html,4,no,yes,yes,random2
F12309,F12791,webdriver,5,no,yes,no,source1
F12310,F07595,api,3,no,yes,no,source1
F12311,css,css,3,no,yes,no,engine_webkit
F12312,F04521,api,3,no,yes,no,random2
F12314,F08456,api,3,yes,yes,no,derivative1
F12315,F16040,api,3,no,yes,no,lineage_pair
F12319,F16741,css,4,no,yes,no,source1
F12320,F12621,css,4,no,yes,no,random2
F12321,api,api,2,yes,yes,no,source1
F12322,svg,svg,3,no,yes,no,derivative1
F12323,F04521,api,3,no,yes,no,lineage_pair
F12324,api,api,2,no,yes,no,random2
F12325,F16108,api,3,no,yes,no,derivative1
F12326,F07228,api,3,no,yes,no,lineage_pair
F12328,F14125,api,3,no,yes,yes,engine_webkit
F12329,F00142,api,3,no,yes,no,source1
F12330,F03467,html,4,no,yes,no,engine_webkit
F12331,F06766,webdriver,5,no,yes,no,lineage_pair
F12332,F18156,api,4,no,yes,no,derivative1
F12333,F10994,api,3,no,yes,no,source1
F12334,F12887,api,3,no,yes,no,random2
F12335,F14699,html,4,no,yes,no,engine_webkit
F12337,F13731,css,4,no,yes,no,lineage_pair
F12338,F04521,api,3,no,yes,no,source1
F12339,F08012,html,4,no,yes,no,lineage_pair
F12340,F15577,html,4,no,yes,no,lineage_pair
F12342,F01647,api,3,no,yes,no,engine_webkit
F12343,F07449,css,4,no,yes,no,engine_webkit
F12344,F10107,javascript,5,no,yes,no,random2
F12346,F16108,api,3,no,yes,no,random2
F12347,F00264,javascript,4,no,yes,no,lineage_pair
F12348,F01089,api,3,no,yes,no,derivative1
F12349,F07874,api,3,no,yes,no,derivative1
F12350,F05690,http,4,no,yes,no,source1
F12353,F13375,css,5,no,yes,no,lineage_pair
F12355,api,api,2,yes,yes,no,source1
F12356,F05340,api,4,no,yes,no,random2
F12358,F13579,html,4,no,yes,no,engine_webkit
F12359,F17819,api,3,no,yes,no,random2
F12361,F02731,javascript,4,no,yes,no,random2
F12364,F08731,api,3,no,yes,no,lineage_pair
F12365,F15627,http,3,no,yes,no,lineage_pair
F12366,css,css,3,no,yes,no,random2
F12368,F08720,api,3,yes,yes,no,engine_webkit
F12369,css,css,3,yes,yes,no,lineage_pair
F12371,css,css,3,no,yes,no,lineage_pair
F12372,F15754,css,4,no,yes,no,random2
F12374,F11592,api,3,no,yes,no,lineage_pair
F12376,F05599,api,4,no,yes,no,engine_webkit
F12377,F13753,api,3,no,yes,no,derivative1
F12378,api,api,2,no,yes,no,lineage_pair
F12379,F17342,css,4,no,no,no,lineage_pair
F12380,F02198,javascript,5,no,yes,no,lineage_pair
F12382,api,api,2,no,yes,no,random2
F12383,F10771,api,3,no,yes,no,derivative1
F12384,api,api,2,yes,no,no,lineage_pair
F12386,F15466,api,3,no,yes,no,source1
F12388,F10295,http,4,no,yes,no,lineage_pair
F12389,F06940,api,4,no,yes,no,source1
F12390,F10715,javascript,4,no,yes,no,derivative1
F12392,F09996,api,3,no,yes,no,derivative1
F12393,F02611,api,3,no,yes,no,random2
F12396,F11681,api,5,no,yes,no,random2
F12397,F16244,webdriver,5,no,yes,no,random2
F12398,F07952,css,5,no,yes,no,source1
F12399,F16108,api,3,no,yes,yes,source1
F12400,F04521,api,3,no,yes,no,lineage_pair
F12402,api,api,2,no,no,yes,derivative1
F12406,api,api,2,no,yes,no,source1
F12407,F18414,javascript,4,no,yes,no,derivative1
F12408,F03573,api,3,no,yes,no,engine_webkit
F12409,F05387,api,3,no,yes,yes,source1
F12410,F01491,api,3,no,yes,no,engine_webkit
F12411,F04521,api,3,no,yes,no,lineage_pair
F12412,F17349,api,3,no,yes,no,lineage_pair
F12413,html,html,3,no,yes,no,source1
F12414,F12499,css,4,yes,yes,no,lineage_pair
F12415,F13574,css,4,no,yes,no,source1
F12417,F07151,javascript,4,no,yes,no,random2
F12418,css,css,3,no,yes,no,lineage_pair
F12419,F14501,html,4,no,yes,yes,lineage_pair
F12420,F02429,api,3,no,yes,no,derivative1
F12421,F01491,api,3,no,yes,no,derivative1
F12422,F04770,api,4,no,yes,no,derivative1
F12423,F05965,api,3,no,yes,no,engine_webkit
F12424,F08628,webdriver,4,no,yes,no,engine_webkit
F12425,F13393,api,3,no,yes,no,engine_webkit
F12426,api,api,2,no,no,yes,derivative1
F12427,F01884,api,3,yes,yes,no,lineage_pair
F12429,F12898,css,5,no,yes,no,engine_webkit
F12430,F17949,css,4,no,yes,no,source1
F12431,F04828,api,3,no,yes,no,lineage_pair
F12432,api,api,2,no,yes,no,engine_webkit
F12433,F05481,api,3,no,yes,no,lineage_pair
F12434,css,css,3,no,yes,no,source1
F12435,F00733,api,3,yes,yes,no,source1
F12436,F14767,api,3,no,yes,no,random2
F12438,F15666,css,4,no,yes,no,source1
F12439,F04966,api,3,yes,yes,no,engine_webkit
F12440,F05292,css,4,no,yes,no,engine_webkit
F12441,F15792,api,3,yes,yes,no,source1
F12442,F03373,api,3,no,yes,no,lineage_pair
F12443,F07151,javascript,4,no,yes,no,derivative1
F12444,F02264,css,4,no,yes,no,random2
F12445,F12621,css,4,no,yes,no,random2
F12446,F07363,api,3,no,no,yes,engine_webkit
F12448,F08843,api,3,no,yes,no,derivative1
F12449,api,api,2,no,yes,no,derivative1
F12450,F16108,api,3,no,yes,no,random2
F12451,F09253,api,3,no,yes,no,engine_webkit
F12452,F11456,css,4,no,yes,no,source1
F12454,F18171,javascript,4,no,yes,no,source1
F12456,javascript,javascript,3,no,yes,no,engine_webkit
F12457,F16108,api,3,yes,yes,no,derivative1
F12460,F02356,html,5,no,yes,no,source1
F12461,css,css,3,no,yes,no,random2
F12462,F08843,api,3,no,yes,no,engine_webkit
F12463,F03078,html,4,no,yes,no,derivative1
F12465,F01150,javascript,4,no,yes,no,source1
F12467,F03902,api,3,no,yes,no,derivative1
F12469,F15239,api,3,no,yes,no,derivative1
F12471,F01923,api,3,no,yes,no,derivative1
F12473,F02467,api,3,no,yes,no,source1
F12474,F07151,javascript,4,no,yes,no,derivative1
F12476,F04667,api,6,no,yes,no,derivative1
F12477,F07151,javascript,4,no,yes,no,engine_webkit
F12478,F13258,api,3,no,yes,no,random2
F12480,http,http,3,no,no,yes,derivative1
F12481,F12404,api,3,no,yes,no,lineage_pair
F12483,F16991,api,3,yes,yes,no,derivative1
F12485,F13594,api,3,no,yes,no,engine_webkit
F12486,F13902,api,3,no,yes,no,engine_webkit
F12487,javascript,javascript,3,no,yes,no,lineage_pair
F12488,F18491,api,3,no,yes,no,lineage_pair
F12490,F15960,webdriver,5,no,yes,no,lineage_pair
F12491,F00794,api,4,no,yes,no,lineage_pair
F12492,F08781,api,3,no,yes,no,lineage_pair
F12493,F05640,api,3,no,yes,no,source1
F12498,F13574,css,4,no,yes,no,engine_webkit
F12499,css,css,3,no,yes,no,derivative1
F12500,F05690,http,4,no,yes,no,engine_webkit
F12501,F12404,api,3,no,yes,no,lineage_pair
F12502,F07190,api,3,no,yes,no,lineage_pair
F12503,F03096,svg,4,no,yes,no,engine_webkit
F12505,F10108,webdriver,5,yes,yes,no,random2
F12507,api,api,2,no,no,yes,lineage_pair
F12508,F15424,api,4,no,yes,no,random2
F12509,F10233,api,3,no,yes,no,engine_webkit
F12510,F13725,api,3,no,yes,no,source1
F12511,F10107,javascript,5,no,yes,no,lineage_pair
F12512,F17250,api,3,no,yes,no,source1
F12513,css,css,3,no,yes,no,engine_webkit
F12514,api,api,2,no,yes,no,random2
F12516,F12598,html,4,no,yes,no,derivative1
F12518,F17581,css,4,no,yes,no,source1
F12519,F02456,api,3,no,yes,no,derivative1
F12520,F16146,api,3,no,yes,yes,random2
F12522,F00264,javascript,4,no,yes,no,random2
F12523,F00914,api,3,no,yes,no,random2
F12525,F00730,html,5,no,yes,no,derivative1
F12526,F03043,api,3,no,yes,no,engine_webkit
F12527,F07595,api,3,no,yes,no,derivative1
F12528,F14823,css,4,no,yes,no,source1
F12529,F01391,api,5,no,yes,no,random2
F12530,F01003,css,4,yes,yes,no,derivative1
F12531,F14903,api,3,no,yes,no,derivative1
F12533,F13261,css,4,no,yes,no,random2
F12534,F11509,api,4,no,yes,no,derivative1
F12535,F08460,api,3,no,yes,no,random2
F12536,F08465,api,3,no,yes,no,engine_webkit
F12538,F04069,api,3,no,yes,no,derivative1
F12540,F15792,api,3,yes,yes,no,derivative1
F12541,F13086,api,3,no,yes,no,engine_webkit
F12542,F01282,api,3,no,yes,no,random2
F12543,F01593,javascript,4,no,yes,no,random2
F12545,F05829,api,3,no,yes,no,random2
F12547,F16108,api,3,no,yes,yes,source1
F12549,F12898,css,5,no,yes,no,random2
F12551,F09947,css,5,no,yes,no,derivative1
F12552,F05764,javascript,4,no,yes,no,derivative1
F12553,F08377,api,3,no,yes,no,engine_webkit
F12554,F09619,api,3,no,yes,no,lineage_pair
F12555,F13797,svg,4,no,yes,no,random2
F12556,F07396,api,3,yes,yes,no,lineage_pair
F12558,F03306,api,4,no,yes,no,engine_webkit
F12559,F10206,api,3,no,yes,no,engine_webkit
F12560,F12206,api,4,no,yes,no,derivative1
F12561,api,api,2,no,yes,no,lineage_pair
F12562,F03902,api,3,no,yes,no,source1
F12564,F08395,css,5,no,yes,no,lineage_pair
F12567,api,api,2,no,no,yes,source1
F12568,F00070,javascript,4,no,yes,no,derivative1
F12570,F04521,api,3,no,yes,no,random2
F12571,F15068,api,4,no,yes,no,engine_webkit
F12572,F18491,api,3,no,yes,no,derivative1
F12574,F13574,css,4,no,yes,no,random2
F12575,F08108,css,4,no,yes,no,engine_webkit
F12577,api,api,2,no,yes,no,lineage_pair
F12578,F08214,api,3,no,yes,no,random2
F12579,api,api,2,no,yes,no,lineage_pair
F12580,F07499,api,4,no,yes,no,random2
F12581,javascript,javascript,3,no,yes,no,derivative1
F12582,F15003,javascript,4,no,no,no,source1
F12583,F14135,webdriver,6,yes,yes,no,lineage_pair
F12584,F04521,api,3,no,yes,no,derivative1
F12585,F07595,api,3,no,yes,no,random2
F12588,F04477,api,4,no,yes,no,engine_webkit
F12589,F05242,api,3,no,yes,no,derivative1
F12590,F18482,webdriver,5,no,yes,no,derivative1
F12591,F09504,api,3,yes,yes,no,source1
F12592,F02429,api,3,no,yes,no,lineage_pair
F12593,F14980,css,4,no,yes,no,engine_webkit
F12594,F16322,css,4,no,yes,no,derivative1
F12596,html,html,3,no,yes,no,engine_webkit
F12597,F10172,api,3,yes,yes,no,engine_webkit
F12598,html,html,3,no,yes,no,source1
F12599,F05690,http,4,no,no,yes,lineage_pair
F12600,api,api,2,no,yes,no,random2
F12601,F05752,api,3,no,yes,no,engine_webkit
F12602,F01490,api,4,no,yes,no,source1
F12603,F00583,api,3,no,yes,no,source1
F12604,api,api,2,no,yes,no,engine_webkit
F12607,F07874,api,3,no,yes,no,source1
F12608,F03998,api,3,no,yes,no,engine_webkit
F12609,F11506,api,3,no,yes,no,source1
F12610,F04387,api,3,yes,yes,no,random2
F12611,F10595,css,4,yes,yes,no,random2
F12612,javascript,javascript,3,no,yes,no,source1
F12614,F09938,api,3,no,yes,no,lineage_pair
F12615,F00181,api,3,yes,yes,no,source1
F12616,F16399,css,4,yes,yes,no,derivative1
F12617,http,http,3,no,no,yes,derivative1
F12618,F07767,api,3,no,yes,no,source1
F12620,F07269,css,4,no,yes,no,lineage_pair
F12621,css,css,3,no,yes,no,engine_webkit
F12622,F08214,api,3,no,yes,no,derivative1
F12623,F07765,api,3,yes,yes,no,engine_webkit
F12626,api,api,2,no,yes,no,lineage_pair
F12627,F11226,api,3,no,yes,no,derivative1
F12628,F05829,api,3,no,yes,no,lineage_pair
F12630,F11565,http,4,no,no,yes,random2
F12631,F12304,api,3,no,yes,no,source1
F12632,F05404,css,4,no,yes,no,derivative1
F12635,api,api,2,yes,yes,no,lineage_pair
F12636,F04308,api,3,no,yes,no,lineage_pair
F12637,F06358,css,4,no,yes,no,derivative1
F12638,F10145,api,3,no,yes,no,engine_webkit
F12640,F11062,api,3,no,yes,no,source1
F12641,F17679,api,3,no,yes,no,derivative1
F12642,F17925,javascript,4,no,yes,no,derivative1
F12643,F17315,api,3,no,yes,no,engine_webkit
F12644,F05059,api,3,yes,yes,no,lineage_pair
F12645,F00794,api,4,no,yes,no,source1
F12646,http,http,3,no,yes,no,derivative1
F12647,F07928,css,4,no,yes,no,lineage_pair
F12648,F04415,css,4,no,yes,no,source1
F12649,css,css,3,no,yes,no,random2
F12650,F06313,javascript,5,no,yes,no,source1
F12651,F05765,css,4,no,yes,no,derivative1
F12652,F12499,css,4,no,yes,no,engine_webkit
F12654,F05859,html,4,no,yes,yes,engine_webkit
F12655,F04301,api,3,no,yes,no,random2
F12656,javascript,javascript,3,no,yes,no,lineage_pair
F12657,F13506,api,3,no,yes,no,random2
F12659,F03902,api,3,no,yes,no,random2
F12660,F13160,api,3,yes,yes,no,derivative1
F12661,F04828,api,3,no,yes,no,lineage_pair
F12662,F17367,api,3,no,yes,no,engine_webkit
F12663,F18368,css,4,no,yes,no,lineage_pair
F12664,F06315,webdriver,5,no,yes,no,source1
F12665,F11303,api,3,no,yes,no,source1
F12667,F17947,api,3,yes,yes,no,derivative1
F12668,api,api,2,yes,yes,no,derivative1
F12669,F15982,html,4,no,yes,no,engine_webkit
F12670,F03998,api,3,no,yes,no,lineage_pair
F12671,F09853,html,5,no,yes,no,derivative1
F12672,F00683,api,3,no,yes,no,random2
F12673,http,http,3,yes,yes,no,derivative1
F12675,F04773,api,3,no,yes,no,random2
F12676,html,html,3,no,yes,no,lineage_pair
F12677,F05162,css,4,yes,yes,no,engine_webkit
F12678,F11525,api,3,yes,yes,no,lineage_pair
F12679,F16275,http,4,yes,yes,no,derivative1
F12681,F07363,api,3,no,no,yes,derivative1
F12682,F07217,api,3,no,yes,no,random2
F12684,F03619,api,3,no,yes,no,engine_webkit
F12685,F08456,api,3,yes,yes,no,lineage_pair
F12687,F02089,api,3,no,yes,no,lineage_pair
F12688,F12604,api,3,no,yes,no,random2
F12689,F00603,css,4,yes,yes,no,engine_webkit
F12690,F15273,html,4,no,yes,no,random2
F12691,F16270,api,3,no,yes,no,engine_webkit
F12692,F00777,api,3,no,yes,no,lineage_pair
F12693,F01571,api,4,no,yes,no,lineage_pair
F12694,F03563,api,3,no,yes,no,source1
F12695,api,api,2,no,yes,no,source1
F12696,F01837,svg,4,no,yes,yes,lineage_pair
F12697,F11395,api,3,no,yes,no,source1
F12698,F08384,api,3,no,yes,no,engine_webkit
F12699,F07327,css,4,yes,yes,no,engine_webkit
F12700,F11462,css,4,no,yes,no,engine_webkit
F12702,F04069,api,3,no,yes,no,derivative1
F12704,F10487,svg,4,no,yes,no,source1
F12705,F02478,api,4,no,yes,no,lineage_pair
F12706,F12600,api,3,no,yes,no,source1
F12707,F00425,css,4,no,yes,no,random2
F12708,F18430,css,4,no,yes,no,derivative1
F12709,css,css,3,no,yes,no,engine_webkit
F12710,F06916,api,3,yes,yes,no,engine_webkit
F12711,svg,svg,3,no,yes,no,source1
F12712,api,api,2,no,yes,no,engine_webkit
F12713,F03457,css,4,no,yes,no,random2
F12714,F09001,api,3,no,yes,no,derivative1
F12715,F15168,api,3,no,yes,no,derivative1
F12716,api,api,2,no,yes,no,lineage_pair
F12717,F13594,api,3,no,yes,no,engine_webkit
F12718,F12426,api,3,no,no,yes,derivative1
F12719,F12150,api,3,yes,yes,no,source1
F12720,F14825,api,3,no,yes,no,derivative1
F12721,F13549,html,4,yes,yes,no,random2
F12722,css,css,3,no,yes,no,engine_webkit
F12724,F05690,http,4,no,yes,no,engine_webkit
F12725,F10447,api,3,no,yes,no,random2
F12726,F14026,css,4,no,yes,no,random2
F12727,F16497,svg,4,no,yes,no,source1
F12728,css,css,3,no,yes,no,engine_webkit
F12729,F18313,api,3,no,yes,no,engine_webkit
F12730,F01195,api,3,no,yes,no,random2
F12732,api,api,2,no,yes,no,derivative1
F12733,F17692,svg,4,no,yes,no,random2
F12734,F00129,api,4,no,yes,no,random2
F12735,F10573,api,3,no,yes,no,engine_webkit
F12736,F02670,api,3,yes,yes,no,lineage_pair
F12738,F13188,html,5,no,yes,no,random2
F12739,F02265,css,4,no,yes,no,derivative1
F12742,F04917,javascript,4,no,yes,no,derivative1
F12743,F02506,css,4,yes,yes,no,engine_webkit
F12744,F04944,api,3,no,yes,no,lineage_pair
F12745,F16152,css,5,no,yes,no,source1
F12746,F04521,api,3,no,yes,no,lineage_pair
F12747,http,http,3,yes,yes,no,lineage_pair
F12748,F09177,api,3,no,yes,no,source1
F12752,F15003,javascript,4,no,no,no,engine_webkit
F12753,F11683,api,3,no,yes,no,engine_webkit
F12756,F16052,webdriver,4,no,yes,no,random2
F12757,F04631,css,4,no,yes,no,lineage_pair
F12759,F12185,css,4,yes,yes,no,random2
F12760,http,http,3,no,yes,no,random2
F12762,F12115,css,4,no,yes,no,derivative1
F12765,F05242,api,3,no,yes,no,source1
F12766,F01671,api,3,no,yes,no,engine_webkit
F12767,svg,svg,3,no,yes,no,random2
F12768,F16167,javascript,5,no,yes,no,engine_webkit
F12769,F04441,api,5,no,yes,no,derivative1
F12770,F04463,api,3,no,yes,no,source1
F12771,html,html,3,yes,yes,no,engine_webkit
F12773,F08492,webdriver,6,no,yes,no,engine_webkit
F12774,F07151,javascript,4,no,yes,no,random2
F12775,F00130,api,3,no,yes,no,source1
F12776,F11027,api,4,yes,yes,no,lineage_pair
F12778,F14718,api,3,no,yes,no,derivative1
F12779,F10682,api,3,no,no,yes,lineage_pair
F12781,F12245,api,3,yes,yes,no,lineage_pair
F12782,api,api,2,no,yes,yes,source1
F12783,F08723,api,3,yes,yes,no,random2
F12785,F13753,api,3,no,yes,no,derivative1
F12786,F18491,api,3,yes,no,no,engine_webkit
F12787,F04521,api,3,no,yes,no,random2
F12788,F02625,api,3,no,yes,no,engine_webkit
F12789,F16100,webdriver,5,no,yes,no,engine_webkit
F12790,F15754,css,4,no,yes,no,derivative1
F12791,F16052,webdriver,4,no,yes,no,random2
F12792,F05716,css,4,yes,yes,no,derivative1
F12793,F04521,api,3,no,yes,no,source1
F12794,F18171,javascript,4,no,yes,no,derivative1
F12795,F07882,css,4,no,yes,yes,engine_webkit
F12796,F02449,api,3,no,yes,no,source1
F12799,F04152,css,4,yes,yes,no,lineage_pair
F12800,F07915,svg,4,no,yes,no,random2
F12801,F05796,api,3,yes,no,no,engine_webkit
F12803,F01089,api,3,no,yes,no,derivative1
F12804,F13825,api,3,yes,yes,no,random2
F12805,F12126,api,3,no,yes,no,source1
F12807,F01282,api,3,no,yes,no,random2
F12808,css,css,3,no,yes,no,engine_webkit
F12810,F08377,api,3,no,yes,no,derivative1
F12811,F12151,api,3,yes,yes,no,source1
F12812,F04724,svg,4,no,yes,no,derivative1
F12813,F08843,api,3,no,no,no,source1
F12814,F07722,api,4,no,yes,no,random2
F12816,F05961,api,4,no,yes,no,derivative1
F12817,F18156,api,4,no,yes,no,random2
F12818,F02195,api,3,no,yes,no,random2
F12819,F08497,api,3,no,yes,no,derivative1
F12821,F15366,css,4,no,yes,no,engine_webkit
F12822,F02429,api,3,no,yes,no,engine_webkit
F12823,F15049,api,3,no,no,yes,derivative1
F12824,F07788,api,3,no,yes,no,derivative1
F12825,F02342,webdriver,5,yes,yes,no,source1
F12827,F11646,css,4,no,yes,no,source1
F12828,F06960,api,3,yes,yes,no,derivative1
F12829,F07731,http,4,yes,yes,no,engine_webkit
F12830,F11060,api,3,no,yes,no,random2
F12832,F02373,css,4,yes,yes,no,lineage_pair
F12833,F08803,css,4,no,yes,no,engine_webkit
F12834,F15094,css,4,no,yes,no,lineage_pair
F12835,F12712,api,3,no,yes,no,source1
F12836,F05643,api,3,yes,yes,no,engine_webkit
F12837,F12402,api,3,no,no,yes,derivative1
F12838,F18473,api,3,yes,yes,no,derivative1
F12839,javascript,javascript,3,no,yes,yes,derivative1
F12840,F12245,api,3,yes,yes,no,derivative1
F12841,api,api,2,no,yes,no,random2
F12842,http,http,3,yes,no,no,derivative1
F12844,F08843,api,3,no,yes,yes,lineage_pair
F12845,F09126,css,4,no,yes,no,engine_webkit
F12847,F09670,webdriver,5,no,yes,no,lineage_pair
F12848,F01940,api,3,no,yes,no,random2
F12849,F04064,css,4,no,yes,no,random2
F12850,F09070,api,5,no,yes,no,engine_webkit
F12851,F16108,api,3,no,yes,no,engine_webkit
F12852,F15657,api,3,no,yes,no,engine_webkit
F12853,F17457,css,4,yes,yes,no,lineage_pair
F12854,F13316,css,4,no,yes,no,engine_webkit
F12855,F15754,css,4,no,yes,no,source1
F12856,F16251,api,3,no,yes,no,engine_webkit
F12857,F17909,api,3,no,yes,no,source1
F12858,F09938,api,3,no,yes,no,lineage_pair
F12859,F16937,html,5,no,yes,no,random2
F12860,F01370,api,3,no,yes,yes,random2
F12861,F14135,webdriver,6,yes,yes,no,lineage_pair
F12863,F04526,api,3,no,yes,no,lineage_pair
F12864,F04521,api,3,no,yes,no,random2
F12866,F09269,api,3,no,yes,yes,derivative1
F12867,F13087,api,3,yes,yes,no,engine_webkit
F12869,api,api,2,yes,yes,no,source1
F12871,F07344,api,4,no,yes,no,derivative1
F12872,F07595,api,3,no,yes,no,random2
F12873,F01491,api,3,no,yes,no,derivative1
F12874,F18437,javascript,4,no,yes,no,derivative1
F12875,F14654,css,4,yes,yes,no,random2
F12876,F17438,css,4,no,yes,no,derivative1
F12877,F03829,api,3,yes,yes,no,engine_webkit
F12878,F00282,api,3,no,yes,no,engine_webkit
F12879,F12499,css,4,no,yes,no,derivative1
F12880,F00663,api,3,no,yes,no,derivative1
F12881,css,css,3,no,yes,no,engine_webkit
F12882,F05324,api,5,no,yes,no,random2
F12883,F05486,api,3,no,yes,no,derivative1
F12885,F13594,api,3,no,yes,no,derivative1
F12886,F04203,css,4,yes,yes,no,lineage_pair
F12887,api,api,2,no,yes,no,lineage_pair
F12888,F05948,css,4,no,yes,no,source1
F12889,http,http,3,no,yes,no,random2
F12891,F15982,html,4,no,yes,no,derivative1
F12892,api,api,2,no,yes,no,derivative1
F12893,F00405,api,3,no,yes,no,derivative1
F12894,F07151,javascript,4,no,yes,no,derivative1
F12895,F04392,css,4,no,yes,no,derivative1
F12896,F16108,api,3,no,yes,no,random2
F12897,F08752,html,4,no,yes,no,engine_webkit
F12898,F11491,css,4,no,yes,no,random2
F12899,F17499,javascript,5,no,yes,no,source1
F12901,F10393,css,4,no,yes,no,source1
F12902,F18471,api,3,no,yes,no,random2
F12903,F15458,javascript,5,no,yes,no,random2
F12904,F15675,api,4,no,yes,no,source1
F12905,F10045,api,3,no,yes,yes,lineage_pair
F12906,F15017,javascript,4,no,yes,yes,source1
F12907,F04760,api,3,no,yes,no,engine_webkit
F12908,F05404,css,4,yes,yes,no,derivative1
F12909,F09416,api,3,no,yes,no,source1
F12910,F12612,javascript,4,yes,yes,no,engine_webkit
F12911,F09938,api,3,no,yes,no,derivative1
F12912,F07170,css,4,no,yes,no,lineage_pair
F12913,F01089,api,3,no,yes,no,engine_webkit
F12914,F18491,api,3,no,no,yes,lineage_pair
F12916,F09339,api,3,yes,yes,no,engine_webkit
F12917,webdriver,webdriver,3,no,yes,no,engine_webkit
F12918,F02723,css,4,no,yes,no,engine_webkit
F12919,F16275,http,4,yes,yes,no,lineage_pair
F12922,F04235,svg,4,no,yes,no,lineage_pair
F12926,http,http,3,no,yes,no,random2
F12927,F16318,css,4,no,yes,no,engine_webkit
F12928,F02625,api,3,no,yes,no,lineage_pair
F12929,F01878,api,3,no,yes,no,source1
F12931,F02463,api,3,yes,yes,no,derivative1
F12932,F04521,api,3,no,yes,no,random2
F12933,F16108,api,3,no,yes,no,engine_webkit
F12934,F12923,api,3,no,yes,no,random2
F12935,F05977,css,4,no,yes,no,random2
F12936,F05665,css,4,no,yes,no,source1
F12937,F13244,css,4,no,yes,no,derivative1
F12938,F14421,css,4,yes,yes,no,derivative1
F12939,F17699,api,4,no,yes,no,random2
F12940,html,html,3,no,yes,no,derivative1
F12941,F11565,http,4,no,no,yes,derivative1
F12942,F13358,webdriver,5,no,yes,no,engine_webkit
F12944,F04780,api,3,yes,yes,no,engine_webkit
F12945,F17679,api,3,no,yes,no,source1
F12946,F00826,javascript,4,no,yes,no,derivative1
F12947,api,api,2,no,yes,no,derivative1
F12948,F02731,javascript,4,no,yes,no,lineage_pair
F12949,F16409,api,4,no,no,yes,engine_webkit
F12950,html,html,3,no,yes,no,engine_webkit
F12951,F12621,css,4,no,yes,no,source1
F12952,F17507,svg,4,no,yes,yes,lineage_pair
F12954,F02994,api,3,no,yes,no,derivative1
F12955,F04957,api,3,yes,yes,no,random2
F12956,F06558,css,4,no,yes,no,lineage_pair
F12959,F09080,api,3,yes,yes,no,source1
F12960,F07712,html,4,no,yes,yes,engine_webkit
F12961,F13160,api,3,yes,yes,no,lineage_pair
F12962,F05958,css,4,no,yes,no,source1
F12963,F11914,api,4,yes,no,no,engine_webkit
F12964,F08463,css,4,no,yes,yes,random2
F12965,api,api,2,no,yes,no,lineage_pair
F12966,F17465,api,3,no,yes,no,random2
F12967,F01132,html,4,no,yes,no,engine_webkit
F12968,css,css,3,no,yes,no,lineage_pair
F12969,F00289,api,3,no,yes,no,random2
F12970,F05010,css,4,yes,yes,no,lineage_pair
F12971,F14767,api,3,yes,yes,no,lineage_pair
F12974,F17679,api,3,no,yes,no,source1
F12976,F07765,api,3,yes,yes,no,random2
F12977,F08727,api,3,no,yes,no,derivative1
F12978,F03072,javascript,4,no,yes,no,derivative1
F12979,F08384,api,3,no,no,yes,random2
F12981,F16329,api,3,no,yes,no,engine_webkit
F12982,api,api,2,yes,yes,no,source1
F12983,F12600,api,3,no,yes,no,random2
F12984,F15662,api,3,no,yes,yes,random2
F12986,F00364,api,3,no,yes,no,derivative1
F12987,F01571,api,4,no,yes,no,lineage_pair
F12988,F13248,css,4,no,yes,no,lineage_pair
F12989,F13261,css,4,no,yes,no,source1
F12991,F15060,css,4,no,yes,yes,source1
F12992,F05707,css,4,no,yes,no,random2
F12993,F10987,css,4,yes,yes,no,derivative1
F12994,F07337,api,3,no,yes,no,random2
F12995,F13163,css,4,no,yes,no,lineage_pair
F12996,F08983,api,4,no,yes,no,random2
F12998,webdriver,webdriver,3,no,yes,no,source1
F12999,F04344,api,3,no,yes,no,derivative1
F13001,F07170,css,4,no,yes,yes,derivative1
F13002,F09122,css,4,no,yes,no,lineage_pair
F13003,F05185,api,3,no,yes,yes,random2
F13004,F02126,html,4,no,yes,no,derivative1
F13005,css,css,3,no,no,yes,derivative1
F13006,F05723,api,3,no,yes,no,derivative1
F13007,F01238,api,3,no,yes,no,derivative1
F13008,api,api,2,yes,yes,no,source1
F13009,F15632,api,3,no,yes,no,engine_webkit
F13010,F11060,api,3,no,yes,no,random2
F13012,F05324,api,5,no,yes,no,source1
F13013,F17989,api,3,no,no,no,random2
F13014,F08143,api,3,yes,yes,no,lineage_pair
F13015,F17967,css,4,no,yes,no,lineage_pair
F13016,F01178,css,4,no,yes,no,engine_webkit
F13017,F09945,api,3,no,yes,no,derivative1
F13018,F12600,api,3,no,yes,no,engine_webkit
F13019,F11694,api,3,no,yes,no,source1
F13020,F04856,api,3,no,yes,no,lineage_pair
F13021,F10967,http,4,yes,yes,no,engine_webkit
F13022,http,http,3,no,yes,no,derivative1
F13025,F06442,html,7,no,yes,no,source1
F13028,F01923,api,3,no,yes,no,source1
F13029,F05643,api,3,yes,yes,no,derivative1
F13030,F14821,css,5,no,yes,no,lineage_pair
F13031,F07543,css,4,no,yes,no,source1
F13033,F12923,api,3,no,yes,no,engine_webkit
F13034,F14767,api,3,no,yes,no,random2
F13035,F03239,webdriver,6,yes,yes,no,engine_webkit
F13036,F13825,api,3,yes,yes,no,lineage_pair
F13037,F09011,css,4,no,no,yes,random2
F13038,F11299,api,3,no,yes,no,engine_webkit
F13039,F15960,webdriver,5,no,yes,no,lineage_pair
F13041,css,css,3,no,yes,no,derivative1
F13042,api,api,2,no,yes,no,source1
F13043,F07492,css,4,no,yes,no,random2
F13044,F14427,api,3,no,yes,no,derivative1
F13045,F12147,css,4,yes,yes,no,lineage_pair
F13046,F02220,api,3,no,yes,no,source1
F13048,F00121,html,4,no,yes,no,lineage_pair
F13049,F14823,css,4,no,yes,no,source1
F13050,F01150,javascript,4,no,yes,no,derivative1
F13051,F14655,api,3,no,yes,no,lineage_pair
F13052,F00848,api,5,no,yes,no,engine_webkit
F13053,F14824,api,3,no,yes,yes,derivative1
F13054,F00427,api,3,no,yes,no,derivative1
F13055,F01701,css,4,no,yes,no,random2
F13056,F15316,css,4,yes,yes,no,random2
F13057,F16108,api,3,no,yes,no,lineage_pair
F13058,F09853,html,5,yes,yes,no,source1
F13059,F00505,api,3,no,yes,no,random2
F13061,F10447,api,3,no,yes,no,lineage_pair
F13062,F04616,api,3,yes,yes,no,random2
F13063,F08843,api,3,no,yes,no,source1
F13065,F14419,api,3,no,yes,no,engine_webkit
F13066,F11565,http,4,no,no,yes,lineage_pair
F13068,F16667,api,3,yes,yes,no,lineage_pair
F13069,api,api,2,no,yes,no,source1
F13070,F04069,api,3,no,yes,no,engine_webkit
F13071,F02541,api,4,yes,yes,no,engine_webkit
F13072,F12968,css,4,no,yes,no,derivative1
F13073,F18001,api,3,no,yes,no,engine_webkit
F13074,F14633,api,3,no,no,yes,source1
F13075,F15273,html,4,no,yes,no,engine_webkit
F13076,F13118,svg,4,no,yes,yes,random2
F13077,F07284,api,3,no,yes,no,engine_webkit
F13078,F01150,javascript,4,no,yes,no,lineage_pair
F13079,F12322,svg,4,no,yes,no,derivative1
F13081,F02967,api,3,no,yes,no,engine_webkit
F13083,F08465,api,3,no,yes,no,lineage_pair
F13087,api,api,2,yes,yes,no,random2
F13088,javascript,javascript,3,no,yes,no,random2
F13089,F04152,css,4,yes,yes,no,engine_webkit
F13090,F03049,api,3,no,yes,no,lineage_pair
F13091,css,css,3,no,yes,no,derivative1
F13092,javascript,javascript,3,no,yes,no,lineage_pair
F13094,F08088,api,3,yes,yes,no,source1
F13095,F05141,api,4,no,yes,no,derivative1
F13096,api,api,2,no,yes,no,random2
F13097,F12188,api,3,yes,yes,no,source1
F13098,F09937,api,3,no,yes,no,random2
F13099,F16108,api,3,no,yes,yes,engine_webkit
F13100,F16892,api,3,yes,yes,no,lineage_pair
F13101,F10914,css,4,no,yes,no,random2
F13102,F12712,api,3,no,yes,no,derivative1
F13103,F12600,api,3,no,yes,no,lineage_pair
F13104,api,api,2,no,yes,no,lineage_pair
F13105,F15857,html,4,no,yes,no,lineage_pair
F13106,javascript,javascript,3,no,yes,no,source1
F13107,F14571,api,3,no,yes,no,lineage_pair
F13108,F10595,css,4,no,yes,no,engine_webkit
F13109,css,css,3,no,no,no,random2
F13110,api,api,2,yes,yes,no,source1
F13112,css,css,3,no,yes,no,source1
F13113,F11165,svg,4,no,yes,no,lineage_pair
F13114,F11943,css,4,no,yes,no,derivative1
F13115,F04376,api,3,no,no,yes,random2
F13116,F07246,css,4,yes,yes,no,source1
F13118,svg,svg,3,no,yes,no,random2
F13119,api,api,2,no,yes,no,random2
F13120,F12965,api,3,no,yes,no,engine_webkit
F13121,F07860,css,4,no,yes,no,derivative1
F13123,F13834,api,3,no,yes,yes,random2
F13124,F14823,css,4,no,yes,no,random2
F13125,F09771,api,3,yes,yes,no,lineage_pair
F13126,F14731,api,3,no,yes,no,source1
F13127,F18171,javascript,4,no,yes,no,engine_webkit
F13128,F04521,api,3,no,yes,no,derivative1
F13130,F16362,css,4,no,yes,no,lineage_pair
F13131,api,api,2,no,yes,no,source1
F13132,F13725,api,3,no,yes,no,random2
F13135,F01878,api,3,no,yes,no,lineage_pair
F13137,F02456,api,3,no,yes,no,source1
F13138,F07971,api,3,no,yes,no,lineage_pair
F13139,F14702,css,4,yes,yes,no,source1
F13141,F07470,api,5,yes,yes,no,lineage_pair
F13142,F17949,css,4,no,yes,no,lineage_pair
F13143,F13261,css,4,no,yes,no,derivative1
F13144,F12892,api,3,no,yes,no,engine_webkit
F13145,F02410,css,4,no,yes,no,derivative1
F13146,F05520,css,5,no,no,no,engine_webkit
F13150,F01701,css,4,no,yes,no,derivative1
F13151,F09504,api,3,no,yes,no,random2
F13153,F12141,css,4,no,yes,no,random2
F13154,F05764,javascript,4,no,yes,no,lineage_pair
F13155,F10573,api,3,no,yes,no,lineage_pair
F13157,F13753,api,3,no,yes,no,derivative1
F13158,F00583,api,3,no,yes,no,lineage_pair
F13159,api,api,2,no,yes,no,derivative1
F13160,api,api,2,yes,yes,no,engine_webkit
F13161,F00777,api,3,no,yes,no,random2
F13163,css,css,3,no,yes,no,random2
F13164,F18491,api,3,no,yes,no,derivative1
F13165,F06610,api,4,no,yes,no,derivative1
F13166,F12321,api,3,yes,yes,no,random2
F13167,F13375,css,5,no,yes,no,lineage_pair
F13168,F07915,svg,4,no,yes,no,source1
F13169,F18450,api,3,no,yes,no,engine_webkit
F13170,F01406,api,3,no,yes,no,random2
F13172,F02346,css,4,no,yes,no,random2
F13173,F18491,api,3,yes,yes,no,random2
F13174,F17606,html,4,no,no,yes,source1
F13175,css,css,3,no,yes,no,source1
F13177,F17949,css,4,no,yes,no,engine_webkit
F13178,F13119,api,3,no,yes,no,source1
F13179,F05334,api,3,no,yes,no,random2
F13180,F05541,css,4,no,yes,no,random2
F13181,F13797,svg,4,no,yes,no,source1
F13182,css,css,3,no,yes,no,derivative1
F13184,F05866,api,3,no,no,yes,lineage_pair
F13185,F02467,api,3,no,yes,no,engine_webkit
F13186,F08553,html,4,no,no,yes,random2
F13187,F05571,api,3,no,no,yes,source1
F13188,F15577,html,4,no,yes,no,random2
F13189,F04392,css,4,yes,yes,no,lineage_pair
F13190,F09968,api,3,no,yes,no,source1
F13191,F16108,api,3,no,no,yes,lineage_pair
F13192,F03469,api,3,no,yes,no,random2
F13193,F03630,api,4,no,yes,no,derivative1
F13194,F01142,api,3,yes,yes,no,engine_webkit
F13195,css,css,3,yes,yes,no,random2
F13196,F04521,api,3,no,yes,no,derivative1
F13197,F12923,api,3,no,yes,no,engine_webkit
F13198,F08589,api,3,yes,yes,no,random2
F13199,F15851,css,4,yes,yes,no,derivative1
F13200,F08377,api,3,no,yes,no,engine_webkit
F13201,F09080,api,3,yes,yes,no,source1
F13203,F13594,api,3,no,yes,no,lineage_pair
F13204,F01509,svg,4,no,yes,yes,source1
F13205,api,api,2,yes,yes,no,derivative1
F13206,F01922,api,3,yes,yes,no,derivative1
F13207,http,http,3,no,yes,yes,derivative1
F13208,F13743,css,4,yes,yes,no,random2
F13209,F01370,api,3,no,yes,yes,engine_webkit
F13210,css,css,3,no,yes,no,derivative1
F13211,F02571,css,4,yes,yes,no,source1
F13212,F06148,api,3,yes,yes,no,engine_webkit
F13214,F13941,webdriver,4,yes,yes,no,derivative1
F13216,F01080,api,3,no,yes,no,source1
F13217,html,html,3,no,yes,yes,random2
F13219,F11565,http,4,no,no,yes,lineage_pair
F13220,F13579,html,4,no,yes,yes,source1
F13221,F08843,api,3,no,yes,no,random2
F13222,F08492,webdriver,6,no,yes,no,source1
F13223,F05517,css,4,yes,yes,no,engine_webkit
F13225,F15577,html,4,no,yes,no,lineage_pair
F13226,F08700,http,3,no,yes,no,random2
F13227,F07638,api,3,no,yes,yes,random2
F13229,F13395,api,3,yes,yes,no,engine_webkit
F13233,api,api,2,no,yes,no,random2
F13235,F05764,javascript,4,no,yes,no,source1
F13236,css,css,3,yes,no,no,derivative1
F13237,F09518,api,4,yes,yes,no,engine_webkit
F13239,api,api,2,no,yes,no,random2
F13242,F00557,api,3,no,yes,no,engine_webkit
F13244,css,css,3,no,yes,no,lineage_pair
F13245,F02846,api,3,no,no,no,engine_webkit
F13246,F03435,api,3,no,yes,no,engine_webkit
F13247,F14733,api,3,yes,yes,no,random2
F13248,css,css,3,no,yes,no,lineage_pair
F13249,F07337,api,3,yes,no,no,source1
F13251,webdriver,webdriver,3,no,yes,no,derivative1
F13253,F17668,css,4,yes,yes,no,lineage_pair
F13254,api,api,2,no,yes,no,engine_webkit
F13255,F04957,api,3,yes,yes,no,random2
F13256,api,api,2,no,yes,no,engine_webkit
F13257,F04521,api,3,no,yes,no,engine_webkit
F13258,api,api,2,no,yes,no,source1
F13259,F18414,javascript,4,no,yes,no,engine_webkit
F13260,F13096,api,3,no,yes,no,random2
F13261,css,css,3,no,yes,no,random2
F13262,F12923,api,3,no,yes,no,engine_webkit
F13263,F04644,webdriver,4,no,yes,no,random2
F13264,F02857,api,3,no,yes,no,source1
F13265,F02720,api,4,yes,yes,no,random2
F13268,javascript,javascript,3,no,yes,no,engine_webkit
F13269,F09272,css,4,no,yes,no,source1
F13270,F03902,api,3,no,yes,no,random2
F13271,F08214,api,3,no,yes,no,source1
F13272,F13008,api,3,yes,yes,no,source1
F13273,F04960,api,4,no,yes,no,random2
F13274,F17949,css,4,no,yes,no,random2
F13276,F08384,api,3,no,yes,no,random2
F13277,F04614,api,3,yes,yes,no,source1
F13278,css,css,3,no,yes,no,lineage_pair
F13281,F17476,javascript,4,no,yes,no,lineage_pair
F13283,F01413,api,3,no,yes,yes,lineage_pair
F13284,F11536,api,6,no,yes,no,random2
F13285,F10726,css,4,no,yes,no,derivative1
F13287,F07151,javascript,4,no,yes,no,derivative1
F13288,F16465,api,3,yes,yes,no,derivative1
F13291,F01150,javascript,4,no,yes,no,engine_webkit
F13292,api,api,2,no,yes,no,engine_webkit
F13293,F12168,html,4,no,yes,yes,source1
F13294,F03435,api,3,no,yes,no,derivative1
F13295,api,api,2,no,yes,no,derivative1
F13296,F06386,api,3,no,no,yes,random2
F13297,F16040,api,3,no,yes,no,source1
F13298,F14903,api,3,no,yes,no,derivative1
F13299,F06990,javascript,5,no,yes,no,lineage_pair
F13300,F15654,javascript,5,no,yes,no,engine_webkit
F13301,F15257,html,4,no,yes,yes,source1
F13302,api,api,2,no,yes,no,derivative1
F13303,F05764,javascript,4,no,yes,no,engine_webkit
F13304,F04069,api,3,no,yes,no,random2
F13306,http,http,3,no,yes,no,random2
F13307,F09653,css,5,no,yes,no,source1
F13309,F09938,api,3,no,yes,no,derivative1
F13310,F17879,api,3,no,yes,no,derivative1
F13311,F06258,api,3,yes,yes,no,lineage_pair
F13313,F08578,api,3,yes,yes,no,lineage_pair
F13314,F02034,api,3,no,yes,no,random2
F13315,F18171,javascript,4,no,yes,no,derivative1
F13316,css,css,3,no,yes,no,random2
F13317,F00863,javascript,4,no,yes,no,source1
F13318,F14144,http,4,no,yes,no,lineage_pair
F13319,F17784,css,4,no,yes,no,lineage_pair
F13320,F10715,javascript,4,no,yes,no,random2
F13321,F12898,css,5,no,yes,no,lineage_pair
F13323,F09398,javascript,4,no,yes,no,engine_webkit
F13324,F14699,html,4,no,no,no,lineage_pair
F13325,F13574,css,4,no,yes,no,random2
F13327,F11395,api,3,no,yes,no,source1
F13328,F07543,css,4,no,yes,no,derivative1
F13330,F00142,api,3,no,yes,no,lineage_pair
F13331,css,css,3,no,yes,no,engine_webkit
F13335,F10634,css,4,no,yes,no,derivative1
F13337,F09528,api,3,no,yes,no,random2
F13338,F12346,api,4,no,yes,no,engine_webkit
F13339,F17715,css,4,no,yes,no,random2
F13340,F00505,api,3,no,yes,no,lineage_pair
F13341,F01142,api,3,no,yes,no,random2
F13342,F06940,api,4,no,yes,no,engine_webkit
F13343,F18001,api,3,no,yes,no,source1
F13346,F03606,api,3,no,yes,no,lineage_pair
F13347,css,css,3,no,yes,no,random2
F13348,api,api,2,no,yes,no,engine_webkit
F13349,F18274,api,3,no,yes,no,derivative1
F13350,F14144,http,4,no,yes,no,source1
F13353,F07821,css,4,no,yes,no,lineage_pair
F13354,F13163,css,4,no,yes,no,lineage_pair
F13355,css,css,3,no,yes,no,engine_webkit
F13356,F17286,html,4,no,yes,no,derivative1
F13358,F16052,webdriver,4,no,yes,no,source1
F13359,F11883,api,3,no,yes,no,derivative1
F13360,F07874,api,3,no,yes,no,engine_webkit
F13362,F06138,api,3,no,yes,yes,derivative1
F13363,F09411,api,3,no,yes,no,derivative1
F13364,http,http,3,no,no,yes,source1
F13365,F13163,css,4,no,yes,no,derivative1
F13366,F02967,api,3,no,yes,no,lineage_pair
F13367,F06025,css,5,no,no,no,engine_webkit
F13368,F13316,css,4,no,yes,no,engine_webkit
F13369,F03312,css,4,no,yes,no,lineage_pair
F13370,F09313,api,3,no,yes,no,random2
F13371,F04521,api,3,no,yes,no,source1
F13372,F12968,css,4,no,yes,no,lineage_pair
F13373,F07587,api,3,no,no,yes,lineage_pair
F13375,F02835,css,4,no,yes,no,random2
F13376,css,css,3,no,yes,no,lineage_pair
F13377,F14785,css,4,no,yes,no,lineage_pair
F13378,F11006,css,4,no,yes,no,random2
F13379,css,css,3,no,yes,no,derivative1
F13380,F02967,api,3,no,yes,no,engine_webkit
F13381,F07595,api,3,no,yes,no,engine_webkit
F13382,F03010,api,3,yes,yes,no,lineage_pair
F13383,F02470,api,3,yes,yes,no,lineage_pair
F13384,F04620,html,4,no,yes,no,lineage_pair
F13386,F03469,api,3,yes,no,no,engine_webkit
F13387,F04442,api,3,no,yes,no,lineage_pair
F13389,F01075,javascript,4,no,yes,no,source1
F13390,F15577,html,4,no,yes,no,derivative1
F13391,F14364,javascript,5,no,no,yes,lineage_pair
F13392,css,css,3,no,no,no,random2
F13393,api,api,2,no,yes,no,source1
F13395,api,api,2,yes,yes,no,lineage_pair
F13396,F17881,api,3,no,yes,no,lineage_pair
F13399,F12402,api,3,no,no,yes,source1
F13400,F12461,css,4,no,yes,no,derivative1
F13402,F09272,css,4,no,yes,no,derivative1
F13403,F07304,api,3,yes,yes,no,random2
F13404,F00708,javascript,5,no,yes,no,random2
F13405,F10487,svg,4,no,yes,no,source1
F13406,F15657,api,3,no,yes,no,engine_webkit
F13407,F08384,api,3,no,yes,no,source1
F13408,F13096,api,3,no,yes,no,derivative1
F13410,F12321,api,3,yes,yes,no,source1
F13411,F07595,api,3,no,yes,no,random2
F13412,F04521,api,3,no,yes,no,engine_webkit
F13413,F01922,api,3,no,yes,no,engine_webkit
F13414,F12245,api,3,yes,yes,no,engine_webkit
F13415,F11593,api,3,yes,yes,no,source1
F13417,F09972,css,4,no,yes,no,source1
F13418,F08344,css,4,no,yes,no,lineage_pair
F13421,F03573,api,3,no,yes,no,lineage_pair
F13422,F06199,css,4,no,yes,no,source1
F13423,F16026,api,3,no,yes,no,random2
F13424,F08594,api,3,no,yes,no,random2
F13425,F03686,javascript,5,no,yes,no,source1
F13426,F06990,javascript,5,no,yes,no,random2
F13427,F12461,css,4,no,no,no,lineage_pair
F13428,F16496,api,3,no,yes,no,engine_webkit
F13430,F06138,api,3,no,yes,no,derivative1
F13431,F05577,api,3,no,yes,no,lineage_pair
F13433,F18054,javascript,5,no,yes,no,random2
F13434,F01019,api,3,no,yes,no,source1
F13435,F18313,api,3,no,yes,no,lineage_pair
F13436,F11165,svg,4,no,yes,no,derivative1
F13437,css,css,3,no,no,no,random2
F13439,F13159,api,3,no,yes,no,derivative1
F13440,F11553,api,4,yes,no,no,random2
F13441,F01080,api,3,no,yes,no,derivative1
F13442,F00142,api,3,no,yes,no,random2
F13443,F13941,webdriver,4,yes,yes,no,source1
F13444,F14823,css,4,no,yes,no,engine_webkit
F13445,F17944,api,3,no,yes,no,engine_webkit
F13446,css,css,3,no,yes,no,source1
F13447,F09468,api,3,no,yes,no,engine_webkit
F13448,F15851,css,4,yes,yes,no,source1
F13449,F02751,webdriver,4,no,yes,no,engine_webkit
F13450,F12059,api,3,yes,yes,no,source1
F13452,html,html,3,no,yes,yes,engine_webkit
F13454,F11427,svg,4,no,yes,no,source1
F13456,F14252,api,3,no,yes,no,random2
F13458,F07151,javascript,4,no,yes,no,derivative1
F13459,F04521,api,3,no,yes,no,lineage_pair
F13460,F04051,http,4,yes,yes,no,engine_webkit
F13461,F08843,api,3,no,yes,no,engine_webkit
F13463,F09876,api,3,no,yes,no,engine_webkit
F13464,F04634,api,3,yes,yes,no,random2
F13465,F01150,javascript,4,no,yes,no,derivative1
F13466,F05384,api,3,no,yes,no,derivative1
F13467,F07595,api,3,no,yes,no,source1
F13469,api,api,2,no,yes,no,random2
F13470,F05486,api,3,no,yes,no,random2
F13471,F11883,api,3,no,yes,no,derivative1
F13472,F03469,api,3,yes,no,no,source1
F13473,F01701,css,4,no,yes,no,random2
F13474,F04325,css,4,no,yes,no,derivative1
F13475,F14731,api,3,no,yes,no,random2
F13476,F14165,api,3,yes,yes,no,lineage_pair
F13479,F08336,javascript,5,no,yes,no,lineage_pair
F13481,F15329,css,4,no,yes,no,source1
F13482,F01630,api,3,no,no,yes,derivative1
F13483,F01468,api,4,yes,yes,no,derivative1
F13484,F03373,api,3,no,yes,no,source1
F13485,F14903,api,3,no,yes,no,random2
F13486,http,http,3,no,yes,no,engine_webkit
F13487,F01856,api,4,yes,yes,no,source1
F13488,F06386,api,3,no,yes,no,derivative1
F13491,F01940,api,3,no,yes,no,random2
F13492,F16415,css,4,no,yes,no,source1
F13493,F16804,api,3,yes,yes,no,derivative1
F13495,F14026,css,4,no,yes,no,source1
F13496,F05162,css,4,yes,yes,no,engine_webkit
F13497,F08214,api,3,no,yes,no,random2
F13498,F08843,api,3,no,yes,no,random2
F13499,F07151,javascript,4,no,yes,no,engine_webkit
F13500,F02307,css,4,no,yes,no,random2
F13502,F18491,api,3,no,yes,no,random2
F13503,F08843,api,3,yes,yes,no,lineage_pair
F13504,html,html,3,no,yes,yes,random2
F13505,css,css,3,no,yes,no,lineage_pair
F13506,api,api,2,no,yes,no,random2
F13507,api,api,2,no,yes,no,engine_webkit
F13509,F12791,webdriver,5,yes,yes,no,random2
F13510,F10206,api,3,no,yes,no,lineage_pair
F13512,F00705,css,4,no,yes,no,engine_webkit
F13513,F14731,api,3,no,yes,no,lineage_pair
F13514,F13601,javascript,4,no,yes,no,source1
F13515,F13902,api,3,no,yes,no,random2
F13516,F01238,api,3,no,yes,no,random2
F13517,F12321,api,3,yes,yes,no,derivative1
F13518,F17671,api,3,no,yes,no,derivative1
F13519,F14650,api,5,no,yes,no,engine_webkit
F13520,F00505,api,3,no,yes,no,random2
F13521,F06041,api,3,no,yes,no,source1
F13523,F17784,css,4,no,yes,no,random2
F13524,F04828,api,3,no,yes,no,source1
F13526,F12740,api,3,yes,yes,no,lineage_pair
F13527,F15003,javascript,4,no,yes,no,source1
F13529,F13395,api,3,yes,yes,no,derivative1
F13530,F04321,api,3,no,yes,no,derivative1
F13531,F01142,api,3,yes,yes,no,lineage_pair
F13533,F11770,css,5,no,yes,no,derivative1
F13534,F01814,api,3,no,yes,no,source1
F13535,F18473,api,3,yes,yes,no,lineage_pair
F13536,F14711,svg,4,no,yes,no,derivative1
F13537,F09892,api,4,no,yes,no,engine_webkit
F13538,F08689,api,3,no,yes,yes,engine_webkit
F13539,F12404,api,3,no,yes,no,source1
F13540,F00823,api,3,no,yes,no,derivative1
F13542,F09398,javascript,4,no,yes,no,lineage_pair
F13543,F13042,api,3,no,yes,no,lineage_pair
F13544,F17438,css,4,no,yes,no,derivative1
F13545,F15348,api,3,yes,yes,no,derivative1
F13546,javascript,javascript,3,no,yes,no,source1
F13547,F17656,api,3,no,no,yes,source1
F13548,F13865,api,3,no,yes,no,random2
F13549,html,html,3,yes,yes,no,derivative1
F13550,F03078,html,4,no,yes,no,derivative1
F13552,F11491,css,4,no,yes,no,derivative1
F13554,F16275,http,4,yes,yes,no,derivative1
F13556,F10034,css,4,no,yes,no,lineage_pair
F13558,F10634,css,4,no,yes,no,random2
F13559,F04069,api,3,no,yes,no,lineage_pair
F13560,F16523,api,3,no,yes,no,source1
F13561,svg,svg,3,no,yes,no,random2
F13563,F01469,api,4,yes,yes,no,lineage_pair
F13564,F09339,api,3,yes,yes,no,source1
F13565,F08715,http,5,no,yes,no,source1
F13566,F18491,api,3,no,yes,no,engine_webkit
F13568,F15334,webdriver,4,no,yes,no,derivative1
F13569,F12923,api,3,no,yes,no,engine_webkit
F13570,F18491,api,3,no,yes,no,engine_webkit
F13571,F13891,svg,4,no,yes,no,derivative1
F13572,css,css,3,no,yes,no,source1
F13573,F14993,api,3,no,yes,no,engine_webkit
F13574,css,css,3,no,yes,no,random2
F13575,F09092,javascript,5,no,yes,no,derivative1
F13576,F10987,css,4,yes,yes,no,random2
F13577,F03516,css,4,no,no,no,engine_webkit
F13578,F14026,css,4,no,yes,no,derivative1
F13579,html,html,3,no,yes,no,engine_webkit
F13580,F09318,api,3,yes,yes,no,lineage_pair
F13581,F17795,webdriver,4,no,yes,no,lineage_pair
F13583,F04560,html,4,no,yes,no,engine_webkit
F13584,F13295,api,3,no,yes,no,engine_webkit
F13585,css,css,3,no,yes,no,random2
F13586,F07595,api,3,no,yes,no,random2
F13587,F13574,css,4,no,no,no,derivative1
F13589,F01467,api,3,yes,no,no,engine_webkit
F13590,F17342,css,4,no,yes,no,lineage_pair
F13591,F06386,api,3,no,yes,no,engine_webkit
F13592,F08456,api,3,yes,yes,no,derivative1
F13593,F09937,api,3,no,yes,no,lineage_pair
F13594,api,api,2,no,yes,no,source1
F13597,F13256,api,3,no,yes,no,derivative1
F13598,F05617,api,3,no,yes,no,source1
F13599,F11395,api,3,no,yes,no,source1
F13600,F13112,css,4,no,yes,no,lineage_pair
F13601,javascript,javascript,3,no,yes,no,source1
F13602,F07555,svg,5,yes,yes,no,engine_webkit
F13603,F00774,api,4,no,no,no,engine_webkit
F13606,F18427,api,3,no,yes,no,random2
F13607,F03198,api,3,no,yes,no,derivative1
F13609,F15902,css,4,no,yes,no,derivative1
F13612,F06082,api,3,no,no,yes,lineage_pair
F13613,F03961,webdriver,5,no,yes,no,source1
F13614,F17950,css,4,no,yes,no,random2
F13615,F10634,css,4,no,yes,no,source1
F13616,F12099,html,4,no,yes,no,engine_webkit
F13617,F15624,api,3,no,yes,no,source1
F13618,F14819,webdriver,5,yes,yes,no,derivative1
F13619,F13119,api,3,no,yes,no,engine_webkit
F13620,F01069,api,4,yes,yes,no,lineage_pair
F13621,F11525,api,3,yes,yes,no,derivative1
F13622,F18491,api,3,no,yes,no,source1
F13624,F14336,webdriver,5,no,no,yes,lineage_pair
F13625,css,css,3,no,yes,no,source1
F13626,F07151,javascript,4,no,yes,no,lineage_pair
F13627,F08843,api,3,no,yes,no,source1
F13629,F04521,api,3,no,yes,no,random2
F13630,F17606,html,4,no,yes,yes,derivative1
F13631,F07029,svg,4,no,yes,no,source1
F13632,F14421,css,4,no,yes,no,source1
F13633,F17971,html,6,yes,yes,no,engine_webkit
F13634,css,css,3,no,yes,no,source1
F13635,F11217,api,3,no,yes,no,derivative1
F13636,F07659,css,4,yes,yes,no,random2
F13637,css,css,3,no,yes,no,lineage_pair
F13638,F14252,api,3,no,yes,no,engine_webkit
F13639,api,api,2,yes,yes,no,random2
F13640,F02271,css,4,no,yes,no,random2
F13641,F08214,api,3,no,yes,no,lineage_pair
F13643,F17478,api,3,yes,yes,no,lineage_pair
F13644,F10145,api,3,no,yes,no,lineage_pair
F13646,F03435,api,3,no,yes,no,source1
F13647,F04821,css,4,no,yes,no,random2
F13648,F08843,api,3,no,yes,no,source1
F13650,F04415,css,4,no,yes,no,lineage_pair
F13651,F10441,api,4,no,yes,no,engine_webkit
F13652,F07054,http,4,no,yes,no,random2
F13653,F01150,javascript,4,no,yes,no,source1
F13654,F12168,html,4,no,yes,yes,lineage_pair
F13656,F09936,api,3,no,yes,yes,derivative1
F13658,F06898,css,4,no,yes,no,source1
F13659,F00730,html,5,yes,yes,no,derivative1
F13660,F07234,api,3,no,yes,no,random2
F13664,F00989,css,5,yes,yes,no,lineage_pair
F13665,api,api,2,no,yes,no,engine_webkit
F13666,api,api,2,no,yes,no,lineage_pair
F13667,http,http,3,no,yes,no,engine_webkit
F13669,F08636,css,4,no,yes,no,derivative1
F13670,F06238,webdriver,5,no,yes,no,source1
F13671,F04979,api,3,no,yes,no,random2
F13672,F08384,api,3,no,yes,no,lineage_pair
F13673,F03902,api,3,no,yes,no,random2
F13674,F07918,api,3,yes,yes,no,derivative1
F13675,F08384,api,3,no,yes,no,lineage_pair
F13676,F12604,api,3,no,yes,no,engine_webkit
F13677,F14165,api,3,yes,yes,no,lineage_pair
F13678,F05499,html,5,no,no,no,source1
F13679,F01922,api,3,yes,yes,no,random2
F13680,javascript,javascript,3,no,yes,no,source1
F13681,api,api,2,no,yes,no,source1
F13682,F03384,javascript,4,no,yes,no,source1
F13684,F09252,api,3,yes,yes,no,derivative1
F13685,F12947,api,3,no,yes,no,random2
F13687,F05661,css,4,no,yes,no,random2
F13688,F09945,api,3,no,yes,no,derivative1
F13690,F00741,api,3,yes,yes,no,source1
F13691,F04521,api,3,no,yes,no,engine_webkit
F13692,F11883,api,3,no,yes,no,derivative1
F13693,F18001,api,3,no,yes,no,lineage_pair
F13694,F17236,api,3,no,yes,yes,engine_webkit
F13695,F02478,api,4,yes,yes,no,random2
F13696,F06940,api,4,yes,yes,no,random2
F13697,F06077,api,3,no,yes,no,source1
F13698,javascript,javascript,3,no,yes,no,source1
F13699,F15527,api,3,no,yes,no,random2
F13700,F07253,css,4,no,yes,no,random2
F13701,F04521,api,3,no,yes,no,derivative1
F13702,F17746,api,3,no,yes,no,engine_webkit
F13703,F09938,api,3,no,yes,no,random2
F13704,F11240,api,4,no,yes,no,source1
F13707,F13825,api,3,yes,yes,no,lineage_pair
F13709,F12115,css,4,no,yes,no,source1
F13711,F07790,api,3,no,yes,no,derivative1
F13712,F11646,css,4,no,yes,no,engine_webkit
F13713,F06990,javascript,5,no,yes,no,derivative1
F13714,F15329,css,4,no,yes,no,random2
F13715,F17507,svg,4,no,yes,no,lineage_pair
F13716,F03319,api,3,no,yes,no,random2
F13717,webdriver,webdriver,3,no,yes,no,random2
F13718,F15541,api,3,no,yes,no,engine_webkit
F13722,F04577,webdriver,5,no,yes,no,derivative1
F13723,F05384,api,3,no,yes,no,lineage_pair
F13724,F04995,api,3,no,yes,no,lineage_pair
F13725,api,api,2,no,yes,no,source1
F13726,F14507,api,3,no,yes,no,derivative1
F13728,F07659,css,4,no,yes,yes,random2
F13729,F13574,css,4,no,yes,no,random2
F13730,api,api,2,yes,yes,no,source1
F13731,css,css,3,no,yes,no,engine_webkit
F13734,F01078,html,4,no,yes,no,random2
F13735,F01701,css,4,no,yes,no,derivative1
F13736,F08843,api,3,no,yes,no,lineage_pair
F13737,F16108,api,3,no,no,no,source1
F13738,F15446,api,3,no,yes,no,lineage_pair
F13739,F04760,api,3,no,yes,no,source1
F13740,F04580,api,3,no,yes,no,derivative1
F13741,F14823,css,4,no,yes,no,random2
F13742,F02466,api,3,no,yes,no,lineage_pair
F13743,css,css,3,yes,yes,no,random2
F13744,F11486,api,4,no,yes,no,lineage_pair
F13746,F07889,webdriver,6,no,yes,no,random2
F13747,css,css,3,no,yes,no,source1
F13748,F00794,api,4,no,yes,no,derivative1
F13749,F11842,api,4,no,yes,no,engine_webkit
F13750,F17536,css,4,no,yes,no,engine_webkit
F13751,F02449,api,3,no,yes,no,random2
F13752,F04521,api,3,no,yes,no,lineage_pair
F13753,api,api,2,no,yes,no,engine_webkit
F13754,F15352,webdriver,5,yes,yes,no,random2
F13756,css,css,3,yes,yes,no,lineage_pair
F13757,F02520,api,3,no,yes,no,random2
F13761,F04065,css,4,yes,no,no,lineage_pair
F13762,F07964,api,3,no,yes,no,source1
F13763,F10337,api,3,no,yes,no,derivative1
F13766,F03461,api,4,no,yes,no,source1
F13767,F04995,api,3,no,yes,no,random2
F13768,F13395,api,3,yes,yes,no,random2
F13769,F16108,api,3,no,yes,no,random2
F13770,F15576,html,5,no,yes,no,random2
F13773,F02497,api,3,yes,yes,no,lineage_pair
F13774,F00148,css,4,no,yes,no,derivative1
F13776,F11586,webdriver,5,no,yes,no,source1
F13777,F00665,api,4,yes,yes,no,source1
F13779,css,css,3,no,no,no,random2
F13780,F01132,html,4,no,yes,no,random2
F13782,F18491,api,3,no,yes,no,derivative1
F13783,F04610,api,3,no,no,yes,random2
F13784,F17505,api,3,no,yes,no,derivative1
F13785,F15294,api,3,no,yes,no,lineage_pair
F13787,F16362,css,4,no,yes,no,lineage_pair
F13788,F08843,api,3,no,yes,no,lineage_pair
F13790,F04957,api,3,no,yes,no,source1
F13791,css,css,3,yes,yes,no,derivative1
F13792,F07595,api,3,no,yes,no,engine_webkit
F13793,F08242,api,3,yes,yes,no,engine_webkit
F13794,F06450,api,3,yes,yes,no,random2
F13795,F07595,api,3,no,yes,no,lineage_pair
F13797,svg,svg,3,no,yes,no,derivative1
F13798,F08214,api,3,no,yes,no,lineage_pair
F13799,F00142,api,3,no,yes,no,lineage_pair
F13800,F14125,api,3,no,yes,no,random2
F13801,F06199,css,4,no,yes,no,random2
F13802,F04521,api,3,no,yes,no,lineage_pair
F13804,F14699,html,4,no,yes,no,derivative1
F13805,api,api,2,yes,yes,no,derivative1
F13807,F14825,api,3,no,yes,no,source1
F13808,F04950,api,4,no,yes,no,source1
F13809,F07170,css,4,no,yes,no,derivative1
F13810,javascript,javascript,3,no,yes,no,source1
F13811,F13112,css,4,no,yes,no,source1
F13812,api,api,2,yes,yes,no,source1
F13813,F11671,html,4,no,yes,no,source1
F13816,F16108,api,3,no,no,yes,derivative1
F13817,F01650,api,3,no,yes,no,engine_webkit
F13819,F04636,api,4,no,yes,no,engine_webkit
F13820,F17679,api,3,no,yes,no,engine_webkit
F13821,F16494,api,4,no,yes,no,random2
F13822,F14421,css,4,no,yes,no,derivative1
F13823,F08599,svg,4,yes,yes,no,lineage_pair
F13824,F03198,api,3,no,yes,no,source1
F13825,api,api,2,yes,yes,no,lineage_pair
F13827,css,css,3,no,yes,no,derivative1
F13828,F06138,api,3,no,yes,no,engine_webkit
F13830,F09968,api,3,no,yes,no,random2
F13831,F15522,api,3,no,yes,no,random2
F13832,F04477,api,4,no,yes,no,lineage_pair
F13833,F01405,api,4,no,yes,no,random2
F13835,F15666,css,4,no,yes,no,derivative1
F13836,F17941,api,3,no,yes,no,lineage_pair
F13839,F04687,api,3,no,yes,no,random2
F13840,F16226,webdriver,5,no,yes,no,lineage_pair
F13841,F09996,api,3,no,yes,no,source1
F13843,F05371,api,4,no,yes,no,derivative1
F13844,F15017,javascript,4,no,yes,no,lineage_pair
F13845,F04521,api,3,no,yes,no,engine_webkit
F13846,F10634,css,4,no,yes,no,source1
F13847,F01282,api,3,no,yes,no,source1
F13848,F00724,webdriver,5,no,yes,no,lineage_pair
F13850,F10487,svg,4,no,yes,no,random2
F13851,F03961,webdriver,5,yes,yes,no,derivative1
F13852,F12881,css,4,no,yes,no,source1
F13853,F05059,api,3,yes,yes,no,random2
F13855,api,api,2,no,yes,no,source1
F13856,F04521,api,3,no,yes,no,engine_webkit
F13857,F18471,api,3,no,yes,no,derivative1
F13859,javascript,javascript,3,no,yes,no,source1
F13860,F08749,api,3,no,yes,no,random2
F13861,F04521,api,3,no,yes,no,lineage_pair
F13862,F02456,api,3,no,yes,no,derivative1
F13863,F07132,css,4,no,yes,no,derivative1
F13864,F06871,api,4,no,yes,no,lineage_pair
F13865,api,api,2,no,yes,no,random2
F13867,F02126,html,4,no,yes,no,derivative1
F13868,api,api,2,no,yes,no,random2
F13869,F04724,svg,4,no,yes,no,derivative1
F13870,F06990,javascript,5,no,yes,no,engine_webkit
F13872,F02967,api,3,no,no,no,derivative1
F13877,F10026,api,3,yes,yes,no,lineage_pair
F13879,F05571,api,3,no,yes,no,random2
F13882,F16149,api,3,no,yes,no,random2
F13884,F12598,html,4,no,yes,no,random2
F13886,F02096,api,3,no,yes,no,random2
F13888,F12461,css,4,no,yes,no,engine_webkit
F13889,html,html,3,no,yes,yes,source1
F13890,F16270,api,3,no,yes,no,engine_webkit
F13891,svg,svg,3,no,yes,no,derivative1
F13892,F17983,api,3,yes,yes,no,derivative1
F13893,api,api,2,no,yes,no,source1
F13895,F08384,api,3,no,no,yes,lineage_pair
F13896,F15389,html,5,no,yes,no,derivative1
F13897,F10763,css,4,no,yes,no,derivative1
F13898,F18450,api,3,yes,yes,no,derivative1
F13899,F05010,css,4,yes,yes,no,derivative1
F13900,F03801,api,3,no,yes,no,derivative1
F13901,css,css,3,yes,yes,no,random2
F13902,api,api,2,no,yes,no,lineage_pair
F13903,F08076,api,3,yes,yes,no,derivative1
F13904,F13112,css,4,no,yes,no,derivative1
F13905,F17679,api,3,yes,yes,no,lineage_pair
F13906,F15666,css,4,no,yes,no,random2
F13907,F08214,api,3,no,yes,no,derivative1
F13908,F13086,api,3,no,yes,no,source1
F13910,F15654,javascript,5,no,yes,no,source1
F13911,F04909,javascript,5,no,yes,no,source1
F13912,F04521,api,3,no,yes,no,lineage_pair
F13913,F10045,api,3,no,yes,yes,derivative1
F13914,css,css,3,no,yes,no,source1
F13915,css,css,3,no,yes,no,derivative1
F13916,F01764,javascript,5,no,yes,no,engine_webkit
F13917,F06138,api,3,no,yes,no,derivative1
F13918,css,css,3,no,yes,no,lineage_pair
F13919,F11427,svg,4,no,yes,no,engine_webkit
F13920,F14619,svg,4,no,yes,no,random2
F13921,F16186,javascript,4,yes,yes,no,lineage_pair
F13922,svg,svg,3,no,yes,no,derivative1
F13924,F14823,css,4,no,yes,no,derivative1
F13926,F04778,api,3,yes,yes,no,source1
F13927,F14241,svg,4,no,yes,no,engine_webkit
F13928,F02814,api,3,no,no,yes,random2
F13929,svg,svg,3,no,yes,yes,derivative1
F13930,F08553,html,4,no,no,yes,lineage_pair
F13932,F04631,css,4,no,yes,no,engine_webkit
F13933,css,css,3,yes,no,no,source1
F13934,api,api,2,no,yes,no,lineage_pair
F13935,F09216,api,3,yes,yes,no,source1
F13936,F17260,svg,4,no,yes,yes,lineage_pair
F13937,F01861,api,3,no,yes,no,source1
F13938,F13797,svg,4,no,yes,no,lineage_pair
F13939,F12680,api,3,no,yes,no,lineage_pair
F13940,F01944,api,3,no,yes,no,lineage_pair
F13941,webdriver,webdriver,3,yes,yes,no,source1
F13942,F13825,api,3,yes,yes,no,lineage_pair
F13943,F13594,api,3,no,yes,no,source1
F13944,F11472,http,4,no,yes,no,random2
F13946,F02429,api,3,no,yes,no,engine_webkit
F13947,F04165,api,3,no,yes,no,engine_webkit
F13948,F05571,api,3,no,no,no,engine_webkit
F13949,F14206,css,4,no,yes,no,derivative1
F13951,F07595,api,3,no,yes,no,derivative1
F13952,F09590,api,3,no,yes,yes,random2
F13953,F11395,api,3,no,yes,no,source1
F13954,F15624,api,3,no,yes,no,random2
F13955,F12607,api,4,no,yes,no,lineage_pair
F13956,F06871,api,4,no,yes,no,engine_webkit
F13958,F03563,api,3,no,yes,no,random2
F13959,F02478,api,4,no,yes,no,engine_webkit
F13960,F14241,svg,4,no,yes,no,lineage_pair
F13961,F09945,api,3,no,yes,no,source1
F13962,F00068,api,4,no,yes,no,engine_webkit
F13964,F17111,javascript,5,no,yes,no,engine_webkit
F13965,F08843,api,3,no,yes,no,lineage_pair
F13967,F01080,api,3,no,yes,no,source1
F13969,F17250,api,3,no,yes,no,source1
F13970,F09624,javascript,4,no,yes,no,engine_webkit
F13972,F16108,api,3,no,yes,yes,lineage_pair
F13974,css,css,3,no,yes,no,lineage_pair
F13975,F06138,api,3,no,yes,no,engine_webkit
F13977,F01130,api,3,no,yes,no,lineage_pair
F13978,F00721,css,4,no,yes,no,source1
F13979,F17952,api,3,no,no,yes,source1
F13980,css,css,3,yes,yes,no,engine_webkit
F13982,F07530,css,4,no,yes,no,engine_webkit
F13983,F12621,css,4,no,yes,no,derivative1
F13988,F13251,webdriver,4,no,yes,no,source1
F13989,F12402,api,3,no,no,yes,random2
F13990,F17784,css,4,no,yes,no,engine_webkit
F13991,F15675,api,4,no,yes,no,random2
F13992,F14285,api,3,no,yes,no,engine_webkit
F13995,css,css,3,no,yes,no,derivative1
F13998,F13594,api,3,no,yes,no,derivative1
F13999,F14456,css,4,yes,yes,no,lineage_pair
F14000,F18368,css,4,no,yes,no,random2
F14002,F13581,webdriver,5,no,yes,no,source1
F14003,F00721,css,4,no,yes,no,engine_webkit
F14006,F16892,api,3,yes,yes,no,engine_webkit
F14007,F12185,css,4,yes,yes,no,random2
F14009,css,css,3,no,yes,no,lineage_pair
F14010,F14767,api,3,no,yes,no,engine_webkit
F14011,F13316,css,4,no,yes,no,random2
F14012,F12923,api,3,no,yes,no,derivative1
F14013,F08790,html,4,no,yes,yes,engine_webkit
F14014,F11671,html,4,no,yes,yes,random2
F14015,F12555,svg,5,no,yes,no,random2
F14016,F00733,api,3,yes,yes,no,random2
F14017,F11695,css,5,no,yes,no,engine_webkit
F14018,F00921,api,3,no,yes,no,lineage_pair
F14019,F08444,api,4,no,yes,no,derivative1
F14020,F12276,javascript,4,no,yes,yes,random2
F14021,F06283,api,4,no,yes,no,derivative1
F14023,F03435,api,3,no,yes,no,lineage_pair
F14024,F03961,webdriver,5,no,yes,no,engine_webkit
F14025,F10737,css,4,yes,yes,no,source1
F14026,css,css,3,no,yes,no,random2
F14027,F15009,api,3,no,yes,no,derivative1
F14028,F09945,api,3,no,yes,no,engine_webkit
F14029,F13625,css,4,no,yes,no,lineage_pair
F14030,F09484,api,3,no,yes,no,engine_webkit
F14031,F10583,api,3,no,yes,no,random2
F14032,F16329,api,3,no,yes,yes,source1
F14033,F03180,api,3,no,yes,no,source1
F14034,F02096,api,3,no,yes,no,random2
F14035,F03469,api,3,no,yes,no,random2
F14036,F01764,javascript,5,no,yes,no,source1
F14037,F12668,api,3,yes,yes,no,random2
F14038,F13572,css,4,no,yes,no,random2
F14039,F17679,api,3,no,yes,no,random2
F14040,F04995,api,3,no,yes,no,random2
F14041,F16329,api,3,no,yes,yes,engine_webkit
F14042,F13574,css,4,no,yes,no,derivative1
F14044,F06331,api,3,no,yes,no,lineage_pair
F14045,F16028,css,4,no,yes,no,derivative1
F14047,F17212,api,3,no,no,yes,source1
F14049,F02835,css,4,no,yes,no,random2
F14050,F00557,api,3,no,yes,no,engine_webkit
F14052,F09208,api,3,no,yes,no,derivative1
F14053,F05221,api,3,no,yes,no,lineage_pair
F14054,F01814,api,3,no,yes,no,engine_webkit
F14055,javascript,javascript,3,no,yes,no,random2
F14056,F15570,webdriver,5,no,yes,no,derivative1
F14057,F01532,html,5,no,yes,no,random2
F14058,F16108,api,3,no,yes,no,source1
F14059,F04069,api,3,no,yes,no,lineage_pair
F14060,F05292,css,4,no,yes,no,lineage_pair
F14061,F01413,api,3,no,yes,yes,random2
F14062,F11395,api,3,no,yes,no,source1
F14063,F05134,javascript,5,no,yes,no,lineage_pair
F14065,F01813,api,3,no,yes,no,engine_webkit
F14067,F01357,css,4,no,yes,no,lineage_pair
F14068,F15460,http,4,yes,yes,no,engine_webkit
F14069,F02580,css,4,yes,yes,no,lineage_pair
F14071,F09994,css,4,no,yes,no,random2
F14072,F11401,html,4,no,yes,no,derivative1
F14074,F04198,api,3,no,no,yes,source1
F14075,F13594,api,3,no,yes,no,random2
F14076,F10169,http,4,no,yes,no,source1
F14077,F12621,css,4,no,yes,no,engine_webkit
F14078,F06898,css,4,no,yes,no,derivative1
F14079,F15570,webdriver,5,no,yes,no,source1
F14080,F00067,svg,4,no,yes,no,source1
F14082,F17819,api,3,no,yes,no,engine_webkit
F14085,svg,svg,3,no,yes,no,source1
F14086,F01856,api,4,yes,yes,no,engine_webkit
F14087,F16108,api,3,no,yes,no,random2
F14089,F18390,css,4,no,yes,no,engine_webkit
F14090,F12943,api,3,no,yes,no,source1
F14091,F15882,api,3,no,yes,no,source1
F14092,F08151,css,4,no,yes,no,derivative1
F14093,F03504,api,3,yes,yes,no,engine_webkit
F14094,javascript,javascript,3,no,yes,no,derivative1
F14095,F07337,api,3,yes,no,no,derivative1
F14096,F01814,api,3,no,yes,no,source1
F14097,F16712,html,4,no,yes,no,random2
F14098,F14731,api,3,no,yes,no,derivative1
F14100,F08228,api,3,no,yes,no,random2
F14101,F07029,svg,4,no,yes,yes,source1
F14102,F17147,css,4,no,yes,no,lineage_pair
F14103,F12115,css,4,no,yes,no,source1
F14104,F09001,api,3,no,yes,no,lineage_pair
F14105,F09398,javascript,4,no,yes,no,source1
F14106,F06715,api,3,no,yes,no,random2
F14107,F06990,javascript,5,no,yes,no,derivative1
F14108,F10839,api,3,no,yes,no,source1
F14109,F01142,api,3,yes,yes,no,random2
F14110,F10169,http,4,no,yes,no,random2
F14113,css,css,3,no,yes,no,random2
F14114,api,api,2,no,yes,no,engine_webkit
F14116,F03239,webdriver,6,yes,yes,no,source1
F14117,F03449,javascript,4,no,yes,no,derivative1
F14118,api,api,2,no,yes,no,engine_webkit
F14119,F13579,html,4,no,yes,no,source1
F14120,F16823,api,3,no,yes,no,derivative1
F14121,F12168,html,4,no,yes,yes,lineage_pair
F14124,F09143,api,3,no,yes,no,lineage_pair
F14125,api,api,2,no,yes,no,engine_webkit
F14126,F11395,api,3,no,yes,no,random2
F14127,F16108,api,3,no,yes,no,engine_webkit
F14128,api,api,2,no,yes,no,random2
F14129,F14865,html,4,no,yes,yes,derivative1
F14130,F11646,css,4,no,yes,no,lineage_pair
F14131,F07804,css,4,no,yes,no,derivative1
F14133,F01571,api,4,no,yes,no,engine_webkit
F14134,F08843,api,3,no,yes,no,lineage_pair
F14135,F10288,webdriver,5,no,yes,no,derivative1
F14136,F05406,api,3,no,yes,no,source1
F14138,F01593,javascript,4,no,yes,no,derivative1
F14139,F01674,api,4,no,yes,no,random2
F14140,F13239,api,3,no,yes,no,derivative1
F14141,F05723,api,3,no,yes,no,engine_webkit
F14143,F12525,html,6,no,yes,no,random2
F14144,http,http,3,no,yes,no,derivative1
F14145,F02192,api,3,no,yes,no,derivative1
F14146,F01282,api,3,no,yes,no,random2
F14149,F18164,css,4,no,yes,no,source1
F14150,F17773,api,3,no,yes,no,derivative1
F14151,api,api,2,no,yes,no,lineage_pair
F14152,F14964,css,4,yes,yes,no,lineage_pair
F14153,F13594,api,3,no,yes,no,derivative1
F14154,F04856,api,3,no,yes,no,source1
F14155,webdriver,webdriver,3,no,yes,no,engine_webkit
F14156,F01467,api,3,no,yes,no,derivative1
F14157,F08624,css,4,no,yes,no,lineage_pair
F14159,F13091,css,4,no,yes,no,engine_webkit
F14161,F04337,css,5,no,yes,no,random2
F14162,F18171,javascript,4,no,yes,no,lineage_pair
F14163,F05661,css,4,no,yes,no,lineage_pair
F14164,api,api,2,no,yes,no,lineage_pair
F14165,api,api,2,yes,yes,no,source1
F14168,F10967,http,4,no,no,yes,engine_webkit
F14170,F16275,http,4,yes,yes,no,random2
F14171,F08384,api,3,no,yes,no,source1
F14172,F09912,api,5,no,no,yes,engine_webkit
F14173,api,api,2,yes,yes,no,engine_webkit
F14176,F12185,css,4,yes,yes,no,source1
F14177,F12115,css,4,no,yes,no,source1
F14178,F07036,css,4,no,yes,no,lineage_pair
F14179,F04917,javascript,4,no,yes,no,engine_webkit
F14180,F04737,api,4,no,yes,no,derivative1
F14181,F08594,api,3,no,yes,yes,lineage_pair
F14182,F15927,api,3,no,yes,no,lineage_pair
F14184,F15002,api,3,no,yes,no,engine_webkit
F14185,F06138,api,3,no,yes,no,lineage_pair
F14186,F13210,css,4,no,yes,no,source1
F14187,F07595,api,3,no,yes,no,derivative1
F14188,F02470,api,3,yes,yes,no,random2
F14189,F01132,html,4,no,yes,no,lineage_pair
F14190,F15754,css,4,no,yes,no,source1
F14193,F10314,api,3,no,yes,no,source1
F14195,F07917,api,3,no,yes,no,derivative1
F14197,F06990,javascript,5,no,yes,no,engine_webkit
F14198,api,api,2,yes,yes,no,derivative1
F14199,F04834,api,3,no,yes,no,lineage_pair
F14201,F14767,api,3,no,yes,no,lineage_pair
F14202,html,html,3,no,yes,no,random2
F14203,F12303,api,3,no,yes,no,random2
F14204,F10623,css,4,no,yes,no,engine_webkit
F14205,F02578,api,3,no,yes,no,lineage_pair
F14206,css,css,3,no,yes,no,source1
F14207,F17147,css,4,no,yes,no,random2
F14208,F10914,css,4,no,yes,no,engine_webkit
F14209,F17193,api,3,no,yes,no,random2
F14210,F09852,css,4,no,yes,no,derivative1
F14211,F04616,api,3,yes,yes,no,source1
F14212,F16108,api,3,no,yes,no,lineage_pair
F14213,F01674,api,4,no,yes,no,derivative1
F14214,F04521,api,3,no,yes,no,derivative1
F14215,F13579,html,4,no,yes,no,lineage_pair
F14216,F08774,css,4,no,yes,no,derivative1
F14217,F12384,api,3,yes,no,no,lineage_pair
F14218,F09945,api,3,no,yes,no,random2
F14219,F08166,api,3,no,no,yes,engine_webkit
F14221,F18498,api,3,no,yes,no,random2
F14223,F04521,api,3,no,yes,no,random2
F14224,F02632,api,3,yes,no,no,lineage_pair
F14225,F18368,css,4,no,yes,no,source1
F14227,F15982,html,4,no,yes,no,derivative1
F14228,F13042,api,3,no,yes,no,derivative1
F14229,F13574,css,4,no,yes,no,derivative1
F14231,F02814,api,3,no,no,yes,engine_webkit
F14232,F07449,css,4,no,yes,no,engine_webkit
F14233,api,api,2,yes,yes,no,random2
F14234,F16329,api,3,no,yes,yes,random2
F14235,html,html,3,no,yes,yes,derivative1
F14236,F04766,css,4,no,no,yes,random2
F14237,F16275,http,4,yes,yes,no,derivative1
F14238,F07487,api,5,yes,yes,no,source1
F14239,F15792,api,3,no,yes,no,random2
F14241,svg,svg,3,no,yes,no,engine_webkit
F14244,css,css,3,no,yes,no,source1
F14246,F11395,api,3,no,yes,no,random2
F14247,F16329,api,3,no,yes,no,lineage_pair
F14248,F01509,svg,4,no,yes,no,derivative1
F14250,F04631,css,4,no,yes,no,lineage_pair
F14251,F11316,css,4,no,yes,no,lineage_pair
F14252,api,api,2,no,yes,no,source1
F14253,F08731,api,3,no,yes,no,lineage_pair
F14254,F01719,webdriver,5,yes,no,no,lineage_pair
F14255,F00142,api,3,no,yes,no,derivative1
F14256,F18491,api,3,no,yes,no,derivative1
F14258,F04521,api,3,no,yes,no,random2
F14260,F01089,api,3,no,yes,no,source1
F14261,F08166,api,3,no,no,yes,derivative1
F14262,F10595,css,4,no,yes,no,random2
F14263,F17951,css,4,yes,yes,no,source1
F14266,F07937,api,4,no,yes,no,random2
F14267,F03015,api,3,yes,yes,no,engine_webkit
F14268,F09973,css,5,no,yes,no,random2
F14269,F00236,api,3,no,yes,no,source1
F14270,css,css,3,no,yes,no,lineage_pair
F14271,F06132,api,3,no,yes,no,source1
F14272,F05016,api,3,no,yes,no,lineage_pair
F14273,css,css,3,no,no,no,lineage_pair
F14274,F15577,html,4,yes,yes,no,source1
F14275,F17784,css,4,no,yes,no,lineage_pair
F14276,F00425,css,4,no,yes,no,derivative1
F14277,F09398,javascript,4,no,yes,no,random2
F14278,F05193,css,4,no,yes,yes,lineage_pair
F14279,F14571,api,3,no,yes,no,lineage_pair
F14281,F01333,api,3,no,yes,no,source1
F14282,F02271,css,4,no,yes,no,engine_webkit
F14284,F03746,api,3,no,yes,no,source1
F14286,F16028,css,4,no,yes,no,lineage_pair
F14287,api,api,2,no,yes,no,engine_webkit
F14288,F01142,api,3,no,yes,no,engine_webkit
F14290,F14903,api,3,no,yes,no,source1
F14291,F04639,api,3,no,yes,no,engine_webkit
F14294,api,api,2,no,yes,no,engine_webkit
F14295,F11592,api,3,no,yes,no,engine_webkit
F14296,F01150,javascript,4,no,yes,no,engine_webkit
F14297,F10987,css,4,yes,yes,no,derivative1
F14299,F04398,api,3,no,yes,no,lineage_pair
F14300,F03766,api,3,yes,yes,no,source1
F14301,F15654,javascript,5,no,yes,no,engine_webkit
F14302,F01030,css,5,no,yes,no,derivative1
F14303,F09853,html,5,yes,yes,no,engine_webkit
F14304,F01130,api,3,no,yes,no,source1
F14305,F00750,api,3,no,yes,no,derivative1
F14307,F10647,webdriver,5,no,yes,no,source1
F14308,F14144,http,4,no,yes,no,engine_webkit
F14309,F07349,api,4,yes,no,no,lineage_pair
F14310,F16980,api,3,no,yes,no,engine_webkit
F14311,F02893,webdriver,5,no,yes,no,random2
F14312,css,css,3,no,no,no,random2
F14313,F15458,javascript,5,no,yes,no,derivative1
F14314,F02506,css,4,yes,yes,no,source1
F14315,F04521,api,3,no,yes,no,derivative1
F14316,F01837,svg,4,no,yes,no,source1
F14318,F04864,api,3,no,yes,no,engine_webkit
F14319,F02954,javascript,4,no,yes,no,random2
F14320,F00683,api,3,no,yes,no,lineage_pair
F14321,F08151,css,4,no,yes,no,lineage_pair
F14322,F12321,api,3,yes,yes,no,source1
F14323,F16714,css,4,yes,yes,no,random2
F14324,F03563,api,3,no,yes,no,source1
F14325,F07284,api,3,no,yes,no,derivative1
F14326,F17388,api,3,no,yes,no,lineage_pair
F14327,F15541,api,3,no,yes,no,lineage_pair
F14329,F11565,http,4,no,no,yes,engine_webkit
F14330,F00795,api,3,yes,yes,no,derivative1
F14331,F08715,http,5,yes,no,no,derivative1
F14332,F10107,javascript,5,no,yes,no,random2
F14333,F00070,javascript,4,no,yes,no,source1
F14334,F07595,api,3,no,yes,no,lineage_pair
F14335,F14856,css,4,yes,yes,no,random2
F14336,F02751,webdriver,4,no,yes,no,random2
F14337,F17236,api,3,no,yes,yes,lineage_pair
F14339,F14427,api,3,no,yes,no,engine_webkit
F14340,F08465,api,3,no,yes,no,lineage_pair
F14341,F04864,api,3,no,yes,no,lineage_pair
F14342,F15168,api,3,no,yes,no,derivative1
F14343,F04620,html,4,no,yes,yes,derivative1
F14344,css,css,3,yes,yes,no,engine_webkit
F14346,F14823,css,4,no,yes,no,lineage_pair
F14348,F14363,api,3,no,yes,no,lineage_pair
F14349,F01636,api,3,no,yes,yes,random2
F14350,api,api,2,yes,yes,no,source1
F14351,F02074,javascript,4,no,yes,no,engine_webkit
F14352,F00919,api,4,no,no,no,engine_webkit
F14353,F07595,api,3,no,yes,no,lineage_pair
F14355,F02857,api,3,no,yes,no,source1
F14356,F14227,html,5,no,yes,no,derivative1
F14357,F00289,api,3,no,yes,no,source1
F14358,F11550,css,5,no,yes,no,derivative1
F14359,F17111,javascript,5,no,yes,no,source1
F14360,http,http,3,no,yes,no,source1
F14361,F04834,api,3,no,yes,no,lineage_pair
F14362,F08316,api,3,yes,yes,no,derivative1
F14364,F12612,javascript,4,no,no,yes,lineage_pair
F14365,F02014,css,4,no,yes,no,engine_webkit
F14366,svg,svg,3,no,yes,yes,source1
F14369,F04059,svg,4,no,yes,no,random2
F14370,F05886,api,4,no,yes,no,lineage_pair
F14373,F08278,api,3,no,yes,no,source1
F14374,F08456,api,3,yes,yes,no,lineage_pair
F14375,F05764,javascript,4,no,yes,no,engine_webkit
F14376,F13574,css,4,no,no,no,source1
F14377,F08731,api,3,no,yes,no,random2
F14378,F15475,api,5,no,no,yes,engine_webkit
F14379,F10341,css,4,no,yes,no,engine_webkit
F14380,F03469,api,3,no,no,no,engine_webkit
F14381,F11592,api,3,no,yes,no,random2
F14382,F01923,api,3,no,yes,no,random2
F14383,F17571,javascript,4,no,yes,no,derivative1
F14384,F02502,api,3,yes,yes,no,engine_webkit
F14385,F05690,http,4,no,yes,no,engine_webkit
F14386,F13096,api,3,no,yes,no,random2
F14387,css,css,3,no,yes,no,source1
F14388,F18491,api,3,no,yes,no,lineage_pair
F14390,F08497,api,3,no,yes,no,lineage_pair
F14391,F08491,css,4,yes,yes,no,engine_webkit
F14392,F10233,api,3,no,yes,no,engine_webkit
F14393,F00142,api,3,no,yes,no,lineage_pair
F14394,F10034,css,4,no,yes,no,engine_webkit
F14395,F15888,api,3,yes,yes,no,lineage_pair
F14397,F04521,api,3,no,yes,no,random2
F14398,F09484,api,3,no,yes,no,lineage_pair
F14399,api,api,2,no,no,yes,source1
F14400,F04521,api,3,no,yes,no,engine_webkit
F14403,http,http,3,no,yes,no,lineage_pair
F14404,F01490,api,4,no,yes,no,derivative1
F14406,http,http,3,no,yes,no,source1
F14408,F12402,api,3,no,no,yes,source1
F14409,F01150,javascript,4,no,yes,no,lineage_pair
F14410,F10314,api,3,no,yes,no,source1
F14411,F13594,api,3,no,yes,no,derivative1
F14414,F05255,webdriver,5,no,yes,no,derivative1
F14415,F13594,api,3,no,yes,no,lineage_pair
F14416,F09027,api,3,yes,no,no,derivative1
F14417,F17548,api,4,no,yes,no,source1
F14418,F15588,svg,4,no,yes,no,derivative1
F14419,api,api,2,no,yes,no,engine_webkit
F14420,F03028,css,4,no,yes,no,derivative1
F14421,css,css,3,no,yes,no,random2
F14422,F15111,css,4,no,yes,no,engine_webkit
F14423,F05538,css,4,yes,yes,no,derivative1
F14424,F03392,api,3,no,yes,no,derivative1
F14426,F13725,api,3,no,yes,no,random2
F14427,api,api,2,no,yes,no,source1
F14429,F17548,api,4,no,yes,no,engine_webkit
F14430,F15675,api,4,no,yes,no,random2
F14432,F04823,api,4,no,yes,no,lineage_pair
F14433,F00589,api,3,no,no,yes,source1
F14434,api,api,2,no,yes,no,derivative1
F14435,F13639,api,3,yes,yes,no,source1
F14436,F07747,webdriver,5,no,yes,no,lineage_pair
F14437,F01601,css,4,no,yes,no,engine_webkit
F14438,F03384,javascript,4,no,yes,no,derivative1
F14439,F17250,api,3,no,yes,no,random2
F14440,F09504,api,3,yes,yes,no,engine_webkit
F14441,F09518,api,4,no,yes,no,lineage_pair
F14442,F05977,css,4,no,yes,no,engine_webkit
F14443,F17927,api,3,yes,yes,no,random2
F14444,F06565,api,3,no,yes,no,lineage_pair
F14445,css,css,3,yes,no,no,lineage_pair
F14446,F13585,css,4,no,yes,no,source1
F14447,F02625,api,3,no,yes,no,source1
F14449,F18491,api,3,no,yes,no,engine_webkit
F14450,F12150,api,3,yes,yes,no,random2
F14451,F04523,api,5,no,yes,no,engine_webkit
F14452,F09339,api,3,yes,yes,no,random2
F14454,F18491,api,3,no,no,no,lineage_pair
F14455,F03642,api,3,no,yes,no,random2
F14456,css,css,3,yes,yes,no,derivative1
F14457,api,api,2,no,yes,no,source1
F14458,F07595,api,3,no,yes,no,derivative1
F14459,F13574,css,4,no,no,no,source1
F14461,css,css,3,no,no,no,random2
F14462,F18414,javascript,4,no,yes,no,lineage_pair
F14464,F00721,css,4,no,yes,no,random2
F14465,javascript,javascript,3,no,yes,no,lineage_pair
F14466,F06162,api,3,no,yes,yes,random2
F14467,F03495,api,3,no,yes,no,source1
F14468,F16106,api,3,no,yes,no,engine_webkit
F14469,F18450,api,3,no,yes,no,derivative1
F14470,F08102,svg,4,no,yes,no,source1
F14472,F09982,svg,4,no,yes,no,source1
F14474,F15630,html,5,no,no,no,source1
F14476,F06423,javascript,4,no,yes,no,source1
F14477,F03784,html,5,no,yes,no,lineage_pair
F14478,F17989,api,3,no,yes,no,lineage_pair
F14480,F08843,api,3,yes,yes,no,source1
F14481,F07449,css,4,no,yes,no,lineage_pair
F14482,F02470,api,3,yes,yes,no,lineage_pair
F14483,F09876,api,3,no,yes,no,engine_webkit
F14484,F09761,javascript,4,no,yes,no,lineage_pair
F14485,F08377,api,3,no,yes,no,derivative1
F14487,F06916,api,3,no,yes,no,source1
F14488,F00451,css,4,no,yes,no,random2
F14489,F11401,html,4,no,yes,no,source1
F14490,F04337,css,5,no,yes,no,derivative1
F14492,F04860,api,4,yes,yes,no,source1
F14495,api,api,2,no,yes,no,derivative1
F14496,F04034,css,4,yes,yes,no,random2
F14497,F05764,javascript,4,no,yes,no,source1
F14498,css,css,3,no,yes,no,engine_webkit
F14500,F07253,css,4,no,yes,no,lineage_pair
F14501,html,html,3,no,yes,no,random2
F14502,F13725,api,3,no,yes,no,engine_webkit
F14503,F15316,css,4,yes,yes,no,lineage_pair
F14504,html,html,3,no,yes,no,derivative1
F14505,F18468,javascript,4,no,yes,no,engine_webkit
F14506,F09398,javascript,4,no,yes,no,random2
F14507,api,api,2,no,yes,no,source1
F14511,F15851,css,4,yes,yes,no,lineage_pair
F14512,F14571,api,3,no,yes,no,derivative1
F14513,F07170,css,4,no,yes,no,lineage_pair
F14514,F16991,api,3,yes,yes,no,random2
F14515,F04687,api,3,no,yes,no,engine_webkit
F14516,F04642,api,3,yes,yes,no,lineage_pair
F14517,F01150,javascript,4,no,yes,no,source1
F14518,F03902,api,3,no,yes,no,source1
F14524,F05690,http,4,no,yes,yes,source1
F14525,F05131,api,3,no,yes,no,lineage_pair
F14527,javascript,javascript,3,no,yes,no,random2
F14528,F12208,api,4,no,yes,no,random2
F14529,api,api,2,no,yes,no,engine_webkit
F14530,F13608,api,3,yes,yes,no,source1
F14531,F01940,api,3,no,yes,no,source1
F14532,api,api,2,no,yes,no,source1
F14533,F11076,javascript,5,no,yes,no,random2
F14536,api,api,2,no,yes,no,source1
F14537,F08731,api,3,no,yes,no,lineage_pair
F14538,F16152,css,5,no,yes,no,source1
F14539,F01089,api,3,no,yes,no,random2
F14541,F04593,api,4,yes,yes,no,source1
F14542,F02967,api,3,no,yes,no,random2
F14543,api,api,2,no,yes,no,random2
F14544,F04208,api,3,no,yes,no,engine_webkit
F14545,api,api,2,no,yes,no,derivative1
F14546,F18171,javascript,4,no,yes,no,lineage_pair
F14547,F12898,css,5,no,yes,no,engine_webkit
F14549,F18491,api,3,no,yes,no,lineage_pair
F14550,F03469,api,3,yes,no,no,source1
F14551,F12276,javascript,4,no,yes,no,derivative1
F14552,F17424,api,3,no,yes,no,derivative1
F14554,F13568,webdriver,5,yes,yes,no,lineage_pair
F14555,F01150,javascript,4,no,yes,no,source1
F14557,F15576,html,5,no,yes,no,lineage_pair
F14558,F04770,api,4,no,yes,no,source1
F14559,F16049,api,3,no,yes,no,derivative1
F14560,F01764,javascript,5,no,yes,no,source1
F14562,F04152,css,4,yes,yes,no,source1
F14564,F09126,css,4,no,yes,no,random2
F14565,F15111,css,4,no,yes,no,random2
F14566,F04521,api,3,no,yes,no,lineage_pair
F14567,F02034,api,3,no,yes,no,engine_webkit
F14568,F04639,api,3,no,yes,no,derivative1
F14569,F18011,webdriver,5,no,yes,no,lineage_pair
F14571,api,api,2,no,yes,no,derivative1
F14572,F15654,javascript,5,no,yes,no,source1
F14573,F06990,javascript,5,no,yes,no,source1
F14577,F15106,api,3,no,yes,no,lineage_pair
F14578,F10050,css,4,no,yes,no,source1
F14579,F01733,api,3,no,yes,no,engine_webkit
F14580,F17699,api,4,yes,no,no,source1
F14581,F08456,api,3,yes,yes,no,lineage_pair
F14582,css,css,3,no,no,no,lineage_pair
F14583,F03692,api,3,no,yes,no,derivative1
F14584,F17773,api,3,no,yes,no,random2
F14586,F10601,api,3,no,yes,no,derivative1
F14587,svg,svg,3,no,yes,no,source1
F14588,F18491,api,3,no,yes,no,random2
F14589,F01571,api,4,yes,yes,no,random2
F14592,F07356,api,3,no,yes,no,lineage_pair
F14595,F11395,api,3,no,yes,no,source1
F14596,F13579,html,4,no,yes,no,random2
F14597,css,css,3,no,yes,no,source1
F14598,F04737,api,4,no,yes,no,source1
F14600,html,html,3,no,yes,no,lineage_pair
F14601,F11793,api,3,no,yes,no,source1
F14602,F02994,api,3,no,yes,no,lineage_pair
F14603,F08456,api,3,yes,yes,no,engine_webkit
F14604,F14823,css,4,no,yes,no,derivative1
F14606,javascript,javascript,3,no,yes,no,derivative1
F14607,F00863,javascript,4,no,yes,no,lineage_pair
F14608,F09158,api,3,no,yes,no,source1
F14609,F16339,css,4,yes,yes,no,derivative1
F14610,F07344,api,4,no,yes,no,random2
F14611,F13579,html,4,no,yes,no,derivative1
F14612,F17971,html,6,yes,yes,no,random2
F14613,F11395,api,3,no,yes,no,derivative1
F14614,F00142,api,3,no,yes,no,derivative1
F14615,webdriver,webdriver,3,no,yes,no,random2
F14616,api,api,2,no,yes,no,source1
F14617,F02616,api,3,no,yes,no,derivative1
F14619,svg,svg,3,no,yes,no,engine_webkit
F14621,F13574,css,4,no,no,no,random2
F14622,F04521,api,3,no,yes,no,source1
F14623,F18141,api,3,no,yes,no,source1
F14624,F14823,css,4,no,yes,no,source1
F14625,F07327,css,4,no,yes,no,lineage_pair
F14626,F17603,api,3,no,yes,yes,derivative1
F14627,F17548,api,4,no,yes,no,lineage_pair
F14628,F14233,api,3,yes,yes,no,lineage_pair
F14629,F14993,api,3,no,yes,no,random2
F14630,F01923,api,3,no,yes,no,derivative1
F14631,F07269,css,4,no,yes,no,source1
F14632,F06590,javascript,3,no,yes,no,engine_webkit
F14634,css,css,3,no,yes,no,engine_webkit
F14635,F13625,css,4,no,yes,no,lineage_pair
F14636,F17699,api,4,yes,yes,no,lineage_pair
F14637,F13865,api,3,no,yes,no,source1
F14638,F10196,html,5,no,yes,no,derivative1
F14639,api,api,2,no,yes,no,engine_webkit
F14640,F14823,css,4,no,yes,no,source1
F14641,F15471,api,3,no,yes,no,random2
F14642,javascript,javascript,3,no,yes,no,lineage_pair
F14644,api,api,2,no,yes,no,engine_webkit
F14645,webdriver,webdriver,3,no,yes,no,lineage_pair
F14646,F03018,api,3,no,yes,no,random2
F14647,F04871,api,3,no,yes,no,engine_webkit
F14648,F04521,api,3,no,yes,no,source1
F14649,F03998,api,3,no,no,yes,source1
F14650,F06625,api,4,no,yes,no,source1
F14651,F05193,css,4,no,yes,no,engine_webkit
F14652,F10777,http,4,no,yes,no,lineage_pair
F14653,F12276,javascript,4,no,yes,no,random2
F14654,css,css,3,yes,yes,no,engine_webkit
F14655,api,api,2,no,yes,no,engine_webkit
F14657,F10914,css,4,no,yes,no,lineage_pair
F14658,F16028,css,4,no,yes,no,source1
F14659,F08843,api,3,no,no,yes,lineage_pair
F14660,F10357,svg,4,no,yes,no,engine_webkit
F14661,F16392,css,4,no,yes,no,engine_webkit
F14662,api,api,2,no,yes,no,random2
F14663,css,css,3,no,yes,no,lineage_pair
F14664,svg,svg,3,no,yes,no,lineage_pair
F14665,F07595,api,3,no,yes,no,lineage_pair
F14666,css,css,3,no,yes,no,derivative1
F14667,F10552,svg,4,no,no,no,lineage_pair
F14668,F00366,css,4,no,yes,no,derivative1
F14669,F08781,api,3,no,yes,no,random2
F14670,F11162,api,3,no,yes,no,random2
F14671,F14655,api,3,no,yes,no,engine_webkit
F14672,F00142,api,3,no,yes,no,lineage_pair
F14673,F04687,api,3,no,yes,no,source1
F14674,F09482,api,3,no,yes,no,engine_webkit
F14675,F14903,api,3,no,yes,no,derivative1
F14677,F02342,webdriver,5,no,yes,no,engine_webkit
F14678,F04392,css,4,no,yes,no,derivative1
F14679,F16541,api,3,no,yes,no,source1
F14680,F09269,api,3,no,yes,yes,derivative1
F14682,javascript,javascript,3,no,yes,no,source1
F14683,F13182,css,4,no,yes,no,derivative1
F14684,F12321,api,3,yes,yes,no,engine_webkit
F14685,F04614,api,3,yes,yes,no,lineage_pair
F14686,F13988,webdriver,5,no,yes,no,source1
F14687,F09378,api,4,yes,yes,no,derivative1
F14688,javascript,javascript,3,no,yes,no,lineage_pair
F14689,F13261,css,4,no,yes,no,engine_webkit
F14691,F08843,api,3,no,yes,no,random2
F14692,css,css,3,no,yes,no,lineage_pair
F14693,F04387,api,3,yes,yes,no,source1
F14694,F15851,css,4,yes,yes,no,lineage_pair
F14695,api,api,2,yes,yes,no,random2
F14696,F18064,api,3,no,yes,no,engine_webkit
F14697,F15624,api,3,yes,yes,no,source1
F14698,F04069,api,3,no,yes,no,lineage_pair
F14699,html,html,3,no,yes,no,random2
F14702,css,css,3,yes,yes,no,lineage_pair
F14703,F05651,javascript,5,no,yes,no,source1
F14704,F03312,css,4,no,yes,no,engine_webkit
F14705,F05866,api,3,no,no,yes,source1
F14707,F06423,javascript,4,no,yes,no,derivative1
F14708,F02519,api,3,no,yes,no,lineage_pair
F14709,F09200,api,3,yes,yes,no,source1
F14710,css,css,3,no,yes,no,lineage_pair
F14711,svg,svg,3,no,yes,no,lineage_pair
F14712,http,http,3,no,no,yes,lineage_pair
F14713,F10814,javascript,5,no,yes,no,lineage_pair
F14714,F01089,api,3,no,yes,no,lineage_pair
F14715,F04610,api,3,no,no,yes,random2
F14716,F10055,css,5,no,yes,no,lineage_pair
F14717,F15466,api,3,no,no,yes,random2
F14718,api,api,2,no,yes,no,lineage_pair
F14719,F05960,api,3,no,yes,no,random2
F14720,F01150,javascript,4,no,yes,no,engine_webkit
F14721,F05690,http,4,no,yes,no,derivative1
F14722,F15627,http,3,no,yes,no,engine_webkit
F14723,F02967,api,3,no,yes,no,derivative1
F14725,api,api,2,no,yes,no,derivative1
F14727,F15662,api,3,no,yes,no,random2
F14728,F05764,javascript,4,no,yes,no,source1
F14729,F04521,api,3,no,yes,no,derivative1
F14730,F01400,svg,4,no,yes,no,random2
F14733,api,api,2,no,yes,no,source1
F14734,F00721,css,4,no,yes,no,derivative1
F14735,F17581,css,4,yes,yes,no,random2
F14736,F12150,api,3,yes,yes,no,engine_webkit
F14737,F13594,api,3,no,yes,no,source1
F14738,F17581,css,4,yes,yes,no,derivative1
F14741,F04064,css,4,no,yes,no,engine_webkit
F14742,F03686,javascript,5,no,yes,no,engine_webkit
F14743,F02220,api,3,no,no,yes,derivative1
F14744,F11016,css,4,no,yes,yes,derivative1
F14745,F02193,css,5,yes,yes,no,engine_webkit
F14746,F17952,api,3,no,no,yes,lineage_pair
F14748,F09253,api,3,no,yes,no,random2
F14749,css,css,3,no,yes,no,engine_webkit
F14750,F15792,api,3,no,yes,no,source1
F14751,F00826,javascript,4,no,yes,no,lineage_pair
F14752,F15654,javascript,5,no,yes,no,lineage_pair
F14753,F01370,api,3,no,yes,yes,derivative1
F14755,F00794,api,4,no,yes,no,source1
F14756,F02756,api,3,yes,yes,no,engine_webkit
F14757,F04859,css,4,no,yes,no,source1
F14758,F15168,api,3,no,yes,no,engine_webkit
F14759,F09619,api,3,no,yes,no,random2
F14760,F02073,css,4,yes,yes,no,random2
F14762,F05851,html,4,no,yes,yes,source1
F14764,F07337,api,3,no,yes,no,lineage_pair
F14765,F08589,api,3,yes,yes,no,derivative1
F14766,F15754,css,4,no,yes,no,source1
F14767,api,api,2,no,yes,no,lineage_pair
F14768,F07860,css,4,no,yes,no,source1
F14770,F10833,html,5,no,yes,no,engine_webkit
F14772,F11944,api,3,yes,yes,no,lineage_pair
F14773,F02352,api,3,no,yes,no,derivative1
F14775,F13507,api,3,no,yes,no,random2
F14778,F05900,api,3,yes,yes,no,derivative1
F14779,F07212,api,3,no,no,yes,random2
F14782,F02731,javascript,4,no,yes,no,lineage_pair
F14783,F08843,api,3,no,yes,no,engine_webkit
F14784,F06965,api,4,no,yes,no,random2
F14785,css,css,3,no,yes,no,source1
F14786,F08553,html,4,no,no,yes,lineage_pair
F14787,F09996,api,3,no,yes,no,random2
F14788,F05485,api,3,no,yes,no,engine_webkit
F14789,css,css,3,no,yes,no,engine_webkit
F14790,F05752,api,3,no,yes,no,derivative1
F14792,F13594,api,3,no,yes,no,source1
F14793,F04069,api,3,no,yes,no,lineage_pair
F14795,api,api,2,no,yes,no,lineage_pair
F14796,F16362,css,4,no,yes,no,engine_webkit
F14797,F13574,css,4,no,yes,no,derivative1
F14798,css,css,3,no,yes,no,source1
F14799,F11059,api,5,no,yes,no,source1
F14802,F01089,api,3,no,yes,no,lineage_pair
F14803,F03686,javascript,5,no,yes,no,lineage_pair
F14804,F09582,webdriver,5,no,yes,no,derivative1
F14806,F05690,http,4,no,yes,no,derivative1
F14807,F02708,api,4,no,yes,no,source1
F14809,F07595,api,3,no,yes,no,random2
F14810,F05334,api,3,no,yes,no,derivative1
F14812,F07915,svg,4,no,yes,no,random2
F14813,F16028,css,4,no,yes,no,lineage_pair
F14815,F15743,webdriver,5,no,yes,no,random2
F14816,F12621,css,4,no,yes,no,random2
F14817,F16770,api,3,no,yes,no,source1
F14818,F11205,css,4,no,yes,no,derivative1
F14819,F15334,webdriver,4,no,yes,no,engine_webkit
F14820,F14397,api,4,no,yes,no,derivative1
F14821,F13091,css,4,no,yes,no,lineage_pair
F14823,css,css,3,no,yes,no,source1
F14825,api,api,2,no,yes,no,lineage_pair
F14826,F17765,html,4,no,yes,no,derivative1
F14828,F15792,api,3,yes,yes,no,engine_webkit
F14829,F13256,api,3,no,yes,no,engine_webkit
F14830,F14291,api,4,no,no,no,random2
F14831,F14128,api,3,no,yes,yes,engine_webkit
F14833,F00557,api,3,no,yes,no,lineage_pair
F14834,F08214,api,3,no,yes,no,engine_webkit
F14835,F00914,api,3,no,yes,no,source1
F14836,F07767,api,3,no,yes,no,lineage_pair
F14837,F04064,css,4,no,yes,no,source1
F14839,F18491,api,3,no,yes,no,engine_webkit
F14840,F07377,css,4,no,yes,no,engine_webkit
F14841,F12514,api,3,no,yes,no,source1
F14842,api,api,2,no,yes,no,random2
F14843,F06138,api,3,no,yes,no,random2
F14844,F06908,webdriver,5,no,yes,no,derivative1
F14845,F03311,css,4,no,yes,no,lineage_pair
F14846,F07274,html,4,no,yes,yes,source1
F14847,F15017,javascript,4,no,yes,yes,lineage_pair
F14850,F08384,api,3,no,yes,no,lineage_pair
F14851,F17747,api,3,no,yes,no,random2
F14853,css,css,3,no,yes,no,lineage_pair
F14854,F11438,api,3,no,yes,no,random2
F14856,css,css,3,yes,yes,no,engine_webkit
F14857,F14495,api,3,no,yes,no,source1
F14858,F14536,api,3,no,yes,no,lineage_pair
F14859,F04917,javascript,4,no,yes,no,derivative1
F14860,F18215,api,3,no,yes,no,engine_webkit
F14861,F08163,css,4,no,yes,no,derivative1
F14862,F08383,api,3,no,yes,no,random2
F14863,http,http,3,no,no,yes,random2
F14864,F08594,api,3,no,yes,no,random2
F14865,html,html,3,no,yes,no,lineage_pair
F14866,F13153,css,5,no,yes,no,random2
F14868,F05764,javascript,4,no,yes,no,derivative1
F14869,F16108,api,3,no,yes,no,lineage_pair
F14870,F18450,api,3,no,yes,no,lineage_pair
F14872,F07558,css,4,yes,yes,no,random2
F14873,F11694,api,3,no,yes,no,source1
F14874,F12892,api,3,no,yes,no,derivative1
F14875,F16090,api,3,no,no,yes,lineage_pair
F14876,F08166,api,3,no,no,yes,lineage_pair
F14877,F13572,css,4,no,yes,no,lineage_pair
F14878,F11987,api,3,no,yes,no,random2
F14880,F06330,css,4,yes,yes,no,lineage_pair
F14881,html,html,3,no,yes,no,source1
F14882,F12321,api,3,yes,yes,no,source1
F14883,F04521,api,3,no,yes,no,derivative1
F14884,F01089,api,3,no,yes,no,derivative1
F14885,F10357,svg,4,no,yes,no,source1
F14886,F14699,html,4,no,yes,yes,source1
F14887,api,api,2,yes,yes,no,lineage_pair
F14888,F11902,api,3,yes,yes,no,source1
F14892,F12646,http,4,no,yes,no,derivative1
F14893,F07917,api,3,no,yes,no,random2
F14894,F06506,api,3,no,yes,no,lineage_pair
F14896,F14587,svg,4,no,yes,no,engine_webkit
F14899,F17765,html,4,no,yes,no,engine_webkit
F14902,F12722,css,4,no,yes,no,random2
F14903,api,api,2,no,yes,no,random2
F14908,F05900,api,3,yes,yes,no,source1
F14909,F00975,html,4,no,yes,no,derivative1
F14910,css,css,3,yes,yes,no,source1
F14911,F11401,html,4,no,yes,no,engine_webkit
F14913,F06990,javascript,5,no,yes,no,source1
F14914,F01674,api,4,no,yes,no,random2
F14915,F11753,http,4,no,yes,no,derivative1
F14917,F10967,http,4,yes,yes,no,derivative1
F14918,F12598,html,4,no,yes,no,engine_webkit
F14919,F09339,api,3,yes,yes,no,engine_webkit
F14921,F04610,api,3,no,no,yes,source1
F14923,F14767,api,3,no,yes,no,source1
F14924,F15851,css,4,yes,yes,no,source1
F14926,F12276,javascript,4,no,yes,no,source1
F14927,F18459,css,5,yes,yes,no,derivative1
F14928,F08492,webdriver,6,yes,yes,no,derivative1
F14929,F10108,webdriver,5,no,yes,no,source1
F14930,F12092,html,5,no,yes,no,engine_webkit
F14931,F02034,api,3,no,yes,no,lineage_pair
F14933,F00984,api,3,yes,yes,no,derivative1
F14935,F10726,css,4,no,yes,no,random2
F14936,F14903,api,3,no,yes,no,random2
F14937,F16991,api,3,yes,yes,no,engine_webkit
F14938,F13601,javascript,4,no,yes,no,lineage_pair
F14940,F14733,api,3,yes,yes,no,derivative1
F14943,api,api,2,no,yes,no,engine_webkit
F14944,F04803,api,4,yes,yes,no,lineage_pair
F14946,F13594,api,3,no,yes,no,engine_webkit
F14947,F03457,css,4,no,yes,no,derivative1
F14949,css,css,3,yes,yes,no,source1
F14950,F09177,api,3,no,yes,no,source1
F14951,F15017,javascript,4,no,yes,no,derivative1
F14952,F10978,api,3,yes,yes,no,engine_webkit
F14953,F07469,api,3,no,yes,no,derivative1
F14954,api,api,2,no,yes,no,random2
F14955,F04864,api,3,no,yes,no,lineage_pair
F14956,F01875,css,4,no,yes,no,random2
F14958,F14336,webdriver,5,no,no,no,random2
F14959,api,api,2,no,yes,no,random2
F14960,F08463,css,4,no,yes,yes,lineage_pair
F14961,F12111,api,3,yes,yes,no,engine_webkit
F14962,F09681,css,4,no,yes,no,source1
F14963,F08700,http,3,no,yes,no,derivative1
F14964,css,css,3,no,yes,no,random2
F14965,F17676,http,4,no,yes,no,derivative1
F14966,F07928,css,4,no,yes,no,random2
F14967,F06908,webdriver,5,no,yes,no,lineage_pair
F14968,api,api,2,no,yes,no,source1
F14969,F04854,api,3,no,yes,no,lineage_pair
F14970,F03469,api,3,yes,no,no,engine_webkit
F14971,F03902,api,3,no,yes,no,random2
F14972,F14767,api,3,no,yes,no,derivative1
F14973,F07595,api,3,no,yes,no,lineage_pair
F14974,F04422,api,3,no,yes,no,derivative1
F14975,F11695,css,5,no,yes,no,source1
F14976,F08624,css,4,no,yes,no,source1
F14977,F12461,css,4,no,no,no,lineage_pair
F14978,F13096,api,3,no,yes,no,source1
F14980,css,css,3,no,yes,no,random2
F14981,F03306,api,4,no,yes,no,derivative1
F14982,F10987,css,4,yes,yes,no,random2
F14983,F15458,javascript,5,no,yes,no,random2
F14986,F16496,api,3,no,yes,no,lineage_pair
F14987,F17784,css,4,no,yes,no,lineage_pair
F14988,F12561,api,3,no,yes,no,engine_webkit
F14989,F05651,javascript,5,no,yes,no,lineage_pair
F14992,F05651,javascript,5,no,yes,no,random2
F14993,api,api,2,no,yes,no,random2
F14995,F03198,api,3,no,no,yes,derivative1
F14996,F12514,api,3,no,yes,no,source1
F14997,css,css,3,yes,yes,no,engine_webkit
F14998,F15049,api,3,no,no,yes,lineage_pair
F14999,F01847,api,4,no,yes,no,derivative1
F15000,F00914,api,3,no,yes,no,lineage_pair
F15001,F09528,api,3,no,yes,no,source1
F15003,javascript,javascript,3,no,yes,no,engine_webkit
F15004,F00739,css,4,no,yes,no,source1
F15005,F00744,css,4,yes,yes,no,random2
F15008,F01660,css,4,no,yes,no,source1
F15009,api,api,2,no,yes,no,source1
F15011,F08214,api,3,no,yes,no,source1
F15013,F13574,css,4,no,yes,no,engine_webkit
F15014,F06386,api,3,no,yes,no,derivative1
F15016,F04577,webdriver,5,no,yes,no,random2
F15017,javascript,javascript,3,no,yes,no,random2
F15018,F10195,api,4,no,no,no,random2
F15019,F04423,api,3,yes,yes,no,source1
F15021,F02783,css,4,no,yes,no,random2
F15022,F12321,api,3,yes,yes,no,derivative1
F15023,F05825,html,5,no,yes,no,derivative1
F15024,F01571,api,4,no,yes,no,derivative1
F15025,css,css,3,no,yes,no,derivative1
F15026,F11586,webdriver,5,no,yes,no,derivative1
F15027,javascript,javascript,3,no,yes,no,engine_webkit
F15028,F12621,css,4,no,yes,no,derivative1
F15029,F10673,api,4,no,yes,no,random2
F15030,F09126,css,4,no,yes,no,random2
F15031,css,css,3,yes,no,no,lineage_pair
F15034,F10674,api,3,yes,yes,no,lineage_pair
F15035,F08731,api,3,no,yes,no,random2
F15036,F17357,api,4,no,yes,no,source1
F15037,css,css,3,no,yes,no,random2
F15038,F03072,javascript,4,no,yes,no,random2
F15039,F02502,api,3,yes,yes,no,source1
F15041,css,css,3,yes,yes,no,lineage_pair
F15042,F13827,css,4,no,yes,no,engine_webkit
F15044,F11395,api,3,no,yes,no,lineage_pair
F15045,api,api,2,no,yes,no,derivative1
F15046,F12276,javascript,4,no,yes,no,lineage_pair
F15047,css,css,3,yes,no,no,derivative1
F15050,F16108,api,3,no,yes,no,derivative1
F15051,F02478,api,4,no,yes,no,lineage_pair
F15052,F09122,css,4,no,yes,no,lineage_pair
F15053,F01696,webdriver,5,no,yes,no,derivative1
F15054,svg,svg,3,no,yes,no,lineage_pair
F15055,F06292,css,4,no,yes,no,engine_webkit
F15056,css,css,3,no,yes,no,lineage_pair
F15057,F12321,api,3,yes,yes,no,source1
F15059,F00415,api,3,yes,yes,no,random2
F15060,css,css,3,no,yes,yes,derivative1
F15061,F11536,api,6,yes,yes,no,random2
F15062,F18427,api,3,no,yes,no,derivative1
F15063,F16227,api,4,yes,yes,no,lineage_pair
F15064,F16789,api,3,no,yes,no,source1
F15065,F01696,webdriver,5,no,yes,no,lineage_pair
F15066,F03545,api,4,no,yes,no,random2
F15067,F18161,api,3,no,yes,no,lineage_pair
F15068,F08632,api,3,no,yes,no,lineage_pair
F15070,F03198,api,3,no,yes,no,derivative1
F15071,F16108,api,3,no,yes,no,lineage_pair
F15072,F13574,css,4,no,yes,no,derivative1
F15073,css,css,3,no,yes,no,random2
F15074,F05371,api,4,no,yes,no,random2
F15075,F14731,api,3,no,yes,no,lineage_pair
F15076,F05404,css,4,no,yes,no,source1
F15077,F14144,http,4,no,yes,no,random2
F15078,webdriver,webdriver,3,no,yes,no,random2
F15079,F14903,api,3,no,yes,no,source1
F15080,api,api,2,no,yes,no,random2
F15081,F02195,api,3,no,yes,no,source1
F15082,F09667,svg,4,no,yes,no,lineage_pair
F15083,F18001,api,3,no,yes,no,source1
F15084,F04832,api,4,no,yes,no,derivative1
F15086,F16108,api,3,no,yes,no,engine_webkit
F15087,F05829,api,3,no,yes,no,engine_webkit
F15090,F16339,css,4,yes,yes,no,random2
F15091,F16892,api,3,yes,yes,no,lineage_pair
F15092,F17795,webdriver,4,no,yes,no,source1
F15093,F12188,api,3,yes,yes,no,source1
F15094,css,css,3,no,yes,no,lineage_pair
F15096,F11009,api,3,no,yes,no,source1
F15097,F02625,api,3,no,yes,no,source1
F15098,F13506,api,3,yes,yes,no,random2
F15099,F14881,html,4,no,yes,no,lineage_pair
F15100,F12147,css,4,yes,yes,no,source1
F15101,F18491,api,3,no,no,yes,derivative1
F15104,F11570,api,4,yes,yes,no,source1
F15105,css,css,3,yes,yes,no,engine_webkit
F15106,api,api,2,no,yes,no,source1
F15107,F12724,http,5,no,no,no,source1
F15108,F18491,api,3,no,no,no,engine_webkit
F15110,F16329,api,3,no,yes,no,random2
F15111,css,css,3,no,yes,no,lineage_pair
F15113,F06500,api,3,no,yes,no,lineage_pair
F15114,F04859,css,4,no,yes,no,source1
F15115,F09019,api,3,no,yes,no,engine_webkit
F15116,F13594,api,3,no,yes,no,random2
F15117,F12424,webdriver,5,no,yes,no,engine_webkit
F15118,F08843,api,3,no,no,no,engine_webkit
F15119,F17407,javascript,5,no,yes,no,lineage_pair
F15120,F17765,html,4,no,yes,no,engine_webkit
F15121,F10601,api,3,no,yes,no,derivative1
F15122,css,css,3,no,yes,no,engine_webkit
F15123,F16795,api,4,no,yes,no,derivative1
F15124,F13112,css,4,no,yes,no,derivative1
F15126,F13574,css,4,no,yes,no,derivative1
F15127,F13552,css,5,no,yes,no,derivative1
F15128,F12321,api,3,yes,yes,no,derivative1
F15129,F17590,api,4,no,yes,no,source1
F15133,F10053,api,3,no,yes,no,engine_webkit
F15134,F04591,api,3,no,yes,no,derivative1
F15135,F00009,api,3,no,no,yes,engine_webkit
F15137,F12890,api,3,no,yes,no,engine_webkit
F15138,F11162,api,3,no,yes,no,source1
F15142,F18264,api,3,no,yes,no,random2
F15143,F14241,svg,4,no,yes,no,random2
F15144,F06990,javascript,5,no,yes,no,engine_webkit
F15145,F18211,css,4,yes,yes,no,lineage_pair
F15146,F04069,api,3,no,yes,no,random2
F15147,F18171,javascript,4,no,yes,no,engine_webkit
F15148,F03563,api,3,no,yes,no,derivative1
F15149,F12982,api,3,yes,yes,no,engine_webkit
F15150,F12621,css,4,no,yes,no,random2
F15151,F16108,api,3,no,yes,yes,random2
F15153,F15458,javascript,5,no,yes,no,source1
F15154,F07547,api,3,no,yes,no,derivative1
F15155,F08843,api,3,no,yes,no,lineage_pair
F15156,F01622,api,3,no,yes,yes,random2
F15157,F00794,api,4,no,yes,no,source1
F15158,F06108,api,3,no,yes,no,lineage_pair
F15159,F01142,api,3,yes,no,no,source1
F15160,F16892,api,3,yes,yes,no,source1
F15161,F01481,api,4,yes,yes,no,source1
F15162,F14241,svg,4,no,yes,no,source1
F15164,F16108,api,3,no,yes,no,random2
F15165,F02670,api,3,yes,yes,no,derivative1
F15166,F13552,css,5,no,yes,no,derivative1
F15167,F18368,css,4,no,yes,no,random2
F15168,api,api,2,no,yes,no,derivative1
F15169,svg,svg,3,no,yes,no,derivative1
F15171,F16339,css,4,no,yes,no,random2
F15172,F08257,api,3,yes,yes,no,source1
F15173,F07589,api,3,no,yes,no,derivative1
F15174,F14823,css,4,no,yes,no,source1
F15176,F04480,css,5,no,yes,no,random2
F15177,F12059,api,3,no,yes,no,engine_webkit
F15179,F12923,api,3,no,yes,no,derivative1
F15180,css,css,3,no,yes,no,derivative1
F15181,F08152,api,4,yes,yes,no,lineage_pair
F15182,F14501,html,4,no,yes,yes,derivative1
F15183,F15654,javascript,5,no,yes,no,derivative1
F15185,F08122,api,3,no,yes,yes,lineage_pair
F15186,F05499,html,5,no,no,no,lineage_pair
F15187,F12402,api,3,no,no,yes,source1
F15188,F03469,api,3,yes,no,no,source1
F15191,F11021,api,3,no,yes,no,source1
F15192,F13893,api,3,no,yes,no,derivative1
F15193,F17438,css,4,no,yes,no,derivative1
F15194,F02497,api,3,no,yes,no,engine_webkit
F15195,F15662,api,3,no,yes,yes,random2
F15196,F12712,api,3,no,yes,no,derivative1
F15197,F05948,css,4,no,yes,no,lineage_pair
F15198,F18450,api,3,no,yes,no,lineage_pair
F15199,F10341,css,4,no,yes,no,derivative1
F15201,F17989,api,3,no,yes,no,derivative1
F15204,F07595,api,3,no,yes,no,source1
F15205,F14699,html,4,no,yes,yes,source1
F15206,css,css,3,no,yes,no,engine_webkit
F15207,F18471,api,3,no,yes,no,random2
F15208,F00142,api,3,no,yes,no,source1
F15209,F14650,api,5,no,yes,no,random2
F15210,F01509,svg,4,no,yes,no,engine_webkit
F15211,F06450,api,3,yes,yes,no,random2
F15212,F15106,api,3,no,yes,no,lineage_pair
F15214,F07170,css,4,no,yes,no,random2
F15216,F13594,api,3,no,yes,no,lineage_pair
F15217,F07595,api,3,no,yes,no,lineage_pair
F15218,F11395,api,3,yes,yes,no,random2
F15219,F03711,api,4,no,yes,no,engine_webkit
F15220,F11528,api,3,no,yes,no,source1
F15221,F10623,css,4,no,yes,no,source1
F15222,F02731,javascript,4,no,yes,no,random2
F15223,F16789,api,3,no,yes,no,random2
F15224,F08384,api,3,no,yes,no,source1
F15225,F11683,api,3,no,yes,no,random2
F15226,F09681,css,4,no,yes,no,lineage_pair
F15228,F17283,html,4,no,yes,no,source1
F15229,F02429,api,3,yes,yes,no,lineage_pair
F15230,F06138,api,3,no,yes,no,random2
F15231,F01944,api,3,no,yes,no,source1
F15233,F12245,api,3,yes,yes,no,source1
F15234,F12321,api,3,yes,yes,no,lineage_pair
F15235,api,api,2,no,yes,no,source1
F15237,F08666,api,4,no,yes,no,random2
F15238,F08384,api,3,no,yes,no,lineage_pair
F15239,api,api,2,no,yes,no,derivative1
F15242,css,css,3,no,no,no,derivative1
F15243,F15654,javascript,5,no,yes,no,random2
F15244,F07214,api,3,no,yes,no,engine_webkit
F15245,F05324,api,5,yes,yes,no,derivative1
F15246,F09416,api,3,no,yes,no,lineage_pair
F15247,api,api,2,no,yes,no,lineage_pair
F15248,F12059,api,3,yes,yes,no,random2
F15249,F10818,css,4,yes,yes,no,engine_webkit
F15250,F17156,css,4,no,yes,no,engine_webkit
F15252,F14823,css,4,no,yes,no,random2
F15253,F11016,css,4,no,yes,yes,random2
F15254,F13901,css,4,yes,yes,no,source1
F15255,F05346,svg,4,no,yes,no,lineage_pair
F15257,html,html,3,no,yes,no,engine_webkit
F15258,F04026,api,3,no,yes,yes,lineage_pair
F15259,F13244,css,4,no,yes,no,lineage_pair
F15260,F12115,css,4,no,yes,no,lineage_pair
F15261,F01764,javascript,5,no,yes,no,lineage_pair
F15262,F02835,css,4,no,yes,no,random2
F15263,F16270,api,3,no,yes,no,source1
F15265,F12168,html,4,no,yes,yes,engine_webkit
F15266,F09318,api,3,yes,yes,no,source1
F15267,F00425,css,4,no,yes,no,random2
F15269,api,api,2,yes,yes,no,source1
F15270,F08214,api,3,no,yes,no,derivative1
F15271,F10404,api,3,no,yes,no,derivative1
F15272,F14733,api,3,yes,yes,no,random2
F15273,html,html,3,no,yes,no,source1
F15275,F07790,api,3,no,yes,no,source1
F15276,http,http,3,yes,yes,no,random2
F15278,css,css,3,no,yes,no,source1
F15279,css,css,3,yes,yes,no,random2
F15281,F16450,javascript,3,no,yes,no,lineage_pair
F15282,F08420,css,4,no,yes,no,engine_webkit
F15283,F18450,api,3,no,yes,no,lineage_pair
F15284,F05409,javascript,4,no,yes,no,lineage_pair
F15285,F18491,api,3,no,yes,no,random2
F15286,F12621,css,4,no,yes,no,lineage_pair
F15287,F15576,html,5,no,yes,no,lineage_pair
F15288,F02967,api,3,no,yes,no,random2
F15290,F08242,api,3,yes,yes,no,random2
F15291,F07595,api,3,no,yes,no,engine_webkit
F15293,F01370,api,3,no,yes,yes,derivative1
F15294,api,api,2,no,yes,no,engine_webkit
F15296,html,html,3,no,yes,no,engine_webkit
F15297,F02096,api,3,yes,yes,no,source1
F15298,F15932,svg,4,no,yes,no,random2
F15299,F13579,html,4,no,yes,no,random2
F15300,F12461,css,4,no,yes,no,random2
F15303,F10404,api,3,no,yes,no,derivative1
F15304,F07860,css,4,no,yes,no,derivative1
F15305,F12791,webdriver,5,no,yes,no,source1
F15307,F11021,api,3,no,yes,no,source1
F15308,F04979,api,3,no,yes,no,random2
F15309,F16430,api,4,no,yes,no,derivative1
F15311,F06275,webdriver,5,no,yes,no,engine_webkit
F15312,F18414,javascript,4,no,yes,no,source1
F15313,F10572,api,3,no,yes,yes,derivative1
F15315,F11518,api,3,no,no,yes,random2
F15316,css,css,3,no,yes,no,lineage_pair
F15318,F00181,api,3,yes,yes,no,engine_webkit
F15320,F10601,api,3,no,yes,no,engine_webkit
F15321,F08214,api,3,no,yes,no,lineage_pair
F15322,F08384,api,3,no,yes,no,engine_webkit
F15323,F00126,api,4,no,yes,no,engine_webkit
F15326,F01056,webdriver,5,no,yes,no,random2
F15327,F15532,css,4,no,yes,no,engine_webkit
F15328,api,api,2,no,no,yes,engine_webkit
F15329,css,css,3,no,yes,no,random2
F15330,css,css,3,no,yes,no,random2
F15331,F03832,api,3,no,yes,no,source1
F15333,F03306,api,4,no,yes,no,derivative1
F15334,webdriver,webdriver,3,no,yes,no,source1
F15335,F14571,api,3,no,yes,no,source1
F15336,F01856,api,4,yes,yes,no,source1
F15337,F16049,api,3,no,yes,no,derivative1
F15339,F13579,html,4,no,yes,no,lineage_pair
F15340,F16507,css,4,no,yes,no,source1
F15341,F02835,css,4,no,yes,no,derivative1
F15342,F08594,api,3,no,yes,no,random2
F15343,F05234,api,3,yes,yes,no,engine_webkit
F15345,F09986,api,3,no,yes,no,derivative1
F15349,F01089,api,3,yes,yes,no,derivative1
F15351,F08497,api,3,no,yes,no,source1
F15352,F11065,webdriver,4,no,yes,no,random2
F15353,F05352,api,3,no,yes,no,engine_webkit
F15354,F01089,api,3,no,yes,no,source1
F15355,F09080,api,3,no,yes,no,engine_webkit
F15356,F12598,html,4,no,yes,no,engine_webkit
F15357,F01150,javascript,4,no,yes,no,derivative1
F15358,css,css,3,no,yes,no,lineage_pair
F15359,F12514,api,3,no,yes,no,engine_webkit
F15362,F13594,api,3,no,yes,no,lineage_pair
F15363,F00298,javascript,4,no,yes,no,engine_webkit
F15365,F13119,api,3,no,yes,no,lineage_pair
F15366,css,css,3,no,yes,no,lineage_pair
F15367,F00366,css,4,no,yes,no,source1
F15368,F18491,api,3,yes,yes,no,source1
F15370,F09761,javascript,4,no,yes,no,random2
F15371,F13244,css,4,no,yes,no,engine_webkit
F15372,F10967,http,4,yes,yes,no,derivative1
F15373,F07363,api,3,no,no,yes,random2
F15374,F13625,css,4,no,yes,no,derivative1
F15375,F16028,css,4,no,yes,no,derivative1
F15376,F05481,api,3,no,yes,no,derivative1
F15377,http,http,3,yes,yes,no,engine_webkit
F15378,F07547,api,3,no,yes,no,engine_webkit
F15379,F15003,javascript,4,no,yes,no,derivative1
F15380,F10341,css,4,no,yes,no,source1
F15381,F15927,api,3,no,yes,no,lineage_pair
F15382,F02967,api,3,no,yes,no,engine_webkit
F15384,F04724,svg,4,no,yes,no,derivative1
F15385,F03686,javascript,5,no,yes,no,engine_webkit
F15386,F08373,api,3,no,yes,no,lineage_pair
F15387,F08868,css,4,no,no,no,lineage_pair
F15388,F07269,css,4,no,yes,no,random2
F15389,F13579,html,4,no,yes,no,source1
F15390,F16275,http,4,yes,yes,no,engine_webkit
F15391,F18491,api,3,yes,no,no,engine_webkit
F15392,F08731,api,3,no,yes,no,random2
F15395,F15576,html,5,no,yes,no,lineage_pair
F15396,F10357,svg,4,no,yes,no,random2
F15397,F13248,css,4,no,yes,no,source1
F15398,F07547,api,3,no,yes,no,derivative1
F15399,F11550,css,5,no,yes,no,derivative1
F15400,F06990,javascript,5,no,yes,no,lineage_pair
F15403,F13091,css,4,no,yes,no,derivative1
F15404,F12496,api,3,no,yes,no,lineage_pair
F15405,api,api,2,no,yes,no,random2
F15406,css,css,3,no,yes,no,engine_webkit
F15407,F15551,api,4,no,yes,no,engine_webkit
F15408,F14571,api,3,no,yes,no,engine_webkit
F15409,css,css,3,no,yes,no,random2
F15410,F03495,api,3,no,yes,no,engine_webkit
F15414,F16227,api,4,yes,yes,no,engine_webkit
F15415,F02429,api,3,no,yes,no,lineage_pair
F15416,F08403,api,3,no,no,yes,derivative1
F15420,F05721,api,3,no,yes,no,derivative1
F15422,F16108,api,3,no,yes,no,random2
F15423,F08843,api,3,no,yes,no,source1
F15424,F08384,api,3,no,yes,no,source1
F15428,F06063,html,4,no,yes,no,engine_webkit
F15429,F04026,api,3,no,yes,no,source1
F15430,F07487,api,5,no,yes,no,random2
F15431,css,css,3,no,yes,no,engine_webkit
F15432,F00067,svg,4,no,yes,no,engine_webkit
F15433,css,css,3,no,yes,no,source1
F15436,F13574,css,4,no,yes,no,random2
F15437,F06161,api,3,no,yes,no,random2
F15439,api,api,2,yes,yes,no,random2
F15440,F13941,webdriver,4,yes,yes,no,engine_webkit
F15441,F05764,javascript,4,no,yes,no,source1
F15442,F11596,api,3,yes,yes,no,lineage_pair
F15443,F03198,api,3,no,yes,no,derivative1
F15444,F07595,api,3,no,yes,no,random2
F15445,F06985,webdriver,5,no,yes,no,random2
F15446,api,api,2,no,yes,no,source1
F15449,api,api,2,yes,yes,no,derivative1
F15450,api,api,2,yes,yes,no,engine_webkit
F15451,F01249,api,3,no,yes,yes,source1
F15452,F17684,css,4,no,yes,no,derivative1
F15453,F11646,css,4,no,yes,no,derivative1
F15454,F01089,api,3,no,yes,no,derivative1
F15455,F01239,css,4,yes,yes,no,derivative1
F15456,F05404,css,4,no,yes,no,derivative1
F15457,F04521,api,3,no,yes,no,derivative1
F15458,F01708,javascript,4,no,yes,no,lineage_pair
F15459,F13980,css,4,yes,no,no,source1
F15460,http,http,3,no,yes,no,engine_webkit
F15463,F02419,api,3,no,yes,no,derivative1
F15464,F05871,api,3,no,yes,no,engine_webkit
F15465,F12321,api,3,yes,yes,no,engine_webkit
F15466,api,api,2,no,yes,no,engine_webkit
F15467,api,api,2,yes,yes,no,derivative1
F15468,F12276,javascript,4,no,yes,no,derivative1
F15471,api,api,2,no,yes,no,lineage_pair
F15473,F16322,css,4,no,yes,no,source1
F15474,F15927,api,3,no,yes,no,derivative1
F15475,F05247,api,4,no,yes,no,lineage_pair
F15477,F09937,api,3,no,yes,no,source1
F15478,F18141,api,3,no,yes,no,engine_webkit
F15480,F00795,api,3,yes,yes,no,source1
F15481,svg,svg,3,no,yes,no,engine_webkit
F15483,F09937,api,3,no,yes,no,engine_webkit
F15484,F04521,api,3,no,yes,no,random2
F15485,F04198,api,3,no,yes,no,random2
F15486,F01861,api,3,yes,yes,no,derivative1
F15487,F13574,css,4,no,yes,no,engine_webkit
F15488,F18341,api,4,yes,yes,no,derivative1
F15489,F12598,html,4,no,yes,no,derivative1
F15491,F06990,javascript,5,no,yes,no,source1
F15492,css,css,3,no,yes,no,derivative1
F15493,F01571,api,4,no,yes,no,source1
F15494,F02994,api,3,no,yes,no,lineage_pair
F15495,F16108,api,3,no,yes,no,engine_webkit
F15496,css,css,3,no,yes,no,derivative1
F15497,F01725,api,3,yes,no,no,derivative1
F15498,F14597,css,4,no,yes,no,source1
F15499,F00070,javascript,4,no,yes,no,engine_webkit
F15500,F07595,api,3,no,yes,no,lineage_pair
F15501,F14144,http,4,no,yes,no,derivative1
F15504,F11006,css,4,no,yes,no,engine_webkit
F15505,F12621,css,4,no,yes,no,source1
F15506,F10899,api,3,no,yes,no,source1
F15508,http,http,3,no,yes,no,derivative1
F15509,F11955,api,3,yes,yes,no,lineage_pair
F15511,F01701,css,4,no,yes,no,random2
F15512,F11571,api,3,no,yes,no,engine_webkit
F15513,F13086,api,3,no,yes,no,source1
F15514,F06495,api,3,no,yes,no,source1
F15515,F04860,api,4,yes,yes,no,random2
F15516,F02126,html,4,no,yes,no,lineage_pair
F15517,F08015,api,4,yes,yes,no,random2
F15518,F06940,api,4,yes,yes,no,random2
F15519,F06108,api,3,no,yes,no,lineage_pair
F15520,F17198,api,3,no,yes,no,derivative1
F15521,F05764,javascript,4,no,yes,no,random2
F15522,api,api,2,no,yes,no,derivative1
F15523,F15080,api,3,no,yes,no,lineage_pair
F15524,css,css,3,no,yes,no,derivative1
F15525,F07274,html,4,no,yes,yes,engine_webkit
F15526,api,api,2,yes,yes,no,random2
F15528,F07837,api,4,yes,yes,no,source1
F15530,F09398,javascript,4,no,yes,no,random2
F15531,F13159,api,3,no,no,yes,derivative1
F15532,css,css,3,no,yes,no,lineage_pair
F15533,F09582,webdriver,5,no,yes,no,derivative1
F15535,F04760,api,3,no,yes,yes,engine_webkit
F15536,F09578,api,4,no,no,no,random2
F15538,F03902,api,3,no,yes,no,lineage_pair
F15539,F11439,css,4,no,yes,no,source1
F15540,F05434,api,3,no,no,yes,random2
F15546,F17545,css,4,no,yes,no,lineage_pair
F15548,F03449,javascript,4,no,yes,no,derivative1
F15549,css,css,3,no,yes,no,lineage_pair
F15550,F15752,api,3,no,yes,no,engine_webkit
F15551,F14767,api,3,no,yes,no,derivative1
F15552,F07039,api,3,no,yes,no,random2
F15553,F09001,api,3,no,yes,no,random2
F15554,F01509,svg,4,no,yes,no,engine_webkit
F15555,F05764,javascript,4,no,yes,no,engine_webkit
F15557,F16741,css,4,no,yes,no,random2
F15558,F13552,css,5,no,yes,no,random2
F15559,F12151,api,3,yes,yes,no,derivative1
F15560,F03902,api,3,no,yes,no,engine_webkit
F15561,F14125,api,3,no,yes,no,lineage_pair
F15564,F12923,api,3,no,yes,no,source1
F15565,F15581,css,4,no,yes,no,random2
F15566,F14545,api,3,yes,yes,no,random2
F15567,F04979,api,3,no,yes,no,source1
F15570,F11065,webdriver,4,no,yes,no,source1
F15571,F08151,css,4,no,yes,no,random2
F15573,F04387,api,3,yes,yes,no,engine_webkit
F15576,F14699,html,4,no,yes,no,random2
F15577,html,html,3,no,yes,no,lineage_pair
F15578,html,html,3,no,yes,no,lineage_pair
F15580,F18264,api,3,no,yes,no,random2
F15581,css,css,3,no,yes,no,derivative1
F15583,css,css,3,yes,yes,no,derivative1
F15584,F17111,javascript,5,no,yes,no,engine_webkit
F15585,F08384,api,3,no,yes,no,random2
F15587,F15017,javascript,4,no,yes,no,engine_webkit
F15588,svg,svg,3,no,yes,no,engine_webkit
F15589,F14943,api,3,no,yes,no,lineage_pair
F15590,F06990,javascript,5,no,yes,no,source1
F15592,F14633,api,3,no,yes,no,engine_webkit
F15593,F04026,api,3,no,yes,yes,lineage_pair
F15594,F05752,api,3,no,yes,no,source1
F15595,F00471,javascript,4,no,yes,no,random2
F15597,F14823,css,4,no,yes,no,engine_webkit
F15598,api,api,2,no,no,yes,lineage_pair
F15599,F08781,api,3,no,yes,no,derivative1
F15600,F18171,javascript,4,no,yes,no,derivative1
F15601,F09994,css,4,no,yes,no,random2
F15603,F08278,api,3,no,yes,no,lineage_pair
F15604,F16213,api,3,no,yes,no,engine_webkit
F15605,F08843,api,3,no,yes,no,lineage_pair
F15606,F00290,css,4,no,yes,no,lineage_pair
F15608,F02156,api,3,yes,no,no,random2
F15609,api,api,2,no,yes,no,engine_webkit
F15610,F12276,javascript,4,no,yes,yes,engine_webkit
F15611,F05765,css,4,no,yes,no,source1
F15614,api,api,2,no,yes,no,lineage_pair
F15615,F08420,css,4,no,yes,no,derivative1
F15616,api,api,2,no,yes,no,derivative1
F15618,F02095,api,3,no,yes,no,lineage_pair
F15619,F10074,api,3,no,yes,no,lineage_pair
F15621,webdriver,webdriver,3,no,yes,no,derivative1
F15622,F13594,api,3,no,yes,no,derivative1
F15624,api,api,2,no,yes,no,engine_webkit
F15625,F16152,css,5,no,yes,no,lineage_pair
F15626,F02346,css,4,no,yes,no,derivative1
F15627,http,http,2,no,yes,no,source1
F15629,F11121,css,4,no,yes,no,random2
F15630,F13579,html,4,no,yes,no,derivative1
F15631,css,css,3,no,yes,no,lineage_pair
F15632,api,api,2,no,yes,no,lineage_pair
F15633,F03504,api,3,yes,yes,no,lineage_pair
F15635,F01089,api,3,no,yes,no,source1
F15637,F13594,api,3,no,yes,no,engine_webkit
F15638,F17403,css,5,no,yes,no,random2
F15640,F04551,css,5,yes,yes,no,lineage_pair
F15642,F13579,html,4,no,yes,no,derivative1
F15643,F14767,api,3,no,yes,no,source1
F15645,javascript,javascript,3,no,yes,no,source1
F15646,F13594,api,3,no,yes,no,lineage_pair
F15649,F06199,css,4,no,yes,no,source1
F15650,F15446,api,3,no,yes,no,source1
F15652,F02264,css,4,no,yes,no,lineage_pair
F15653,F18491,api,3,no,yes,no,derivative1
F15654,F01708,javascript,4,no,yes,no,engine_webkit
F15655,F10407,api,3,yes,yes,no,engine_webkit
F15656,F01764,javascript,5,no,yes,no,source1
F15657,api,api,2,no,yes,no,lineage_pair
F15658,F08214,api,3,no,yes,no,random2
F15659,F13574,css,4,no,yes,no,random2
F15660,F17628,svg,4,no,yes,no,random2
F15662,api,api,2,no,yes,no,engine_webkit
F15663,F15352,webdriver,5,yes,yes,no,random2
F15665,F10715,javascript,4,no,yes,no,derivative1
F15666,css,css,3,no,yes,no,derivative1
F15667,F17289,api,3,no,yes,no,engine_webkit
F15669,F04957,api,3,no,yes,no,lineage_pair
F15670,css,css,3,yes,yes,no,lineage_pair
F15671,F01413,api,3,no,yes,yes,source1
F15672,F01448,css,4,no,yes,no,lineage_pair
F15675,F08362,api,3,no,yes,no,source1
F15676,F17684,css,4,no,yes,no,engine_webkit
F15677,F01593,javascript,4,no,yes,no,derivative1
F15679,F06497,api,4,yes,yes,no,random2
F15680,F18491,api,3,yes,no,no,source1
F15681,F16392,css,4,no,yes,no,engine_webkit
F15682,F03198,api,3,no,yes,no,lineage_pair
F15683,F13119,api,3,no,yes,no,source1
F15684,api,api,2,yes,yes,no,derivative1
F15685,F13941,webdriver,4,yes,yes,no,engine_webkit
F15686,F01861,api,3,no,no,yes,source1
F15688,F15334,webdriver,4,no,yes,no,source1
F15689,F17349,api,3,no,yes,no,engine_webkit
F15690,F08594,api,3,no,yes,yes,random2
F15691,F03746,api,3,no,yes,no,engine_webkit
F15692,F02842,api,3,no,yes,no,derivative1
F15693,F06138,api,3,no,yes,no,lineage_pair
F15694,F05520,css,5,yes,no,no,random2
F15696,F04521,api,3,no,yes,no,engine_webkit
F15697,F08843,api,3,yes,yes,no,engine_webkit
F15701,F03563,api,3,no,yes,no,lineage_pair
F15702,F10555,html,5,no,yes,no,engine_webkit
F15703,F13233,api,3,no,yes,no,random2
F15704,F17795,webdriver,4,no,yes,no,random2
F15705,F01636,api,3,no,yes,yes,derivative1
F15706,css,css,3,no,yes,no,source1
F15707,api,api,2,no,yes,no,lineage_pair
F15708,F01467,api,3,yes,no,no,derivative1
F15710,F10715,javascript,4,no,yes,no,lineage_pair
F15711,F10794,api,3,yes,yes,no,lineage_pair
F15712,F16953,css,4,yes,yes,no,source1
F15713,css,css,3,yes,yes,no,engine_webkit
F15714,F09234,api,3,no,yes,no,lineage_pair
F15715,F08214,api,3,no,yes,no,random2
F15716,F04579,css,4,no,yes,no,lineage_pair
F15717,F01405,api,4,no,yes,no,engine_webkit
F15719,F05651,javascript,5,no,yes,no,source1
F15721,F05228,api,3,yes,yes,no,derivative1
F15722,F04508,html,5,no,yes,no,engine_webkit
F15723,F13160,api,3,yes,yes,no,random2
F15724,F11429,api,3,no,no,yes,engine_webkit
F15725,F04521,api,3,no,yes,no,engine_webkit
F15726,F17684,css,4,no,yes,no,engine_webkit
F15727,F17315,api,3,no,yes,no,source1
F15728,F01234,webdriver,6,yes,yes,no,engine_webkit
F15729,api,api,2,no,yes,no,derivative1
F15730,F05520,css,5,yes,no,no,source1
F15731,F12321,api,3,yes,yes,no,source1
F15732,F07356,api,3,no,yes,no,source1
F15733,F15927,api,3,no,yes,no,derivative1
F15735,F12461,css,4,no,yes,no,lineage_pair
F15736,F02096,api,3,no,yes,no,random2
F15738,F18450,api,3,no,yes,no,derivative1
F15739,F00826,javascript,4,no,yes,no,engine_webkit
F15741,F16385,css,4,yes,yes,no,derivative1
F15742,F02639,api,3,no,yes,no,derivative1
F15743,F16052,webdriver,4,no,yes,no,source1
F15745,javascript,javascript,3,no,yes,no,lineage_pair
F15746,F10914,css,4,no,yes,no,derivative1
F15747,F05859,html,4,no,yes,yes,source1
F15748,http,http,3,yes,yes,no,lineage_pair
F15749,F18491,api,3,no,yes,no,lineage_pair
F15752,api,api,2,no,yes,no,engine_webkit
F15754,css,css,3,no,yes,no,derivative1
F15755,F18491,api,3,no,yes,no,random2
F15756,http,http,3,no,yes,no,derivative1
F15758,F05651,javascript,5,no,yes,no,engine_webkit
F15759,F04521,api,3,no,yes,no,random2
F15760,F03306,api,4,no,yes,no,engine_webkit
F15761,F06813,api,4,yes,yes,no,lineage_pair
F15762,F07802,css,4,no,yes,no,engine_webkit
F15763,F15982,html,4,yes,no,no,derivative1
F15765,F10233,api,3,no,yes,no,random2
F15766,F12479,api,3,no,yes,no,lineage_pair
F15767,F07804,css,4,no,yes,no,derivative1
F15769,F04069,api,3,no,yes,no,random2
F15770,F14396,api,3,yes,yes,no,engine_webkit
F15771,F05059,api,3,yes,yes,no,source1
F15772,F00976,javascript,4,no,no,no,engine_webkit
F15773,F07231,css,4,no,yes,no,lineage_pair
F15774,F01540,css,4,no,yes,no,source1
F15775,F04957,api,3,no,yes,no,lineage_pair
F15777,F13601,javascript,4,no,yes,no,lineage_pair
F15778,F04392,css,4,no,yes,no,source1
F15779,F08214,api,3,no,yes,no,random2
F15781,F03178,css,5,no,yes,no,random2
F15782,F05651,javascript,5,no,yes,no,derivative1
F15783,F15666,css,4,no,yes,no,lineage_pair
F15784,css,css,3,yes,yes,no,derivative1
F15786,F12276,javascript,4,no,yes,no,engine_webkit
F15787,F04176,api,4,yes,yes,no,derivative1
F15788,F03902,api,3,no,yes,no,source1
F15790,F16108,api,3,no,yes,no,derivative1
F15791,F05764,javascript,4,no,yes,no,engine_webkit
F15792,api,api,2,no,yes,no,lineage_pair
F15793,F17269,api,3,yes,yes,no,lineage_pair
F15794,api,api,2,no,yes,no,source1
F15795,F16855,api,4,no,yes,no,lineage_pair
F15796,svg,svg,3,no,yes,no,lineage_pair
F15797,F18171,javascript,4,no,yes,no,random2
F15798,F05585,api,3,no,yes,no,lineage_pair
F15802,F06985,webdriver,5,no,yes,no,random2
F15803,F04040,css,4,no,yes,no,derivative1
F15804,F02731,javascript,4,no,yes,no,source1
F15805,F10234,api,3,yes,yes,no,derivative1
F15811,css,css,3,no,yes,no,lineage_pair
F15812,javascript,javascript,3,no,yes,no,derivative1
F15815,F15577,html,4,no,yes,no,engine_webkit
F15816,F13119,api,3,no,yes,no,lineage_pair
F15817,F12740,api,3,yes,yes,no,source1
F15818,F01922,api,3,no,yes,no,engine_webkit
F15821,F11883,api,3,no,yes,no,engine_webkit
F15823,F12923,api,3,no,no,yes,derivative1
F15824,F04614,api,3,yes,yes,no,random2
F15825,F11927,api,3,no,yes,no,engine_webkit
F15827,F02497,api,3,yes,yes,no,lineage_pair
F15828,F09177,api,3,no,yes,no,derivative1
F15829,F16927,api,4,no,yes,no,source1
F15832,F00142,api,3,no,yes,no,source1
F15833,css,css,3,no,yes,no,lineage_pair
F15835,F15449,api,3,yes,yes,no,derivative1
F15836,F00692,api,3,yes,yes,no,derivative1
F15837,css,css,3,no,yes,no,lineage_pair
F15838,F14151,api,3,no,yes,no,engine_webkit
F15839,html,html,3,no,yes,yes,engine_webkit
F15840,F10313,api,4,no,yes,no,derivative1
F15841,F06990,javascript,5,no,yes,no,engine_webkit
F15842,F14699,html,4,no,yes,yes,lineage_pair
F15843,F01467,api,3,yes,no,no,engine_webkit
F15844,F12321,api,3,yes,yes,no,source1
F15846,F18491,api,3,yes,no,no,random2
F15848,F12943,api,3,no,yes,no,random2
F15849,F04979,api,3,no,yes,no,derivative1
F15850,F01732,css,4,no,yes,no,source1
F15851,css,css,3,yes,yes,no,source1
F15852,F12507,api,3,no,no,yes,source1
F15854,F06138,api,3,no,yes,no,lineage_pair
F15855,F16028,css,4,yes,yes,no,random2
F15856,F01080,api,3,no,yes,yes,engine_webkit
F15857,html,html,3,no,yes,no,random2
F15858,F03020,css,4,no,yes,no,derivative1
F15860,api,api,2,no,yes,no,random2
F15861,F01178,css,4,no,yes,no,source1
F15862,F10414,css,4,no,yes,no,source1
F15863,F14823,css,4,no,yes,no,engine_webkit
F15864,F04065,css,4,yes,no,no,derivative1
F15870,F10961,api,3,yes,yes,no,engine_webkit
F15874,F12621,css,4,no,yes,no,derivative1
F15875,F13254,api,3,no,yes,no,derivative1
F15876,F07802,css,4,no,yes,no,lineage_pair
F15878,F06679,api,3,no,yes,no,random2
F15879,F04521,api,3,no,yes,no,lineage_pair
F15880,F05752,api,3,no,yes,no,engine_webkit
F15881,F17111,javascript,5,no,yes,no,engine_webkit
F15882,api,api,2,no,yes,no,source1
F15885,F06990,javascript,5,no,yes,no,derivative1
F15887,F13625,css,4,no,yes,no,random2
F15888,api,api,2,yes,yes,no,random2
F15889,F17941,api,3,no,yes,no,derivative1
F15890,F05486,api,3,no,yes,no,lineage_pair
F15892,F12217,api,5,yes,yes,no,random2
F15893,F16496,api,3,no,yes,no,engine_webkit
F15894,F16789,api,3,no,yes,no,random2
F15896,F13594,api,3,no,yes,no,engine_webkit
F15897,F03020,css,4,no,yes,no,source1
F15898,F06132,api,3,no,yes,no,derivative1
F15899,F17949,css,4,no,yes,no,random2
F15901,F10288,webdriver,5,no,yes,no,engine_webkit
F15902,css,css,3,no,yes,no,source1
F15905,F07595,api,3,no,yes,no,engine_webkit
F15906,F02718,api,3,no,yes,no,random2
F15908,F07974,api,3,yes,yes,no,random2
F15909,F05829,api,3,no,yes,no,random2
F15911,javascript,javascript,3,no,yes,no,derivative1
F15912,http,http,3,no,yes,no,lineage_pair
F15915,F13574,css,4,no,yes,no,source1
F15916,F09667,svg,4,no,yes,no,lineage_pair
F15917,F13233,api,3,no,yes,no,random2
F15918,F18491,api,3,no,yes,no,random2
F15919,F04521,api,3,no,yes,no,random2
F15921,F00803,javascript,5,no,yes,no,derivative1
F15922,F17344,css,4,no,yes,no,source1
F15923,F05948,css,4,no,yes,no,lineage_pair
F15925,F01282,api,3,no,yes,no,engine_webkit
F15926,F09542,api,3,no,yes,no,random2
F15927,api,api,2,no,yes,no,source1
F15928,F16040,api,3,no,yes,no,random2
F15929,F09853,html,5,yes,yes,no,random2
F15930,F01861,api,3,no,yes,no,random2
F15932,svg,svg,3,no,yes,no,source1
F15934,F10233,api,3,no,yes,no,lineage_pair
F15935,F08377,api,3,no,yes,no,engine_webkit
F15937,F04988,api,3,yes,yes,no,engine_webkit
F15938,F05851,html,4,no,yes,yes,random2
F15939,F00009,api,3,no,no,yes,derivative1
F15940,F06500,api,3,no,yes,no,engine_webkit
F15941,F13295,api,3,no,yes,no,derivative1
F15942,F08843,api,3,no,yes,no,source1
F15943,F02731,javascript,4,no,yes,no,random2
F15944,F09468,api,3,no,yes,no,engine_webkit
F15945,F13827,css,4,no,yes,no,source1
F15946,F04180,css,4,no,yes,no,engine_webkit
F15947,F11205,css,4,no,yes,no,random2
F15948,F01328,api,3,no,yes,no,random2
F15949,F00921,api,3,no,yes,no,engine_webkit
F15950,F00733,api,3,yes,yes,no,lineage_pair
F15951,F01764,javascript,5,no,yes,no,lineage_pair
F15952,F06358,css,4,no,yes,no,lineage_pair
F15954,F11395,api,3,yes,no,no,random2
F15955,F08731,api,3,no,yes,no,derivative1
F15957,F01571,api,4,no,yes,no,engine_webkit
F15959,api,api,2,no,yes,no,random2
F15960,F15334,webdriver,4,no,yes,no,derivative1
F15961,F01089,api,3,no,yes,no,lineage_pair
F15963,F12841,api,3,no,yes,no,engine_webkit
F15964,F07595,api,3,no,yes,no,random2
F15965,F05988,api,3,no,yes,no,source1
F15966,F11387,api,3,yes,yes,no,lineage_pair
F15967,F10107,javascript,5,no,yes,no,engine_webkit
F15969,F07326,api,4,no,yes,no,engine_webkit
F15970,F15654,javascript,5,no,yes,no,lineage_pair
F15971,F17111,javascript,5,no,yes,no,engine_webkit
F15972,F05651,javascript,5,no,yes,no,derivative1
F15973,F15857,html,4,no,no,yes,random2
F15974,F18491,api,3,no,yes,no,random2
F15975,F16576,api,4,no,yes,no,derivative1
F15976,F04580,api,3,no,yes,no,engine_webkit
F15977,F13725,api,3,no,yes,no,random2
F15980,F00121,html,4,no,yes,no,random2
F15982,html,html,3,no,yes,no,engine_webkit
F15983,F15296,html,4,no,yes,no,random2
F15985,api,api,2,no,yes,no,lineage_pair
F15987,F17969,html,5,no,no,no,random2
F15988,F13634,css,4,no,yes,no,engine_webkit
F15989,F09512,api,3,no,yes,no,source1
F15990,F05988,api,3,no,yes,no,derivative1
F15991,F08242,api,3,yes,yes,no,lineage_pair
F15992,F04687,api,3,no,yes,no,source1
F15993,F05486,api,3,no,yes,no,engine_webkit
F15996,F15433,css,4,no,yes,no,engine_webkit
F15997,F03373,api,3,no,yes,no,lineage_pair
F15999,F03591,api,4,yes,yes,no,lineage_pair
F16001,F04946,css,4,no,yes,no,derivative1
F16002,F10074,api,3,no,yes,no,source1
F16004,F06687,api,3,no,yes,no,engine_webkit
F16005,F01078,html,4,no,yes,no,random2
F16006,F16108,api,3,no,yes,yes,derivative1
F16007,webdriver,webdriver,3,no,yes,no,engine_webkit
F16008,F01922,api,3,no,yes,no,engine_webkit
F16009,F04069,api,3,no,yes,no,derivative1
F16010,F01571,api,4,yes,yes,no,lineage_pair
F16011,F00914,api,3,no,yes,no,derivative1
F16012,F12321,api,3,yes,yes,no,random2
F16014,F07589,api,3,no,yes,no,random2
F16016,F12621,css,4,no,yes,no,lineage_pair
F16017,http,http,3,no,yes,no,source1
F16018,F04917,javascript,4,no,no,no,derivative1
F16019,F18482,webdriver,5,no,yes,no,lineage_pair
F16020,F03449,javascript,4,no,yes,no,source1
F16021,F13248,css,4,no,yes,no,derivative1
F16022,F04398,api,3,no,yes,no,random2
F16023,css,css,3,no,yes,no,source1
F16024,F14227,html,5,no,yes,no,source1
F16026,api,api,2,no,yes,no,source1
F16028,css,css,3,no,yes,no,derivative1
F16029,F08377,api,3,no,yes,no,lineage_pair
F16030,F10418,api,4,yes,yes,no,derivative1
F16032,api,api,2,no,yes,no,source1
F16033,F16428,api,3,no,yes,no,derivative1
F16034,F15056,css,4,no,yes,no,engine_webkit
F16035,F13601,javascript,4,no,yes,no,derivative1
F16036,F15754,css,4,no,yes,no,random2
F16037,html,html,3,no,yes,no,random2
F16038,F09504,api,3,no,yes,no,engine_webkit
F16040,api,api,2,no,yes,no,lineage_pair
F16041,F06997,api,3,no,yes,yes,random2
F16042,F11805,api,4,no,no,no,engine_webkit
F16043,F05131,api,3,no,yes,yes,engine_webkit
F16045,F00921,api,3,no,yes,no,engine_webkit
F16046,F14173,api,3,yes,yes,no,lineage_pair
F16047,F13552,css,5,no,yes,no,lineage_pair
F16048,F13376,css,4,no,yes,no,engine_webkit
F16049,api,api,2,no,yes,no,random2
F16051,F12436,api,4,no,yes,no,lineage_pair
F16052,webdriver,webdriver,3,no,yes,no,engine_webkit
F16054,F11097,javascript,4,no,yes,no,source1
F16056,css,css,3,no,yes,no,engine_webkit
F16057,F04069,api,3,no,yes,no,derivative1
F16058,F05840,api,3,yes,yes,no,lineage_pair
F16059,F08072,api,3,no,yes,no,engine_webkit
F16060,F08752,html,4,no,yes,yes,source1
F16061,F11536,api,6,yes,yes,no,source1
F16062,F03306,api,4,no,yes,no,derivative1
F16063,F10623,css,4,no,yes,no,engine_webkit
F16064,F07595,api,3,no,yes,no,random2
F16065,F14695,api,3,yes,yes,no,random2
F16066,F05242,api,3,no,yes,no,engine_webkit
F16067,F14427,api,3,no,yes,no,random2
F16068,F07337,api,3,no,yes,no,engine_webkit
F16069,F08362,api,3,no,yes,no,engine_webkit
F16070,F15576,html,5,no,no,no,derivative1
F16071,F10041,api,3,no,yes,no,lineage_pair
F16072,F01491,api,3,no,yes,no,derivative1
F16073,F07874,api,3,no,yes,no,lineage_pair
F16075,api,api,2,no,yes,no,source1
F16076,F11565,http,4,no,no,yes,engine_webkit
F16077,F05193,css,4,no,yes,yes,source1
F16078,svg,svg,3,no,yes,no,engine_webkit
F16079,F03306,api,4,no,yes,no,engine_webkit
F16080,F04687,api,3,no,yes,no,random2
F16081,F09852,css,4,no,yes,no,source1
F16082,F15581,css,4,no,yes,no,source1
F16083,api,api,2,no,yes,no,random2
F16084,F13119,api,3,no,yes,no,engine_webkit
F16086,F16770,api,3,no,yes,no,source1
F16087,F08632,api,3,no,yes,no,lineage_pair
F16088,api,api,2,no,yes,no,source1
F16090,api,api,2,no,yes,no,random2
F16091,F16152,css,5,no,yes,no,random2
F16092,F13579,html,4,no,yes,no,source1
F16093,F04018,api,3,no,yes,no,lineage_pair
F16096,F15348,api,3,no,yes,no,lineage_pair
F16098,F18491,api,3,no,yes,no,source1
F16099,F07816,api,3,no,yes,no,engine_webkit
F16100,F16052,webdriver,4,no,yes,no,random2
F16103,F15662,api,3,no,yes,yes,derivative1
F16104,F04392,css,4,no,yes,no,source1
F16105,webdriver,webdriver,3,no,yes,no,derivative1
F16106,api,api,2,no,yes,no,engine_webkit
F16107,F01442,api,3,no,yes,no,source1
F16108,api,api,2,no,yes,no,derivative1
F16110,F18156,api,4,yes,yes,no,engine_webkit
F16111,F07198,api,3,yes,yes,no,source1
F16112,F14125,api,3,no,yes,no,derivative1
F16113,F08336,javascript,5,no,yes,no,source1
F16115,F07988,api,3,no,yes,no,lineage_pair
F16116,api,api,2,no,no,yes,engine_webkit
F16117,F16789,api,3,no,yes,no,engine_webkit
F16119,css,css,3,no,yes,no,lineage_pair
F16120,F12841,api,3,no,yes,no,lineage_pair
F16121,css,css,3,no,yes,no,random2
F16122,F01150,javascript,4,no,yes,no,lineage_pair
F16124,F10814,javascript,5,no,yes,no,lineage_pair
F16125,F11427,svg,4,no,yes,no,source1
F16129,F15754,css,4,no,yes,no,lineage_pair
F16130,F15002,api,3,no,yes,no,engine_webkit
F16131,css,css,3,no,yes,no,lineage_pair
F16133,F05374,css,4,no,yes,no,engine_webkit
F16134,F07449,css,4,no,yes,no,random2
F16135,F13812,api,3,yes,yes,no,engine_webkit
F16136,F12680,api,3,no,yes,no,derivative1
F16137,F16037,html,4,no,yes,no,source1
F16138,F13160,api,3,yes,yes,no,random2
F16139,F07274,html,4,no,yes,yes,engine_webkit
F16140,F08613,api,3,no,yes,no,random2
F16141,F15984,api,3,yes,yes,no,random2
F16142,F08843,api,3,no,no,no,source1
F16143,F09269,api,3,no,yes,yes,lineage_pair
F16144,F08843,api,3,no,no,yes,random2
F16146,api,api,2,no,yes,yes,source1
F16147,F13579,html,4,no,yes,no,source1
F16148,F15381,api,4,yes,yes,no,source1
F16150,F14507,api,3,no,yes,no,lineage_pair
F16151,F11912,api,4,yes,no,no,lineage_pair
F16152,F04852,css,4,no,yes,no,engine_webkit
F16153,F18430,css,4,no,yes,no,lineage_pair
F16154,F15541,api,3,no,yes,no,engine_webkit
F16155,F01049,api,3,no,yes,no,random2
F16157,F17236,api,3,no,yes,yes,lineage_pair
F16158,F02730,api,3,no,yes,no,random2
F16159,F12621,css,4,no,yes,no,engine_webkit
F16160,F08594,api,3,no,yes,no,source1
F16162,F14241,svg,4,no,yes,no,source1
F16163,F11592,api,3,no,yes,no,lineage_pair
F16164,F11536,api,6,no,yes,no,derivative1
F16165,F01491,api,3,no,yes,no,engine_webkit
F16167,F14527,javascript,4,no,yes,no,source1
F16169,F16052,webdriver,4,no,yes,no,source1
F16171,F12150,api,3,yes,yes,no,source1
F16172,F16938,api,3,no,yes,no,engine_webkit
F16173,html,html,3,no,yes,no,derivative1
F16174,html,html,3,no,yes,no,random2
F16176,F05948,css,4,no,yes,no,derivative1
F16177,F13902,api,3,no,yes,no,lineage_pair
F16178,F07094,api,4,no,yes,no,engine_webkit
F16179,F13608,api,3,no,yes,no,source1
F16180,F01922,api,3,no,yes,no,engine_webkit
F16181,F09542,api,3,no,yes,no,source1
F16182,F05335,webdriver,5,no,yes,no,random2
F16183,F14427,api,3,no,yes,no,engine_webkit
F16184,F18450,api,3,no,yes,no,lineage_pair
F16185,F03469,api,3,yes,no,no,lineage_pair
F16186,javascript,javascript,3,no,yes,no,engine_webkit
F16187,F04011,api,5,no,yes,yes,derivative1
F16188,F07802,css,4,no,yes,no,derivative1
F16189,F13625,css,4,no,yes,no,source1
F16191,F13579,html,4,no,yes,no,source1
F16192,F02463,api,3,yes,yes,no,derivative1
F16194,F10839,api,3,no,yes,no,derivative1
F16195,F12881,css,4,no,yes,no,lineage_pair
F16196,api,api,2,no,yes,no,derivative1
F16197,F12193,api,4,no,yes,no,random2
F16198,F05242,api,3,no,yes,no,random2
F16199,api,api,2,no,no,yes,engine_webkit
F16200,F17699,api,4,no,yes,no,derivative1
F16201,F17603,api,3,no,yes,yes,source1
F16202,F06985,webdriver,5,no,yes,no,derivative1
F16203,F01944,api,3,no,no,yes,lineage_pair
F16204,F10665,css,4,no,yes,no,lineage_pair
F16207,html,html,3,no,yes,no,source1
F16208,F16369,api,3,no,yes,yes,engine_webkit
F16209,F18491,api,3,no,no,no,lineage_pair
F16211,F10738,api,3,no,yes,no,source1
F16212,F13574,css,4,no,yes,no,source1
F16213,api,api,2,no,yes,no,lineage_pair
F16215,F11395,api,3,no,yes,no,engine_webkit
F16217,F06912,api,3,no,yes,no,derivative1
F16218,F04521,api,3,no,yes,no,engine_webkit
F16219,F12680,api,3,no,yes,no,engine_webkit
F16220,F17548,api,4,yes,yes,no,lineage_pair
F16221,F09177,api,3,no,yes,no,derivative1
F16223,F05544,api,3,no,yes,no,engine_webkit
F16224,F11006,css,4,no,yes,no,random2
F16225,F03619,api,3,no,yes,no,random2
F16226,F16052,webdriver,4,no,yes,no,source1
F16227,F06082,api,3,no,yes,no,random2
F16230,F09977,api,4,no,yes,no,random2
F16231,F13893,api,3,yes,no,no,source1
F16232,F04944,api,3,no,yes,no,engine_webkit
F16235,html,html,3,no,yes,no,lineage_pair
F16236,F11565,http,4,no,no,yes,derivative1
F16237,F02095,api,3,no,yes,no,engine_webkit
F16238,F04770,api,4,no,yes,no,engine_webkit
F16239,F13834,api,3,no,yes,yes,derivative1
F16242,svg,svg,3,yes,no,no,source1
F16243,F00094,javascript,4,no,yes,no,random2
F16244,F16052,webdriver,4,no,yes,no,random2
F16245,F06990,javascript,5,no,yes,no,lineage_pair
F16246,F12598,html,4,no,yes,no,random2
F16247,F05968,css,4,no,yes,yes,lineage_pair
F16248,F05387,api,3,no,yes,no,engine_webkit
F16249,F05292,css,4,no,yes,no,derivative1
F16251,api,api,2,no,yes,no,engine_webkit
F16252,F15614,api,3,no,yes,no,source1
F16253,F01571,api,4,no,yes,no,derivative1
F16254,F03218,api,3,yes,yes,no,random2
F16255,F14165,api,3,yes,yes,no,lineage_pair
F16256,F05193,css,4,no,yes,no,source1
F16257,F00705,css,4,no,no,no,random2
F16259,F09439,api,3,no,yes,no,random2
F16260,F02731,javascript,4,no,yes,no,lineage_pair
F16262,F14767,api,3,yes,yes,no,engine_webkit
F16263,F00015,api,4,no,yes,no,engine_webkit
F16265,F06916,api,3,no,yes,no,lineage_pair
F16266,F09945,api,3,no,no,yes,lineage_pair
F16268,F13574,css,4,no,yes,no,lineage_pair
F16269,F03801,api,3,no,yes,no,derivative1
F16270,api,api,2,no,yes,no,lineage_pair
F16271,F01701,css,4,no,yes,no,random2
F16272,F14241,svg,4,no,yes,yes,derivative1
F16273,F13868,api,3,no,yes,no,random2
F16274,F01600,api,4,no,yes,no,lineage_pair
F16275,http,http,3,yes,yes,no,derivative1
F16276,F03100,javascript,5,no,yes,no,engine_webkit
F16277,F02195,api,3,no,yes,no,engine_webkit
F16278,F11062,api,3,no,no,yes,engine_webkit
F16279,javascript,javascript,3,no,yes,no,source1
F16283,F05900,api,3,yes,yes,no,engine_webkit
F16284,F02967,api,3,no,yes,no,derivative1
F16285,F03469,api,3,no,yes,no,random2
F16286,F14823,css,4,no,yes,no,lineage_pair
F16287,F01875,css,4,no,yes,no,source1
F16290,F07449,css,4,no,yes,no,engine_webkit
F16291,F15009,api,3,no,yes,no,lineage_pair
F16292,F05662,css,4,no,yes,no,lineage_pair
F16294,F07447,webdriver,5,yes,yes,no,source1
F16295,F17983,api,3,yes,yes,no,source1
F16296,F13574,css,4,no,yes,no,lineage_pair
F16297,F15657,api,3,no,yes,no,lineage_pair
F16299,F05131,api,3,no,no,yes,derivative1
F16300,F15122,css,4,no,yes,no,lineage_pair
F16301,F18118,api,3,no,yes,no,engine_webkit
F16302,F01701,css,4,no,yes,no,derivative1
F16303,F10288,webdriver,5,yes,yes,no,derivative1
F16304,css,css,3,yes,yes,no,random2
F16306,F07804,css,4,no,yes,no,lineage_pair
F16307,html,html,3,no,yes,yes,lineage_pair
F16308,F16244,webdriver,5,yes,yes,no,random2
F16309,F17548,api,4,no,yes,no,derivative1
F16310,F14173,api,3,yes,yes,no,derivative1
F16311,F04521,api,3,no,yes,no,random2
F16313,F04521,api,3,no,yes,no,engine_webkit
F16314,F01764,javascript,5,no,yes,no,engine_webkit
F16315,F12248,api,3,no,yes,no,random2
F16316,F18171,javascript,4,no,yes,no,derivative1
F16318,css,css,3,no,yes,no,engine_webkit
F16321,F00692,api,3,yes,yes,no,lineage_pair
F16322,css,css,3,no,yes,no,lineage_pair
F16323,F03563,api,3,no,yes,no,lineage_pair
F16324,F04687,api,3,no,yes,no,derivative1
F16325,F09143,api,3,no,yes,no,lineage_pair
F16327,F02846,api,3,no,no,no,lineage_pair
F16328,F09853,html,5,yes,yes,no,engine_webkit
F16329,api,api,2,no,yes,no,lineage_pair
F16331,F16108,api,3,no,yes,no,lineage_pair
F16334,F14196,api,3,no,yes,no,lineage_pair
F16335,F04521,api,3,no,yes,no,derivative1
F16338,F04521,api,3,no,yes,no,random2
F16339,css,css,3,no,yes,no,derivative1
F16340,F17584,api,5,yes,yes,no,lineage_pair
F16342,F04760,api,3,no,yes,yes,source1
F16343,svg,svg,3,no,yes,no,source1
F16344,api,api,2,no,yes,no,lineage_pair
F16345,F11883,api,3,no,yes,no,derivative1
F16346,F03734,css,4,no,yes,no,random2
F16347,F13574,css,4,no,no,no,random2
F16348,F13753,api,3,no,yes,no,source1
F16349,F17929,api,3,no,yes,no,lineage_pair
F16350,F16067,api,4,yes,yes,no,engine_webkit
F16351,F00264,javascript,4,no,yes,no,source1
F16352,F06138,api,3,no,yes,no,engine_webkit
F16353,F14821,css,5,no,yes,no,lineage_pair
F16354,F17773,api,3,no,yes,no,lineage_pair
F16355,F05851,html,4,no,yes,no,derivative1
F16356,F01461,html,5,no,yes,no,source1
F16359,F10050,css,4,no,yes,no,derivative1
F16360,F12479,api,3,no,yes,no,lineage_pair
F16361,F10401,javascript,4,no,yes,no,random2
F16362,css,css,3,no,yes,no,random2
F16363,F09411,api,3,no,yes,no,derivative1
F16364,F18144,api,3,no,yes,no,source1
F16365,F09001,api,3,no,yes,no,random2
F16366,F18491,api,3,yes,no,no,source1
F16368,F01896,html,5,no,yes,no,engine_webkit
F16369,api,api,2,no,yes,yes,lineage_pair
F16372,F18491,api,3,no,yes,no,engine_webkit
F16374,F01837,svg,4,yes,yes,no,lineage_pair
F16375,F13506,api,3,no,yes,no,source1
F16376,F14555,javascript,5,no,yes,no,lineage_pair
F16377,F13574,css,4,no,yes,no,derivative1
F16379,F18491,api,3,no,yes,no,engine_webkit
F16380,F15475,api,5,yes,yes,no,derivative1
F16382,http,http,3,no,no,yes,lineage_pair
F16383,F10039,api,4,yes,yes,no,source1
F16384,F11890,css,4,no,yes,no,derivative1
F16385,css,css,3,yes,yes,no,lineage_pair
F16386,F13594,api,3,no,yes,no,engine_webkit
F16387,F13159,api,3,no,yes,no,derivative1
F16388,F12404,api,3,no,yes,no,engine_webkit
F16389,F17322,api,3,no,yes,no,derivative1
F16390,F02510,api,3,no,yes,no,source1
F16391,F15316,css,4,no,yes,no,source1
F16392,css,css,3,no,yes,no,lineage_pair
F16393,F03464,api,3,no,no,yes,random2
F16394,F15017,javascript,4,no,yes,yes,random2
F16395,F09771,api,3,yes,yes,no,random2
F16396,F17885,api,3,no,yes,no,source1
F16397,F12680,api,3,no,yes,no,source1
F16398,F14823,css,4,no,yes,no,random2
F16399,css,css,3,yes,yes,no,source1
F16400,F16108,api,3,no,yes,no,random2
F16403,F02242,css,4,no,yes,no,lineage_pair
F16404,F01944,api,3,no,yes,yes,lineage_pair
F16405,F10967,http,4,yes,yes,no,random2
F16406,F14498,css,4,no,yes,no,derivative1
F16408,api,api,2,no,yes,no,source1
F16409,F04208,api,3,no,yes,no,engine_webkit
F16411,F18171,javascript,4,no,yes,no,random2
F16412,F14980,css,4,no,yes,no,lineage_pair
F16414,F13625,css,4,no,yes,no,derivative1
F16415,css,css,3,no,yes,no,derivative1
F16416,F13044,api,4,yes,yes,no,derivative1
F16417,F13248,css,4,no,yes,no,lineage_pair
F16419,http,http,3,no,yes,no,engine_webkit
F16420,F00794,api,4,no,yes,no,derivative1
F16421,F13316,css,4,no,yes,no,derivative1
F16422,F14974,api,4,no,yes,no,random2
F16423,F09950,css,4,no,yes,no,random2
F16424,F14718,api,3,no,yes,no,lineage_pair
F16425,F04392,css,4,no,yes,no,derivative1
F16426,F03178,css,5,no,yes,no,source1
F16429,F06871,api,4,no,yes,no,source1
F16430,F11281,api,3,no,yes,no,random2
F16432,F01923,api,3,no,yes,no,engine_webkit
F16433,F08384,api,3,yes,yes,no,engine_webkit
F16434,F13725,api,3,no,yes,no,lineage_pair
F16435,F13244,css,4,no,yes,no,random2
F16436,F11506,api,3,no,yes,no,lineage_pair
F16437,F11474,api,4,no,yes,no,lineage_pair
F16438,F05371,api,4,yes,yes,no,lineage_pair
F16439,F13131,api,3,no,yes,no,engine_webkit
F16440,F09542,api,3,no,yes,no,source1
F16441,F15475,api,5,yes,yes,no,engine_webkit
F16446,F06495,api,3,no,yes,no,source1
F16448,F11019,api,3,no,yes,yes,random2
F16449,F00975,html,4,no,yes,no,engine_webkit
F16451,F03907,api,3,no,yes,no,derivative1
F16453,F16108,api,3,no,yes,no,source1
F16455,F09938,api,3,no,yes,no,lineage_pair
F16456,F09945,api,3,no,yes,no,lineage_pair
F16457,F09528,api,3,no,yes,yes,source1
F16458,svg,svg,3,no,yes,no,engine_webkit
F16459,F13358,webdriver,5,no,yes,no,derivative1
F16460,F00142,api,3,no,yes,no,random2
F16461,F16152,css,5,no,yes,no,engine_webkit
F16462,F13574,css,4,no,no,no,engine_webkit
F16463,F13507,api,3,yes,yes,no,derivative1
F16464,F08843,api,3,yes,yes,no,source1
F16465,api,api,2,yes,yes,no,random2
F16466,http,http,3,no,yes,no,random2
F16470,F16090,api,3,yes,yes,no,source1
F16471,F13625,css,4,no,yes,no,derivative1
F16472,F11395,api,3,no,yes,no,source1
F16474,F18141,api,3,no,yes,no,lineage_pair
F16475,F16090,api,3,no,yes,no,derivative1
F16476,F16108,api,3,no,yes,no,source1
F16477,F14244,css,4,no,yes,no,source1
F16478,F02429,api,3,no,yes,no,engine_webkit
F16482,F14823,css,4,no,yes,no,engine_webkit
F16483,F17949,css,4,no,yes,no,engine_webkit
F16484,F07595,api,3,no,yes,no,engine_webkit
F16485,F07363,api,3,no,no,yes,derivative1
F16487,F04577,webdriver,5,yes,yes,no,source1
F16488,F04521,api,3,no,yes,no,derivative1
F16489,F14495,api,3,no,yes,no,source1
F16490,F04326,api,3,yes,yes,no,lineage_pair
F16491,F06614,css,4,no,yes,no,source1
F16493,F11681,api,5,no,yes,no,engine_webkit
F16494,F18491,api,3,no,yes,no,engine_webkit
F16495,F08166,api,3,no,no,yes,engine_webkit
F16496,api,api,2,no,yes,no,engine_webkit
F16497,svg,svg,3,no,yes,no,engine_webkit
F16501,F05216,css,4,no,yes,no,lineage_pair
F16502,F05829,api,3,no,yes,no,random2
F16503,F13625,css,4,no,yes,no,source1
F16504,F01733,api,3,no,yes,no,derivative1
F16505,F14821,css,5,no,yes,no,random2
F16506,F15430,api,6,no,yes,no,engine_webkit
F16507,css,css,3,no,yes,no,lineage_pair
F16508,javascript,javascript,3,no,yes,no,engine_webkit
F16510,api,api,2,no,yes,no,derivative1
F16511,F17842,api,4,no,yes,no,lineage_pair
F16512,F17699,api,4,no,yes,no,derivative1
F16514,javascript,javascript,3,no,yes,no,random2
F16515,F08843,api,3,no,yes,no,random2
F16516,F03435,api,3,no,yes,no,random2
F16517,F02508,api,4,no,no,no,lineage_pair
F16518,F02293,api,3,no,yes,no,derivative1
F16519,F04235,svg,4,no,yes,no,random2
F16520,F01701,css,4,no,yes,no,source1
F16521,F09937,api,3,no,yes,no,source1
F16522,F13574,css,4,no,no,no,derivative1
F16524,F16108,api,3,no,yes,no,random2
F16525,F13574,css,4,no,no,no,lineage_pair
F16526,F07788,api,3,no,yes,no,engine_webkit
F16529,css,css,3,yes,yes,no,random2
F16530,F13941,webdriver,4,yes,yes,no,random2
F16531,F09518,api,4,no,no,yes,source1
F16532,css,css,3,no,yes,no,engine_webkit
F16533,F16149,api,3,no,yes,no,lineage_pair
F16534,F08843,api,3,no,yes,no,derivative1
F16535,javascript,javascript,3,no,yes,no,engine_webkit
F16536,F17944,api,3,no,yes,no,lineage_pair
F16537,F06916,api,3,yes,yes,no,random2
F16538,F09853,html,5,no,yes,no,random2
F16539,F08377,api,3,no,yes,no,random2
F16540,F06916,api,3,yes,yes,no,random2
F16541,api,api,2,no,yes,no,lineage_pair
F16542,F09950,css,4,no,yes,no,lineage_pair
F16543,F08857,api,3,no,yes,no,lineage_pair
F16544,F00863,javascript,4,no,yes,no,derivative1
F16546,F14823,css,4,no,yes,no,lineage_pair
F16553,F03469,api,3,no,yes,no,derivative1
F16554,F17784,css,4,no,yes,no,engine_webkit
F16555,F13731,css,4,no,yes,no,random2
F16556,F14823,css,4,no,yes,no,derivative1
F16558,F08504,api,3,yes,yes,no,random2
F16559,F04957,api,3,no,yes,no,random2
F16561,http,http,3,no,yes,no,lineage_pair
F16562,F15049,api,3,no,no,yes,engine_webkit
F16563,F16714,css,4,yes,yes,no,derivative1
F16564,svg,svg,3,no,yes,no,random2
F16565,F07595,api,3,no,yes,no,derivative1
F16566,api,api,2,yes,yes,no,lineage_pair
F16568,F13568,webdriver,5,no,yes,no,engine_webkit
F16569,F12881,css,4,no,yes,no,source1
F16572,F10107,javascript,5,no,yes,no,random2
F16574,F18239,api,3,no,yes,no,source1
F16575,F01150,javascript,4,no,yes,no,engine_webkit
F16576,F11683,api,3,no,yes,no,random2
F16579,F02967,api,3,no,yes,no,source1
F16580,F07595,api,3,no,yes,no,source1
F16581,F01660,css,4,no,yes,no,engine_webkit
F16582,F09208,api,3,no,yes,no,random2
F16583,F13594,api,3,no,yes,no,source1
F16584,F14125,api,3,no,yes,yes,random2
F16585,api,api,2,yes,yes,no,derivative1
F16586,css,css,3,no,yes,no,derivative1
F16587,F08774,css,4,no,yes,no,random2
F16588,F08214,api,3,no,yes,no,derivative1
F16589,F14644,api,3,no,yes,no,engine_webkit
F16590,F02293,api,3,no,yes,no,engine_webkit
F16591,api,api,2,no,yes,no,engine_webkit
F16592,F10449,svg,4,no,yes,no,random2
F16596,F04521,api,3,no,yes,no,random2
F16599,F05087,api,3,no,yes,no,lineage_pair
F16600,F10665,css,4,no,yes,no,engine_webkit
F16601,css,css,3,no,yes,no,engine_webkit
F16602,F17548,api,4,no,yes,no,lineage_pair
F16604,F17103,api,4,no,yes,no,lineage_pair
F16605,F02126,html,4,no,yes,no,derivative1
F16606,F15524,css,4,no,yes,no,source1
F16607,F08843,api,3,no,yes,no,random2
F16608,F16653,css,4,no,yes,no,derivative1
F16609,F08632,api,3,no,yes,no,random2
F16610,F08786,css,4,yes,yes,no,random2
F16611,F02242,css,4,no,yes,no,random2
F16613,F07595,api,3,no,yes,no,engine_webkit
F16614,F11773,api,3,no,yes,no,source1
F16618,F08843,api,3,yes,yes,no,lineage_pair
F16620,F13585,css,4,no,yes,no,source1
F16621,F02220,api,3,no,yes,no,derivative1
F16622,F05721,api,3,no,yes,no,derivative1
F16623,F10914,css,4,no,yes,no,lineage_pair
F16625,F13552,css,5,no,yes,no,lineage_pair
F16626,F09938,api,3,no,yes,no,lineage_pair
F16627,F14173,api,3,yes,yes,no,engine_webkit
F16628,F16275,http,4,yes,yes,no,derivative1
F16629,F14842,api,3,no,yes,no,lineage_pair
F16630,F03680,css,4,no,yes,yes,source1
F16631,F13160,api,3,yes,yes,no,derivative1
F16632,F00366,css,4,yes,yes,no,derivative1
F16633,F03311,css,4,no,yes,no,engine_webkit
F16634,F06864,api,3,yes,yes,no,lineage_pair
F16636,F00415,api,3,yes,yes,no,derivative1
F16637,F18491,api,3,no,yes,no,lineage_pair
F16639,F03180,api,3,no,yes,no,source1
F16640,F13594,api,3,no,yes,no,lineage_pair
F16641,F03766,api,3,yes,yes,no,random2
F16644,F15754,css,4,no,yes,no,engine_webkit
F16645,F18238,api,3,no,yes,no,derivative1
F16646,F13316,css,4,no,yes,no,lineage_pair
F16647,F10000,html,4,no,yes,no,random2
F16648,javascript,javascript,3,no,yes,no,derivative1
F16650,F09937,api,3,no,yes,no,source1
F16651,F15882,api,3,no,yes,no,random2
F16652,F05690,http,4,no,yes,no,source1
F16653,css,css,3,no,yes,no,source1
F16654,css,css,3,no,yes,no,lineage_pair
F16657,F09398,javascript,4,no,yes,no,engine_webkit
F16658,F03469,api,3,no,yes,no,source1
F16659,F03495,api,3,no,yes,no,derivative1
F16660,F03239,webdriver,6,yes,yes,no,engine_webkit
F16662,F05651,javascript,5,no,yes,no,lineage_pair
F16663,F13574,css,4,no,no,no,lineage_pair
F16664,F06409,css,4,no,yes,no,derivative1
F16667,api,api,2,yes,yes,no,random2
F16668,F01696,webdriver,5,no,yes,no,source1
F16669,F14823,css,4,no,yes,no,source1
F16670,F16100,webdriver,5,no,yes,no,derivative1
F16671,F04521,api,3,no,yes,no,derivative1
F16672,F01940,api,3,no,yes,no,lineage_pair
F16673,F14151,api,3,no,yes,no,engine_webkit
F16674,F01080,api,3,no,yes,yes,source1
F16675,F01674,api,4,no,yes,no,engine_webkit
F16676,F14718,api,3,no,yes,no,lineage_pair
F16677,F15927,api,3,no,yes,no,engine_webkit
F16679,F08843,api,3,yes,yes,no,engine_webkit
F16680,F07344,api,4,no,yes,no,engine_webkit
F16681,F08843,api,3,yes,yes,no,source1
F16682,F05764,javascript,4,no,yes,no,lineage_pair
F16683,F01132,html,4,no,yes,no,lineage_pair
F16684,F17250,api,3,no,yes,no,source1
F16686,F12612,javascript,4,no,yes,no,derivative1
F16687,F04045,api,4,no,yes,no,derivative1
F16691,F12402,api,3,no,no,yes,random2
F16693,F16108,api,3,no,yes,no,lineage_pair
F16694,F01109,api,3,no,yes,no,lineage_pair
F16696,css,css,3,no,yes,no,lineage_pair
F16698,F15334,webdriver,4,no,no,no,source1
F16701,F01588,css,4,no,yes,no,lineage_pair
F16703,F12621,css,4,no,yes,no,lineage_pair
F16704,F15284,javascript,5,no,yes,no,lineage_pair
F16705,F09148,css,4,no,yes,no,engine_webkit
F16706,F16714,css,4,yes,yes,no,engine_webkit
F16709,F03435,api,3,no,yes,no,random2
F16711,F07337,api,3,no,yes,no,engine_webkit
F16712,html,html,3,no,yes,no,lineage_pair
F16713,F14495,api,3,no,yes,no,random2
F16714,css,css,3,no,yes,no,engine_webkit
F16715,F12626,api,3,no,yes,no,derivative1
F16716,F15754,css,4,no,yes,no,source1
F16720,F05651,javascript,5,no,yes,no,engine_webkit
F16721,http,http,3,no,no,yes,source1
F16722,F15600,javascript,5,no,yes,no,lineage_pair
F16723,F15017,javascript,4,no,yes,no,derivative1
F16724,F09994,css,4,no,yes,no,derivative1
F16726,javascript,javascript,3,no,yes,no,lineage_pair
F16728,F15273,html,4,no,yes,no,engine_webkit
F16729,F09122,css,4,no,yes,no,lineage_pair
F16730,F07595,api,3,no,yes,no,source1
F16731,F04208,api,3,no,yes,no,source1
F16733,F13891,svg,4,no,yes,no,lineage_pair
F16734,F12461,css,4,no,yes,no,source1
F16735,F16953,css,4,yes,yes,no,lineage_pair
F16736,F12188,api,3,yes,yes,no,lineage_pair
F16737,F07209,api,3,no,yes,no,derivative1
F16738,F07151,javascript,4,no,yes,no,lineage_pair
F16739,F07269,css,4,no,yes,no,random2
F16740,F12150,api,3,yes,yes,no,lineage_pair
F16741,css,css,3,no,yes,no,source1
F16742,F16108,api,3,no,no,yes,random2
F16743,F12321,api,3,yes,yes,no,random2
F16744,F16275,http,4,yes,yes,no,derivative1
F16745,F07952,css,5,no,yes,no,engine_webkit
F16746,F02670,api,3,yes,yes,no,lineage_pair
F16747,api,api,2,yes,yes,no,lineage_pair
F16748,F04521,api,3,no,yes,no,engine_webkit
F16749,F15666,css,4,no,yes,no,random2
F16750,F07151,javascript,4,no,yes,no,derivative1
F16752,F10644,api,3,no,yes,no,derivative1
F16753,F01769,api,4,no,yes,no,lineage_pair
F16754,F05653,api,4,no,yes,no,derivative1
F16755,F12890,api,3,yes,yes,no,source1
F16757,F11019,api,3,no,yes,no,engine_webkit
F16758,F07653,api,3,no,yes,no,derivative1
F16759,F08731,api,3,no,yes,no,source1
F16760,F17211,api,3,no,yes,no,engine_webkit
F16762,F11395,api,3,no,yes,no,source1
F16764,F15054,svg,4,no,yes,no,random2
F16765,F08384,api,3,no,yes,no,derivative1
F16767,F01593,javascript,4,no,yes,no,engine_webkit
F16768,F11957,api,3,yes,yes,no,derivative1
F16769,F04521,api,3,no,yes,no,source1
F16770,api,api,2,no,yes,no,random2
F16772,F16576,api,4,no,yes,no,random2
F16773,F00826,javascript,4,no,yes,no,random2
F16774,F03907,api,3,no,yes,no,derivative1
F16775,F12600,api,3,no,yes,no,random2
F16776,F14498,css,4,no,yes,no,source1
F16777,F12321,api,3,yes,yes,no,derivative1
F16778,F17198,api,3,no,yes,no,derivative1
F16779,F15017,javascript,4,no,yes,no,lineage_pair
F16780,F00290,css,4,no,yes,no,derivative1
F16781,F06089,css,4,no,yes,no,derivative1
F16782,F07530,css,4,no,yes,no,derivative1
F16784,webdriver,webdriver,3,no,yes,no,lineage_pair
F16785,F16747,api,3,yes,yes,no,random2
F16786,F04392,css,4,no,yes,no,source1
F16787,F16090,api,3,no,no,yes,source1
F16788,html,html,3,yes,yes,no,lineage_pair
F16789,api,api,2,no,yes,no,source1
F16790,F16119,css,4,no,yes,no,engine_webkit
F16792,F16326,api,3,yes,yes,no,random2
F16793,F16108,api,3,no,yes,no,lineage_pair
F16794,F16108,api,3,no,yes,no,random2
F16795,F08843,api,3,no,yes,no,derivative1
F16796,F13834,api,3,no,yes,yes,random2
F16797,F16714,css,4,yes,yes,no,derivative1
F16798,F09388,api,3,no,yes,no,engine_webkit
F16799,F18011,webdriver,5,no,yes,no,engine_webkit
F16800,api,api,2,no,yes,no,derivative1
F16802,F06246,api,4,no,yes,no,derivative1
F16803,F14125,api,3,no,yes,no,derivative1
F16804,api,api,2,yes,yes,no,lineage_pair
F16805,F07209,api,3,no,yes,no,engine_webkit
F16806,F07547,api,3,no,yes,no,derivative1
F16810,F07595,api,3,no,yes,no,derivative1
F16812,F02616,api,3,no,yes,no,random2
F16814,F17952,api,3,no,no,yes,random2
F16815,F03902,api,3,no,yes,no,lineage_pair
F16816,F11121,css,4,no,yes,no,lineage_pair
F16817,F09333,javascript,5,no,yes,no,random2
F16819,F13599,api,4,no,yes,no,engine_webkit
F16821,F12461,css,4,no,no,no,derivative1
F16822,F08377,api,3,no,yes,no,source1
F16825,F18414,javascript,4,no,yes,no,source1
F16826,F01369,css,4,no,yes,no,random2
F16827,F18482,webdriver,5,no,yes,no,lineage_pair
F16828,F18315,api,4,yes,no,no,lineage_pair
F16831,F09080,api,3,yes,yes,no,lineage_pair
F16832,F00984,api,3,yes,yes,no,derivative1
F16834,html,html,3,no,yes,no,derivative1
F16835,F11914,api,4,no,yes,no,source1
F16836,F17250,api,3,yes,no,no,source1
F16838,F15960,webdriver,5,no,yes,no,random2
F16840,F13119,api,3,no,yes,no,lineage_pair
F16841,F14954,api,3,no,yes,no,lineage_pair
F16842,F10647,webdriver,5,no,yes,no,derivative1
F16843,F02616,api,3,no,yes,no,engine_webkit
F16845,F04521,api,3,no,yes,no,random2
F16846,F01701,css,4,no,yes,no,engine_webkit
F16848,F09938,api,3,no,yes,no,derivative1
F16849,F14795,api,3,yes,yes,no,source1
F16850,F11565,http,4,no,no,yes,derivative1
F16851,F12598,html,4,no,yes,no,source1
F16852,F02835,css,4,yes,yes,no,engine_webkit
F16853,F16307,html,4,no,yes,yes,source1
F16854,webdriver,webdriver,3,no,yes,no,lineage_pair
F16855,F15541,api,3,no,yes,no,engine_webkit
F16857,api,api,2,yes,yes,no,derivative1
F16858,F09253,api,3,no,yes,no,derivative1
F16859,webdriver,webdriver,3,no,yes,no,source1
F16860,F00856,css,4,no,yes,no,random2
F16862,F05292,css,4,no,yes,no,lineage_pair
F16863,F17679,api,3,no,yes,no,derivative1
F16865,http,http,3,no,yes,no,random2
F16866,F07337,api,3,no,yes,no,random2
F16867,api,api,2,no,yes,no,source1
F16868,F13585,css,4,no,yes,no,engine_webkit
F16869,css,css,3,no,yes,no,engine_webkit
F16870,F17384,html,4,no,yes,yes,source1
F16871,F12321,api,3,yes,yes,no,derivative1
F16872,F08214,api,3,no,yes,no,random2
F16873,F05141,api,4,no,yes,no,source1
F16874,F07170,css,4,no,yes,no,derivative1
F16876,F09218,api,4,no,yes,no,derivative1
F16877,css,css,3,no,yes,no,source1
F16878,F04011,api,5,no,yes,no,source1
F16879,F09853,html,5,yes,yes,no,random2
F16881,F13008,api,3,yes,yes,no,source1
F16882,webdriver,webdriver,3,no,yes,no,lineage_pair
F16884,F12141,css,4,no,yes,no,derivative1
F16885,F04687,api,3,no,yes,no,random2
F16886,F04064,css,4,yes,yes,no,random2
F16887,F08049,http,4,no,yes,no,random2
F16889,F16369,api,3,no,yes,yes,engine_webkit
F16890,javascript,javascript,3,no,yes,no,lineage_pair
F16891,F05292,css,4,no,yes,no,lineage_pair
F16892,api,api,2,yes,yes,no,random2
F16893,F16408,api,3,no,yes,no,source1
F16894,F11736,css,4,no,yes,no,engine_webkit
F16895,F16789,api,3,no,yes,no,lineage_pair
F16896,F11162,api,3,no,yes,no,source1
F16898,F12000,css,4,no,yes,no,derivative1
F16899,F14767,api,3,no,yes,no,source1
F16900,F06138,api,3,no,yes,no,engine_webkit
F16901,F06108,api,3,no,yes,no,derivative1
F16903,F07802,css,4,no,yes,no,engine_webkit
F16904,F13160,api,3,yes,yes,no,random2
F16905,F12600,api,3,no,yes,no,engine_webkit
F16907,F04183,api,3,no,yes,no,derivative1
F16908,F07595,api,3,no,yes,no,lineage_pair
F16909,css,css,3,no,no,no,random2
F16910,F16362,css,4,no,yes,no,random2
F16912,F07595,api,3,no,yes,no,source1
F16913,F01622,api,3,no,yes,yes,lineage_pair
F16914,F12923,api,3,no,yes,no,random2
F16916,F13439,api,4,yes,yes,no,engine_webkit
F16917,F05764,javascript,4,no,yes,no,random2
F16919,F09986,api,3,no,yes,no,derivative1
F16920,F06138,api,3,no,yes,no,derivative1
F16921,F09942,api,4,yes,yes,no,random2
F16922,F12321,api,3,yes,yes,no,lineage_pair
F16923,F11565,http,4,no,no,yes,source1
F16924,F15792,api,3,no,yes,no,engine_webkit
F16926,F00142,api,3,no,yes,no,random2
F16927,F14125,api,3,no,yes,no,engine_webkit
F16928,F07151,javascript,4,no,yes,no,lineage_pair
F16929,F13261,css,4,no,yes,no,source1
F16931,F15296,html,4,no,yes,no,lineage_pair
F16932,F14903,api,3,no,yes,no,lineage_pair
F16933,F00777,api,3,no,yes,no,source1
F16935,F02731,javascript,4,no,yes,no,lineage_pair
F16936,F15450,api,3,yes,yes,no,engine_webkit
F16937,F13579,html,4,no,yes,no,source1
F16938,api,api,2,no,yes,no,source1
F16939,F06990,javascript,5,no,yes,no,random2
F16940,F01552,css,4,yes,yes,no,source1
F16941,F14823,css,4,no,yes,no,lineage_pair
F16942,F04864,api,3,no,yes,no,derivative1
F16943,F13574,css,4,no,yes,no,lineage_pair
F16944,F14165,api,3,yes,yes,no,derivative1
F16946,F05292,css,4,no,yes,no,source1
F16947,F06315,webdriver,5,no,yes,no,random2
F16948,F16789,api,3,no,yes,no,engine_webkit
F16950,F05690,http,4,no,yes,no,engine_webkit
F16951,F00696,api,4,no,yes,no,engine_webkit
F16953,css,css,3,yes,yes,no,random2
F16954,html,html,3,no,yes,no,random2
F16955,F15348,api,3,yes,yes,no,random2
F16957,F06358,css,4,no,yes,no,random2
F16958,F18491,api,3,no,yes,no,lineage_pair
F16959,F17971,html,6,yes,yes,no,engine_webkit
F16960,F09666,api,4,no,yes,no,engine_webkit
F16961,F01008,css,4,no,yes,no,lineage_pair
F16962,F03711,api,4,yes,yes,no,lineage_pair
F16963,webdriver,webdriver,3,no,yes,no,source1
F16964,F03619,api,3,no,yes,no,derivative1
F16965,F12111,api,3,yes,yes,no,engine_webkit
F16966,F18491,api,3,no,yes,no,engine_webkit
F16967,F07681,css,4,no,yes,no,lineage_pair
F16968,F03902,api,3,no,yes,no,source1
F16971,F08214,api,3,no,yes,no,lineage_pair
F16972,api,api,2,yes,yes,no,derivative1
F16973,F17581,css,4,no,yes,no,source1
F16974,F05640,api,3,no,yes,no,random2
F16976,F09321,api,3,yes,yes,no,lineage_pair
F16978,F03812,css,4,no,yes,no,random2
F16979,F15296,html,4,no,yes,no,source1
F16980,api,api,2,no,yes,no,engine_webkit
F16981,F07765,api,3,yes,yes,no,engine_webkit
F16983,F12943,api,3,no,yes,no,random2
F16985,F10041,api,3,no,yes,no,derivative1
F16986,F04034,css,4,yes,yes,no,source1
F16988,F00721,css,4,no,yes,no,engine_webkit
F16989,F10447,api,3,no,yes,no,lineage_pair
F16990,F04579,css,4,no,yes,no,derivative1
F16991,api,api,2,yes,yes,no,lineage_pair
F16992,F09080,api,3,yes,yes,no,engine_webkit
F16994,F10595,css,4,no,yes,no,derivative1
F16995,F08731,api,3,no,yes,no,source1
F16996,F04521,api,3,no,yes,no,random2
F16997,webdriver,webdriver,3,no,yes,no,random2
F16998,F05764,javascript,4,no,yes,no,derivative1
F16999,F17499,javascript,5,no,no,no,lineage_pair
F17000,F10746,api,3,yes,yes,no,engine_webkit
F17001,api,api,2,no,yes,no,derivative1
F17002,F08843,api,3,no,yes,no,random2
F17003,F10169,http,4,no,yes,no,lineage_pair
F17004,F03469,api,3,yes,no,no,random2
F17006,F05948,css,4,no,yes,no,derivative1
F17008,F07151,javascript,4,no,yes,no,derivative1
F17009,F09272,css,4,no,yes,no,engine_webkit
F17010,F16789,api,3,no,yes,no,lineage_pair
F17011,F11593,api,3,no,yes,no,engine_webkit
F17012,F09398,javascript,4,no,yes,no,derivative1
F17013,F17111,javascript,5,no,yes,no,source1
F17014,F17963,javascript,4,no,yes,no,derivative1
F17017,F12943,api,3,no,yes,no,random2
F17018,F05965,api,3,yes,yes,no,source1
F17019,F07595,api,3,no,yes,no,random2
F17020,F01922,api,3,yes,yes,no,derivative1
F17022,F16892,api,3,yes,yes,no,lineage_pair
F17023,F14943,api,3,no,yes,no,source1
F17024,F15348,api,3,no,yes,no,engine_webkit
F17026,F02449,api,3,no,yes,no,derivative1
F17028,F05335,webdriver,5,no,yes,no,source1
F17029,F08384,api,3,yes,yes,no,lineage_pair
F17030,F01861,api,3,no,no,no,lineage_pair
F17031,F10644,api,3,no,yes,no,lineage_pair
F17033,F07587,api,3,no,no,yes,source1
F17034,F07151,javascript,4,no,yes,no,derivative1
F17035,F13195,css,4,yes,yes,no,random2
F17036,F12150,api,3,yes,yes,no,random2
F17038,F13159,api,3,no,no,yes,engine_webkit
F17039,F01178,css,4,no,yes,no,lineage_pair
F17040,F04069,api,3,no,yes,no,source1
F17042,F14427,api,3,no,yes,no,source1
F17044,F11395,api,3,no,yes,no,random2
F17045,F04821,css,4,no,yes,no,source1
F17046,F13239,api,3,yes,yes,no,engine_webkit
F17047,F05142,css,4,no,yes,no,lineage_pair
F17048,F10839,api,3,no,yes,no,random2
F17049,F04965,css,4,no,yes,no,engine_webkit
F17050,F16362,css,4,no,yes,no,engine_webkit
F17051,F17603,api,3,no,no,yes,source1
F17052,api,api,2,no,yes,no,lineage_pair
F17053,F01109,api,3,no,yes,no,derivative1
F17054,F09416,api,3,no,yes,no,source1
F17057,F01923,api,3,no,yes,no,lineage_pair
F17059,F00795,api,3,yes,yes,no,lineage_pair
F17060,F12742,javascript,5,no,yes,no,engine_webkit
F17061,F11565,http,4,no,no,yes,random2
F17062,F10595,css,4,no,yes,no,engine_webkit
F17064,F14306,api,3,yes,yes,no,engine_webkit
F17066,F03198,api,3,no,no,yes,random2
F17067,F06916,api,3,yes,yes,no,lineage_pair
F17068,F16023,css,4,no,yes,no,random2
F17069,css,css,3,no,yes,no,random2
F17070,F04564,css,5,no,yes,no,engine_webkit
F17071,svg,svg,3,no,yes,no,lineage_pair
F17073,F04308,api,3,no,yes,no,random2
F17075,F07893,api,3,no,yes,no,engine_webkit
F17076,F01369,css,4,no,yes,no,derivative1
F17078,F10404,api,3,no,yes,no,derivative1
F17079,F15458,javascript,5,no,yes,no,random2
F17080,F10169,http,4,no,yes,no,source1
F17081,F05690,http,4,no,yes,no,random2
F17082,F10987,css,4,yes,yes,no,lineage_pair
F17083,F01813,api,3,no,yes,no,random2
F17084,F15458,javascript,5,no,yes,no,engine_webkit
F17085,F15017,javascript,4,no,yes,no,derivative1
F17087,F08465,api,3,no,yes,no,lineage_pair
F17088,F12321,api,3,yes,yes,no,source1
F17089,F16541,api,3,no,yes,no,lineage_pair
F17091,F07790,api,3,no,yes,no,engine_webkit
F17092,F01139,api,3,yes,yes,no,derivative1
F17094,F06990,javascript,5,no,yes,no,derivative1
F17095,F03319,api,3,no,yes,no,lineage_pair
F17096,F13901,css,4,yes,yes,no,lineage_pair
F17097,F17765,html,4,no,yes,no,engine_webkit
F17098,F17842,api,4,no,yes,no,engine_webkit
F17099,F07874,api,3,no,yes,no,engine_webkit
F17100,F14903,api,3,no,yes,yes,random2
F17101,F04152,css,4,yes,yes,no,engine_webkit
F17102,F05131,api,3,no,yes,no,source1
F17103,F13665,api,3,no,yes,no,source1
F17106,F14823,css,4,no,yes,no,derivative1
F17107,F14505,javascript,5,no,yes,no,source1
F17108,F14954,api,3,no,yes,no,source1
F17110,F18211,css,4,yes,yes,no,derivative1
F17111,F01708,javascript,4,no,yes,no,lineage_pair
F17112,F04308,api,3,no,yes,no,engine_webkit
F17114,F02096,api,3,no,yes,no,source1
F17116,F05585,api,3,no,yes,no,derivative1
F17117,F05404,css,4,no,yes,no,engine_webkit
F17118,javascript,javascript,3,no,yes,no,lineage_pair
F17119,F17989,api,3,no,yes,no,source1
F17120,F11591,api,3,no,yes,no,engine_webkit
F17121,F08705,api,3,no,yes,no,random2
F17123,F15851,css,4,yes,yes,no,derivative1
F17124,F03072,javascript,4,no,yes,no,random2
F17125,F18368,css,4,no,yes,no,derivative1
F17126,F09504,api,3,no,yes,no,random2
F17127,F16049,api,3,no,yes,no,lineage_pair
F17128,F14125,api,3,no,yes,no,derivative1
F17129,F17349,api,3,no,yes,no,source1
F17130,F03979,api,3,yes,yes,no,random2
F17131,css,css,3,no,yes,no,engine_webkit
F17132,F06990,javascript,5,no,yes,no,derivative1
F17133,F01098,webdriver,5,yes,yes,no,derivative1
F17134,F07837,api,4,no,no,no,lineage_pair
F17135,F18491,api,3,no,yes,no,random2
F17136,F03448,api,3,yes,yes,no,lineage_pair
F17138,F00366,css,4,no,yes,no,source1
F17139,F16040,api,3,no,yes,no,derivative1
F17140,F13452,html,4,no,no,yes,derivative1
F17141,F10584,css,4,no,yes,no,lineage_pair
F17142,F05860,html,4,no,yes,no,random2
F17143,F01878,api,3,no,yes,no,random2
F17144,F15754,css,4,no,yes,no,lineage_pair
F17145,F16275,http,4,yes,yes,no,random2
F17146,F15784,css,4,yes,yes,no,lineage_pair
F17147,css,css,3,no,yes,no,lineage_pair
F17149,F09945,api,3,no,no,yes,engine_webkit
F17150,F18495,api,3,no,yes,no,lineage_pair
F17151,F02429,api,3,no,yes,no,lineage_pair
F17152,F15675,api,4,no,yes,no,engine_webkit
F17153,F10181,css,4,no,yes,no,derivative1
F17154,F11924,html,5,no,yes,no,random2
F17155,F16108,api,3,yes,no,no,engine_webkit
F17156,css,css,3,no,yes,no,engine_webkit
F17158,F13601,javascript,4,no,yes,no,source1
F17159,F01944,api,3,no,yes,no,engine_webkit
F17160,F13681,api,3,no,yes,no,derivative1
F17161,F16789,api,3,no,yes,no,random2
F17162,F11395,api,3,no,yes,no,random2
F17163,F02470,api,3,yes,yes,no,engine_webkit
F17165,F12115,css,4,no,yes,no,engine_webkit
F17167,F01701,css,4,no,yes,no,source1
F17170,F08384,api,3,no,no,yes,random2
F17171,F03812,css,4,yes,yes,no,engine_webkit
F17172,F06871,api,4,no,yes,no,source1
F17173,F17649,api,3,no,yes,no,derivative1
F17174,F01089,api,3,no,yes,no,random2
F17177,F16770,api,3,no,yes,no,engine_webkit
F17178,F06161,api,3,no,yes,no,lineage_pair
F17179,F18141,api,3,no,yes,no,source1
F17182,F02718,api,3,no,yes,no,engine_webkit
F17183,F06089,css,4,no,yes,no,lineage_pair
F17184,F13119,api,3,no,yes,no,random2
F17185,F09080,api,3,no,yes,no,engine_webkit
F17188,F07342,javascript,4,no,yes,no,derivative1
F17189,F02731,javascript,4,no,yes,no,random2
F17191,F18065,api,4,no,yes,no,derivative1
F17193,api,api,2,no,yes,no,engine_webkit
F17194,api,api,2,no,yes,yes,source1
F17195,html,html,3,yes,yes,no,random2
F17197,F00062,webdriver,5,no,yes,no,random2
F17198,api,api,2,no,yes,no,derivative1
F17200,F14887,api,3,no,yes,yes,lineage_pair
F17202,F12150,api,3,yes,yes,no,derivative1
F17203,F01003,css,4,yes,yes,no,source1
F17204,F01678,api,3,no,yes,no,derivative1
F17205,css,css,3,no,yes,no,lineage_pair
F17206,F07274,html,4,no,yes,no,derivative1
F17207,F02519,api,3,no,yes,no,derivative1
F17208,F12621,css,4,no,yes,no,engine_webkit
F17211,api,api,2,no,yes,no,lineage_pair
F17213,F13579,html,4,no,yes,no,random2
F17215,F17952,api,3,no,no,yes,lineage_pair
F17218,F15235,api,3,no,yes,no,random2
F17219,F16714,css,4,no,yes,no,engine_webkit
F17220,F13119,api,3,no,yes,no,derivative1
F17221,F12479,api,3,no,yes,no,engine_webkit
F17222,F15329,css,4,no,yes,no,lineage_pair
F17223,F08384,api,3,no,no,no,random2
F17224,F07790,api,3,no,yes,no,random2
F17225,F03306,api,4,no,yes,no,lineage_pair
F17227,F13574,css,4,no,yes,no,lineage_pair
F17228,F07284,api,3,no,yes,no,lineage_pair
F17230,F11165,svg,4,no,yes,no,lineage_pair
F17231,F04422,api,3,no,yes,no,derivative1
F17232,F04687,api,3,no,yes,no,derivative1
F17233,css,css,3,no,yes,no,source1
F17234,F04301,api,3,no,yes,no,source1
F17235,F05752,api,3,no,yes,no,source1
F17236,api,api,2,no,yes,yes,random2
F17238,F13574,css,4,no,no,no,engine_webkit
F17239,F10393,css,4,no,yes,no,random2
F17240,F17236,api,3,no,yes,yes,derivative1
F17241,F03469,api,3,no,yes,no,random2
F17242,F15754,css,4,no,yes,no,source1
F17243,F17296,api,3,no,yes,no,source1
F17244,F11009,api,3,no,yes,no,engine_webkit
F17246,F11592,api,3,no,yes,no,derivative1
F17247,F08377,api,3,no,yes,no,engine_webkit
F17248,F17665,api,3,yes,yes,no,derivative1
F17249,F14823,css,4,no,yes,no,derivative1
F17250,api,api,2,no,yes,no,engine_webkit
F17251,F11646,css,4,no,yes,no,lineage_pair
F17252,F03829,api,3,yes,yes,no,derivative1
F17253,F07595,api,3,no,yes,no,derivative1
F17254,F12621,css,4,no,yes,no,source1
F17255,F13012,api,6,yes,yes,no,lineage_pair
F17258,F16789,api,3,no,yes,no,engine_webkit
F17259,F17571,javascript,4,no,yes,no,lineage_pair
F17260,svg,svg,3,no,yes,no,lineage_pair
F17261,F16714,css,4,no,yes,no,derivative1
F17262,F08761,css,4,yes,yes,no,engine_webkit
F17263,F15094,css,4,no,yes,no,derivative1
F17264,F13008,api,3,yes,yes,no,lineage_pair
F17265,F17205,css,4,yes,no,no,derivative1
F17266,F07821,css,4,no,yes,no,derivative1
F17268,F11646,css,4,no,yes,no,source1
F17269,api,api,2,yes,yes,no,derivative1
F17270,css,css,3,yes,yes,no,engine_webkit
F17272,F05829,api,3,no,yes,no,lineage_pair
F17273,F03319,api,3,no,yes,no,lineage_pair
F17274,api,api,2,no,yes,no,source1
F17275,javascript,javascript,3,no,yes,no,engine_webkit
F17276,api,api,2,no,yes,no,source1
F17277,css,css,3,no,yes,no,derivative1
F17278,F12499,css,4,no,yes,no,lineage_pair
F17279,F09126,css,4,no,yes,no,random2
F17280,F15471,api,3,no,yes,no,engine_webkit
F17281,api,api,2,no,yes,yes,derivative1
F17282,F13119,api,3,no,yes,no,lineage_pair
F17283,html,html,3,no,yes,no,source1
F17284,F09546,api,4,no,yes,no,random2
F17285,F14427,api,3,no,yes,no,random2
F17286,html,html,3,no,yes,no,engine_webkit
F17287,F14485,api,4,no,yes,no,source1
F17290,F12321,api,3,yes,yes,no,lineage_pair
F17291,F15206,css,4,no,yes,no,lineage_pair
F17294,F11592,api,3,no,yes,no,engine_webkit
F17295,F15577,html,4,no,yes,no,source1
F17296,api,api,2,no,yes,no,source1
F17297,F05651,javascript,5,no,yes,no,lineage_pair
F17299,F14336,webdriver,5,no,yes,no,lineage_pair
F17300,F13901,css,4,yes,yes,no,source1
F17301,F10726,css,4,no,yes,no,random2
F17302,F05119,css,4,yes,yes,no,source1
F17303,css,css,3,no,yes,no,source1
F17305,F14650,api,5,no,yes,no,source1
F17306,F12115,css,4,no,yes,no,derivative1
F17307,F12525,html,6,no,yes,no,engine_webkit
F17308,F18156,api,4,no,yes,no,random2
F17310,F12000,css,4,no,yes,no,derivative1
F17311,F09398,javascript,4,no,yes,no,engine_webkit
F17312,F14903,api,3,no,yes,no,derivative1
F17313,css,css,3,no,yes,no,source1
F17316,F16108,api,3,no,yes,no,derivative1
F17317,F08377,api,3,no,yes,no,derivative1
F17318,F04522,api,3,yes,yes,no,engine_webkit
F17319,F11525,api,3,yes,yes,no,source1
F17320,api,api,2,yes,yes,no,random2
F17321,F01944,api,3,no,yes,no,lineage_pair
F17322,api,api,2,no,yes,no,derivative1
F17324,F02233,css,4,no,yes,no,random2
F17325,F14710,css,4,no,yes,no,lineage_pair
F17326,F17765,html,4,no,yes,no,lineage_pair
F17327,F13506,api,3,no,yes,no,source1
F17328,F07470,api,5,yes,yes,no,lineage_pair
F17330,F05544,api,3,no,yes,no,random2
F17331,F07802,css,4,no,yes,no,derivative1
F17332,F05384,api,3,no,yes,no,random2
F17333,F15932,svg,4,no,yes,no,engine_webkit
F17334,F01537,css,5,yes,yes,no,engine_webkit
F17336,F01150,javascript,4,no,yes,no,random2
F17337,javascript,javascript,3,no,yes,yes,derivative1
F17338,F09945,api,3,no,yes,no,source1
F17339,F11009,api,3,no,yes,no,derivative1
F17340,javascript,javascript,3,no,yes,no,source1
F17341,F08589,api,3,yes,yes,no,engine_webkit
F17342,css,css,3,no,yes,no,engine_webkit
F17343,F05965,api,3,no,yes,no,engine_webkit
F17344,css,css,3,no,yes,no,engine_webkit
F17345,F07595,api,3,no,yes,no,source1
F17347,F01719,webdriver,5,no,yes,no,derivative1
F17348,F13504,html,4,no,yes,yes,lineage_pair
F17349,api,api,2,no,yes,no,engine_webkit
F17350,F05690,http,4,no,yes,no,random2
F17351,F14344,css,4,yes,yes,no,source1
F17352,F03163,api,3,no,yes,yes,random2
F17355,F13988,webdriver,5,no,yes,no,lineage_pair
F17356,F14039,api,4,no,yes,no,derivative1
F17357,F08843,api,3,no,yes,no,derivative1
F17358,F16108,api,3,no,yes,no,lineage_pair
F17359,F10053,api,3,no,yes,no,derivative1
F17361,F08456,api,3,yes,yes,no,random2
F17362,F01089,api,3,no,yes,no,lineage_pair
F17364,F08456,api,3,yes,yes,no,derivative1
F17365,F12321,api,3,yes,yes,no,derivative1
F17366,F00721,css,4,yes,yes,no,lineage_pair
F17367,api,api,2,no,yes,no,engine_webkit
F17368,F16108,api,3,no,no,yes,lineage_pair
F17372,F15273,html,4,no,yes,no,derivative1
F17373,F08843,api,3,no,yes,no,random2
F17374,F13188,html,5,no,yes,no,source1
F17375,F11299,api,3,no,yes,no,derivative1
F17376,F07860,css,4,yes,yes,no,lineage_pair
F17377,F18130,webdriver,5,no,yes,no,derivative1
F17378,F00121,html,4,no,yes,no,lineage_pair
F17379,F06697,api,3,no,yes,no,source1
F17380,F09208,api,3,no,yes,no,random2
F17381,F07595,api,3,no,yes,no,derivative1
F17382,F10511,api,3,no,yes,no,lineage_pair
F17383,F08589,api,3,yes,yes,no,random2
F17384,html,html,3,no,yes,no,engine_webkit
F17385,F16108,api,3,no,yes,no,derivative1
F17386,F08843,api,3,no,yes,no,random2
F17387,F09542,api,3,no,yes,no,derivative1
F17388,api,api,2,no,yes,no,engine_webkit
F17389,F01132,html,4,no,yes,no,random2
F17391,F01865,api,3,yes,yes,no,source1
F17392,F12304,api,3,no,yes,no,engine_webkit
F17393,F00142,api,3,no,yes,no,engine_webkit
F17394,F09912,api,5,no,yes,no,derivative1
F17395,F13507,api,3,no,yes,no,derivative1
F17396,F05173,javascript,5,no,yes,no,derivative1
F17397,F05900,api,3,yes,yes,no,random2
F17398,http,http,3,no,yes,no,source1
F17400,F16275,http,4,yes,yes,no,lineage_pair
F17403,F01357,css,4,no,yes,no,random2
F17406,javascript,javascript,3,no,yes,no,derivative1
F17407,F10616,javascript,4,no,yes,no,engine_webkit
F17408,F18239,api,3,no,yes,no,lineage_pair
F17409,F17676,http,4,no,yes,no,source1
F17411,F09945,api,3,no,yes,no,derivative1
F17414,F04737,api,4,no,yes,no,engine_webkit
F17415,F11006,css,4,no,yes,no,engine_webkit
F17416,F02156,api,3,yes,no,no,source1
F17417,F13902,api,3,no,yes,no,derivative1
F17418,F08768,css,4,no,yes,no,engine_webkit
F17419,F12561,api,3,no,yes,no,engine_webkit
F17420,css,css,3,no,yes,no,random2
F17421,F14165,api,3,yes,yes,no,random2
F17422,F00665,api,4,yes,yes,no,lineage_pair
F17423,F05486,api,3,no,yes,no,random2
F17424,api,api,2,no,yes,no,source1
F17425,F13574,css,4,no,yes,no,random2
F17427,F09528,api,3,no,yes,no,random2
F17428,F18120,css,4,no,yes,no,derivative1
F17429,F07304,api,3,yes,yes,no,random2
F17430,F04580,api,3,no,yes,no,source1
F17431,F02651,api,3,no,yes,no,source1
F17432,F06258,api,3,yes,yes,no,lineage_pair
F17434,F15657,api,3,no,yes,no,random2
F17435,F05651,javascript,5,no,yes,no,random2
F17436,F16108,api,3,yes,yes,no,derivative1
F17437,F06132,api,3,no,yes,no,source1
F17438,css,css,3,no,yes,no,lineage_pair
F17439,F13302,api,3,no,yes,no,engine_webkit
F17440,F03469,api,3,no,yes,no,source1
F17441,F02731,javascript,4,no,yes,no,engine_webkit
F17442,F10763,css,4,no,yes,no,source1
F17443,F12923,api,3,no,yes,no,lineage_pair
F17444,F13096,api,3,no,yes,no,source1
F17446,F09404,api,4,no,no,no,lineage_pair
F17447,F06871,api,4,no,yes,no,source1
F17450,F05707,css,4,yes,yes,no,engine_webkit
F17451,F12513,css,4,no,yes,no,lineage_pair
F17452,F09778,api,3,no,yes,no,engine_webkit
F17453,F08291,api,4,yes,no,no,engine_webkit
F17454,F13893,api,3,no,yes,no,random2
F17455,F05255,webdriver,5,no,yes,no,source1
F17457,css,css,3,yes,yes,no,engine_webkit
F17458,F09569,api,3,no,yes,no,random2
F17459,F07595,api,3,no,yes,no,engine_webkit
F17460,F03297,javascript,4,no,yes,no,source1
F17464,F07269,css,4,no,yes,no,lineage_pair
F17468,F16938,api,3,no,yes,no,source1
F17469,F05829,api,3,no,yes,no,engine_webkit
F17470,F03018,api,3,no,yes,no,source1
F17471,F01701,css,4,no,yes,no,derivative1
F17472,F11456,css,4,no,yes,no,source1
F17473,api,api,2,yes,no,no,source1
F17474,F12286,css,4,yes,yes,no,source1
F17475,F13457,api,3,no,yes,no,derivative1
F17476,javascript,javascript,3,no,yes,no,source1
F17477,F13376,css,4,no,yes,no,lineage_pair
F17478,api,api,2,yes,yes,no,random2
F17479,F17313,css,4,no,yes,no,lineage_pair
F17483,F08774,css,4,no,yes,no,lineage_pair
F17484,F16108,api,3,no,yes,yes,derivative1
F17485,css,css,3,no,yes,no,lineage_pair
F17489,F02502,api,3,yes,yes,no,engine_webkit
F17490,css,css,3,no,yes,no,engine_webkit
F17492,F13594,api,3,no,yes,no,engine_webkit
F17493,F01146,api,3,no,yes,no,lineage_pair
F17494,F03015,api,3,yes,yes,no,derivative1
F17496,F05516,api,3,no,yes,no,derivative1
F17497,F02239,html,4,no,no,yes,random2
F17499,F15003,javascript,4,no,yes,no,lineage_pair
F17500,F08761,css,4,yes,yes,no,engine_webkit
F17501,F17241,api,4,no,yes,no,source1
F17502,api,api,2,no,yes,no,random2
F17503,F06495,api,3,no,yes,no,engine_webkit
F17504,F09938,api,3,no,yes,no,random2
F17505,api,api,2,no,yes,no,lineage_pair
F17506,F03803,css,4,no,yes,no,random2
F17507,svg,svg,3,no,yes,no,engine_webkit
F17508,F02651,api,3,no,yes,no,derivative1
F17509,F09935,api,3,yes,yes,no,source1
F17510,api,api,2,no,no,yes,engine_webkit
F17511,css,css,3,no,no,no,lineage_pair
F17512,F06425,api,3,yes,yes,no,lineage_pair
F17513,F05960,api,3,no,yes,no,engine_webkit
F17514,F05721,api,3,no,yes,no,engine_webkit
F17515,F02938,api,3,yes,yes,no,engine_webkit
F17516,F03319,api,3,no,yes,yes,derivative1
F17517,F16108,api,3,no,yes,yes,source1
F17518,F11456,css,4,no,yes,no,derivative1
F17519,F15654,javascript,5,no,yes,no,derivative1
F17520,F03326,api,3,yes,yes,no,lineage_pair
F17521,F15811,css,4,no,yes,no,lineage_pair
F17522,F01178,css,4,no,yes,no,derivative1
F17523,F11906,html,4,no,yes,no,engine_webkit
F17524,F07246,css,4,yes,yes,no,derivative1
F17525,api,api,2,no,yes,no,engine_webkit
F17527,F00067,svg,4,no,yes,no,lineage_pair
F17528,F14842,api,3,no,yes,no,lineage_pair
F17529,F04957,api,3,no,yes,no,source1
F17530,F04917,javascript,4,no,yes,no,random2
F17531,F17967,css,4,no,yes,no,derivative1
F17532,F07228,api,3,no,yes,no,random2
F17533,css,css,3,no,yes,yes,random2
F17535,F01923,api,3,no,yes,no,source1
F17536,css,css,3,no,yes,no,derivative1
F17537,F07712,html,4,no,yes,yes,lineage_pair
F17538,F07342,javascript,4,no,yes,no,random2
F17540,F05384,api,3,no,yes,no,source1
F17541,F15467,api,3,yes,yes,no,source1
F17542,F00721,css,4,yes,yes,no,engine_webkit
F17543,F13205,api,3,yes,yes,no,random2
F17544,F17941,api,3,no,yes,no,derivative1
F17545,css,css,3,no,yes,no,engine_webkit
F17547,F10967,http,4,yes,yes,no,source1
F17548,F09504,api,3,no,yes,no,random2
F17549,F13504,html,4,no,no,yes,lineage_pair
F17550,F15851,css,4,yes,yes,no,random2
F17552,api,api,2,no,yes,no,source1
F17553,F11592,api,3,no,yes,no,derivative1
F17554,css,css,3,no,no,no,source1
F17556,F17236,api,3,no,yes,yes,engine_webkit
F17557,F14555,javascript,5,no,yes,no,engine_webkit
F17559,api,api,2,no,yes,no,derivative1
F17560,F03495,api,3,no,yes,no,engine_webkit
F17561,F12404,api,3,no,yes,no,engine_webkit
F17563,api,api,2,yes,yes,no,source1
F17564,F10234,api,3,yes,yes,no,random2
F17566,F08233,api,3,no,yes,no,source1
F17567,F15583,css,4,yes,yes,no,lineage_pair
F17571,javascript,javascript,3,no,yes,no,engine_webkit
F17572,F15017,javascript,4,no,yes,no,random2
F17573,F04230,api,4,no,yes,no,engine_webkit
F17574,F17111,javascript,5,no,yes,no,lineage_pair
F17576,F16507,css,4,no,yes,no,engine_webkit
F17577,F15654,javascript,5,no,yes,no,source1
F17578,F12321,api,3,yes,yes,no,derivative1
F17579,F05690,http,4,yes,yes,no,source1
F17580,F17983,api,3,yes,yes,no,lineage_pair
F17581,css,css,3,no,yes,no,derivative1
F17582,F18491,api,3,no,yes,no,lineage_pair
F17583,F13574,css,4,no,no,no,lineage_pair
F17584,F00785,api,4,no,yes,no,derivative1
F17586,F04034,css,4,yes,yes,no,lineage_pair
F17588,F09333,javascript,5,no,yes,no,derivative1
F17589,F00866,css,4,yes,yes,no,random2
F17590,F18274,api,3,no,yes,no,derivative1
F17592,F18490,webdriver,5,no,yes,no,engine_webkit
F17594,F01701,css,4,no,yes,no,source1
F17595,F15577,html,4,no,yes,yes,random2
F17596,F00811,api,4,no,yes,no,lineage_pair
F17597,F18491,api,3,no,yes,no,engine_webkit
F17599,F01089,api,3,no,no,yes,random2
F17600,F10414,css,4,no,yes,no,source1
F17601,F15009,api,3,no,yes,no,engine_webkit
F17603,api,api,2,no,yes,yes,source1
F17604,F02225,api,3,no,yes,no,source1
F17605,F02731,javascript,4,no,yes,no,random2
F17606,html,html,3,no,yes,no,engine_webkit
F17607,F11736,css,4,no,yes,no,random2
F17608,F13096,api,3,no,yes,no,source1
F17609,F14597,css,4,no,yes,no,engine_webkit
F17610,F03608,api,3,no,yes,no,derivative1
F17611,F01142,api,3,yes,yes,no,lineage_pair
F17612,F04114,api,3,yes,no,no,engine_webkit
F17613,css,css,3,no,yes,no,engine_webkit
F17614,F11914,api,4,yes,no,no,source1
F17615,F01884,api,3,yes,yes,no,source1
F17616,F14949,css,4,yes,yes,no,source1
F17617,F01469,api,4,no,yes,no,source1
F17619,F00142,api,3,no,yes,no,random2
F17624,F01944,api,3,yes,yes,no,source1
F17625,F01571,api,4,no,yes,no,derivative1
F17626,F13256,api,3,no,yes,no,lineage_pair
F17628,svg,svg,3,no,yes,no,lineage_pair
F17629,F08439,css,4,no,yes,no,derivative1
F17630,F08377,api,3,no,yes,no,lineage_pair
F17631,F05834,css,4,no,yes,no,derivative1
F17633,F12621,css,4,no,yes,no,derivative1
F17634,F12869,api,3,yes,yes,no,lineage_pair
F17635,F16510,api,3,no,yes,no,source1
F17637,F11565,http,4,no,no,yes,random2
F17638,F01030,css,5,no,yes,no,engine_webkit
F17639,F11162,api,3,no,yes,no,derivative1
F17640,F15754,css,4,no,yes,no,random2
F17641,F04614,api,3,yes,yes,no,derivative1
F17642,F00826,javascript,4,no,yes,no,lineage_pair
F17643,F15851,css,4,yes,yes,no,lineage_pair
F17645,F08076,api,3,yes,yes,no,random2
F17646,F13827,css,4,no,yes,no,random2
F17647,F14655,api,3,no,yes,no,derivative1
F17648,F10763,css,4,no,yes,no,derivative1
F17649,api,api,2,no,yes,no,derivative1
F17650,F06940,api,4,no,yes,no,engine_webkit
F17651,F04419,api,4,no,yes,no,source1
F17652,F15003,javascript,4,no,yes,no,engine_webkit
F17653,F13376,css,4,no,yes,no,lineage_pair
F17654,F07396,api,3,yes,yes,no,engine_webkit
F17656,api,api,2,no,no,yes,random2
F17657,F09853,html,5,yes,yes,no,engine_webkit
F17659,F12604,api,3,no,yes,no,random2
F17660,F09080,api,3,yes,no,no,engine_webkit
F17661,F10967,http,4,yes,yes,no,lineage_pair
F17662,F01056,webdriver,5,no,yes,no,derivative1
F17663,F12923,api,3,no,yes,no,derivative1
F17664,F15094,css,4,no,yes,no,derivative1
F17665,api,api,2,yes,yes,no,engine_webkit
F17666,F15334,webdriver,4,no,yes,no,derivative1
F17668,css,css,3,yes,yes,no,derivative1
F17669,F13574,css,4,no,yes,no,lineage_pair
F17670,F01574,api,3,no,yes,no,lineage_pair
F17671,api,api,2,no,yes,no,source1
F17672,F00417,javascript,4,no,yes,no,lineage_pair
F17673,F08088,api,3,yes,yes,no,engine_webkit
F17674,F07490,api,3,no,yes,no,lineage_pair
F17675,F12461,css,4,no,no,no,source1
F17676,http,http,3,no,yes,no,derivative1
F17677,F09796,css,4,yes,yes,no,lineage_pair
F17678,F16507,css,4,yes,yes,no,engine_webkit
F17680,api,api,2,no,yes,no,engine_webkit
F17682,F07170,css,4,no,yes,no,derivative1
F17683,F01132,html,4,no,yes,no,lineage_pair
F17684,css,css,3,no,yes,no,source1
F17686,F05404,css,4,no,yes,no,derivative1
F17688,F07785,css,4,no,yes,no,derivative1
F17690,F07802,css,4,no,yes,no,lineage_pair
F17692,svg,svg,3,no,yes,no,source1
F17694,F03739,html,6,no,yes,no,source1
F17695,F10393,css,4,no,yes,no,lineage_pair
F17696,F17881,api,3,no,yes,no,derivative1
F17697,F12943,api,3,no,yes,no,derivative1
F17698,F11395,api,3,no,yes,no,lineage_pair
F17699,F08384,api,3,no,yes,no,random2
F17700,F10418,api,4,yes,yes,no,engine_webkit
F17701,F08384,api,3,no,yes,no,lineage_pair
F17702,F09208,api,3,no,yes,no,derivative1
F17704,F07054,http,4,no,yes,no,source1
F17705,F15471,api,3,no,no,yes,source1
F17707,F17699,api,4,no,yes,no,derivative1
F17708,F15094,css,4,no,yes,no,engine_webkit
F17711,F04247,api,4,no,yes,no,source1
F17712,F16275,http,4,yes,yes,no,random2
F17713,css,css,3,no,yes,no,derivative1
F17715,css,css,3,no,yes,no,derivative1
F17716,F05557,api,3,no,yes,no,source1
F17717,F01089,api,3,no,yes,no,lineage_pair
F17720,F08492,webdriver,6,no,yes,no,source1
F17721,F16362,css,4,no,yes,no,derivative1
F17724,F01178,css,4,no,yes,no,lineage_pair
F17725,F14367,api,3,no,yes,no,engine_webkit
F17727,F08579,api,3,no,yes,no,source1
F17728,F17357,api,4,no,yes,no,random2
F17729,F14666,css,4,no,yes,no,random2
F17730,F01764,javascript,5,no,yes,no,source1
F17732,F16235,html,4,no,yes,no,lineage_pair
F17733,F01922,api,3,no,yes,no,random2
F17734,F01944,api,3,no,yes,no,lineage_pair
F17735,F00614,api,3,no,yes,yes,derivative1
F17736,F18094,css,4,no,yes,no,source1
F17738,F18239,api,3,no,yes,no,derivative1
F17739,F16789,api,3,no,yes,no,derivative1
F17740,F07595,api,3,no,yes,no,derivative1
F17741,F17949,css,4,no,yes,no,random2
F17742,F14718,api,3,no,yes,no,engine_webkit
F17745,F12126,api,3,no,yes,no,random2
F17746,api,api,2,no,yes,no,derivative1
F17747,api,api,2,no,yes,no,source1
F17748,css,css,3,yes,yes,no,random2
F17749,F09912,api,5,no,yes,no,source1
F17751,F09122,css,4,no,no,yes,engine_webkit
F17753,F02670,api,3,yes,yes,no,lineage_pair
F17755,F14039,api,4,no,yes,no,lineage_pair
F17756,F06132,api,3,no,yes,no,engine_webkit
F17757,F01663,svg,4,no,yes,no,engine_webkit
F17758,F09938,api,3,no,yes,no,derivative1
F17759,F02938,api,3,yes,yes,no,engine_webkit
F17762,F13355,css,4,no,yes,no,source1
F17765,html,html,3,no,yes,no,engine_webkit
F17766,F01369,css,4,no,yes,no,source1
F17769,F04521,api,3,no,yes,no,source1
F17770,F14571,api,3,no,yes,no,derivative1
F17771,F00430,css,4,no,yes,no,engine_webkit
F17773,api,api,2,no,yes,no,source1
F17775,F14903,api,3,no,yes,no,random2
F17777,F15982,html,4,no,yes,yes,source1
F17778,F14731,api,3,no,yes,no,engine_webkit
F17779,F11842,api,4,no,yes,no,source1
F17780,F15080,api,3,no,yes,no,random2
F17781,F00264,javascript,4,no,yes,no,lineage_pair
F17782,F14485,api,4,no,yes,no,source1
F17783,F18414,javascript,4,no,yes,no,engine_webkit
F17784,css,css,3,no,yes,no,source1
F17785,css,css,3,no,yes,no,derivative1
F17786,F07284,api,3,no,yes,no,lineage_pair
F17788,F04475,css,4,no,yes,no,engine_webkit
F17790,F15888,api,3,yes,yes,no,lineage_pair
F17792,F08843,api,3,no,yes,no,lineage_pair
F17793,F14943,api,3,no,yes,no,random2
F17794,F05651,javascript,5,no,yes,no,lineage_pair
F17795,webdriver,webdriver,3,no,yes,no,source1
F17796,F06990,javascript,5,no,yes,no,lineage_pair
F17798,F13316,css,4,no,yes,no,random2
F17800,F08463,css,4,no,yes,yes,random2
F17801,F10357,svg,4,no,yes,no,derivative1
F17802,F06871,api,4,no,yes,no,engine_webkit
F17803,F17554,css,4,no,no,no,lineage_pair
F17804,F09982,svg,4,no,yes,no,source1
F17805,F07595,api,3,no,yes,no,source1
F17806,F16183,api,4,yes,yes,no,engine_webkit
F17807,F12621,css,4,no,yes,no,random2
F17808,F06990,javascript,5,no,yes,no,source1
F17811,F01049,api,3,no,yes,no,random2
F17812,F18491,api,3,no,yes,no,random2
F17814,javascript,javascript,3,no,yes,no,engine_webkit
F17815,F15433,css,4,no,yes,no,derivative1
F17816,F09938,api,3,no,yes,no,derivative1
F17817,F04521,api,3,no,yes,no,derivative1
F17818,F01701,css,4,no,yes,no,lineage_pair
F17819,api,api,2,no,yes,no,random2
F17820,F11439,css,4,no,yes,no,engine_webkit
F17821,F01647,api,3,no,yes,no,random2
F17822,F03469,api,3,yes,no,no,engine_webkit
F17823,F13574,css,4,no,yes,no,random2
F17824,F02373,css,4,yes,yes,no,lineage_pair
F17826,F08307,css,5,no,yes,no,engine_webkit
F17828,F00290,css,4,no,yes,no,engine_webkit
F17830,F10987,css,4,yes,yes,no,random2
F17831,F10595,css,4,no,yes,no,engine_webkit
F17832,F01552,css,4,yes,yes,no,lineage_pair
F17833,F05965,api,3,no,yes,no,random2
F17835,F04284,css,4,no,yes,no,source1
F17836,javascript,javascript,3,yes,yes,no,engine_webkit
F17837,F12514,api,3,no,yes,no,source1
F17839,F12278,css,4,no,yes,no,derivative1
F17842,F09528,api,3,no,yes,no,engine_webkit
F17843,F02034,api,3,no,yes,no,derivative1
F17844,css,css,3,no,no,yes,derivative1
F17845,F07190,api,3,no,yes,no,engine_webkit
F17846,F03686,javascript,5,no,yes,no,lineage_pair
F17847,F17879,api,3,no,yes,no,engine_webkit
F17848,F13355,css,4,no,yes,no,random2
F17850,F13261,css,4,no,yes,no,random2
F17851,F07151,javascript,4,no,yes,no,random2
F17852,F14865,html,4,no,yes,no,source1
F17853,F03829,api,3,yes,yes,no,source1
F17854,F18491,api,3,no,yes,no,derivative1
F17855,F07151,javascript,4,no,yes,no,lineage_pair
F17856,F13574,css,4,no,yes,no,source1
F17857,F15794,api,3,no,yes,no,source1
F17858,F02835,css,4,no,yes,no,derivative1
F17859,F07802,css,4,no,yes,no,engine_webkit
F17860,F00683,api,3,no,yes,no,derivative1
F17861,F15879,api,4,no,yes,no,random2
F17862,F18179,api,4,no,yes,no,lineage_pair
F17863,F12712,api,3,no,yes,no,lineage_pair
F17864,F02510,api,3,no,yes,no,source1
F17866,html,html,3,no,yes,no,derivative1
F17868,F04871,api,3,no,yes,no,engine_webkit
F17870,F04337,css,5,no,yes,no,engine_webkit
F17872,F09505,api,3,no,yes,no,random2
F17874,F17190,api,3,no,yes,no,source1
F17875,svg,svg,3,no,yes,no,lineage_pair
F17877,F10967,http,4,yes,yes,no,derivative1
F17878,F18368,css,4,no,yes,no,lineage_pair
F17879,api,api,2,no,yes,no,lineage_pair
F17880,F12402,api,3,no,no,yes,random2
F17882,F00142,api,3,no,yes,no,engine_webkit
F17883,F02651,api,3,no,yes,no,engine_webkit
F17884,F12712,api,3,no,yes,no,lineage_pair
F17885,api,api,2,no,yes,no,engine_webkit
F17886,F02507,webdriver,5,no,yes,no,engine_webkit
F17887,F06450,api,3,yes,yes,no,source1
F17888,F06138,api,3,no,yes,no,lineage_pair
F17889,F08247,css,4,no,yes,no,lineage_pair
F17890,F08384,api,3,no,yes,no,random2
F17891,F01884,api,3,yes,yes,no,derivative1
F17892,F18156,api,4,no,yes,no,derivative1
F17893,F13316,css,4,no,yes,no,engine_webkit
F17894,api,api,2,no,yes,no,engine_webkit
F17895,F15094,css,4,no,yes,no,source1
F17896,F11395,api,3,no,yes,no,source1
F17898,F10914,css,4,no,yes,no,lineage_pair
F17902,F07151,javascript,4,no,yes,no,random2
F17904,webdriver,webdriver,3,no,yes,no,random2
F17907,F06386,api,3,no,yes,no,derivative1
F17909,api,api,2,no,yes,no,random2
F17910,api,api,2,yes,yes,no,lineage_pair
F17911,F16109,api,3,yes,yes,no,random2
F17912,F13574,css,4,no,no,no,random2
F17913,F16275,http,4,yes,yes,no,random2
F17914,F04864,api,3,no,yes,no,lineage_pair
F17915,F14306,api,3,yes,yes,no,source1
F17917,F07219,api,4,no,yes,no,lineage_pair
F17918,api,api,2,no,yes,no,random2
F17919,F14501,html,4,no,yes,yes,random2
F17920,F05292,css,4,no,yes,no,lineage_pair
F17921,F13261,css,4,no,yes,no,source1
F17922,F10914,css,4,no,yes,no,engine_webkit
F17923,F08377,api,3,no,yes,no,lineage_pair
F17924,F05001,css,4,no,yes,no,engine_webkit
F17925,javascript,javascript,3,no,yes,no,random2
F17926,F03832,api,3,no,no,no,random2
F17927,api,api,2,yes,yes,no,random2
F17928,F14823,css,4,no,yes,no,lineage_pair
F17929,api,api,2,no,yes,no,engine_webkit
F17930,F01178,css,4,no,yes,no,random2
F17931,F15017,javascript,4,no,yes,no,lineage_pair
F17932,F12479,api,3,no,yes,no,source1
F17934,F13753,api,3,no,yes,no,source1
F17935,F03319,api,3,no,yes,no,source1
F17936,F09853,html,5,no,yes,no,source1
F17937,F10449,svg,4,no,yes,no,engine_webkit
F17938,F12514,api,3,no,yes,no,source1
F17940,F02897,api,3,no,yes,yes,derivative1
F17942,F16959,html,7,yes,yes,no,lineage_pair
F17944,api,api,2,no,yes,no,lineage_pair
F17945,F14887,api,3,yes,yes,no,derivative1
F17946,F15449,api,3,yes,yes,no,source1
F17947,api,api,2,yes,yes,no,source1
F17948,F15654,javascript,5,no,yes,no,lineage_pair
F17949,css,css,3,no,yes,no,lineage_pair
F17950,css,css,3,no,yes,no,random2
F17951,css,css,3,yes,yes,no,random2
F17954,javascript,javascript,3,no,yes,no,source1
F17956,F15577,html,4,no,yes,no,random2
F17957,F03495,api,3,no,yes,no,source1
F17958,F10978,api,3,yes,yes,no,source1
F17959,F08395,css,5,no,yes,no,random2
F17960,F06442,html,7,no,yes,no,random2
F17961,F14421,css,4,no,yes,no,random2
F17962,F13248,css,4,no,yes,no,derivative1
F17963,javascript,javascript,3,no,yes,no,engine_webkit
F17964,css,css,3,no,yes,no,engine_webkit
F17965,F07217,api,3,no,yes,no,lineage_pair
F17966,F03902,api,3,no,yes,no,random2
F17967,css,css,3,no,yes,no,source1
F17968,F17765,html,4,no,yes,no,random2
F17969,F14865,html,4,no,yes,no,engine_webkit
F17971,F13884,html,5,yes,yes,no,derivative1
F17972,F15792,api,3,no,yes,no,lineage_pair
F17973,F15446,api,3,no,yes,no,derivative1
F17977,F07528,css,4,no,yes,no,derivative1
F17978,F13574,css,4,no,yes,no,source1
F17979,F04693,html,4,yes,yes,no,lineage_pair
F17982,F05134,javascript,5,no,yes,no,random2
F17983,api,api,2,yes,yes,no,random2
F17984,F11565,http,4,no,no,yes,random2
F17985,F00618,css,4,no,yes,no,source1
F17986,F08632,api,3,no,yes,no,engine_webkit
F17989,api,api,2,no,yes,no,engine_webkit
F17990,F15927,api,3,no,yes,no,lineage_pair
F17991,F01732,css,4,no,yes,no,random2
F17992,F09253,api,3,no,yes,no,random2
F17994,F02507,webdriver,5,no,yes,no,engine_webkit
F17997,css,css,3,no,yes,no,random2
F17998,F16108,api,3,yes,yes,no,engine_webkit
F17999,F01813,api,3,no,yes,no,engine_webkit
F18000,F02038,api,3,no,yes,no,random2
F18002,F17147,css,4,no,yes,no,source1
F18003,F01098,webdriver,5,yes,yes,no,source1
F18006,F06089,css,4,no,yes,no,source1
F18007,F15654,javascript,5,no,yes,no,lineage_pair
F18008,F14865,html,4,no,yes,no,source1
F18009,F06409,css,4,no,yes,no,lineage_pair
F18010,F07089,api,3,no,yes,no,source1
F18011,F16052,webdriver,4,no,yes,no,lineage_pair
F18012,F18414,javascript,4,no,yes,no,lineage_pair
F18013,F09158,api,3,no,yes,no,random2
F18014,css,css,3,no,yes,no,random2
F18015,css,css,3,no,yes,no,lineage_pair
F18016,F08689,api,3,no,yes,no,derivative1
F18018,F04059,svg,4,no,yes,no,lineage_pair
F18019,F18414,javascript,4,no,yes,no,random2
F18020,F07543,css,4,no,yes,no,lineage_pair
F18022,F04823,api,4,yes,yes,no,engine_webkit
F18023,F08731,api,3,no,yes,no,lineage_pair
F18024,F06205,api,4,yes,no,no,derivative1
F18026,F07780,api,4,yes,yes,no,lineage_pair
F18027,F00618,css,4,no,yes,no,derivative1
F18028,F07821,css,4,no,yes,no,random2
F18029,F09670,webdriver,5,yes,yes,no,derivative1
F18032,F09938,api,3,no,yes,no,source1
F18033,F04521,api,3,no,yes,no,random2
F18034,F04069,api,3,no,yes,no,derivative1
F18036,F08108,css,4,no,yes,no,derivative1
F18037,F00730,html,5,no,yes,no,lineage_pair
F18038,F01636,api,3,no,yes,yes,source1
F18039,F14396,api,3,yes,yes,no,derivative1
F18040,F13574,css,4,no,yes,no,lineage_pair
F18041,F05900,api,3,yes,yes,no,lineage_pair
F18042,api,api,2,no,yes,no,source1
F18043,F00147,css,4,no,yes,no,derivative1
F18044,F12185,css,4,yes,yes,no,derivative1
F18045,F02616,api,3,no,yes,no,source1
F18046,F04521,api,3,no,yes,no,derivative1
F18047,F08689,api,3,no,yes,no,lineage_pair
F18048,F10400,api,3,no,yes,no,lineage_pair
F18049,F07184,api,3,no,yes,no,random2
F18050,F07595,api,3,no,yes,no,lineage_pair
F18051,F08553,html,4,no,no,yes,random2
F18052,F07918,api,3,yes,yes,no,engine_webkit
F18053,F01089,api,3,no,yes,no,lineage_pair
F18054,F13859,javascript,4,no,yes,no,source1
F18055,F00142,api,3,no,yes,no,source1
F18057,F00969,api,3,yes,yes,no,source1
F18058,F05234,api,3,yes,yes,no,random2
F18059,F13256,api,3,no,yes,no,random2
F18060,F06985,webdriver,5,no,yes,no,derivative1
F18061,F13622,api,4,yes,yes,no,engine_webkit
F18062,F10525,css,4,no,yes,no,random2
F18063,F01178,css,4,no,yes,no,random2
F18064,api,api,2,no,yes,no,random2
F18065,F16108,api,3,no,yes,no,random2
F18066,css,css,3,no,yes,no,lineage_pair
F18067,F07151,javascript,4,no,yes,no,source1
F18068,F08843,api,3,no,yes,no,random2
F18069,F12321,api,3,yes,yes,no,source1
F18070,html,html,3,no,yes,no,derivative1
F18071,F03469,api,3,no,yes,no,derivative1
F18072,F12881,css,4,no,yes,no,lineage_pair
F18073,F07715,api,3,no,yes,no,derivative1
F18076,F09619,api,3,no,yes,no,lineage_pair
F18077,F07396,api,3,yes,yes,no,lineage_pair
F18078,F13112,css,4,no,yes,no,derivative1
F18079,F13119,api,3,no,yes,no,engine_webkit
F18080,F15041,css,4,yes,yes,no,source1
F18081,F14457,api,3,yes,yes,no,source1
F18082,F15316,css,4,no,yes,no,lineage_pair
F18083,F07092,api,3,no,yes,no,derivative1
F18084,F02038,api,3,no,yes,no,engine_webkit
F18085,F08384,api,3,no,yes,no,engine_webkit
F18089,F00142,api,3,no,yes,no,source1
F18090,api,api,2,no,yes,no,derivative1
F18091,F10777,http,4,yes,yes,no,source1
F18093,F08843,api,3,yes,yes,no,random2
F18094,css,css,3,no,yes,no,derivative1
F18095,F13042,api,3,no,yes,no,derivative1
F18096,F09398,javascript,4,no,yes,no,engine_webkit
F18097,F12621,css,4,no,yes,no,derivative1
F18100,api,api,2,no,yes,no,lineage_pair
F18101,F08465,api,3,no,yes,no,engine_webkit
F18102,F01674,api,4,no,yes,no,random2
F18103,http,http,3,yes,yes,no,source1
F18105,F09001,api,3,no,yes,no,lineage_pair
F18106,F10511,api,3,no,yes,no,engine_webkit
F18108,F05375,css,4,yes,yes,no,derivative1
F18109,F06386,api,3,no,yes,no,lineage_pair
F18112,F09936,api,3,no,yes,yes,source1
F18113,F09208,api,3,no,yes,no,engine_webkit
F18114,F09973,css,5,no,yes,no,engine_webkit
F18116,F03807,api,3,no,yes,yes,engine_webkit
F18117,F05384,api,3,no,yes,no,source1
F18118,api,api,2,no,yes,no,source1
F18119,F10181,css,4,no,yes,no,lineage_pair
F18120,css,css,3,no,yes,no,engine_webkit
F18123,F13106,javascript,4,no,yes,no,lineage_pair
F18124,F02731,javascript,4,no,yes,yes,source1
F18125,F09313,api,3,no,yes,no,random2
F18127,F01865,api,3,yes,yes,no,engine_webkit
F18129,F14954,api,3,no,yes,no,derivative1
F18130,F16052,webdriver,4,no,yes,no,engine_webkit
F18131,F17581,css,4,yes,yes,no,engine_webkit
F18132,F01089,api,3,no,yes,no,engine_webkit
F18133,F03902,api,3,no,yes,no,derivative1
F18134,F08012,html,4,no,yes,no,random2
F18135,F12947,api,3,yes,yes,no,lineage_pair
F18136,F00699,api,3,no,yes,no,derivative1
F18137,F00781,api,3,yes,yes,no,derivative1
F18139,F12680,api,3,no,yes,no,engine_webkit
F18140,F05764,javascript,4,no,yes,no,source1
F18141,api,api,2,no,yes,no,engine_webkit
F18142,F16108,api,3,no,yes,no,derivative1
F18143,F02510,api,3,no,yes,no,engine_webkit
F18144,api,api,2,no,yes,no,random2
F18145,F08465,api,3,no,yes,no,derivative1
F18146,F08594,api,3,no,yes,no,source1
F18147,F17111,javascript,5,no,yes,no,derivative1
F18149,F13944,http,5,no,yes,no,derivative1
F18151,F13594,api,3,no,yes,no,engine_webkit
F18152,F08594,api,3,no,yes,no,engine_webkit
F18154,F15329,css,4,no,yes,no,engine_webkit
F18155,F04198,api,3,no,yes,no,source1
F18156,F05242,api,3,no,yes,no,lineage_pair
F18157,F03018,api,3,no,yes,no,engine_webkit
F18158,F07449,css,4,no,yes,no,lineage_pair
F18160,F07595,api,3,no,yes,no,engine_webkit
F18161,api,api,2,no,yes,no,random2
F18162,css,css,3,no,no,yes,engine_webkit
F18164,css,css,3,no,yes,no,derivative1
F18165,F17765,html,4,no,yes,no,derivative1
F18166,F05752,api,3,no,yes,no,lineage_pair
F18167,F05585,api,3,no,yes,no,lineage_pair
F18168,F18491,api,3,no,yes,no,source1
F18169,F15522,api,3,no,yes,no,source1
F18170,F17746,api,3,no,yes,no,random2
F18171,javascript,javascript,3,no,yes,no,random2
F18172,F18141,api,3,no,yes,yes,lineage_pair
F18173,F12791,webdriver,5,no,yes,no,random2
F18174,F08497,api,3,no,yes,no,random2
F18175,F04392,css,4,no,yes,no,source1
F18177,F13915,css,4,no,yes,no,random2
F18178,F02429,api,3,no,yes,no,derivative1
F18179,F08843,api,3,no,yes,no,source1
F18180,F13625,css,4,no,yes,no,lineage_pair
F18182,F05651,javascript,5,no,yes,no,engine_webkit
F18183,F02967,api,3,no,yes,no,source1
F18184,F04960,api,4,no,yes,no,random2
F18185,F12621,css,4,no,yes,no,derivative1
F18186,F00142,api,3,no,yes,no,engine_webkit
F18188,F17250,api,3,no,yes,no,derivative1
F18189,F09339,api,3,yes,yes,no,lineage_pair
F18190,F13893,api,3,no,yes,no,lineage_pair
F18191,F18368,css,4,no,yes,no,engine_webkit
F18193,F04065,css,4,no,yes,no,engine_webkit
F18194,F08150,http,4,no,yes,no,derivative1
F18195,F00692,api,3,yes,yes,no,random2
F18196,F09853,html,5,yes,yes,no,lineage_pair
F18197,F13805,api,3,yes,yes,no,engine_webkit
F18198,F15458,javascript,5,no,yes,no,derivative1
F18200,api,api,2,no,yes,no,engine_webkit
F18202,F17668,css,4,yes,yes,no,random2
F18204,F08843,api,3,no,yes,no,engine_webkit
F18205,F14233,api,3,yes,yes,no,lineage_pair
F18207,F08731,api,3,no,yes,no,source1
F18208,F00803,javascript,5,no,yes,no,engine_webkit
F18209,F00501,css,4,yes,yes,no,lineage_pair
F18211,css,css,3,yes,yes,no,derivative1
F18212,F13893,api,3,no,yes,no,random2
F18214,F00618,css,4,no,yes,no,derivative1
F18215,api,api,2,no,yes,no,lineage_pair
F18217,F04949,api,3,no,yes,no,lineage_pair
F18218,F11946,api,3,no,yes,no,lineage_pair
F18219,css,css,3,no,yes,no,derivative1
F18220,css,css,3,no,yes,no,derivative1
F18222,F03096,svg,4,no,yes,no,derivative1
F18223,F01764,javascript,5,no,yes,no,derivative1
F18224,F04412,api,3,yes,yes,no,random2
F18225,F09080,api,3,yes,yes,no,derivative1
F18226,F11536,api,6,no,yes,no,lineage_pair
F18227,F04859,css,4,no,yes,no,engine_webkit
F18228,F15932,svg,4,no,yes,no,source1
F18229,F00583,api,3,no,yes,no,derivative1
F18230,F16275,http,4,yes,yes,no,lineage_pair
F18231,F07952,css,5,no,yes,no,derivative1
F18233,F12276,javascript,4,no,yes,no,random2
F18235,F12276,javascript,4,no,yes,no,engine_webkit
F18236,F09968,api,3,no,yes,no,engine_webkit
F18237,F17250,api,3,no,yes,no,random2
F18238,api,api,2,no,yes,no,lineage_pair
F18239,api,api,2,no,yes,no,random2
F18241,F15654,javascript,5,no,yes,no,engine_webkit
F18243,F05485,api,3,no,yes,no,source1
F18245,F14731,api,3,no,yes,no,derivative1
F18246,F04051,http,4,no,yes,no,random2
F18247,F08843,api,3,no,yes,no,derivative1
F18249,F02506,css,4,yes,yes,no,lineage_pair
F18250,F07228,api,3,no,yes,no,source1
F18252,F08727,api,3,no,yes,no,source1
F18253,F03495,api,3,no,yes,no,lineage_pair
F18254,F01975,api,3,no,yes,no,engine_webkit
F18255,F04957,api,3,yes,yes,no,engine_webkit
F18257,F03563,api,3,no,yes,no,derivative1
F18258,F12206,api,4,no,yes,no,random2
F18259,F06965,api,4,no,yes,no,derivative1
F18260,F08632,api,3,no,yes,no,source1
F18261,F09945,api,3,no,yes,no,lineage_pair
F18262,F14767,api,3,no,yes,no,derivative1
F18264,api,api,2,no,yes,no,random2
F18265,F01509,svg,4,no,yes,no,source1
F18267,F15296,html,4,yes,yes,no,derivative1
F18269,F04521,api,3,no,yes,no,random2
F18271,F18491,api,3,no,yes,no,lineage_pair
F18273,F15358,css,4,no,yes,no,source1
F18274,api,api,2,no,yes,no,engine_webkit
F18275,F15675,api,4,no,yes,no,derivative1
F18277,F15985,api,3,no,yes,no,engine_webkit
F18278,F14699,html,4,yes,yes,no,source1
F18279,F17699,api,4,yes,no,no,lineage_pair
F18280,F17548,api,4,no,yes,no,source1
F18281,F08377,api,3,no,yes,no,random2
F18282,F04521,api,3,no,yes,no,source1
F18283,F09269,api,3,no,no,yes,derivative1
F18285,F00856,css,4,no,yes,no,derivative1
F18286,F05796,api,3,yes,no,no,random2
F18288,F05371,api,4,no,yes,no,source1
F18290,F08843,api,3,no,yes,yes,lineage_pair
F18291,F08122,api,3,yes,yes,no,lineage_pair
F18293,api,api,2,no,yes,no,lineage_pair
F18294,F14650,api,5,no,yes,no,engine_webkit
F18295,http,http,3,no,yes,no,engine_webkit
F18297,F08384,api,3,no,yes,no,engine_webkit
F18298,F05404,css,4,no,yes,no,source1
F18299,F15524,css,4,no,yes,no,source1
F18300,F16566,api,3,yes,yes,no,source1
F18301,F09518,api,4,no,no,yes,random2
F18302,F07284,api,3,no,yes,no,lineage_pair
F18303,F12830,api,4,no,yes,no,random2
F18305,F04059,svg,4,no,yes,no,derivative1
F18306,F08843,api,3,no,yes,no,source1
F18307,F08658,api,3,no,yes,no,source1
F18309,F10055,css,5,no,yes,no,engine_webkit
F18310,F08843,api,3,no,yes,no,lineage_pair
F18311,F00733,api,3,yes,yes,no,lineage_pair
F18313,api,api,2,no,yes,no,derivative1
F18314,http,http,3,no,yes,no,engine_webkit
F18315,F09528,api,3,no,yes,no,lineage_pair
F18316,F00794,api,4,no,yes,no,random2
F18317,css,css,3,no,no,no,source1
F18318,F01049,api,3,no,yes,no,random2
F18319,F06904,api,3,no,yes,no,lineage_pair
F18320,css,css,3,no,no,no,random2
F18321,F15017,javascript,4,no,yes,no,random2
F18322,F09937,api,3,no,yes,no,random2
F18323,F07951,html,4,no,yes,no,lineage_pair
F18324,F14731,api,3,no,yes,no,lineage_pair
F18325,F02449,api,3,no,yes,no,random2
F18329,api,api,2,no,yes,no,lineage_pair
F18330,F17910,api,3,yes,yes,no,lineage_pair
F18331,F15666,css,4,no,yes,no,random2
F18332,css,css,3,no,yes,no,engine_webkit
F18334,F08843,api,3,no,yes,no,engine_webkit
F18336,F16275,http,4,yes,yes,no,source1
F18337,F12321,api,3,yes,yes,no,engine_webkit
F18338,F00794,api,4,no,yes,no,engine_webkit
F18340,F03140,javascript,5,no,yes,no,random2
F18341,F08632,api,3,no,yes,no,source1
F18342,F01807,api,3,no,yes,no,random2
F18343,F10107,javascript,5,no,yes,no,source1
F18344,F05690,http,4,no,yes,no,derivative1
F18345,F02453,webdriver,5,no,yes,no,derivative1
F18346,F08829,api,3,yes,yes,no,random2
F18347,F07785,css,4,no,yes,no,derivative1
F18348,F06273,api,4,yes,yes,no,random2
F18349,F05344,css,4,no,yes,no,engine_webkit
F18350,F04580,api,3,no,yes,no,source1
F18351,F14026,css,4,no,yes,no,derivative1
F18352,F04620,html,4,no,yes,yes,lineage_pair
F18353,F10623,css,4,no,yes,no,engine_webkit
F18354,http,http,3,no,no,yes,engine_webkit
F18355,F18491,api,3,no,yes,no,lineage_pair
F18356,F14993,api,3,no,yes,no,derivative1
F18357,F01636,api,3,no,yes,yes,engine_webkit
F18358,F15666,css,4,no,yes,no,random2
F18359,F18171,javascript,4,no,yes,no,source1
F18360,F10737,css,4,yes,yes,no,random2
F18361,css,css,3,no,yes,no,source1
F18363,F11536,api,6,yes,yes,no,derivative1
F18364,F05352,api,3,no,yes,yes,derivative1
F18366,F15576,html,5,no,yes,no,random2
F18367,F09737,css,4,no,yes,no,source1
F18368,css,css,3,no,yes,no,source1
F18369,F14125,api,3,no,yes,no,derivative1
F18370,css,css,3,no,yes,no,lineage_pair
F18372,F14733,api,3,yes,yes,no,lineage_pair
F18373,F13504,html,4,no,yes,yes,source1
F18374,F16789,api,3,no,yes,no,engine_webkit
F18376,javascript,javascript,3,no,yes,no,random2
F18377,javascript,javascript,3,no,yes,no,random2
F18378,F11395,api,3,no,yes,no,lineage_pair
F18379,http,http,3,no,yes,no,random2
F18380,F07595,api,3,yes,yes,no,random2
F18381,F17941,api,3,no,yes,no,source1
F18382,F03998,api,3,no,yes,no,derivative1
F18383,F08843,api,3,no,yes,no,lineage_pair
F18384,F09200,api,3,yes,yes,no,random2
F18385,F16362,css,4,no,yes,no,source1
F18386,css,css,3,no,yes,no,random2
F18388,F13625,css,4,no,yes,no,derivative1
F18389,F17438,css,4,no,yes,no,engine_webkit
F18390,css,css,3,no,yes,no,random2
F18391,F01696,webdriver,5,no,yes,no,source1
F18392,F01571,api,4,yes,yes,no,source1
F18393,F02541,api,4,yes,yes,no,lineage_pair
F18395,F04521,api,3,no,yes,no,random2
F18396,F15982,html,4,no,yes,yes,derivative1
F18397,F10924,api,3,no,yes,no,source1
F18399,F18094,css,4,no,yes,no,source1
F18400,F11711,api,3,no,yes,no,engine_webkit
F18401,F11565,http,4,no,no,yes,lineage_pair
F18402,F11955,api,3,no,yes,no,engine_webkit
F18405,F17342,css,4,no,yes,no,source1
F18406,javascript,javascript,3,no,yes,no,lineage_pair
F18407,F04444,api,3,no,yes,no,random2
F18410,F03006,api,3,no,no,yes,lineage_pair
F18411,F08166,api,3,no,no,yes,random2
F18412,F18491,api,3,no,yes,no,engine_webkit
F18413,F16090,api,3,no,no,yes,random2
F18414,javascript,javascript,3,no,yes,no,engine_webkit
F18415,F00477,api,3,no,yes,no,lineage_pair
F18419,F08843,api,3,yes,yes,no,derivative1
F18421,F17260,svg,4,no,yes,no,random2
F18422,F04099,http,4,no,yes,no,derivative1
F18423,F00505,api,3,no,yes,no,engine_webkit
F18424,F11553,api,4,no,yes,no,derivative1
F18425,F17307,html,7,no,yes,no,source1
F18426,F17388,api,3,no,yes,no,source1
F18427,api,api,2,no,yes,no,source1
F18429,F08632,api,3,no,yes,no,random2
F18430,css,css,3,no,yes,no,source1
F18431,F01732,css,4,no,yes,no,lineage_pair
F18432,F14633,api,3,no,yes,no,source1
F18434,F10953,api,3,no,yes,no,random2
F18435,F02478,api,4,no,yes,no,engine_webkit
F18437,F06590,javascript,3,no,yes,no,source1
F18438,F10573,api,3,no,yes,no,derivative1
F18439,F00618,css,4,no,yes,no,random2
F18440,F16789,api,3,no,yes,no,source1
F18441,F06253,css,4,no,yes,no,engine_webkit
F18442,F06386,api,3,no,yes,no,engine_webkit
F18443,F04577,webdriver,5,no,yes,no,engine_webkit
F18444,F08497,api,3,no,yes,no,lineage_pair
F18445,F05948,css,4,no,yes,no,lineage_pair
F18446,F06162,api,3,no,yes,yes,source1
F18447,F03268,css,4,no,yes,no,lineage_pair
F18448,F10595,css,4,no,yes,no,derivative1
F18449,F08716,api,5,yes,yes,no,lineage_pair
F18450,api,api,2,no,yes,no,derivative1
F18451,F08384,api,3,no,yes,no,engine_webkit
F18452,F15316,css,4,no,yes,no,random2
F18453,F00478,webdriver,5,no,yes,no,derivative1
F18454,F03563,api,3,no,yes,no,engine_webkit
F18455,F07284,api,3,no,yes,no,derivative1
F18457,F02510,api,3,no,yes,no,derivative1
F18458,F12621,css,4,no,yes,no,engine_webkit
F18459,F14964,css,4,yes,yes,no,engine_webkit
F18460,F05860,html,4,no,yes,yes,derivative1
F18461,F15458,javascript,5,no,yes,no,lineage_pair
F18462,F16028,css,4,no,yes,no,engine_webkit
F18463,F08214,api,3,no,yes,no,random2
F18464,webdriver,webdriver,3,no,yes,no,source1
F18465,F15541,api,3,no,yes,no,random2
F18467,F04616,api,3,yes,yes,no,derivative1
F18468,javascript,javascript,3,no,yes,no,source1
F18469,F14495,api,3,no,yes,no,lineage_pair
F18470,F16385,css,4,yes,yes,no,derivative1
F18471,api,api,2,no,yes,no,lineage_pair
F18472,api,api,2,yes,yes,no,engine_webkit
F18473,api,api,2,yes,yes,no,source1
F18477,F12612,javascript,4,no,yes,no,source1
F18479,F06386,api,3,no,yes,no,random2
F18480,F10145,api,3,no,yes,no,random2
F18481,F14655,api,3,no,yes,no,source1
F18482,F16052,webdriver,4,no,yes,no,random2
F18483,F09653,css,5,no,yes,no,derivative1
F18484,F15675,api,4,no,yes,no,lineage_pair
F18486,F18001,api,3,no,yes,no,derivative1
F18487,F08843,api,3,no,no,yes,lineage_pair
F18488,F16108,api,3,no,yes,no,lineage_pair
F18489,api,api,2,no,yes,no,engine_webkit
F18490,F17795,webdriver,4,no,yes,no,random2
F18491,api,api,2,no,yes,no,engine_webkit
F18492,F18118,api,3,no,yes,no,engine_webkit
F18493,F14571,api,3,no,yes,no,derivative1
F18494,F11021,api,3,no,yes,no,source1
F18496,F15094,css,4,no,yes,no,derivative1
F18497,F15106,api,3,no,yes,no,random2
F18498,api,api,2,no,yes,no,engine_webkit
F18499,F13175,css,4,no,yes,no,random2
F18501,F07029,svg,4,yes,no,no,derivative1
F18502,F02378,css,4,no,yes,no,random2
F18503,F00777,api,3,no,yes,no,source1
F18504,F11021,api,3,no,yes,no,source1
F18505,F11711,api,3,no,yes,no,lineage_pair
F18506,F09476,api,4,no,no,no,lineage_pair
F18507,api,api,2,no,yes,no,source1
F18508,F03015,api,3,yes,yes,no,derivative1
F18510,F08336,javascript,5,no,yes,no,engine_webkit
F18512,F05871,api,3,no,yes,no,source1
F18514,F03902,api,3,no,yes,no,random2
F18516,F04521,api,3,no,yes,no,random2
F18517,F05010,css,4,no,yes,no,source1
