feature_id,browser
F00002,safari_ios
F00003,chrome
F00003,oculus
F00004,firefox
F00004,firefox_android
F00005,safari
F00005,safari_ios
F00005,webview_ios
F00006,chrome
F00007,opera_android
F00007,webview_android
F00008,safari
F00008,safari_ios
F00008,webview_ios
F00009,firefox
F00009,firefox_android
F00010,edge
F00010,samsunginternet_android
F00012,firefox
F00012,firefox_android
F00013,chrome
F00014,safari
F00014,safari_ios
F00014,webview_ios
F00015,chrome
F00015,chrome_android
F00016,firefox
F00016,firefox_android
F00017,chrome
F00018,chrome
F00019,firefox
F00022,firefox
F00022,opera_android
F00023,edge
F00023,safari_ios
F00024,safari
F00025,chrome
F00025,oculus
F00028,safari
F00029,opera_android
F00030,safari_ios
F00032,opera_android
F00032,webview_android
F00033,safari
F00033,webview_ios
F00034,safari
F00034,safari_ios
F00034,webview_ios
F00035,samsunginternet_android
F00036,safari
F00036,safari_ios
F00036,webview_ios
F00037,chrome
F00037,chrome_android
F00038,safari
F00038,safari_ios
F00038,webview_ios
F00039,chrome_android
F00039,opera
F00041,opera
F00042,firefox
F00042,firefox_android
F00043,chrome_android
F00046,safari
F00046,safari_ios
F00046,webview_ios
F00047,opera_android
F00048,safari
F00049,chrome
F00049,samsunginternet_android
F00050,opera
F00050,safari_ios
F00051,chrome
F00052,oculus
F00053,edge
F00054,chrome
F00055,chrome
F00055,webview_android
F00056,edge
F00056,samsunginternet_android
F00057,safari
F00057,safari_ios
F00057,webview_ios
F00062,safari
F00062,safari_ios
F00064,firefox
F00064,firefox_android
F00065,safari
F00066,safari
F00066,webview_ios
F00067,firefox
F00068,edge
F00068,firefox
F00070,firefox_android
F00071,safari
F00072,chrome
F00074,firefox
F00075,safari
F00075,safari_ios
F00075,webview_ios
F00077,chrome
F00077,oculus
F00078,safari
F00080,webview_ios
F00081,firefox_android
F00081,safari
F00082,firefox
F00082,firefox_android
F00083,firefox_android
F00083,samsunginternet_android
F00085,safari
F00085,safari_ios
F00085,webview_ios
F00086,safari
F00087,chrome
F00087,webview_android
F00088,samsunginternet_android
F00089,opera_android
F00089,samsunginternet_android
F00090,safari
F00090,safari_ios
F00090,webview_ios
F00091,firefox
F00091,firefox_android
F00093,safari
F00094,safari_ios
F00095,firefox
F00097,firefox
F00097,firefox_android
F00098,chrome
F00098,chrome_android
F00099,safari
F00099,safari_ios
F00099,webview_ios
F00100,chrome
F00100,webview_android
F00101,chrome
F00102,edge
F00102,opera_android
F00103,safari
F00103,webview_ios
F00104,chrome
F00104,samsunginternet_android
F00105,firefox
F00105,firefox_android
F00107,chrome
F00107,firefox_android
F00109,safari
F00109,safari_ios
F00109,webview_ios
F00110,chrome
F00110,opera
F00112,safari
F00112,safari_ios
F00112,webview_ios
F00114,opera
F00115,chrome
F00116,oculus
F00117,chrome
F00117,chrome_android
F00118,safari
F00118,safari_ios
F00118,webview_ios
F00119,safari
F00119,safari_ios
F00119,webview_ios
F00120,chrome
F00120,opera_android
F00121,chrome
F00122,safari
F00123,firefox
F00124,safari
F00124,safari_ios
F00124,webview_ios
F00125,firefox
F00126,safari_ios
F00126,webview_ios
F00127,chrome
F00127,webview_android
F00129,opera
F00129,webview_ios
F00130,safari
F00130,safari_ios
F00130,webview_ios
F00131,chrome
F00132,chrome
F00132,samsunginternet_android
F00133,safari
F00133,safari_ios
F00134,opera_android
F00135,firefox
F00135,firefox_android
F00136,safari_ios
F00137,chrome
F00139,firefox
F00140,chrome
F00143,edge
F00143,oculus
F00145,chrome_android
F00146,firefox
F00146,firefox_android
F00147,safari_ios
F00148,firefox
F00149,firefox
F00149,firefox_android
F00150,firefox_android
F00151,opera_android
F00152,opera
F00152,webview_ios
F00153,firefox
F00153,webview_android
F00154,safari
F00154,safari_ios
F00154,webview_ios
F00155,safari
F00155,safari_ios
F00155,webview_ios
F00157,safari
F00157,safari_ios
F00157,webview_ios
F00158,chrome
F00161,samsunginternet_android
F00161,webview_android
F00163,safari
F00164,firefox
F00165,chrome
F00167,firefox
F00168,edge
F00168,webview_ios
F00169,safari
F00170,oculus
F00171,firefox_android
F00172,chrome
F00172,opera
F00173,chrome
F00173,oculus
F00174,safari
F00175,safari
F00175,safari_ios
F00177,edge
F00177,safari_ios
F00178,safari
F00178,safari_ios
F00178,webview_ios
F00179,webview_ios
F00180,safari
F00180,safari_ios
F00180,webview_ios
F00181,samsunginternet_android
F00182,firefox
F00182,opera
F00183,chrome
F00184,firefox
F00184,firefox_android
F00185,safari
F00185,webview_ios
F00186,safari
F00186,safari_ios
F00186,webview_ios
F00188,firefox
F00188,firefox_android
F00190,safari_ios
F00190,webview_ios
F00191,safari
F00191,safari_ios
F00191,webview_ios
F00192,safari
F00193,oculus
F00195,opera
F00195,webview_ios
F00196,chrome
F00197,safari
F00197,safari_ios
F00197,webview_ios
F00199,firefox
F00199,safari_ios
F00200,chrome
F00200,samsunginternet_android
F00202,firefox
F00202,safari_ios
F00203,safari
F00203,webview_ios
F00204,safari
F00204,safari_ios
F00205,chrome
F00205,webview_android
F00206,oculus
F00207,chrome
F00207,firefox_android
F00209,chrome
F00210,edge
F00210,oculus
F00212,chrome
F00212,safari_ios
F00213,firefox
F00213,firefox_android
F00215,edge
F00216,safari
F00217,edge
F00217,opera
F00218,chrome
F00218,webview_android
F00219,safari
F00219,samsunginternet_android
F00221,webview_android
F00222,safari
F00222,safari_ios
F00222,webview_ios
F00224,edge
F00224,oculus
F00225,safari_ios
F00227,safari
F00227,safari_ios
F00227,webview_ios
F00229,chrome
F00229,opera
F00230,safari
F00231,webview_ios
F00232,oculus
F00233,chrome
F00234,firefox
F00235,chrome_android
F00235,webview_android
F00236,webview_ios
F00237,webview_android
F00238,chrome_android
F00238,safari
F00239,edge
F00239,safari_ios
F00242,safari
F00242,safari_ios
F00242,webview_ios
F00243,firefox
F00244,firefox
F00245,safari
F00245,safari_ios
F00245,webview_ios
F00246,firefox
F00246,opera
F00247,webview_ios
F00248,safari
F00248,safari_ios
F00248,webview_ios
F00249,safari
F00249,safari_ios
F00249,webview_ios
F00250,safari
F00250,safari_ios
F00250,webview_ios
F00251,oculus
F00251,samsunginternet_android
F00252,firefox
F00254,webview_ios
F00255,edge
F00255,samsunginternet_android
F00256,chrome
F00257,oculus
F00257,samsunginternet_android
F00258,chrome
F00258,samsunginternet_android
F00259,safari
F00259,safari_ios
F00259,webview_ios
F00260,safari
F00260,safari_ios
F00262,safari_ios
F00264,firefox
F00264,oculus
F00266,firefox
F00266,webview_ios
F00267,safari
F00267,safari_ios
F00268,safari
F00268,safari_ios
F00268,webview_ios
F00269,opera_android
F00270,firefox
F00270,firefox_android
F00271,firefox
F00273,edge
F00273,safari
F00275,safari
F00276,firefox
F00276,opera
F00279,firefox
F00279,firefox_android
F00280,samsunginternet_android
F00281,chrome_android
F00282,chrome_android
F00283,chrome
F00283,edge
F00284,safari
F00285,firefox
F00285,webview_ios
F00287,safari
F00287,webview_ios
F00289,safari
F00289,safari_ios
F00289,webview_ios
F00290,edge
F00290,opera
F00291,chrome
F00292,safari
F00294,chrome_android
F00296,chrome
F00296,opera
F00297,oculus
F00297,opera
F00298,chrome
F00298,chrome_android
F00299,chrome_android
F00299,oculus
F00300,safari
F00304,safari
F00304,safari_ios
F00304,webview_ios
F00305,webview_ios
F00306,firefox
F00306,firefox_android
F00307,firefox
F00308,chrome
F00310,oculus
F00311,edge
F00311,safari_ios
F00312,safari
F00312,safari_ios
F00312,webview_ios
F00313,opera
F00313,webview_ios
F00314,safari
F00316,chrome
F00318,safari
F00318,safari_ios
F00318,webview_ios
F00319,safari
F00319,safari_ios
F00319,webview_ios
F00320,firefox
F00320,firefox_android
F00324,firefox
F00324,firefox_android
F00325,chrome
F00325,webview_ios
F00326,chrome_android
F00326,oculus
F00327,safari
F00328,webview_android
F00329,chrome
F00329,samsunginternet_android
F00330,chrome
F00330,webview_android
F00331,samsunginternet_android
F00332,oculus
F00332,safari_ios
F00335,safari
F00335,webview_android
F00336,safari
F00336,safari_ios
F00337,firefox
F00337,webview_android
F00339,chrome
F00344,safari_ios
F00345,safari
F00345,safari_ios
F00345,webview_ios
F00346,safari
F00348,safari
F00350,safari
F00351,firefox
F00352,chrome_android
F00353,firefox
F00353,firefox_android
F00356,safari
F00356,safari_ios
F00356,webview_ios
F00358,firefox
F00358,oculus
F00359,webview_android
F00360,edge
F00362,firefox
F00366,chrome
F00367,firefox_android
F00368,samsunginternet_android
F00370,safari
F00370,safari_ios
F00371,webview_ios
F00372,webview_android
F00373,firefox
F00374,safari
F00375,firefox
F00377,chrome
F00379,safari
F00379,safari_ios
F00379,webview_ios
F00380,firefox
F00382,chrome_android
F00382,webview_ios
F00384,firefox
F00384,firefox_android
F00385,safari
F00385,safari_ios
F00385,webview_ios
F00387,firefox
F00387,firefox_android
F00388,chrome
F00388,webview_android
F00389,firefox
F00389,firefox_android
F00390,safari
F00390,webview_ios
F00391,safari_ios
F00392,opera_android
F00393,webview_ios
F00394,safari
F00394,safari_ios
F00394,webview_ios
F00395,safari
F00396,chrome_android
F00396,edge
F00397,chrome
F00398,chrome
F00398,oculus
F00399,chrome
F00399,opera
F00400,samsunginternet_android
F00401,safari
F00401,webview_ios
F00403,chrome
F00403,safari_ios
F00404,safari
F00404,safari_ios
F00404,webview_ios
F00405,webview_android
F00406,safari
F00406,safari_ios
F00406,webview_ios
F00407,chrome
F00409,firefox
F00409,firefox_android
F00410,safari
F00411,safari
F00413,chrome
F00413,chrome_android
F00414,chrome_android
F00414,samsunginternet_android
F00415,safari
F00416,safari
F00416,safari_ios
F00416,webview_ios
F00417,firefox
F00417,firefox_android
F00418,chrome
F00418,opera
F00419,chrome
F00419,webview_android
F00421,chrome_android
F00421,opera
F00423,safari
F00423,safari_ios
F00423,webview_ios
F00424,oculus
F00425,safari
F00425,safari_ios
F00425,webview_ios
F00428,opera_android
F00429,firefox
F00429,firefox_android
F00430,safari
F00430,safari_ios
F00430,webview_ios
F00431,safari
F00434,webview_ios
F00435,chrome
F00436,edge
F00436,opera_android
F00437,safari
F00437,safari_ios
F00437,webview_ios
F00438,safari
F00438,safari_ios
F00438,webview_ios
F00439,firefox
F00439,oculus
F00440,safari
F00440,webview_ios
F00441,safari
F00442,firefox
F00444,edge
F00444,opera_android
F00445,safari
F00445,webview_ios
F00446,safari
F00446,webview_ios
F00448,chrome
F00449,safari
F00449,safari_ios
F00450,firefox
F00451,safari
F00451,safari_ios
F00451,webview_ios
F00454,firefox
F00455,safari
F00456,firefox
F00456,firefox_android
F00457,safari
F00457,webview_ios
F00459,chrome
F00459,webview_ios
F00461,chrome
F00461,webview_android
F00462,oculus
F00462,safari_ios
F00463,safari
F00463,safari_ios
F00463,webview_ios
F00465,safari
F00465,safari_ios
F00465,webview_ios
F00466,safari
F00466,safari_ios
F00466,webview_ios
F00468,firefox_android
F00468,webview_android
F00469,webview_ios
F00470,firefox
F00470,firefox_android
F00471,chrome
F00471,opera_android
F00472,safari
F00472,safari_ios
F00472,webview_ios
F00473,firefox
F00475,chrome_android
F00476,safari
F00476,safari_ios
F00476,webview_ios
F00478,safari
F00478,webview_ios
F00479,safari
F00479,safari_ios
F00479,webview_ios
F00480,safari
F00480,safari_ios
F00480,webview_ios
F00481,safari
F00481,safari_ios
F00481,webview_ios
F00482,samsunginternet_android
F00482,webview_android
F00484,webview_ios
F00485,oculus
F00486,safari
F00486,webview_ios
F00487,samsunginternet_android
F00488,webview_android
F00489,safari
F00489,safari_ios
F00489,webview_ios
F00490,firefox
F00491,firefox
F00491,firefox_android
F00492,safari
F00492,safari_ios
F00492,webview_ios
F00493,chrome
F00494,chrome
F00494,edge
F00496,opera_android
F00497,safari
F00497,safari_ios
F00497,webview_ios
F00498,firefox_android
F00499,opera
F00500,chrome_android
F00500,firefox_android
F00501,chrome_android
F00502,safari
F00502,safari_ios
F00502,webview_ios
F00503,chrome
F00503,edge
F00505,chrome
F00506,safari
F00506,safari_ios
F00506,webview_ios
F00507,webview_ios
F00511,safari
F00511,safari_ios
F00511,webview_ios
F00513,samsunginternet_android
F00514,firefox
F00515,safari
F00516,safari
F00517,safari
F00521,edge
F00521,samsunginternet_android
F00522,firefox
F00523,chrome_android
F00523,oculus
F00524,chrome_android
F00524,samsunginternet_android
F00525,safari
F00525,safari_ios
F00525,webview_ios
F00527,chrome
F00527,opera_android
F00528,safari
F00528,safari_ios
F00528,webview_ios
F00529,safari
F00529,safari_ios
F00529,webview_ios
F00530,safari
F00533,firefox
F00534,chrome
F00535,edge
F00535,safari
F00536,safari
F00536,webview_ios
F00538,firefox_android
F00538,safari_ios
F00539,oculus
F00539,safari
F00543,oculus
F00543,opera
F00544,webview_ios
F00545,firefox
F00545,firefox_android
F00546,edge
F00549,safari
F00550,safari
F00550,safari_ios
F00550,webview_ios
F00551,safari
F00552,firefox
F00553,firefox
F00553,oculus
F00554,safari
F00554,safari_ios
F00554,webview_ios
F00555,chrome
F00555,edge
F00556,firefox
F00556,firefox_android
F00558,chrome
F00558,opera_android
F00559,firefox_android
F00560,safari
F00560,safari_ios
F00561,safari
F00561,safari_ios
F00561,webview_ios
F00562,safari
F00562,safari_ios
F00562,webview_ios
F00563,chrome
F00563,opera_android
F00564,safari
F00564,safari_ios
F00564,webview_ios
F00565,chrome
F00565,chrome_android
F00567,firefox
F00568,edge
F00569,chrome
F00570,firefox
F00571,safari
F00571,safari_ios
F00572,chrome
F00573,safari
F00574,chrome
F00575,opera
F00579,chrome_android
F00579,webview_ios
F00580,firefox
F00581,firefox
F00582,safari
F00582,safari_ios
F00583,safari
F00583,safari_ios
F00583,webview_ios
F00584,opera
F00586,safari
F00586,webview_android
F00588,edge
F00588,samsunginternet_android
F00589,safari
F00589,safari_ios
F00589,webview_ios
F00590,safari
F00590,safari_ios
F00591,firefox
F00591,opera
F00592,safari
F00592,safari_ios
F00592,webview_ios
F00594,chrome
F00594,webview_android
F00595,chrome_android
F00595,opera_android
F00596,chrome
F00596,safari
F00597,chrome
F00597,webview_android
F00598,firefox
F00598,firefox_android
F00599,safari
F00599,safari_ios
F00599,webview_ios
F00600,safari
F00600,safari_ios
F00600,webview_ios
F00601,chrome
F00602,safari
F00603,chrome
F00604,chrome
F00604,webview_android
F00605,chrome
F00605,safari_ios
F00606,chrome
F00606,webview_android
F00608,chrome_android
F00608,edge
F00610,firefox_android
F00610,opera
F00611,safari_ios
F00612,safari
F00612,safari_ios
F00613,oculus
F00614,firefox
F00614,firefox_android
F00615,firefox_android
F00615,safari
F00616,samsunginternet_android
F00617,opera_android
F00617,webview_android
F00618,safari
F00618,safari_ios
F00618,webview_ios
F00619,firefox
F00621,firefox
F00621,firefox_android
F00622,safari
F00622,safari_ios
F00622,webview_ios
F00624,safari
F00624,safari_ios
F00624,webview_ios
F00625,firefox_android
F00625,webview_ios
F00626,edge
F00626,opera_android
F00627,safari
F00627,safari_ios
F00627,webview_ios
F00628,edge
F00628,webview_ios
F00629,edge
F00629,opera
F00630,safari
F00632,firefox_android
F00632,opera_android
F00633,safari
F00633,safari_ios
F00633,webview_ios
F00634,safari
F00635,safari
F00635,safari_ios
F00635,webview_ios
F00636,chrome_android
F00636,firefox_android
F00637,safari
F00640,safari
F00641,chrome
F00642,safari_ios
F00643,safari
F00645,safari
F00645,safari_ios
F00645,webview_ios
F00646,chrome
F00646,edge
F00648,chrome
F00649,safari
F00649,safari_ios
F00649,webview_ios
F00650,opera_android
F00650,safari
F00651,safari
F00651,safari_ios
F00651,webview_ios
F00652,safari
F00652,safari_ios
F00652,webview_ios
F00653,firefox
F00653,firefox_android
F00654,safari
F00654,safari_ios
F00656,safari
F00656,safari_ios
F00656,webview_ios
F00657,safari
F00657,webview_ios
F00658,opera
F00658,webview_ios
F00659,webview_ios
F00660,chrome_android
F00662,safari
F00662,safari_ios
F00662,webview_ios
F00663,safari
F00663,safari_ios
F00663,webview_ios
F00664,safari
F00664,safari_ios
F00664,webview_ios
F00665,oculus
F00665,webview_ios
F00667,chrome
F00667,firefox_android
F00668,firefox
F00669,safari
F00669,safari_ios
F00669,webview_ios
F00670,firefox_android
F00671,firefox
F00671,firefox_android
F00672,edge
F00672,samsunginternet_android
F00673,firefox
F00674,safari
F00674,safari_ios
F00674,webview_ios
F00675,safari
F00676,safari
F00676,webview_android
F00677,safari
F00679,samsunginternet_android
F00680,firefox
F00680,oculus
F00681,webview_ios
F00682,chrome
F00682,oculus
F00683,safari
F00684,samsunginternet_android
F00685,chrome
F00685,firefox_android
F00686,safari
F00686,safari_ios
F00686,webview_ios
F00687,safari
F00688,edge
F00688,opera
F00689,safari
F00689,safari_ios
F00689,webview_ios
F00690,chrome
F00690,opera
F00692,edge
F00693,oculus
F00695,firefox
F00696,oculus
F00696,webview_android
F00697,firefox_android
F00698,safari
F00699,firefox
F00701,chrome
F00701,firefox
F00702,safari
F00702,safari_ios
F00702,webview_ios
F00703,safari
F00704,chrome
F00705,chrome
F00706,edge
F00706,samsunginternet_android
F00707,safari
F00707,safari_ios
F00707,webview_ios
F00708,safari
F00708,safari_ios
F00708,webview_ios
F00710,safari
F00710,safari_ios
F00710,webview_ios
F00711,chrome
F00712,oculus
F00712,webview_android
F00713,edge
F00713,opera_android
F00715,webview_ios
F00717,safari
F00717,safari_ios
F00717,webview_ios
F00718,chrome_android
F00719,safari
F00719,safari_ios
F00719,webview_ios
F00720,safari
F00720,safari_ios
F00720,webview_ios
F00721,safari
F00721,safari_ios
F00721,webview_ios
F00722,chrome
F00723,firefox
F00724,safari
F00724,webview_ios
F00725,opera_android
F00726,oculus
F00726,safari
F00727,safari
F00728,safari_ios
F00729,safari
F00729,safari_ios
F00729,webview_ios
F00730,oculus
F00731,webview_android
F00732,safari
F00733,chrome
F00733,opera_android
F00734,safari
F00734,safari_ios
F00735,safari_ios
F00736,safari
F00736,safari_ios
F00736,webview_ios
F00737,firefox_android
F00739,firefox
F00739,opera
F00740,firefox
F00741,edge
F00742,safari
F00743,webview_ios
F00744,safari
F00745,edge
F00746,safari
F00746,safari_ios
F00746,webview_ios
F00747,firefox_android
F00748,chrome
F00748,webview_ios
F00749,chrome
F00749,chrome_android
F00751,safari
F00752,webview_android
F00753,safari
F00753,safari_ios
F00753,webview_ios
F00754,chrome_android
F00754,webview_android
F00755,safari
F00756,safari
F00756,safari_ios
F00756,webview_ios
F00757,chrome
F00757,oculus
F00758,chrome
F00759,firefox_android
F00759,webview_android
F00760,webview_android
F00761,opera
F00762,safari
F00764,chrome
F00764,webview_ios
F00768,safari
F00768,safari_ios
F00768,webview_ios
F00770,safari
F00770,safari_ios
F00770,webview_ios
F00771,webview_ios
F00772,opera
F00772,safari_ios
F00773,chrome
F00773,webview_android
F00774,safari
F00774,safari_ios
F00774,webview_ios
F00775,chrome
F00775,opera
F00776,chrome_android
F00776,webview_android
F00777,safari
F00777,safari_ios
F00777,webview_ios
F00780,safari
F00780,safari_ios
F00780,webview_ios
F00781,webview_ios
F00782,opera
F00783,safari
F00783,safari_ios
F00783,webview_ios
F00784,firefox_android
F00785,oculus
F00785,opera_android
F00786,safari
F00786,webview_ios
F00787,chrome_android
F00788,oculus
F00789,chrome_android
F00790,safari
F00790,safari_ios
F00790,webview_ios
F00791,chrome_android
F00791,firefox
F00792,chrome
F00792,webview_android
F00793,edge
F00793,opera_android
F00794,firefox
F00794,webview_ios
F00795,safari_ios
F00796,opera
F00797,firefox
F00798,firefox
F00799,chrome
F00799,opera
F00801,safari
F00801,safari_ios
F00801,webview_ios
F00802,safari
F00802,safari_ios
F00802,webview_ios
F00803,edge
F00805,opera_android
F00806,safari
F00806,safari_ios
F00806,webview_ios
F00807,safari
F00807,webview_ios
F00808,safari
F00808,safari_ios
F00808,webview_ios
F00809,opera
F00809,safari_ios
F00810,chrome
F00811,safari
F00811,safari_ios
F00811,webview_ios
F00812,safari
F00812,webview_ios
F00813,edge
F00813,safari_ios
F00814,chrome_android
F00815,safari
F00816,safari
F00816,safari_ios
F00816,webview_ios
F00817,chrome
F00817,oculus
F00818,safari
F00818,safari_ios
F00819,safari_ios
F00819,samsunginternet_android
F00820,safari
F00820,safari_ios
F00820,webview_ios
F00821,firefox
F00821,firefox_android
F00822,firefox
F00823,safari
F00823,safari_ios
F00823,webview_ios
F00824,edge
F00824,oculus
F00826,safari
F00826,safari_ios
F00826,webview_ios
F00827,safari
F00827,safari_ios
F00827,webview_ios
F00828,safari_ios
F00829,edge
F00829,samsunginternet_android
F00830,chrome_android
F00830,firefox_android
F00831,firefox
F00833,firefox
F00833,firefox_android
F00834,opera_android
F00834,webview_ios
F00835,oculus
F00836,safari_ios
F00837,safari_ios
F00838,chrome
F00838,safari_ios
F00839,safari
F00839,safari_ios
F00839,webview_ios
F00842,chrome
F00842,samsunginternet_android
F00843,safari
F00843,safari_ios
F00843,webview_ios
F00844,safari
F00844,safari_ios
F00844,webview_ios
F00845,firefox
F00845,webview_android
F00846,chrome_android
F00846,safari_ios
F00847,firefox
F00847,firefox_android
F00848,safari
F00848,safari_ios
F00848,webview_ios
F00849,opera_android
F00849,safari_ios
F00851,safari
F00851,safari_ios
F00851,webview_ios
F00852,edge
F00853,firefox
F00853,samsunginternet_android
F00854,safari
F00854,safari_ios
F00854,webview_ios
F00855,safari
F00855,safari_ios
F00855,webview_ios
F00856,firefox
F00857,safari
F00857,safari_ios
F00857,webview_ios
F00858,safari
F00858,safari_ios
F00858,webview_ios
F00859,oculus
F00859,samsunginternet_android
F00860,firefox
F00861,webview_android
F00862,firefox
F00863,safari
F00863,safari_ios
F00864,firefox
F00865,edge
F00865,webview_android
F00866,edge
F00866,opera
F00867,safari
F00867,safari_ios
F00867,webview_ios
F00868,safari_ios
F00868,webview_android
F00869,firefox
F00869,webview_ios
F00870,safari
F00872,chrome
F00875,safari
F00875,safari_ios
F00875,webview_ios
F00876,chrome
F00879,edge
F00880,firefox
F00880,firefox_android
F00881,firefox
F00881,webview_ios
F00883,firefox
F00884,safari
F00884,safari_ios
F00884,webview_ios
F00885,webview_ios
F00886,samsunginternet_android
F00888,safari
F00888,safari_ios
F00888,webview_ios
F00889,safari
F00889,webview_ios
F00890,firefox
F00891,safari
F00891,webview_ios
F00892,firefox
F00892,firefox_android
F00893,safari
F00894,webview_android
F00895,firefox_android
F00896,chrome
F00896,chrome_android
F00897,chrome_android
F00897,safari
F00898,safari
F00898,webview_ios
F00900,opera_android
F00901,firefox
F00902,chrome_android
F00902,firefox_android
F00903,chrome
F00903,webview_android
F00904,webview_android
F00905,firefox_android
F00907,safari_ios
F00907,samsunginternet_android
F00909,safari
F00909,safari_ios
F00909,webview_ios
F00910,edge
F00911,chrome
F00911,safari_ios
F00914,chrome_android
F00916,safari
F00916,safari_ios
F00916,webview_ios
F00918,safari
F00919,samsunginternet_android
F00920,oculus
F00920,webview_ios
F00922,chrome
F00922,oculus
F00923,chrome_android
F00923,samsunginternet_android
F00924,chrome
F00924,edge
F00925,edge
F00925,webview_android
F00926,webview_android
F00928,oculus
F00928,safari
F00929,safari
F00929,safari_ios
F00929,webview_ios
F00930,firefox
F00930,firefox_android
F00931,safari_ios
F00931,samsunginternet_android
F00932,safari
F00932,safari_ios
F00932,webview_ios
F00933,edge
F00933,opera_android
F00934,chrome
F00934,edge
F00935,samsunginternet_android
F00936,chrome
F00937,opera_android
F00937,safari_ios
F00938,chrome
F00939,safari
F00939,webview_ios
F00940,firefox
F00941,safari
F00942,webview_android
F00943,chrome
F00943,edge
F00944,firefox
F00946,safari
F00946,safari_ios
F00947,safari
F00947,webview_ios
F00948,safari
F00948,safari_ios
F00948,webview_ios
F00949,opera
F00950,chrome
F00950,firefox
F00951,firefox
F00951,firefox_android
F00952,opera_android
F00954,chrome
F00954,samsunginternet_android
F00955,chrome_android
F00955,webview_ios
F00956,webview_ios
F00957,safari
F00957,safari_ios
F00957,webview_ios
F00960,firefox_android
F00960,webview_ios
F00961,opera
F00962,firefox_android
F00963,safari_ios
F00964,safari
F00964,safari_ios
F00964,webview_ios
F00965,safari
F00965,safari_ios
F00965,webview_ios
F00966,safari_ios
F00967,chrome
F00969,chrome
F00970,chrome
F00970,samsunginternet_android
F00971,firefox
F00973,firefox
F00974,chrome_android
F00975,oculus
F00975,opera
F00976,safari
F00976,safari_ios
F00976,webview_ios
F00978,firefox
F00979,safari
F00979,safari_ios
F00979,webview_ios
F00981,safari
F00982,samsunginternet_android
F00983,safari
F00983,safari_ios
F00983,webview_ios
F00984,safari
F00985,chrome
F00985,samsunginternet_android
F00987,chrome
F00987,samsunginternet_android
F00989,chrome_android
F00989,firefox_android
F00991,safari
F00991,safari_ios
F00991,webview_ios
F00992,chrome
F00992,oculus
F00993,safari
F00996,firefox_android
F00996,webview_ios
F00997,chrome
F00997,webview_android
F00998,edge
F01000,samsunginternet_android
F01001,firefox
F01001,firefox_android
F01002,firefox
F01003,chrome
F01003,oculus
F01006,safari
F01006,safari_ios
F01006,webview_ios
F01007,firefox
F01007,firefox_android
F01008,edge
F01008,safari
F01010,safari
F01010,safari_ios
F01010,webview_ios
F01011,safari
F01011,safari_ios
F01011,webview_ios
F01012,samsunginternet_android
F01012,webview_ios
F01013,webview_android
F01014,chrome
F01016,chrome_android
F01018,webview_android
F01020,webview_ios
F01021,safari
F01021,safari_ios
F01022,chrome
F01022,samsunginternet_android
F01023,safari
F01023,webview_ios
F01024,firefox
F01024,firefox_android
F01025,oculus
F01026,firefox
F01027,safari
F01027,safari_ios
F01028,safari
F01028,webview_ios
F01029,edge
F01030,safari
F01030,safari_ios
F01030,webview_ios
F01032,safari
F01032,samsunginternet_android
F01033,firefox
F01033,firefox_android
F01034,safari
F01034,safari_ios
F01037,safari
F01037,safari_ios
F01040,safari
F01040,safari_ios
F01040,webview_ios
F01041,chrome_android
F01041,opera_android
F01042,chrome
F01042,chrome_android
F01043,safari
F01043,safari_ios
F01043,webview_ios
F01044,chrome
F01047,safari
F01047,safari_ios
F01047,webview_ios
F01048,chrome_android
F01048,edge
F01049,chrome
F01050,safari_ios
F01051,edge
F01052,opera
F01053,safari
F01053,webview_ios
F01054,safari
F01056,chrome
F01056,firefox_android
F01057,edge
F01057,safari
F01059,safari
F01059,safari_ios
F01059,webview_ios
F01060,safari
F01060,safari_ios
F01060,webview_ios
F01063,chrome_android
F01064,firefox
F01064,opera_android
F01065,safari
F01065,safari_ios
F01065,webview_ios
F01066,chrome
F01067,safari
F01067,safari_ios
F01067,webview_ios
F01068,chrome
F01068,samsunginternet_android
F01069,safari
F01069,safari_ios
F01069,webview_ios
F01070,firefox
F01070,webview_ios
F01072,firefox
F01072,samsunginternet_android
F01073,safari
F01074,safari_ios
F01075,safari
F01075,safari_ios
F01075,webview_ios
F01076,firefox_android
F01077,firefox
F01078,firefox
F01078,webview_android
F01079,safari
F01079,safari_ios
F01079,webview_ios
F01080,safari
F01080,safari_ios
F01080,webview_ios
F01081,opera
F01081,opera_android
F01082,safari
F01084,safari
F01084,safari_ios
F01084,webview_ios
F01085,firefox
F01085,oculus
F01087,firefox
F01087,firefox_android
F01088,safari
F01088,safari_ios
F01088,webview_ios
F01089,chrome
F01089,oculus
F01090,chrome
F01090,edge
F01092,opera
F01092,webview_ios
F01093,webview_android
F01094,firefox_android
F01095,safari
F01095,safari_ios
F01096,chrome
F01096,firefox
F01097,chrome
F01098,webview_android
F01098,webview_ios
F01099,opera
F01099,opera_android
F01100,safari
F01100,webview_ios
F01101,firefox_android
F01101,opera_android
F01103,webview_android
F01103,webview_ios
F01104,safari
F01104,safari_ios
F01104,webview_ios
F01105,opera_android
F01105,webview_android
F01106,safari
F01106,safari_ios
F01106,webview_ios
F01107,firefox_android
F01108,opera
F01108,samsunginternet_android
F01109,safari
F01109,safari_ios
F01109,webview_ios
F01110,opera
F01112,chrome
F01112,webview_android
F01113,safari
F01113,safari_ios
F01113,webview_ios
F01114,webview_android
F01117,chrome_android
F01117,oculus
F01118,safari
F01118,safari_ios
F01118,webview_ios
F01119,firefox
F01120,oculus
F01120,webview_android
F01121,safari
F01121,safari_ios
F01121,webview_ios
F01125,safari
F01125,samsunginternet_android
F01126,firefox
F01126,firefox_android
F01127,oculus
F01128,safari
F01128,safari_ios
F01128,webview_ios
F01129,firefox_android
F01129,opera
F01130,chrome
F01130,opera_android
F01132,firefox
F01132,firefox_android
F01133,chrome
F01133,opera
F01134,safari
F01134,safari_ios
F01134,webview_ios
F01135,safari
F01136,firefox_android
F01137,opera_android
F01137,safari
F01139,safari
F01139,safari_ios
F01139,webview_ios
F01140,chrome
F01140,opera
F01141,safari
F01141,safari_ios
F01141,webview_ios
F01142,webview_android
F01143,firefox
F01143,opera
F01144,chrome
F01144,webview_ios
F01145,opera_android
F01145,safari
F01146,safari
F01146,safari_ios
F01146,webview_ios
F01147,safari
F01148,safari
F01150,oculus
F01150,safari
F01151,firefox
F01151,firefox_android
F01152,safari
F01152,safari_ios
F01152,webview_ios
F01155,safari
F01155,safari_ios
F01155,webview_ios
F01156,chrome
F01156,opera
F01157,chrome
F01158,chrome
F01160,chrome
F01160,opera_android
F01161,firefox
F01161,firefox_android
F01163,safari
F01163,safari_ios
F01163,webview_ios
F01164,safari
F01164,safari_ios
F01164,webview_ios
F01165,webview_ios
F01166,chrome_android
F01166,opera
F01167,safari
F01168,safari
F01168,safari_ios
F01168,webview_ios
F01169,chrome_android
F01171,safari
F01171,safari_ios
F01171,webview_ios
F01172,chrome
F01172,edge
F01173,chrome
F01173,samsunginternet_android
F01177,opera_android
F01178,webview_android
F01180,safari
F01180,safari_ios
F01180,webview_ios
F01181,safari
F01181,webview_ios
F01182,safari
F01182,webview_ios
F01184,edge
F01187,firefox_android
F01188,safari
F01188,webview_ios
F01190,safari
F01190,webview_ios
F01192,oculus
F01192,opera
F01194,safari
F01195,webview_android
F01198,safari
F01198,safari_ios
F01198,webview_ios
F01199,safari
F01199,safari_ios
F01199,webview_ios
F01200,firefox_android
F01200,samsunginternet_android
F01201,edge
F01202,samsunginternet_android
F01202,webview_ios
F01203,webview_android
F01205,safari
F01205,safari_ios
F01207,firefox
F01207,firefox_android
F01209,opera_android
F01210,firefox
F01211,firefox_android
F01212,chrome_android
F01213,edge
F01214,chrome_android
F01214,safari
F01215,safari
F01215,safari_ios
F01215,webview_ios
F01218,webview_ios
F01221,safari
F01221,safari_ios
F01222,chrome
F01222,samsunginternet_android
F01223,safari
F01224,firefox
F01224,firefox_android
F01225,firefox
F01225,firefox_android
F01226,firefox_android
F01226,opera_android
F01228,edge
F01229,firefox
F01229,firefox_android
F01230,firefox
F01231,safari
F01232,firefox
F01232,firefox_android
F01233,chrome
F01233,webview_android
F01234,safari
F01234,safari_ios
F01234,webview_ios
F01235,firefox
F01235,firefox_android
F01236,safari_ios
F01237,chrome
F01238,safari
F01238,safari_ios
F01238,webview_ios
F01239,firefox
F01239,opera
F01240,safari
F01240,safari_ios
F01240,webview_ios
F01241,opera_android
F01242,chrome
F01243,chrome
F01246,chrome
F01246,webview_android
F01247,opera
F01247,webview_ios
F01249,opera
F01249,safari_ios
F01250,opera_android
F01251,oculus
F01252,safari
F01252,safari_ios
F01252,webview_ios
F01254,safari
F01255,safari
F01256,safari
F01256,safari_ios
F01257,safari
F01257,safari_ios
F01257,webview_ios
F01258,safari
F01258,safari_ios
F01258,webview_ios
F01259,edge
F01259,safari
F01260,chrome
F01260,opera
F01261,chrome
F01262,safari
F01263,webview_android
F01264,safari
F01264,safari_ios
F01264,webview_ios
F01265,safari
F01266,safari
F01266,safari_ios
F01266,webview_ios
F01267,firefox_android
F01267,opera
F01268,safari
F01269,firefox
F01269,firefox_android
F01271,firefox_android
F01271,opera
F01273,opera
F01273,safari
F01274,edge
F01274,opera_android
F01275,chrome
F01275,opera_android
F01276,safari
F01276,safari_ios
F01276,webview_ios
F01277,chrome_android
F01277,samsunginternet_android
F01278,firefox_android
F01278,opera
F01279,webview_ios
F01280,opera
F01281,safari
F01281,safari_ios
F01281,webview_ios
F01282,safari
F01282,safari_ios
F01282,webview_ios
F01288,safari
F01288,safari_ios
F01288,webview_ios
F01289,oculus
F01289,opera
F01290,safari
F01290,safari_ios
F01290,webview_ios
F01293,safari
F01293,webview_ios
F01294,safari
F01294,safari_ios
F01294,webview_ios
F01296,chrome
F01296,samsunginternet_android
F01297,oculus
F01298,firefox
F01299,chrome
F01300,safari
F01300,webview_ios
F01301,safari
F01301,safari_ios
F01301,webview_ios
F01302,chrome
F01302,opera
F01304,edge
F01304,oculus
F01305,samsunginternet_android
F01306,chrome
F01307,chrome
F01308,safari
F01308,safari_ios
F01308,webview_ios
F01309,chrome
F01310,safari
F01310,safari_ios
F01310,webview_ios
F01311,webview_android
F01312,safari
F01313,oculus
F01313,opera_android
F01314,edge
F01315,safari
F01315,safari_ios
F01315,webview_ios
F01316,firefox
F01317,chrome
F01317,samsunginternet_android
F01318,edge
F01320,safari
F01320,safari_ios
F01321,webview_android
F01322,webview_ios
F01323,safari
F01323,safari_ios
F01323,webview_ios
F01325,safari
F01325,safari_ios
F01325,webview_ios
F01326,opera
F01326,safari_ios
F01327,firefox
F01327,firefox_android
F01328,safari
F01328,safari_ios
F01328,webview_ios
F01330,webview_android
F01333,firefox
F01334,chrome
F01334,webview_android
F01335,safari
F01335,safari_ios
F01335,webview_ios
F01337,safari
F01337,safari_ios
F01337,webview_ios
F01338,oculus
F01338,safari_ios
F01339,opera
F01339,webview_ios
F01340,safari
F01340,safari_ios
F01340,webview_ios
F01342,firefox
F01343,firefox
F01343,firefox_android
F01344,safari
F01344,safari_ios
F01344,webview_ios
F01346,safari
F01346,safari_ios
F01346,webview_ios
F01347,safari
F01347,safari_ios
F01347,webview_ios
F01349,safari
F01349,safari_ios
F01349,webview_ios
F01350,safari
F01351,chrome
F01352,chrome
F01353,safari
F01353,safari_ios
F01353,webview_ios
F01355,firefox
F01357,safari
F01358,oculus
F01358,opera
F01359,firefox
F01359,firefox_android
F01360,safari
F01360,safari_ios
F01360,webview_ios
F01361,chrome
F01361,webview_android
F01363,chrome_android
F01363,oculus
F01364,firefox
F01364,oculus
F01366,chrome
F01366,oculus
F01367,chrome
F01368,safari
F01368,safari_ios
F01368,webview_ios
F01369,firefox
F01370,firefox
F01371,safari
F01371,safari_ios
F01371,webview_ios
F01373,firefox
F01373,firefox_android
F01374,opera
F01375,safari
F01375,safari_ios
F01375,webview_ios
F01376,chrome_android
F01377,safari
F01377,safari_ios
F01377,webview_ios
F01378,firefox_android
F01378,opera
F01379,chrome
F01379,webview_android
F01380,safari
F01380,safari_ios
F01380,webview_ios
F01381,safari_ios
F01381,samsunginternet_android
F01382,safari
F01382,webview_ios
F01386,safari
F01386,webview_android
F01388,webview_ios
F01390,safari
F01391,opera
F01392,safari
F01392,safari_ios
F01392,webview_ios
F01393,opera
F01394,safari
F01394,safari_ios
F01394,webview_ios
F01395,safari
F01395,safari_ios
F01395,webview_ios
F01397,safari
F01397,webview_ios
F01398,safari
F01398,webview_ios
F01400,safari
F01400,webview_ios
F01401,safari_ios
F01405,safari
F01405,safari_ios
F01405,webview_ios
F01406,opera_android
F01406,samsunginternet_android
F01407,firefox
F01408,firefox
F01412,oculus
F01413,chrome
F01415,oculus
F01416,safari
F01416,safari_ios
F01416,webview_ios
F01418,samsunginternet_android
F01419,safari
F01419,safari_ios
F01419,webview_ios
F01420,safari
F01420,safari_ios
F01420,webview_ios
F01421,firefox
F01421,firefox_android
F01422,oculus
F01423,safari_ios
F01424,safari
F01424,safari_ios
F01425,webview_android
F01426,opera
F01426,webview_android
F01427,firefox
F01427,firefox_android
F01428,firefox_android
F01431,firefox
F01431,opera
F01432,chrome
F01432,samsunginternet_android
F01433,firefox
F01433,firefox_android
F01434,safari
F01435,chrome
F01435,webview_android
F01436,samsunginternet_android
F01438,safari
F01438,safari_ios
F01438,webview_ios
F01439,safari
F01439,safari_ios
F01439,webview_ios
F01440,safari
F01440,safari_ios
F01440,webview_ios
F01441,oculus
F01442,samsunginternet_android
F01442,webview_ios
F01444,firefox
F01445,oculus
F01445,safari
F01446,chrome_android
F01447,opera
F01448,opera_android
F01448,safari_ios
F01449,chrome
F01449,edge
F01450,chrome
F01450,samsunginternet_android
F01451,chrome
F01451,chrome_android
F01452,firefox
F01452,firefox_android
F01453,safari
F01453,safari_ios
F01453,webview_ios
F01455,safari
F01455,safari_ios
F01455,webview_ios
F01456,oculus
F01458,safari
F01458,safari_ios
F01458,webview_ios
F01459,chrome
F01459,edge
F01461,safari
F01461,webview_ios
F01462,safari
F01463,safari_ios
F01464,firefox
F01465,chrome_android
F01465,safari_ios
F01466,opera_android
F01467,chrome
F01468,safari_ios
F01468,webview_android
F01469,opera_android
F01470,chrome
F01470,chrome_android
F01472,chrome
F01472,chrome_android
F01473,firefox
F01473,firefox_android
F01474,safari
F01474,safari_ios
F01475,chrome
F01475,edge
F01477,firefox
F01477,safari_ios
F01478,safari_ios
F01479,opera_android
F01479,safari_ios
F01480,chrome_android
F01481,chrome
F01482,chrome_android
F01483,firefox
F01484,webview_ios
F01485,safari
F01485,safari_ios
F01485,webview_ios
F01486,safari
F01486,safari_ios
F01487,safari
F01488,safari
F01489,safari
F01489,safari_ios
F01490,chrome
F01490,chrome_android
F01491,firefox
F01491,firefox_android
F01492,edge
F01492,opera
F01493,safari
F01493,safari_ios
F01493,webview_ios
F01494,firefox
F01494,firefox_android
F01495,chrome
F01497,webview_ios
F01498,safari
F01499,safari
F01499,safari_ios
F01499,webview_ios
F01500,safari_ios
F01502,chrome_android
F01502,safari_ios
F01503,edge
F01505,oculus
F01506,safari
F01506,safari_ios
F01506,webview_ios
F01507,oculus
F01508,safari
F01508,safari_ios
F01508,webview_ios
F01509,safari
F01510,safari
F01510,safari_ios
F01510,webview_ios
F01512,chrome
F01513,firefox
F01514,safari
F01514,safari_ios
F01514,webview_ios
F01515,safari
F01515,webview_ios
F01516,firefox
F01517,opera_android
F01517,safari
F01518,safari
F01518,safari_ios
F01518,webview_ios
F01520,firefox_android
F01520,webview_ios
F01523,safari
F01526,safari
F01526,safari_ios
F01526,webview_ios
F01528,chrome
F01528,edge
F01529,firefox_android
F01530,chrome
F01530,webview_android
F01531,chrome
F01531,edge
F01532,chrome_android
F01532,samsunginternet_android
F01533,chrome
F01534,oculus
F01535,firefox_android
F01535,samsunginternet_android
F01536,chrome
F01536,chrome_android
F01537,firefox
F01537,firefox_android
F01538,chrome
F01538,webview_android
F01539,safari
F01539,webview_ios
F01540,edge
F01540,opera
F01541,edge
F01543,firefox
F01543,webview_android
F01544,firefox
F01545,chrome
F01545,edge
F01546,safari
F01546,webview_ios
F01547,safari
F01547,safari_ios
F01547,webview_ios
F01548,chrome
F01548,opera
F01549,edge
F01552,safari
F01552,safari_ios
F01552,webview_ios
F01553,chrome_android
F01553,samsunginternet_android
F01555,chrome
F01555,chrome_android
F01556,safari
F01556,safari_ios
F01556,webview_ios
F01557,safari
F01557,safari_ios
F01557,webview_ios
F01558,safari
F01560,safari
F01560,safari_ios
F01560,webview_ios
F01561,firefox
F01561,oculus
F01562,chrome_android
F01562,oculus
F01564,safari
F01564,webview_ios
F01565,chrome
F01567,safari
F01567,safari_ios
F01567,webview_ios
F01568,chrome
F01568,opera_android
F01569,safari
F01569,safari_ios
F01569,webview_ios
F01570,safari
F01570,safari_ios
F01570,webview_ios
F01571,opera_android
F01571,webview_android
F01572,safari_ios
F01573,firefox_android
F01573,webview_ios
F01574,chrome
F01575,oculus
F01576,oculus
F01577,firefox
F01578,safari
F01578,safari_ios
F01578,webview_ios
F01579,firefox
F01579,firefox_android
F01580,firefox
F01581,chrome
F01583,chrome
F01584,safari
F01584,webview_ios
F01585,safari
F01585,safari_ios
F01586,safari
F01586,safari_ios
F01586,webview_ios
F01587,safari
F01587,safari_ios
F01587,webview_ios
F01588,safari
F01588,safari_ios
F01588,webview_ios
F01590,edge
F01590,safari_ios
F01591,safari
F01591,safari_ios
F01591,webview_ios
F01592,safari
F01592,safari_ios
F01592,webview_ios
F01593,chrome
F01593,webview_android
F01594,firefox
F01595,safari
F01595,safari_ios
F01595,webview_ios
F01596,safari
F01597,chrome
F01597,webview_android
F01598,safari
F01599,firefox
F01599,firefox_android
F01600,safari
F01600,safari_ios
F01600,webview_ios
F01601,firefox
F01601,firefox_android
F01602,chrome_android
F01602,opera
F01603,chrome_android
F01603,opera_android
F01604,safari
F01606,firefox_android
F01607,chrome
F01607,edge
F01610,firefox
F01611,safari
F01612,safari
F01612,safari_ios
F01612,webview_ios
F01613,firefox
F01613,firefox_android
F01614,chrome
F01614,firefox_android
F01616,safari
F01616,safari_ios
F01616,webview_ios
F01618,safari
F01619,samsunginternet_android
F01621,chrome
F01622,webview_android
F01625,chrome_android
F01625,edge
F01626,safari
F01626,safari_ios
F01626,webview_ios
F01627,chrome
F01627,edge
F01628,firefox
F01630,chrome
F01631,safari
F01631,safari_ios
F01631,webview_ios
F01633,opera
F01633,webview_android
F01634,safari_ios
F01635,chrome_android
F01635,oculus
F01636,webview_ios
F01637,opera_android
F01639,chrome
F01640,firefox
F01640,opera
F01642,chrome
F01643,chrome
F01646,safari
F01646,safari_ios
F01646,webview_ios
F01648,chrome_android
F01649,firefox
F01650,safari
F01650,safari_ios
F01650,webview_ios
F01651,webview_ios
F01653,firefox
F01657,firefox
F01659,samsunginternet_android
F01660,firefox
F01661,webview_android
F01662,safari
F01662,safari_ios
F01662,webview_ios
F01663,chrome
F01663,opera_android
F01665,chrome
F01665,webview_android
F01667,safari
F01667,safari_ios
F01667,webview_ios
F01669,oculus
F01671,safari
F01671,safari_ios
F01671,webview_ios
F01672,safari
F01672,safari_ios
F01672,webview_ios
F01673,safari
F01673,webview_ios
F01674,firefox
F01674,firefox_android
F01675,chrome
F01676,firefox
F01676,firefox_android
F01678,firefox_android
F01679,safari
F01679,safari_ios
F01680,edge
F01682,safari
F01685,firefox
F01686,safari
F01687,chrome_android
F01687,opera
F01688,firefox
F01688,samsunginternet_android
F01689,firefox
F01690,safari
F01690,webview_ios
F01692,oculus
F01692,webview_android
F01693,safari
F01693,safari_ios
F01693,webview_ios
F01694,chrome_android
F01694,edge
F01695,safari
F01695,safari_ios
F01695,webview_ios
F01696,safari
F01697,firefox_android
F01698,chrome
F01699,chrome_android
F01699,safari_ios
F01700,safari
F01700,safari_ios
F01700,webview_ios
F01701,opera
F01701,webview_android
F01702,firefox
F01703,firefox
F01703,firefox_android
F01705,firefox
F01706,firefox
F01706,firefox_android
F01707,safari
F01708,chrome
F01710,opera_android
F01711,oculus
F01711,safari
F01712,safari
F01712,safari_ios
F01712,webview_ios
F01713,chrome_android
F01713,edge
F01714,safari
F01714,safari_ios
F01714,webview_ios
F01716,firefox
F01717,safari
F01718,safari
F01719,chrome_android
F01719,safari
F01721,opera
F01724,safari
F01724,webview_ios
F01725,safari
F01725,safari_ios
F01725,webview_ios
F01726,oculus
F01726,samsunginternet_android
F01727,firefox
F01727,firefox_android
F01728,opera_android
F01729,chrome_android
F01730,firefox
F01730,oculus
F01731,safari
F01731,safari_ios
F01732,edge
F01732,opera
F01734,edge
F01735,safari
F01735,safari_ios
F01735,webview_ios
F01736,webview_ios
F01737,safari
F01737,safari_ios
F01737,webview_ios
F01739,firefox
F01740,opera_android
F01741,safari
F01741,safari_ios
F01741,webview_ios
F01742,safari
F01742,safari_ios
F01742,webview_ios
F01743,safari
F01744,chrome_android
F01744,webview_android
F01745,safari
F01745,safari_ios
F01745,webview_ios
F01746,safari
F01746,safari_ios
F01746,webview_ios
F01747,webview_android
F01747,webview_ios
F01748,safari
F01748,safari_ios
F01748,webview_ios
F01750,firefox
F01752,chrome
F01752,samsunginternet_android
F01755,edge
F01756,webview_ios
F01757,firefox
F01757,firefox_android
F01758,opera_android
F01759,webview_android
F01760,safari
F01760,safari_ios
F01760,webview_ios
F01763,chrome
F01763,webview_android
F01764,safari
F01764,safari_ios
F01764,webview_ios
F01765,safari
F01767,safari
F01767,safari_ios
F01767,webview_ios
F01768,chrome_android
F01768,webview_ios
F01769,chrome
F01769,opera
F01770,safari_ios
F01770,webview_android
F01771,firefox
F01772,oculus
F01772,samsunginternet_android
F01773,firefox
F01773,firefox_android
F01774,safari
F01774,safari_ios
F01774,webview_ios
F01775,opera_android
F01776,safari_ios
F01777,webview_ios
F01778,safari
F01778,safari_ios
F01778,webview_ios
F01779,firefox
F01779,safari_ios
F01780,firefox
F01782,edge
F01782,safari_ios
F01783,safari_ios
F01784,safari
F01784,safari_ios
F01784,webview_ios
F01785,safari
F01785,safari_ios
F01785,webview_ios
F01786,safari
F01786,safari_ios
F01786,webview_ios
F01787,edge
F01787,firefox_android
F01789,edge
F01790,chrome
F01791,chrome
F01791,samsunginternet_android
F01792,safari
F01793,safari
F01793,safari_ios
F01793,webview_ios
F01794,safari
F01797,oculus
F01797,webview_android
F01798,edge
F01798,firefox
F01801,chrome
F01801,edge
F01804,opera_android
F01805,safari
F01806,safari
F01806,safari_ios
F01806,webview_ios
F01807,oculus
F01807,safari
F01808,firefox
F01808,firefox_android
F01810,chrome_android
F01812,safari
F01812,safari_ios
F01812,webview_ios
F01813,samsunginternet_android
F01814,firefox_android
F01814,safari
F01815,edge
F01815,webview_android
F01816,firefox_android
F01818,safari_ios
F01818,webview_android
F01822,safari_ios
F01824,webview_ios
F01825,safari
F01826,samsunginternet_android
F01826,webview_android
F01827,chrome_android
F01827,opera_android
F01828,safari
F01828,safari_ios
F01828,webview_ios
F01830,chrome_android
F01830,opera_android
F01833,safari
F01834,oculus
F01835,opera
F01836,firefox
F01836,oculus
F01837,safari
F01838,safari_ios
F01838,samsunginternet_android
F01839,edge
F01839,oculus
F01841,opera_android
F01842,safari_ios
F01842,webview_ios
F01843,safari
F01843,webview_ios
F01844,chrome
F01844,webview_android
F01845,safari
F01845,safari_ios
F01845,webview_ios
F01846,samsunginternet_android
F01847,safari
F01847,safari_ios
F01847,webview_ios
F01848,safari_ios
F01849,firefox
F01850,opera_android
F01850,samsunginternet_android
F01855,opera
F01856,safari
F01856,safari_ios
F01856,webview_ios
F01857,firefox
F01857,firefox_android
F01858,firefox_android
F01858,opera
F01860,safari
F01860,safari_ios
F01860,webview_ios
F01861,safari
F01861,samsunginternet_android
F01862,safari
F01862,webview_ios
F01863,firefox
F01863,oculus
F01864,webview_ios
F01865,chrome_android
F01865,edge
F01866,oculus
F01867,edge
F01868,safari
F01868,webview_ios
F01869,firefox
F01870,safari
F01872,safari
F01872,safari_ios
F01872,webview_ios
F01873,firefox
F01873,firefox_android
F01874,safari
F01874,safari_ios
F01874,webview_ios
F01875,firefox
F01875,firefox_android
F01877,chrome
F01877,samsunginternet_android
F01878,firefox
F01878,firefox_android
F01879,safari
F01879,webview_ios
F01880,safari
F01880,safari_ios
F01880,webview_ios
F01881,safari_ios
F01881,webview_ios
F01882,chrome_android
F01883,chrome
F01885,firefox
F01885,firefox_android
F01886,safari
F01887,edge
F01887,oculus
F01889,chrome_android
F01890,safari
F01890,safari_ios
F01890,webview_ios
F01891,safari
F01891,safari_ios
F01891,webview_ios
F01892,webview_android
F01894,firefox_android
F01894,safari_ios
F01895,opera
F01896,safari
F01896,safari_ios
F01896,webview_ios
F01897,safari
F01897,safari_ios
F01897,webview_ios
F01899,opera
F01899,samsunginternet_android
F01900,opera
F01901,chrome
F01901,edge
F01902,firefox
F01902,firefox_android
F01903,firefox
F01903,firefox_android
F01905,chrome
F01906,webview_ios
F01907,firefox_android
F01908,opera_android
F01910,safari
F01910,safari_ios
F01910,webview_ios
F01911,chrome_android
F01911,samsunginternet_android
F01912,firefox_android
F01912,safari_ios
F01913,safari
F01913,safari_ios
F01915,webview_android
F01917,firefox
F01918,chrome
F01919,safari
F01920,edge
F01920,oculus
F01922,safari
F01922,safari_ios
F01922,webview_ios
F01923,opera_android
F01925,chrome_android
F01925,opera_android
F01926,firefox
F01927,safari
F01928,chrome
F01928,safari_ios
F01930,webview_ios
F01931,webview_ios
F01932,safari
F01934,firefox
F01934,firefox_android
F01935,chrome
F01935,opera_android
F01936,safari
F01936,safari_ios
F01936,webview_ios
F01937,chrome
F01939,safari
F01939,safari_ios
F01940,safari
F01940,safari_ios
F01940,webview_ios
F01941,chrome
F01941,samsunginternet_android
F01942,safari
F01942,safari_ios
F01942,webview_ios
F01944,chrome
F01944,oculus
F01945,oculus
F01946,safari
F01946,safari_ios
F01946,webview_ios
F01947,chrome
F01947,firefox_android
F01948,chrome
F01948,oculus
F01949,safari
F01949,safari_ios
F01949,webview_ios
F01950,firefox_android
F01951,samsunginternet_android
F01951,webview_android
F01954,safari
F01954,safari_ios
F01954,webview_ios
F01955,chrome
F01956,safari
F01956,webview_ios
F01957,firefox
F01958,safari
F01958,safari_ios
F01958,webview_ios
F01959,safari
F01959,safari_ios
F01959,webview_ios
F01960,safari
F01960,safari_ios
F01960,webview_ios
F01961,chrome
F01961,chrome_android
F01962,chrome
F01962,oculus
F01963,firefox
F01963,safari
F01964,firefox
F01964,safari
F01965,safari
F01965,safari_ios
F01965,webview_ios
F01966,safari
F01966,safari_ios
F01967,firefox_android
F01968,safari
F01968,safari_ios
F01968,webview_ios
F01970,firefox
F01970,firefox_android
F01971,chrome
F01971,samsunginternet_android
F01972,safari
F01972,safari_ios
F01972,webview_ios
F01974,chrome_android
F01975,safari
F01976,safari_ios
F01977,chrome
F01977,chrome_android
F01979,firefox_android
F01979,webview_android
F01980,firefox
F01981,opera
F01983,chrome_android
F01983,edge
F01986,firefox_android
F01988,safari
F01988,webview_ios
F01989,safari
F01989,safari_ios
F01989,webview_ios
F01992,chrome
F01992,webview_android
F01994,safari_ios
F01995,chrome
F01995,edge
F01996,chrome
F01996,opera
F01998,safari
F01998,safari_ios
F01998,webview_ios
F01999,safari
F02000,firefox
F02000,firefox_android
F02001,safari
F02001,safari_ios
F02001,webview_ios
F02002,chrome_android
F02003,chrome
F02006,safari
F02006,safari_ios
F02007,safari
F02007,webview_ios
F02008,safari
F02009,safari
F02011,firefox
F02011,firefox_android
F02012,safari
F02014,firefox_android
F02016,safari_ios
F02017,safari
F02017,webview_ios
F02019,safari
F02019,safari_ios
F02019,webview_ios
F02020,safari
F02020,safari_ios
F02020,webview_ios
F02021,safari
F02021,safari_ios
F02021,webview_ios
F02022,chrome
F02023,webview_android
F02025,firefox
F02025,firefox_android
F02027,chrome
F02028,edge
F02028,samsunginternet_android
F02029,safari
F02032,firefox_android
F02032,webview_android
F02033,chrome
F02033,oculus
F02034,safari
F02034,webview_ios
F02035,chrome
F02035,samsunginternet_android
F02036,safari
F02036,safari_ios
F02037,safari
F02037,webview_ios
F02040,edge
F02042,safari
F02042,safari_ios
F02042,webview_ios
F02043,firefox
F02044,safari
F02044,safari_ios
F02044,webview_ios
F02045,chrome_android
F02047,safari
F02048,firefox_android
F02048,safari
F02049,firefox_android
F02050,firefox
F02050,firefox_android
F02051,oculus
F02053,firefox
F02054,safari
F02054,safari_ios
F02055,samsunginternet_android
F02055,webview_android
F02056,firefox_android
F02056,safari
F02057,chrome
F02058,firefox_android
F02059,chrome
F02059,opera
F02060,safari
F02060,safari_ios
F02060,webview_ios
F02063,safari
F02064,safari
F02064,safari_ios
F02064,webview_ios
F02065,safari
F02067,chrome
F02067,firefox_android
F02068,safari
F02068,safari_ios
F02068,webview_ios
F02069,safari
F02070,firefox
F02072,webview_ios
F02073,safari
F02074,safari
F02075,safari
F02075,safari_ios
F02075,webview_ios
F02076,oculus
F02078,edge
F02078,opera_android
F02079,safari
F02079,safari_ios
F02079,webview_ios
F02080,firefox
F02081,oculus
F02082,safari
F02083,samsunginternet_android
F02085,opera_android
F02087,safari
F02087,safari_ios
F02087,webview_ios
F02088,oculus
F02090,safari
F02091,safari
F02091,safari_ios
F02091,webview_ios
F02092,chrome
F02092,chrome_android
F02093,firefox
F02093,firefox_android
F02095,chrome
F02096,edge
F02097,oculus
F02097,opera
F02098,chrome
F02099,webview_android
F02100,chrome
F02101,chrome
F02101,samsunginternet_android
F02102,safari
F02102,safari_ios
F02102,webview_ios
F02103,opera
F02104,chrome
F02104,chrome_android
F02105,safari
F02105,safari_ios
F02106,safari
F02106,safari_ios
F02108,firefox_android
F02109,firefox
F02109,firefox_android
F02110,safari
F02110,safari_ios
F02110,webview_ios
F02113,safari
F02113,webview_ios
F02115,safari
F02115,safari_ios
F02115,webview_ios
F02116,safari
F02116,safari_ios
F02118,chrome
F02118,opera_android
F02119,oculus
F02119,opera_android
F02120,oculus
F02122,safari
F02122,samsunginternet_android
F02123,safari
F02123,safari_ios
F02123,webview_ios
F02124,edge
F02125,safari
F02125,safari_ios
F02125,webview_ios
F02126,safari
F02126,safari_ios
F02126,webview_ios
F02127,safari
F02131,chrome
F02131,opera_android
F02132,firefox
F02132,firefox_android
F02133,edge
F02133,samsunginternet_android
F02134,safari
F02134,webview_android
F02135,opera
F02135,safari_ios
F02136,samsunginternet_android
F02137,oculus
F02141,firefox
F02141,firefox_android
F02142,safari
F02142,safari_ios
F02142,webview_ios
F02143,firefox_android
F02143,webview_android
F02144,opera_android
F02144,samsunginternet_android
F02145,chrome
F02146,chrome
F02147,chrome_android
F02148,oculus
F02148,safari
F02149,edge
F02149,webview_android
F02151,oculus
F02151,samsunginternet_android
F02152,safari
F02156,chrome
F02157,samsunginternet_android
F02158,safari
F02159,firefox
F02160,chrome_android
F02160,webview_ios
F02161,safari_ios
F02162,chrome_android
F02162,webview_ios
F02163,chrome
F02163,chrome_android
F02164,chrome_android
F02164,firefox
F02165,safari
F02166,safari
F02166,safari_ios
F02166,webview_ios
F02167,safari
F02168,chrome
F02168,safari_ios
F02170,chrome
F02171,safari
F02171,safari_ios
F02171,webview_ios
F02172,safari
F02172,safari_ios
F02172,webview_ios
F02173,chrome
F02173,opera
F02174,safari
F02174,webview_ios
F02176,safari
F02176,safari_ios
F02176,webview_ios
F02177,safari
F02177,safari_ios
F02177,webview_ios
F02179,safari
F02179,safari_ios
F02179,webview_ios
F02182,firefox
F02182,opera
F02184,safari
F02184,safari_ios
F02184,webview_ios
F02185,safari
F02185,safari_ios
F02185,webview_ios
F02187,chrome_android
F02188,safari
F02188,safari_ios
F02188,webview_ios
F02191,oculus
F02193,samsunginternet_android
F02194,webview_ios
F02196,opera
F02196,safari_ios
F02197,safari
F02197,webview_ios
F02198,oculus
F02199,firefox
F02200,chrome
F02200,opera
F02201,chrome
F02202,firefox
F02202,firefox_android
F02203,safari
F02204,chrome
F02204,opera_android
F02206,chrome
F02207,safari
F02207,safari_ios
F02207,webview_ios
F02208,edge
F02208,firefox_android
F02209,chrome
F02209,samsunginternet_android
F02210,firefox
F02210,webview_android
F02211,safari
F02211,safari_ios
F02211,webview_ios
F02212,safari
F02212,safari_ios
F02212,webview_ios
F02213,samsunginternet_android
F02215,edge
F02216,firefox_android
F02216,opera
F02217,safari
F02217,safari_ios
F02217,webview_ios
F02219,firefox
F02220,firefox
F02220,opera_android
F02221,edge
F02221,safari
F02222,chrome
F02222,chrome_android
F02224,safari
F02224,safari_ios
F02224,webview_ios
F02225,opera_android
F02225,webview_android
F02226,chrome
F02227,firefox
F02229,firefox
F02229,firefox_android
F02230,safari_ios
F02230,samsunginternet_android
F02231,opera
F02232,chrome
F02232,opera
F02233,chrome
F02234,safari
F02234,safari_ios
F02234,webview_ios
F02235,webview_android
F02236,firefox
F02236,firefox_android
F02237,webview_android
F02238,chrome_android
F02239,opera
F02239,samsunginternet_android
F02240,safari_ios
F02241,safari
F02241,safari_ios
F02242,safari
F02242,safari_ios
F02243,safari
F02243,safari_ios
F02243,webview_ios
F02244,safari
F02244,safari_ios
F02244,webview_ios
F02245,firefox
F02246,safari
F02246,safari_ios
F02246,webview_ios
F02247,firefox
F02247,firefox_android
F02248,opera
F02249,opera_android
F02250,firefox_android
F02251,firefox
F02251,firefox_android
F02252,firefox
F02257,samsunginternet_android
F02258,safari_ios
F02258,samsunginternet_android
F02260,opera
F02260,webview_ios
F02262,safari_ios
F02264,oculus
F02265,firefox
F02265,firefox_android
F02266,firefox
F02267,safari
F02267,safari_ios
F02267,webview_ios
F02268,safari
F02268,safari_ios
F02268,webview_ios
F02269,opera
F02269,webview_ios
F02270,safari
F02270,safari_ios
F02270,webview_ios
F02271,chrome_android
F02271,safari
F02273,opera
F02275,chrome
F02275,chrome_android
F02276,edge
F02279,firefox_android
F02280,safari
F02280,safari_ios
F02281,safari_ios
F02282,firefox
F02282,samsunginternet_android
F02283,opera
F02283,safari_ios
F02284,firefox_android
F02284,opera
F02285,chrome
F02286,chrome
F02286,webview_android
F02287,chrome
F02287,edge
F02288,firefox
F02288,firefox_android
F02289,chrome
F02290,firefox_android
F02290,webview_ios
F02291,firefox
F02292,safari
F02292,safari_ios
F02293,edge
F02293,safari
F02294,safari
F02294,webview_ios
F02296,safari
F02296,safari_ios
F02297,chrome
F02297,firefox
F02299,chrome_android
F02299,webview_android
F02300,safari
F02300,safari_ios
F02301,chrome_android
F02302,chrome
F02303,safari
F02303,safari_ios
F02303,webview_ios
F02304,opera
F02304,samsunginternet_android
F02305,safari
F02305,safari_ios
F02305,webview_ios
F02306,safari
F02306,safari_ios
F02306,webview_ios
F02307,safari
F02307,safari_ios
F02307,webview_ios
F02308,safari_ios
F02309,safari
F02309,safari_ios
F02309,webview_ios
F02310,samsunginternet_android
F02311,safari
F02311,safari_ios
F02311,webview_ios
F02313,safari
F02313,safari_ios
F02313,webview_ios
F02314,firefox
F02314,firefox_android
F02315,oculus
F02316,chrome_android
F02316,safari
F02317,firefox_android
F02317,samsunginternet_android
F02318,opera_android
F02318,safari
F02319,samsunginternet_android
F02322,firefox
F02322,firefox_android
F02323,safari
F02323,webview_ios
F02325,chrome
F02325,oculus
F02327,chrome
F02327,edge
F02328,chrome
F02328,webview_android
F02329,safari
F02329,safari_ios
F02329,webview_ios
F02330,webview_ios
F02331,safari
F02331,safari_ios
F02331,webview_ios
F02332,safari
F02332,safari_ios
F02332,webview_ios
F02333,safari
F02333,samsunginternet_android
F02334,safari
F02334,webview_ios
F02337,firefox
F02337,firefox_android
F02338,safari
F02338,safari_ios
F02338,webview_ios
F02339,chrome
F02339,firefox
F02340,chrome
F02340,edge
F02342,oculus
F02342,samsunginternet_android
F02343,chrome
F02343,samsunginternet_android
F02344,chrome_android
F02346,firefox
F02347,webview_ios
F02348,chrome
F02348,safari
F02350,chrome_android
F02351,firefox
F02352,firefox
F02353,oculus
F02354,edge
F02354,oculus
F02355,chrome
F02355,oculus
F02356,chrome
F02357,webview_ios
F02358,firefox
F02360,safari_ios
F02361,safari
F02361,webview_ios
F02362,firefox
F02363,chrome_android
F02363,oculus
F02364,edge
F02365,safari
F02365,safari_ios
F02366,safari
F02366,safari_ios
F02366,webview_ios
F02367,safari
F02368,firefox
F02368,firefox_android
F02369,safari
F02369,safari_ios
F02371,safari
F02371,webview_ios
F02372,chrome
F02372,webview_android
F02373,opera_android
F02374,safari
F02374,safari_ios
F02374,webview_ios
F02375,safari
F02375,safari_ios
F02375,webview_ios
F02376,safari
F02376,safari_ios
F02376,webview_ios
F02377,safari
F02377,safari_ios
F02377,webview_ios
F02378,safari
F02378,webview_ios
F02379,safari
F02379,safari_ios
F02379,webview_ios
F02380,firefox
F02382,webview_ios
F02383,webview_ios
F02384,safari
F02384,safari_ios
F02384,webview_ios
F02385,safari
F02385,safari_ios
F02385,webview_ios
F02386,safari
F02386,safari_ios
F02386,webview_ios
F02387,edge
F02387,webview_ios
F02388,chrome
F02388,edge
F02389,safari
F02389,safari_ios
F02389,webview_ios
F02390,safari
F02390,safari_ios
F02390,webview_ios
F02391,chrome
F02391,edge
F02392,opera
F02393,chrome_android
F02394,webview_ios
F02395,chrome
F02395,oculus
F02396,safari
F02398,safari
F02398,safari_ios
F02398,webview_ios
F02399,safari
F02399,safari_ios
F02399,webview_ios
F02400,oculus
F02402,chrome_android
F02405,firefox
F02405,opera_android
F02406,safari
F02406,safari_ios
F02406,webview_ios
F02407,safari
F02408,safari
F02408,safari_ios
F02408,webview_ios
F02410,safari
F02410,webview_ios
F02411,safari
F02411,safari_ios
F02411,webview_ios
F02412,safari
F02412,safari_ios
F02412,webview_ios
F02413,chrome
F02413,oculus
F02414,chrome
F02415,firefox
F02415,firefox_android
F02416,chrome
F02417,chrome_android
F02419,opera_android
F02420,chrome_android
F02420,oculus
F02422,safari
F02422,safari_ios
F02422,webview_ios
F02423,chrome
F02423,webview_android
F02425,chrome
F02426,firefox
F02426,firefox_android
F02427,opera
F02428,firefox
F02429,firefox
F02429,firefox_android
F02430,safari
F02430,safari_ios
F02430,webview_ios
F02431,safari
F02431,safari_ios
F02431,webview_ios
F02432,edge
F02432,webview_android
F02433,safari
F02433,safari_ios
F02434,opera
F02434,safari
F02435,safari
F02435,safari_ios
F02436,chrome
F02436,chrome_android
F02437,safari_ios
F02438,safari
F02438,safari_ios
F02438,webview_ios
F02439,firefox_android
F02439,webview_android
F02441,safari
F02441,samsunginternet_android
F02442,safari
F02442,safari_ios
F02443,firefox
F02443,firefox_android
F02445,firefox
F02446,chrome
F02446,edge
F02447,firefox
F02448,firefox
F02449,chrome
F02449,safari
F02452,safari
F02452,safari_ios
F02452,webview_ios
F02453,safari
F02453,safari_ios
F02453,webview_ios
F02454,chrome
F02454,samsunginternet_android
F02455,safari
F02455,webview_ios
F02456,safari
F02456,webview_ios
F02458,opera
F02458,samsunginternet_android
F02459,safari
F02459,safari_ios
F02459,webview_ios
F02460,chrome_android
F02461,chrome
F02461,webview_android
F02462,chrome
F02462,edge
F02464,safari
F02464,safari_ios
F02464,webview_ios
F02465,safari_ios
F02466,safari
F02467,safari
F02467,safari_ios
F02467,webview_ios
F02470,firefox
F02470,firefox_android
F02471,chrome
F02471,oculus
F02472,safari
F02473,opera
F02473,safari
F02474,opera_android
F02474,webview_ios
F02475,chrome_android
F02477,firefox_android
F02477,safari_ios
F02478,webview_ios
F02479,safari
F02479,safari_ios
F02479,webview_ios
F02481,webview_android
F02484,safari
F02484,safari_ios
F02484,webview_ios
F02487,chrome
F02488,chrome
F02488,oculus
F02489,chrome
F02490,chrome
F02490,webview_ios
F02495,safari
F02496,firefox
F02496,samsunginternet_android
F02497,chrome
F02497,edge
F02500,chrome
F02500,opera
F02501,firefox
F02502,oculus
F02503,edge
F02503,samsunginternet_android
F02504,safari
F02504,safari_ios
F02504,webview_ios
F02505,firefox
F02505,firefox_android
F02506,oculus
F02506,webview_android
F02507,firefox
F02508,safari
F02509,firefox
F02509,firefox_android
F02510,safari
F02510,safari_ios
F02510,webview_ios
F02511,edge
F02513,firefox
F02513,firefox_android
F02517,chrome
F02517,opera_android
F02518,edge
F02518,firefox
F02519,chrome_android
F02519,samsunginternet_android
F02520,firefox
F02521,chrome
F02523,chrome
F02525,safari_ios
F02526,firefox
F02526,firefox_android
F02530,safari
F02531,safari_ios
F02531,webview_ios
F02532,safari
F02532,safari_ios
F02532,webview_ios
F02533,chrome
F02534,safari
F02534,safari_ios
F02534,webview_ios
F02535,chrome
F02536,webview_android
F02537,safari
F02537,safari_ios
F02537,webview_ios
F02539,opera_android
F02541,safari
F02541,safari_ios
F02541,webview_ios
F02542,opera_android
F02543,firefox
F02545,safari
F02545,safari_ios
F02545,webview_ios
F02546,safari
F02548,chrome
F02551,firefox
F02552,chrome
F02552,oculus
F02554,safari
F02554,safari_ios
F02554,webview_ios
F02555,safari
F02555,safari_ios
F02555,webview_ios
F02556,oculus
F02556,opera
F02557,opera_android
F02558,safari
F02558,safari_ios
F02558,webview_ios
F02559,chrome
F02559,opera
F02560,opera
F02560,safari
F02561,safari
F02561,webview_ios
F02563,safari
F02563,webview_android
F02564,firefox
F02565,safari
F02565,safari_ios
F02565,webview_ios
F02567,samsunginternet_android
F02567,webview_ios
F02568,firefox
F02569,chrome
F02570,safari
F02570,safari_ios
F02570,webview_ios
F02571,safari
F02571,webview_ios
F02572,chrome
F02573,safari
F02573,safari_ios
F02573,webview_ios
F02574,safari
F02575,chrome
F02577,firefox_android
F02577,oculus
F02579,safari
F02579,safari_ios
F02579,webview_ios
F02580,safari
F02580,safari_ios
F02580,webview_ios
F02581,safari
F02581,safari_ios
F02581,webview_ios
F02582,chrome
F02582,opera
F02583,safari_ios
F02584,firefox
F02584,firefox_android
F02585,chrome
F02586,firefox
F02592,opera_android
F02593,chrome
F02593,edge
F02595,chrome_android
F02597,webview_ios
F02598,firefox
F02598,firefox_android
F02601,safari
F02601,safari_ios
F02601,webview_ios
F02605,safari_ios
F02606,chrome
F02607,safari
F02607,webview_ios
F02608,chrome
F02609,firefox
F02610,chrome
F02611,safari
F02611,webview_ios
F02612,chrome_android
F02612,opera
F02613,safari
F02613,safari_ios
F02613,webview_ios
F02614,firefox
F02614,firefox_android
F02615,chrome
F02616,safari
F02616,webview_ios
F02617,chrome
F02617,oculus
F02618,safari
F02619,chrome_android
F02619,opera
F02622,safari
F02623,webview_ios
F02625,safari
F02625,safari_ios
F02625,webview_ios
F02626,safari
F02626,safari_ios
F02626,webview_ios
F02627,chrome_android
F02627,firefox_android
F02628,opera
F02629,chrome
F02629,safari
F02630,safari
F02630,safari_ios
F02630,webview_ios
F02631,edge
F02631,oculus
F02632,opera
F02634,safari
F02634,safari_ios
F02634,webview_ios
F02637,safari
F02637,safari_ios
F02637,webview_ios
F02638,chrome
F02639,webview_ios
F02640,firefox
F02640,firefox_android
F02641,firefox
F02641,samsunginternet_android
F02643,safari
F02644,safari
F02644,safari_ios
F02645,safari
F02645,safari_ios
F02645,webview_ios
F02646,firefox
F02646,safari
F02649,firefox
F02649,firefox_android
F02650,safari
F02650,webview_ios
F02651,webview_ios
F02652,safari
F02652,safari_ios
F02652,webview_ios
F02655,edge
F02655,samsunginternet_android
F02656,chrome
F02657,safari
F02658,chrome_android
F02658,edge
F02660,samsunginternet_android
F02661,chrome_android
F02662,chrome
F02662,opera
F02663,oculus
F02664,safari
F02664,safari_ios
F02664,webview_ios
F02665,chrome
F02665,edge
F02667,opera
F02667,webview_ios
F02668,opera_android
F02668,safari
F02669,firefox
F02669,firefox_android
F02670,oculus
F02671,chrome
F02672,chrome
F02672,edge
F02675,firefox
F02676,chrome_android
F02677,chrome
F02677,webview_android
F02679,safari
F02679,safari_ios
F02680,opera_android
F02680,safari_ios
F02681,safari
F02682,firefox
F02682,webview_android
F02684,safari
F02684,safari_ios
F02684,webview_ios
F02686,firefox
F02687,edge
F02687,safari
F02688,firefox
F02688,oculus
F02690,safari
F02690,safari_ios
F02691,opera_android
F02691,safari
F02692,safari
F02692,safari_ios
F02692,webview_ios
F02693,safari
F02693,safari_ios
F02693,webview_ios
F02694,oculus
F02694,opera
F02696,safari
F02699,samsunginternet_android
F02701,safari
F02701,safari_ios
F02701,webview_ios
F02702,safari
F02702,safari_ios
F02702,webview_ios
F02705,firefox_android
F02705,webview_ios
F02708,safari
F02708,safari_ios
F02708,webview_ios
F02709,safari
F02709,safari_ios
F02709,webview_ios
F02711,safari
F02711,safari_ios
F02711,webview_ios
F02712,opera
F02713,chrome
F02713,webview_android
F02714,oculus
F02714,safari_ios
F02715,safari
F02715,safari_ios
F02715,webview_ios
F02716,firefox
F02716,firefox_android
F02718,safari
F02718,safari_ios
F02718,webview_ios
F02719,safari
F02719,safari_ios
F02719,webview_ios
F02720,opera
F02722,chrome_android
F02723,safari
F02723,safari_ios
F02723,webview_ios
F02725,edge
F02726,safari
F02726,safari_ios
F02728,safari
F02728,safari_ios
F02728,webview_ios
F02729,opera
F02730,webview_ios
F02731,edge
F02731,opera_android
F02732,safari
F02732,safari_ios
F02732,webview_ios
F02733,chrome
F02733,oculus
F02734,opera
F02736,safari
F02736,webview_ios
F02738,safari
F02738,safari_ios
F02738,webview_ios
F02739,webview_ios
F02740,chrome
F02742,safari
F02742,safari_ios
F02742,webview_ios
F02744,chrome
F02744,edge
F02745,safari
F02745,safari_ios
F02745,webview_ios
F02746,edge
F02746,webview_ios
F02747,safari
F02747,safari_ios
F02749,chrome
F02750,firefox_android
F02750,opera
F02751,safari
F02751,safari_ios
F02751,webview_ios
F02753,opera
F02754,opera
F02755,webview_ios
F02758,samsunginternet_android
F02759,safari
F02759,safari_ios
F02759,webview_ios
F02760,opera_android
F02760,safari
F02761,webview_android
F02762,safari
F02763,chrome
F02763,samsunginternet_android
F02764,webview_ios
F02765,oculus
F02765,opera_android
F02766,edge
F02766,webview_ios
F02767,chrome
F02769,safari
F02770,firefox_android
F02770,oculus
F02771,opera_android
F02771,safari
F02772,chrome
F02772,safari
F02773,webview_ios
F02774,opera_android
F02775,safari
F02775,safari_ios
F02775,webview_ios
F02776,opera_android
F02779,chrome
F02780,safari
F02780,webview_android
F02782,oculus
F02782,webview_ios
F02783,webview_android
F02784,chrome
F02784,opera
F02785,chrome
F02785,opera
F02786,oculus
F02787,edge
F02787,webview_ios
F02788,safari
F02788,safari_ios
F02788,webview_ios
F02789,chrome
F02789,webview_android
F02790,firefox
F02790,oculus
F02792,firefox
F02792,firefox_android
F02794,chrome
F02795,safari
F02795,safari_ios
F02795,webview_ios
F02796,oculus
F02796,webview_ios
F02799,safari
F02799,webview_ios
F02801,safari
F02801,safari_ios
F02801,webview_ios
F02802,safari
F02802,safari_ios
F02802,webview_ios
F02803,safari
F02803,safari_ios
F02803,webview_ios
F02804,samsunginternet_android
F02806,safari
F02806,safari_ios
F02806,webview_ios
F02808,chrome_android
F02810,chrome_android
F02812,chrome
F02813,webview_android
F02814,safari
F02814,safari_ios
F02814,webview_ios
F02815,samsunginternet_android
F02815,webview_android
F02816,opera
F02816,safari_ios
F02817,chrome
F02817,opera_android
F02818,opera
F02819,firefox
F02820,safari
F02820,safari_ios
F02820,webview_ios
F02821,oculus
F02821,opera_android
F02826,webview_android
F02826,webview_ios
F02827,safari
F02827,safari_ios
F02827,webview_ios
F02828,firefox_android
F02829,firefox
F02831,safari
F02831,safari_ios
F02831,webview_ios
F02832,webview_android
F02833,firefox
F02833,opera
F02834,samsunginternet_android
F02835,webview_ios
F02836,edge
F02836,opera
F02838,safari
F02838,safari_ios
F02838,webview_ios
F02839,chrome
F02841,samsunginternet_android
F02842,webview_android
F02843,opera_android
F02844,safari_ios
F02845,safari
F02845,safari_ios
F02845,webview_ios
F02846,firefox_android
F02847,firefox
F02847,firefox_android
F02850,chrome
F02850,opera
F02853,safari
F02853,webview_ios
F02855,safari_ios
F02856,chrome_android
F02856,samsunginternet_android
F02857,firefox
F02858,webview_ios
F02860,firefox
F02861,edge
F02861,firefox_android
F02862,chrome
F02862,edge
F02864,edge
F02864,opera_android
F02866,edge
F02866,firefox_android
F02867,safari_ios
F02868,firefox
F02869,firefox_android
F02870,safari
F02870,safari_ios
F02870,webview_ios
F02871,safari
F02871,samsunginternet_android
F02874,webview_android
F02875,safari
F02876,safari
F02876,safari_ios
F02876,webview_ios
F02877,safari
F02878,safari
F02879,firefox
F02880,samsunginternet_android
F02881,safari
F02881,safari_ios
F02881,webview_ios
F02882,firefox
F02882,firefox_android
F02883,safari
F02883,safari_ios
F02883,webview_ios
F02885,firefox
F02886,safari
F02886,safari_ios
F02887,chrome
F02888,opera_android
F02888,safari
F02889,chrome
F02891,chrome
F02891,oculus
F02892,opera
F02892,webview_ios
F02893,firefox
F02893,firefox_android
F02895,safari
F02896,oculus
F02897,chrome
F02897,opera
F02902,safari
F02902,safari_ios
F02902,webview_ios
F02903,firefox
F02903,firefox_android
F02904,safari
F02905,edge
F02906,chrome
F02906,edge
F02908,webview_android
F02908,webview_ios
F02909,chrome
F02909,firefox_android
F02910,safari
F02910,webview_ios
F02912,firefox_android
F02914,firefox
F02914,webview_ios
F02915,oculus
F02915,safari_ios
F02917,chrome
F02917,edge
F02919,safari
F02919,safari_ios
F02919,webview_ios
F02921,safari
F02921,safari_ios
F02921,webview_ios
F02922,safari
F02922,safari_ios
F02922,webview_ios
F02923,safari
F02923,webview_ios
F02924,safari
F02924,webview_android
F02925,chrome
F02926,safari
F02926,safari_ios
F02926,webview_ios
F02928,safari
F02928,safari_ios
F02928,webview_ios
F02929,chrome
F02929,edge
F02930,safari
F02930,safari_ios
F02930,webview_ios
F02931,safari
F02932,opera
F02932,webview_ios
F02933,chrome
F02933,opera
F02935,webview_android
F02936,firefox_android
F02936,opera_android
F02938,safari
F02938,webview_ios
F02939,safari
F02939,webview_ios
F02941,safari
F02941,safari_ios
F02941,webview_ios
F02942,firefox
F02942,firefox_android
F02943,opera
F02944,oculus
F02944,safari
F02945,safari
F02946,oculus
F02946,safari_ios
F02947,opera
F02948,safari
F02949,firefox_android
F02949,opera_android
F02950,firefox
F02951,chrome_android
F02952,webview_ios
F02953,oculus
F02953,opera_android
F02954,safari
F02954,safari_ios
F02954,webview_ios
F02955,safari
F02955,safari_ios
F02955,webview_ios
F02956,chrome
F02957,firefox
F02957,firefox_android
F02958,samsunginternet_android
F02959,chrome
F02959,samsunginternet_android
F02961,chrome
F02961,opera
F02962,safari
F02965,safari
F02965,safari_ios
F02965,webview_ios
F02967,safari
F02967,safari_ios
F02967,webview_ios
F02968,safari_ios
F02969,safari
F02971,safari
F02971,safari_ios
F02971,webview_ios
F02972,chrome_android
F02972,webview_ios
F02973,safari
F02973,webview_ios
F02974,chrome
F02974,chrome_android
F02975,safari
F02975,safari_ios
F02975,webview_ios
F02977,safari
F02977,webview_ios
F02978,chrome
F02978,samsunginternet_android
F02979,safari
F02979,safari_ios
F02979,webview_ios
F02982,firefox
F02983,firefox
F02984,firefox
F02984,firefox_android
F02986,safari
F02986,safari_ios
F02986,webview_ios
F02987,firefox
F02988,safari
F02989,chrome
F02989,webview_android
F02990,oculus
F02990,samsunginternet_android
F02991,edge
F02991,safari_ios
F02992,safari
F02993,safari
F02995,webview_android
F02996,firefox
F02997,firefox
F02997,firefox_android
F02998,safari
F02998,safari_ios
F02999,firefox
F02999,samsunginternet_android
F03000,safari
F03001,opera
F03003,oculus
F03004,webview_android
F03005,opera
F03006,oculus
F03006,samsunginternet_android
F03007,chrome
F03007,oculus
F03008,firefox
F03009,opera_android
F03010,chrome
F03010,samsunginternet_android
F03013,chrome
F03014,edge
F03014,firefox
F03015,firefox
F03015,firefox_android
F03016,safari
F03016,webview_ios
F03017,safari
F03019,chrome
F03019,firefox
F03020,chrome
F03020,chrome_android
F03022,firefox
F03023,oculus
F03024,firefox
F03024,firefox_android
F03025,opera
F03026,firefox
F03027,oculus
F03028,chrome
F03028,firefox
F03030,oculus
F03030,samsunginternet_android
F03032,firefox
F03032,firefox_android
F03033,webview_ios
F03034,chrome_android
F03034,samsunginternet_android
F03035,firefox_android
F03036,oculus
F03037,firefox
F03037,firefox_android
F03038,chrome
F03038,opera
F03039,safari
F03039,safari_ios
F03039,webview_ios
F03040,opera_android
F03041,safari
F03043,chrome
F03043,webview_android
F03044,firefox_android
F03045,firefox_android
F03046,webview_android
F03047,opera_android
F03048,safari
F03048,safari_ios
F03048,webview_ios
F03049,oculus
F03049,webview_ios
F03050,webview_android
F03051,safari
F03051,safari_ios
F03055,safari
F03055,safari_ios
F03055,webview_ios
F03057,safari
F03058,safari_ios
F03059,safari
F03059,safari_ios
F03059,webview_ios
F03060,opera_android
F03061,chrome
F03061,oculus
F03062,samsunginternet_android
F03063,chrome
F03063,opera_android
F03065,safari_ios
F03065,samsunginternet_android
F03066,safari
F03066,safari_ios
F03066,webview_ios
F03067,chrome_android
F03067,safari
F03068,safari
F03068,safari_ios
F03068,webview_ios
F03070,safari
F03070,safari_ios
F03070,webview_ios
F03071,chrome
F03072,edge
F03072,safari_ios
F03073,safari
F03073,safari_ios
F03073,webview_ios
F03074,safari
F03074,safari_ios
F03074,webview_ios
F03075,chrome_android
F03076,opera
F03077,safari
F03077,safari_ios
F03078,firefox
F03079,chrome
F03079,webview_android
F03080,safari
F03082,safari
F03082,safari_ios
F03082,webview_ios
F03083,edge
F03083,oculus
F03084,firefox
F03085,firefox
F03085,firefox_android
F03087,firefox_android
F03088,chrome
F03088,edge
F03089,opera_android
F03090,chrome_android
F03090,webview_ios
F03091,safari
F03092,chrome_android
F03092,safari
F03094,oculus
F03095,safari
F03095,safari_ios
F03095,webview_ios
F03096,opera_android
F03096,webview_ios
F03097,webview_ios
F03098,firefox
F03099,safari_ios
F03100,oculus
F03102,safari
F03102,safari_ios
F03103,safari
F03103,safari_ios
F03103,webview_ios
F03104,firefox
F03104,firefox_android
F03105,safari
F03105,safari_ios
F03105,webview_ios
F03106,safari
F03106,safari_ios
F03106,webview_ios
F03107,chrome
F03107,oculus
F03108,safari
F03108,safari_ios
F03108,webview_ios
F03109,chrome
F03109,samsunginternet_android
F03110,safari
F03111,opera_android
F03111,samsunginternet_android
F03112,safari
F03112,safari_ios
F03112,webview_ios
F03113,firefox
F03113,firefox_android
F03114,opera_android
F03114,webview_android
F03115,opera
F03116,samsunginternet_android
F03118,firefox
F03119,samsunginternet_android
F03120,oculus
F03121,opera
F03121,samsunginternet_android
F03122,webview_android
F03122,webview_ios
F03123,oculus
F03123,safari_ios
F03124,safari
F03125,safari
F03125,safari_ios
F03126,safari
F03126,safari_ios
F03126,webview_ios
F03127,safari
F03128,firefox
F03128,firefox_android
F03129,safari
F03129,safari_ios
F03129,webview_ios
F03130,opera_android
F03132,chrome
F03132,oculus
F03133,safari
F03133,safari_ios
F03133,webview_ios
F03134,webview_android
F03135,safari
F03136,samsunginternet_android
F03136,webview_android
F03137,firefox
F03137,firefox_android
F03138,chrome
F03140,webview_ios
F03141,safari
F03141,safari_ios
F03141,webview_ios
F03142,opera
F03143,safari
F03144,oculus
F03144,opera
F03145,oculus
F03145,opera
F03146,safari
F03146,safari_ios
F03146,webview_ios
F03147,safari
F03147,safari_ios
F03147,webview_ios
F03148,firefox
F03148,firefox_android
F03149,firefox_android
F03150,safari
F03150,safari_ios
F03150,webview_ios
F03152,safari_ios
F03153,safari
F03153,safari_ios
F03153,webview_ios
F03154,safari
F03154,webview_ios
F03156,firefox_android
F03156,opera_android
F03157,chrome
F03158,chrome
F03158,webview_android
F03160,webview_ios
F03161,opera_android
F03163,chrome
F03164,safari
F03165,firefox
F03165,opera
F03166,opera_android
F03167,safari
F03168,chrome
F03168,webview_android
F03170,chrome
F03170,opera_android
F03171,safari
F03171,webview_ios
F03173,chrome_android
F03173,opera_android
F03175,chrome_android
F03175,safari
F03176,safari
F03176,webview_ios
F03177,safari_ios
F03178,safari
F03178,safari_ios
F03178,webview_ios
F03179,safari
F03179,safari_ios
F03179,webview_ios
F03180,firefox_android
F03181,chrome
F03181,opera
F03182,oculus
F03182,opera
F03183,firefox
F03183,oculus
F03184,firefox
F03184,firefox_android
F03185,safari
F03185,safari_ios
F03186,safari
F03186,safari_ios
F03186,webview_ios
F03187,chrome
F03189,oculus
F03190,opera_android
F03191,chrome
F03191,edge
F03192,chrome
F03193,opera
F03194,edge
F03194,samsunginternet_android
F03195,chrome
F03195,opera
F03198,chrome
F03203,safari
F03203,safari_ios
F03203,webview_ios
F03204,safari
F03205,firefox_android
F03206,firefox
F03207,chrome
F03207,opera_android
F03208,firefox
F03209,edge
F03209,safari
F03210,safari
F03210,safari_ios
F03210,webview_ios
F03211,chrome_android
F03211,samsunginternet_android
F03212,safari
F03212,safari_ios
F03212,webview_ios
F03213,opera_android
F03214,safari
F03214,safari_ios
F03214,webview_ios
F03216,safari
F03216,safari_ios
F03216,webview_ios
F03217,safari
F03217,safari_ios
F03217,webview_ios
F03218,safari
F03218,safari_ios
F03220,firefox
F03220,firefox_android
F03221,chrome
F03222,safari
F03222,safari_ios
F03222,webview_ios
F03223,firefox
F03224,chrome
F03226,safari
F03226,safari_ios
F03226,webview_ios
F03227,safari
F03229,chrome
F03229,opera_android
F03230,firefox
F03230,firefox_android
F03231,firefox
F03232,firefox
F03232,firefox_android
F03233,safari
F03233,safari_ios
F03233,webview_ios
F03234,opera_android
F03237,opera_android
F03238,webview_ios
F03239,chrome
F03239,chrome_android
F03240,safari
F03240,safari_ios
F03240,webview_ios
F03241,edge
F03242,chrome
F03244,safari
F03246,opera
F03248,chrome_android
F03248,firefox
F03249,firefox
F03249,firefox_android
F03250,firefox
F03250,opera_android
F03251,safari
F03251,safari_ios
F03251,webview_ios
F03253,chrome
F03253,oculus
F03255,firefox_android
F03257,safari
F03257,safari_ios
F03257,webview_ios
F03258,opera_android
F03259,firefox
F03259,firefox_android
F03260,chrome
F03260,oculus
F03261,safari
F03261,safari_ios
F03261,webview_ios
F03262,oculus
F03262,opera_android
F03263,firefox_android
F03263,oculus
F03264,samsunginternet_android
F03265,safari
F03267,safari
F03267,safari_ios
F03268,firefox
F03268,firefox_android
F03270,safari
F03274,firefox
F03274,firefox_android
F03275,safari
F03275,safari_ios
F03275,webview_ios
F03276,firefox
F03276,safari
F03277,firefox_android
F03277,oculus
F03279,webview_android
F03280,safari
F03280,safari_ios
F03280,webview_ios
F03282,chrome
F03283,firefox
F03283,opera_android
F03284,safari_ios
F03285,chrome
F03285,opera
F03287,safari
F03287,safari_ios
F03287,webview_ios
F03288,oculus
F03289,safari
F03290,webview_android
F03291,safari
F03292,oculus
F03294,chrome_android
F03296,firefox
F03297,oculus
F03297,safari_ios
F03302,edge
F03302,samsunginternet_android
F03304,chrome
F03306,safari
F03306,safari_ios
F03306,webview_ios
F03307,edge
F03308,edge
F03308,opera
F03310,safari
F03310,safari_ios
F03310,webview_ios
F03311,edge
F03311,opera
F03312,safari
F03312,safari_ios
F03312,webview_ios
F03314,firefox_android
F03314,webview_ios
F03315,safari
F03315,safari_ios
F03315,webview_ios
F03317,firefox
F03317,firefox_android
F03319,chrome
F03322,chrome
F03322,samsunginternet_android
F03323,chrome
F03324,safari
F03324,safari_ios
F03324,webview_ios
F03325,safari
F03325,safari_ios
F03326,safari
F03326,safari_ios
F03327,firefox
F03327,firefox_android
F03328,webview_ios
F03329,firefox
F03329,firefox_android
F03330,edge
F03330,firefox
F03331,firefox
F03331,firefox_android
F03332,firefox_android
F03336,safari
F03336,safari_ios
F03336,webview_ios
F03337,chrome
F03338,opera_android
F03339,safari
F03339,safari_ios
F03339,webview_ios
F03340,firefox
F03340,safari
F03341,safari
F03341,safari_ios
F03341,webview_ios
F03342,webview_android
F03343,chrome_android
F03343,firefox
F03344,safari
F03344,safari_ios
F03344,webview_ios
F03345,chrome
F03345,opera
F03347,chrome
F03347,edge
F03348,oculus
F03350,safari
F03351,samsunginternet_android
F03352,chrome
F03352,safari_ios
F03353,safari
F03353,safari_ios
F03353,webview_ios
F03355,webview_android
F03356,safari_ios
F03356,webview_android
F03357,safari
F03357,safari_ios
F03357,webview_ios
F03358,chrome
F03360,safari
F03360,safari_ios
F03360,webview_ios
F03362,safari
F03362,webview_ios
F03363,chrome_android
F03363,safari
F03364,safari
F03364,safari_ios
F03364,webview_ios
F03366,firefox_android
F03366,safari
F03367,oculus
F03368,opera
F03368,opera_android
F03369,firefox
F03370,safari
F03370,safari_ios
F03371,oculus
F03371,opera_android
F03372,chrome
F03373,firefox
F03373,firefox_android
F03374,firefox_android
F03374,samsunginternet_android
F03379,webview_ios
F03380,oculus
F03381,safari
F03381,safari_ios
F03381,webview_ios
F03382,chrome_android
F03383,opera
F03383,opera_android
F03384,firefox
F03385,edge
F03385,firefox_android
F03386,safari
F03386,safari_ios
F03386,webview_ios
F03387,firefox
F03388,oculus
F03388,webview_ios
F03389,safari
F03389,webview_ios
F03390,samsunginternet_android
F03390,webview_android
F03391,safari
F03392,edge
F03395,chrome
F03395,samsunginternet_android
F03398,opera_android
F03398,webview_ios
F03399,safari
F03399,safari_ios
F03399,webview_ios
F03400,safari
F03400,safari_ios
F03400,webview_ios
F03401,firefox
F03403,safari
F03403,safari_ios
F03403,webview_ios
F03404,firefox
F03404,firefox_android
F03405,chrome
F03405,opera
F03406,chrome
F03406,webview_android
F03407,safari
F03407,safari_ios
F03407,webview_ios
F03408,safari
F03408,safari_ios
F03409,opera_android
F03410,chrome_android
F03411,safari
F03411,safari_ios
F03411,webview_ios
F03412,samsunginternet_android
F03414,chrome
F03414,oculus
F03416,safari
F03416,safari_ios
F03416,webview_ios
F03418,firefox
F03419,safari
F03420,chrome
F03420,webview_android
F03421,safari
F03421,safari_ios
F03421,webview_ios
F03424,opera
F03424,safari_ios
F03425,chrome
F03425,webview_android
F03427,chrome
F03428,firefox
F03428,samsunginternet_android
F03429,chrome
F03430,oculus
F03431,safari
F03431,safari_ios
F03431,webview_ios
F03433,firefox
F03434,oculus
F03434,webview_ios
F03435,chrome
F03436,opera
F03436,safari
F03437,chrome
F03437,samsunginternet_android
F03438,opera
F03441,chrome
F03441,webview_android
F03442,safari
F03442,safari_ios
F03442,webview_ios
F03444,firefox
F03444,firefox_android
F03445,webview_ios
F03446,safari_ios
F03447,chrome
F03447,edge
F03448,chrome
F03448,opera
F03449,safari
F03451,chrome
F03452,safari_ios
F03453,firefox
F03453,opera
F03454,firefox
F03454,firefox_android
F03455,firefox
F03455,firefox_android
F03456,chrome_android
F03456,safari_ios
F03457,webview_ios
F03458,edge
F03458,firefox_android
F03460,chrome
F03461,chrome
F03462,oculus
F03462,safari_ios
F03463,chrome
F03464,chrome
F03465,firefox
F03466,firefox
F03466,firefox_android
F03467,firefox
F03468,safari
F03468,safari_ios
F03468,webview_ios
F03469,firefox
F03469,firefox_android
F03470,chrome_android
F03471,opera
F03471,samsunginternet_android
F03472,firefox
F03472,firefox_android
F03473,firefox
F03473,firefox_android
F03475,chrome
F03475,chrome_android
F03476,safari
F03476,safari_ios
F03477,oculus
F03477,safari_ios
F03478,firefox
F03478,firefox_android
F03479,safari
F03479,safari_ios
F03479,webview_ios
F03480,chrome
F03480,edge
F03481,chrome_android
F03481,opera_android
F03482,safari
F03482,safari_ios
F03482,webview_ios
F03483,safari
F03483,safari_ios
F03483,webview_ios
F03484,safari
F03484,safari_ios
F03484,webview_ios
F03485,firefox
F03485,firefox_android
F03486,safari
F03486,safari_ios
F03486,webview_ios
F03487,edge
F03487,firefox
F03488,firefox_android
F03489,firefox
F03489,firefox_android
F03491,safari_ios
F03491,webview_android
F03492,safari
F03492,safari_ios
F03492,webview_ios
F03493,safari
F03494,edge
F03494,samsunginternet_android
F03495,safari
F03495,safari_ios
F03496,safari
F03496,safari_ios
F03496,webview_ios
F03497,firefox
F03497,firefox_android
F03499,firefox
F03500,safari
F03500,safari_ios
F03503,safari
F03503,safari_ios
F03503,webview_ios
F03504,safari
F03504,safari_ios
F03505,safari
F03505,safari_ios
F03505,webview_ios
F03507,chrome
F03507,edge
F03508,edge
F03508,webview_android
F03510,firefox
F03513,firefox
F03513,firefox_android
F03514,safari
F03514,safari_ios
F03516,chrome
F03516,samsunginternet_android
F03517,safari
F03517,webview_ios
F03518,chrome
F03519,safari
F03519,safari_ios
F03519,webview_ios
F03521,safari_ios
F03521,webview_android
F03522,safari
F03522,safari_ios
F03522,webview_ios
F03523,firefox
F03525,firefox
F03526,chrome
F03528,chrome
F03528,opera_android
F03529,safari
F03529,safari_ios
F03529,webview_ios
F03531,firefox
F03532,safari
F03532,safari_ios
F03532,webview_ios
F03533,edge
F03534,firefox
F03537,safari
F03537,webview_ios
F03539,webview_android
F03539,webview_ios
F03541,safari_ios
F03542,edge
F03543,safari
F03544,chrome
F03544,edge
F03545,chrome
F03545,firefox
F03547,safari
F03548,samsunginternet_android
F03550,opera_android
F03551,opera_android
F03552,oculus
F03552,safari
F03553,webview_ios
F03554,chrome
F03554,opera_android
F03557,safari
F03557,safari_ios
F03557,webview_ios
F03558,samsunginternet_android
F03559,firefox
F03559,webview_android
F03560,firefox
F03560,firefox_android
F03562,firefox
F03562,firefox_android
F03564,chrome
F03565,safari
F03565,safari_ios
F03565,webview_ios
F03567,chrome
F03568,safari
F03568,safari_ios
F03569,firefox
F03569,firefox_android
F03570,safari
F03570,safari_ios
F03571,opera
F03572,chrome
F03575,firefox
F03577,chrome
F03577,opera
F03578,chrome
F03581,webview_android
F03583,firefox
F03585,safari
F03586,oculus
F03587,edge
F03587,opera
F03588,safari
F03588,safari_ios
F03588,webview_ios
F03591,chrome
F03592,firefox
F03593,chrome
F03593,webview_android
F03597,safari
F03597,webview_ios
F03598,samsunginternet_android
F03598,webview_android
F03599,safari
F03599,safari_ios
F03599,webview_ios
F03600,safari
F03600,safari_ios
F03600,webview_ios
F03603,safari
F03603,safari_ios
F03603,webview_ios
F03604,opera_android
F03604,safari_ios
F03605,firefox
F03606,safari
F03607,firefox
F03607,safari
F03608,firefox
F03609,edge
F03610,safari
F03610,webview_ios
F03612,chrome
F03613,firefox
F03613,firefox_android
F03614,firefox
F03614,webview_android
F03616,firefox
F03617,firefox
F03617,firefox_android
F03619,firefox
F03619,opera
F03620,safari
F03620,safari_ios
F03620,webview_ios
F03621,firefox
F03622,firefox
F03623,edge
F03623,webview_ios
F03624,safari_ios
F03625,firefox
F03625,firefox_android
F03626,chrome
F03626,oculus
F03627,safari
F03627,safari_ios
F03627,webview_ios
F03628,safari
F03628,safari_ios
F03628,webview_ios
F03629,safari
F03629,safari_ios
F03629,webview_ios
F03630,safari
F03630,safari_ios
F03630,webview_ios
F03633,safari
F03634,safari_ios
F03636,webview_ios
F03637,safari
F03637,safari_ios
F03637,webview_ios
F03640,safari
F03640,safari_ios
F03642,opera_android
F03642,safari_ios
F03643,chrome
F03643,chrome_android
F03644,safari
F03644,webview_ios
F03645,safari
F03645,safari_ios
F03645,webview_ios
F03646,firefox
F03646,opera
F03647,chrome
F03648,firefox
F03649,safari
F03649,safari_ios
F03649,webview_ios
F03650,safari
F03650,safari_ios
F03650,webview_ios
F03651,safari
F03651,safari_ios
F03652,webview_ios
F03653,firefox
F03654,safari
F03654,safari_ios
F03654,webview_ios
F03656,firefox
F03657,chrome
F03657,webview_android
F03658,safari
F03658,safari_ios
F03658,webview_ios
F03662,chrome_android
F03662,webview_ios
F03663,firefox_android
F03665,safari
F03665,safari_ios
F03665,webview_ios
F03666,safari
F03668,firefox
F03669,webview_android
F03670,safari
F03670,safari_ios
F03670,webview_ios
F03671,safari
F03671,safari_ios
F03671,webview_ios
F03672,chrome
F03673,safari
F03673,safari_ios
F03673,webview_ios
F03674,chrome
F03675,chrome_android
F03677,chrome
F03677,chrome_android
F03680,safari
F03681,opera
F03682,chrome
F03683,firefox
F03684,safari
F03684,safari_ios
F03684,webview_ios
F03685,safari
F03685,safari_ios
F03685,webview_ios
F03686,chrome_android
F03686,webview_ios
F03687,safari
F03687,safari_ios
F03688,firefox
F03688,safari
F03689,safari
F03689,safari_ios
F03690,firefox_android
F03690,opera
F03691,edge
F03692,safari
F03692,webview_ios
F03694,safari
F03694,safari_ios
F03694,webview_ios
F03695,safari
F03695,safari_ios
F03695,webview_ios
F03697,safari
F03697,webview_ios
F03698,webview_ios
F03699,safari_ios
F03699,webview_ios
F03701,edge
F03701,firefox
F03702,firefox_android
F03703,firefox
F03704,safari
F03704,safari_ios
F03704,webview_ios
F03705,webview_ios
F03706,webview_android
F03707,chrome
F03708,firefox
F03708,webview_android
F03709,safari
F03709,safari_ios
F03710,opera
F03711,firefox
F03711,firefox_android
F03712,firefox_android
F03712,webview_ios
F03713,firefox
F03713,firefox_android
F03714,firefox
F03714,webview_ios
F03715,safari
F03715,safari_ios
F03716,firefox_android
F03718,firefox
F03719,opera_android
F03719,safari_ios
F03720,safari
F03720,safari_ios
F03720,webview_ios
F03723,chrome
F03723,samsunginternet_android
F03724,firefox
F03725,chrome
F03726,safari
F03726,webview_ios
F03727,safari_ios
F03728,opera_android
F03728,webview_android
F03729,firefox
F03729,firefox_android
F03731,safari
F03732,safari
F03732,safari_ios
F03732,webview_ios
F03733,firefox
F03734,safari
F03734,webview_ios
F03737,safari
F03737,safari_ios
F03737,webview_ios
F03738,safari
F03739,safari
F03739,safari_ios
F03739,webview_ios
F03740,chrome
F03742,safari_ios
F03742,webview_android
F03743,oculus
F03744,firefox
F03744,firefox_android
F03745,chrome
F03747,chrome
F03747,edge
F03748,safari
F03748,safari_ios
F03749,chrome_android
F03749,oculus
F03750,safari
F03750,safari_ios
F03750,webview_ios
F03751,safari
F03751,safari_ios
F03751,webview_ios
F03754,firefox
F03754,firefox_android
F03755,webview_ios
F03756,oculus
F03757,firefox
F03757,firefox_android
F03758,chrome
F03758,opera
F03760,chrome_android
F03760,webview_ios
F03761,samsunginternet_android
F03762,safari
F03762,safari_ios
F03762,webview_ios
F03764,chrome
F03765,safari
F03765,webview_ios
F03766,chrome_android
F03767,chrome
F03768,safari
F03768,safari_ios
F03768,webview_ios
F03769,chrome
F03769,oculus
F03770,firefox
F03771,firefox
F03772,firefox
F03772,firefox_android
F03775,safari
F03776,firefox
F03776,safari
F03777,firefox
F03777,safari
F03778,safari
F03778,safari_ios
F03778,webview_ios
F03779,firefox_android
F03781,oculus
F03782,chrome
F03784,chrome_android
F03785,safari
F03786,edge
F03787,safari
F03788,safari
F03788,safari_ios
F03788,webview_ios
F03789,firefox_android
F03789,samsunginternet_android
F03790,safari
F03790,safari_ios
F03790,webview_ios
F03791,safari
F03791,safari_ios
F03791,webview_ios
F03793,firefox
F03794,safari
F03796,opera_android
F03797,safari
F03797,webview_ios
F03798,chrome
F03798,opera
F03799,safari
F03799,safari_ios
F03799,webview_ios
F03800,safari
F03801,chrome
F03803,safari
F03804,safari
F03804,safari_ios
F03804,webview_ios
F03805,opera
F03806,chrome
F03807,safari
F03807,safari_ios
F03807,webview_ios
F03808,chrome
F03809,safari
F03809,webview_ios
F03810,oculus
F03810,webview_android
F03811,chrome
F03811,opera_android
F03812,firefox
F03812,opera_android
F03813,safari
F03814,opera_android
F03814,webview_ios
F03816,samsunginternet_android
F03816,webview_ios
F03817,chrome
F03817,chrome_android
F03818,firefox
F03819,chrome_android
F03820,safari
F03821,webview_ios
F03822,safari
F03822,safari_ios
F03822,webview_ios
F03824,edge
F03825,safari
F03826,safari
F03826,safari_ios
F03826,webview_ios
F03827,safari
F03827,webview_ios
F03828,opera
F03828,webview_android
F03830,safari
F03830,safari_ios
F03830,webview_ios
F03831,firefox
F03831,firefox_android
F03832,safari
F03832,safari_ios
F03832,webview_ios
F03833,safari
F03833,safari_ios
F03833,webview_ios
F03834,safari
F03834,safari_ios
F03834,webview_ios
F03835,safari_ios
F03835,webview_android
F03837,safari
F03837,safari_ios
F03837,webview_ios
F03838,firefox
F03838,opera_android
F03839,firefox
F03839,firefox_android
F03840,webview_ios
F03841,safari
F03841,safari_ios
F03841,webview_ios
F03843,chrome
F03846,safari
F03846,safari_ios
F03846,webview_ios
F03847,opera
F03848,chrome
F03849,chrome
F03852,chrome
F03854,safari
F03854,safari_ios
F03854,webview_ios
F03856,chrome_android
F03858,chrome
F03858,safari_ios
F03859,webview_android
F03860,safari
F03860,safari_ios
F03860,webview_ios
F03861,edge
F03861,firefox_android
F03862,safari
F03862,safari_ios
F03863,safari
F03863,safari_ios
F03863,webview_ios
F03864,firefox_android
F03865,safari
F03865,webview_ios
F03866,safari
F03867,safari_ios
F03868,safari
F03868,safari_ios
F03868,webview_ios
F03869,firefox
F03869,firefox_android
F03870,safari
F03870,safari_ios
F03870,webview_ios
F03871,chrome
F03871,chrome_android
F03872,firefox_android
F03873,firefox
F03874,webview_android
F03875,safari
F03875,safari_ios
F03876,firefox
F03876,firefox_android
F03877,chrome
F03877,edge
F03878,edge
F03879,safari
F03879,safari_ios
F03879,webview_ios
F03881,safari
F03881,safari_ios
F03881,webview_ios
F03882,opera
F03883,firefox
F03884,safari
F03884,safari_ios
F03884,webview_ios
F03885,chrome_android
F03887,chrome
F03888,safari
F03888,safari_ios
F03888,webview_ios
F03889,chrome
F03889,edge
F03890,chrome
F03891,chrome
F03891,opera
F03892,safari
F03892,safari_ios
F03892,webview_ios
F03893,chrome_android
F03893,safari_ios
F03895,firefox
F03896,chrome_android
F03897,safari
F03898,chrome
F03899,chrome
F03899,opera
F03900,safari
F03901,safari
F03901,safari_ios
F03901,webview_ios
F03902,firefox
F03903,edge
F03904,safari
F03904,safari_ios
F03904,webview_ios
F03905,chrome
F03906,safari
F03906,webview_ios
F03907,safari
F03907,safari_ios
F03907,webview_ios
F03908,edge
F03908,firefox
F03909,safari
F03909,safari_ios
F03909,webview_ios
F03910,safari
F03910,safari_ios
F03910,webview_ios
F03911,samsunginternet_android
F03911,webview_android
F03913,chrome
F03913,opera
F03914,safari
F03914,safari_ios
F03915,edge
F03915,samsunginternet_android
F03916,samsunginternet_android
F03918,webview_android
F03919,safari
F03919,webview_ios
F03921,safari
F03921,webview_android
F03922,safari_ios
F03923,firefox
F03923,firefox_android
F03924,firefox
F03924,firefox_android
F03926,safari
F03926,webview_ios
F03927,edge
F03927,samsunginternet_android
F03929,firefox
F03929,firefox_android
F03930,chrome
F03930,webview_android
F03932,safari
F03933,oculus
F03934,chrome
F03934,opera_android
F03935,safari
F03935,safari_ios
F03935,webview_ios
F03936,samsunginternet_android
F03937,chrome
F03937,opera
F03938,safari
F03938,safari_ios
F03938,webview_ios
F03940,oculus
F03940,safari
F03941,firefox
F03942,safari
F03942,safari_ios
F03944,oculus
F03945,chrome
F03945,opera_android
F03946,safari
F03946,safari_ios
F03946,webview_ios
F03948,chrome
F03948,oculus
F03949,chrome
F03950,safari
F03950,safari_ios
F03950,webview_ios
F03951,safari_ios
F03951,webview_ios
F03952,safari
F03952,safari_ios
F03952,webview_ios
F03953,safari
F03953,safari_ios
F03953,webview_ios
F03954,safari
F03955,samsunginternet_android
F03957,opera_android
F03957,safari_ios
F03958,samsunginternet_android
F03958,webview_android
F03959,safari
F03961,safari
F03961,webview_ios
F03963,opera_android
F03963,samsunginternet_android
F03965,opera
F03967,safari
F03967,safari_ios
F03967,webview_ios
F03968,safari
F03968,safari_ios
F03968,webview_ios
F03969,edge
F03970,chrome_android
F03971,firefox
F03972,safari
F03972,safari_ios
F03972,webview_ios
F03973,firefox
F03973,firefox_android
F03974,safari
F03974,safari_ios
F03974,webview_ios
F03975,firefox
F03975,safari_ios
F03976,oculus
F03978,safari_ios
F03979,chrome
F03979,edge
F03980,edge
F03981,edge
F03981,webview_ios
F03983,chrome_android
F03984,safari
F03985,firefox_android
F03988,firefox
F03989,firefox
F03989,firefox_android
F03990,safari
F03990,safari_ios
F03990,webview_ios
F03992,edge
F03992,safari
F03993,webview_android
F03994,firefox
F03994,firefox_android
F03996,chrome
F03997,chrome
F03997,oculus
F03998,webview_android
F03999,safari
F03999,webview_ios
F04000,firefox
F04000,firefox_android
F04001,safari
F04002,safari_ios
F04003,chrome
F04003,webview_android
F04004,opera
F04004,safari_ios
F04006,chrome
F04006,firefox
F04008,oculus
F04009,safari
F04009,safari_ios
F04009,webview_ios
F04011,firefox_android
F04012,safari
F04012,safari_ios
F04013,safari
F04013,safari_ios
F04013,webview_ios
F04014,firefox
F04014,firefox_android
F04015,samsunginternet_android
F04016,safari
F04016,safari_ios
F04016,webview_ios
F04017,samsunginternet_android
F04017,webview_ios
F04018,safari
F04018,safari_ios
F04018,webview_ios
F04021,safari
F04021,safari_ios
F04021,webview_ios
F04022,safari
F04022,safari_ios
F04022,webview_ios
F04024,chrome
F04024,firefox
F04025,safari
F04025,safari_ios
F04025,webview_ios
F04026,safari_ios
F04028,chrome
F04029,chrome_android
F04030,edge
F04030,safari_ios
F04031,edge
F04032,safari
F04032,safari_ios
F04032,webview_ios
F04034,safari_ios
F04035,firefox
F04036,opera
F04037,oculus
F04038,safari
F04038,safari_ios
F04038,webview_ios
F04039,safari
F04039,safari_ios
F04039,webview_ios
F04040,safari
F04040,safari_ios
F04040,webview_ios
F04041,safari
F04041,safari_ios
F04041,webview_ios
F04042,chrome
F04043,safari
F04043,webview_ios
F04044,safari
F04044,safari_ios
F04044,webview_ios
F04045,safari
F04045,safari_ios
F04045,webview_ios
F04046,firefox
F04046,firefox_android
F04050,safari
F04051,chrome
F04051,chrome_android
F04053,webview_ios
F04054,samsunginternet_android
F04055,chrome
F04056,edge
F04058,safari
F04058,safari_ios
F04059,safari
F04059,safari_ios
F04059,webview_ios
F04060,chrome
F04061,safari
F04061,safari_ios
F04061,webview_ios
F04062,firefox
F04064,safari
F04065,edge
F04065,webview_ios
F04066,firefox
F04067,chrome
F04068,safari
F04069,safari
F04069,webview_ios
F04071,webview_ios
F04072,safari
F04072,safari_ios
F04072,webview_ios
F04073,opera_android
F04073,safari_ios
F04074,safari
F04074,safari_ios
F04074,webview_ios
F04075,chrome
F04075,oculus
F04077,chrome
F04077,edge
F04078,firefox
F04078,firefox_android
F04080,safari
F04080,safari_ios
F04080,webview_ios
F04082,safari
F04082,safari_ios
F04082,webview_ios
F04084,chrome_android
F04084,samsunginternet_android
F04085,safari
F04085,webview_android
F04086,firefox
F04086,firefox_android
F04087,opera
F04087,webview_android
F04088,samsunginternet_android
F04090,safari
F04090,safari_ios
F04090,webview_ios
F04091,firefox
F04091,firefox_android
F04094,safari
F04094,safari_ios
F04094,webview_ios
F04095,webview_ios
F04097,firefox_android
F04098,safari
F04098,safari_ios
F04098,webview_ios
F04099,webview_ios
F04100,safari
F04101,safari
F04101,safari_ios
F04101,webview_ios
F04103,edge
F04103,webview_ios
F04104,edge
F04105,firefox
F04106,safari
F04106,safari_ios
F04106,webview_ios
F04107,firefox
F04107,firefox_android
F04108,safari
F04108,samsunginternet_android
F04109,firefox
F04109,firefox_android
F04110,samsunginternet_android
F04111,safari
F04111,safari_ios
F04111,webview_ios
F04112,safari
F04112,safari_ios
F04112,webview_ios
F04113,safari
F04113,safari_ios
F04114,safari
F04114,safari_ios
F04114,webview_ios
F04115,chrome
F04115,samsunginternet_android
F04116,oculus
F04116,samsunginternet_android
F04118,safari
F04118,safari_ios
F04118,webview_ios
F04120,chrome
F04120,chrome_android
F04122,safari
F04123,safari_ios
F04124,safari
F04124,safari_ios
F04125,chrome_android
F04127,samsunginternet_android
F04128,chrome
F04128,opera
F04129,firefox
F04129,firefox_android
F04130,safari
F04130,safari_ios
F04130,webview_ios
F04131,webview_android
F04133,safari
F04133,safari_ios
F04133,webview_ios
F04134,safari
F04134,safari_ios
F04134,webview_ios
F04135,safari
F04136,safari
F04137,opera_android
F04137,webview_android
F04138,firefox_android
F04138,safari
F04139,firefox_android
F04139,samsunginternet_android
F04140,safari
F04140,safari_ios
F04141,safari
F04141,safari_ios
F04141,webview_ios
F04142,firefox
F04142,firefox_android
F04143,safari
F04144,firefox
F04145,safari
F04146,opera_android
F04146,samsunginternet_android
F04148,edge
F04149,firefox
F04149,firefox_android
F04150,webview_android
F04151,edge
F04151,firefox
F04152,safari
F04152,safari_ios
F04152,webview_ios
F04153,safari
F04153,webview_ios
F04154,oculus
F04154,samsunginternet_android
F04155,opera
F04155,opera_android
F04157,chrome
F04158,chrome
F04158,oculus
F04159,safari
F04159,safari_ios
F04159,webview_ios
F04160,safari
F04161,firefox
F04162,chrome
F04162,webview_android
F04163,firefox_android
F04164,safari
F04164,safari_ios
F04164,webview_ios
F04166,chrome
F04166,firefox_android
F04167,chrome
F04169,firefox
F04169,samsunginternet_android
F04172,safari
F04172,safari_ios
F04172,webview_ios
F04173,safari
F04173,safari_ios
F04174,firefox
F04175,samsunginternet_android
F04175,webview_ios
F04176,safari
F04177,edge
F04177,safari_ios
F04178,firefox
F04178,firefox_android
F04179,chrome
F04179,opera
F04180,chrome
F04180,edge
F04181,firefox
F04183,webview_android
F04184,safari
F04184,webview_ios
F04185,webview_android
F04186,safari
F04186,safari_ios
F04186,webview_ios
F04187,safari
F04187,safari_ios
F04188,safari
F04188,safari_ios
F04188,webview_ios
F04189,firefox
F04189,firefox_android
F04191,samsunginternet_android
F04192,safari
F04194,firefox
F04194,safari
F04195,chrome_android
F04195,firefox
F04196,edge
F04197,safari
F04197,safari_ios
F04197,webview_ios
F04198,samsunginternet_android
F04199,safari
F04199,safari_ios
F04199,webview_ios
F04200,firefox_android
F04201,edge
F04201,webview_android
F04203,webview_android
F04204,firefox
F04204,firefox_android
F04205,opera
F04206,firefox
F04207,opera
F04208,safari
F04208,safari_ios
F04208,webview_ios
F04209,webview_ios
F04210,chrome
F04212,firefox
F04212,firefox_android
F04213,safari
F04213,safari_ios
F04213,webview_ios
F04214,chrome
F04216,safari
F04216,webview_ios
F04217,oculus
F04217,opera
F04218,safari
F04218,webview_android
F04219,edge
F04219,webview_ios
F04220,safari
F04221,safari
F04221,safari_ios
F04221,webview_ios
F04222,samsunginternet_android
F04223,chrome
F04224,safari
F04224,safari_ios
F04224,webview_ios
F04226,safari
F04226,safari_ios
F04227,safari
F04227,safari_ios
F04227,webview_ios
F04228,safari
F04228,safari_ios
F04230,safari_ios
F04231,safari
F04232,firefox
F04234,firefox
F04234,firefox_android
F04235,opera
F04235,webview_android
F04236,safari
F04237,firefox
F04237,firefox_android
F04238,safari
F04238,safari_ios
F04238,webview_ios
F04239,chrome
F04239,firefox_android
F04240,safari
F04240,webview_ios
F04241,firefox
F04243,chrome
F04244,firefox
F04244,firefox_android
F04246,safari
F04246,webview_ios
F04247,safari
F04247,safari_ios
F04247,webview_ios
F04249,opera
F04250,chrome
F04250,safari
F04251,chrome
F04252,firefox_android
F04252,opera
F04254,chrome_android
F04254,safari_ios
F04256,chrome_android
F04257,chrome
F04257,firefox
F04258,webview_android
F04259,safari
F04259,safari_ios
F04259,webview_ios
F04260,opera
F04260,safari
F04261,safari_ios
F04262,safari
F04262,safari_ios
F04262,webview_ios
F04263,safari
F04263,webview_ios
F04264,oculus
F04264,webview_android
F04265,safari
F04266,safari
F04266,safari_ios
F04266,webview_ios
F04267,safari
F04267,safari_ios
F04268,firefox_android
F04268,oculus
F04269,oculus
F04269,opera_android
F04272,chrome
F04272,samsunginternet_android
F04274,safari
F04274,safari_ios
F04274,webview_ios
F04275,chrome
F04278,chrome
F04278,chrome_android
F04281,safari
F04281,safari_ios
F04281,webview_ios
F04282,opera
F04283,firefox
F04284,edge
F04284,samsunginternet_android
F04285,chrome
F04285,edge
F04286,chrome
F04286,oculus
F04287,safari
F04287,safari_ios
F04287,webview_ios
F04288,safari
F04289,chrome
F04289,oculus
F04290,chrome
F04291,oculus
F04291,safari
F04292,safari
F04292,safari_ios
F04293,chrome_android
F04294,webview_android
F04295,chrome
F04296,firefox
F04296,samsunginternet_android
F04297,safari
F04297,safari_ios
F04298,safari
F04298,safari_ios
F04298,webview_ios
F04300,firefox
F04300,firefox_android
F04301,safari
F04301,safari_ios
F04301,webview_ios
F04302,safari
F04302,safari_ios
F04302,webview_ios
F04303,safari
F04304,chrome
F04304,edge
F04305,safari
F04305,safari_ios
F04305,webview_ios
F04307,opera_android
F04308,opera_android
F04308,safari_ios
F04309,firefox_android
F04311,firefox_android
F04311,oculus
F04313,opera_android
F04315,chrome
F04315,chrome_android
F04316,safari
F04316,safari_ios
F04316,webview_ios
F04317,safari
F04317,webview_ios
F04318,safari
F04318,safari_ios
F04318,webview_ios
F04320,chrome
F04321,chrome_android
F04321,webview_android
F04323,firefox
F04324,chrome
F04325,firefox
F04326,firefox
F04326,firefox_android
F04327,safari
F04328,firefox
F04329,safari
F04329,safari_ios
F04329,webview_ios
F04330,chrome
F04331,safari
F04332,chrome
F04332,opera
F04334,chrome
F04334,opera
F04335,safari
F04335,safari_ios
F04335,webview_ios
F04336,chrome
F04336,edge
F04337,safari
F04338,firefox
F04338,firefox_android
F04340,chrome
F04340,chrome_android
F04341,safari
F04341,safari_ios
F04341,webview_ios
F04342,safari
F04342,safari_ios
F04342,webview_ios
F04343,edge
F04343,webview_ios
F04344,firefox
F04344,firefox_android
F04346,chrome
F04346,oculus
F04347,firefox
F04348,opera_android
F04349,edge
F04349,safari
F04350,safari
F04350,safari_ios
F04350,webview_ios
F04351,chrome
F04351,edge
F04352,opera
F04353,chrome
F04353,edge
F04355,safari
F04355,safari_ios
F04355,webview_ios
F04356,safari
F04356,safari_ios
F04356,webview_ios
F04357,edge
F04357,safari
F04358,safari
F04358,safari_ios
F04358,webview_ios
F04359,chrome
F04359,opera
F04360,safari
F04360,safari_ios
F04360,webview_ios
F04361,oculus
F04361,webview_ios
F04362,safari
F04365,chrome
F04369,edge
F04369,firefox_android
F04371,opera_android
F04371,webview_android
F04373,firefox
F04374,safari
F04374,safari_ios
F04374,webview_ios
F04375,chrome_android
F04378,safari
F04379,chrome
F04379,edge
F04380,safari
F04380,safari_ios
F04380,webview_ios
F04381,firefox
F04385,safari
F04385,webview_android
F04386,opera_android
F04390,firefox
F04392,opera
F04393,opera_android
F04393,webview_ios
F04395,safari
F04395,safari_ios
F04395,webview_ios
F04396,safari
F04396,safari_ios
F04396,webview_ios
F04398,safari
F04398,safari_ios
F04398,webview_ios
F04399,firefox
F04400,safari
F04400,safari_ios
F04400,webview_ios
F04401,firefox_android
F04401,safari_ios
F04404,samsunginternet_android
F04404,webview_android
F04405,oculus
F04405,safari_ios
F04406,chrome
F04406,oculus
F04407,webview_ios
F04408,chrome
F04409,firefox
F04409,firefox_android
F04411,safari
F04411,samsunginternet_android
F04414,chrome_android
F04415,chrome
F04415,webview_android
F04416,safari
F04416,safari_ios
F04416,webview_ios
F04417,firefox
F04417,firefox_android
F04418,safari
F04419,chrome
F04421,firefox
F04421,firefox_android
F04422,samsunginternet_android
F04424,chrome
F04424,opera
F04425,chrome_android
F04425,safari
F04426,safari
F04426,safari_ios
F04426,webview_ios
F04427,firefox_android
F04427,opera
F04428,safari
F04428,webview_ios
F04429,firefox
F04432,chrome
F04435,chrome
F04437,safari_ios
F04438,firefox
F04438,firefox_android
F04439,samsunginternet_android
F04441,chrome
F04441,edge
F04442,safari
F04443,chrome
F04443,firefox
F04444,safari
F04444,safari_ios
F04444,webview_ios
F04445,chrome
F04445,firefox_android
F04446,firefox
F04448,safari
F04448,safari_ios
F04452,chrome
F04452,oculus
F04453,safari_ios
F04453,samsunginternet_android
F04454,safari
F04454,safari_ios
F04454,webview_ios
F04455,webview_android
F04456,edge
F04456,webview_ios
F04457,chrome_android
F04458,oculus
F04460,safari
F04460,safari_ios
F04460,webview_ios
F04462,firefox_android
F04463,safari
F04465,safari
F04465,safari_ios
F04465,webview_ios
F04468,safari
F04468,safari_ios
F04468,webview_ios
F04469,chrome
F04469,opera_android
F04470,chrome_android
F04470,safari
F04471,opera_android
F04471,webview_ios
F04472,safari
F04472,webview_android
F04473,safari
F04473,safari_ios
F04474,safari
F04475,chrome
F04475,edge
F04476,firefox
F04477,samsunginternet_android
F04478,edge
F04479,firefox
F04480,safari_ios
F04482,opera_android
F04483,firefox
F04484,safari
F04484,safari_ios
F04484,webview_ios
F04485,firefox
F04486,safari
F04486,safari_ios
F04486,webview_ios
F04487,firefox
F04488,safari
F04488,safari_ios
F04488,webview_ios
F04489,chrome
F04489,opera
F04490,safari
F04492,safari
F04492,safari_ios
F04492,webview_ios
F04493,chrome_android
F04493,oculus
F04495,safari_ios
F04496,webview_android
F04497,chrome
F04498,safari
F04498,safari_ios
F04498,webview_ios
F04499,chrome_android
F04500,edge
F04500,samsunginternet_android
F04501,safari
F04502,edge
F04502,samsunginternet_android
F04504,firefox
F04504,firefox_android
F04506,safari_ios
F04507,firefox
F04507,firefox_android
F04508,firefox
F04510,samsunginternet_android
F04511,safari
F04512,firefox
F04513,chrome
F04514,safari
F04514,webview_ios
F04516,samsunginternet_android
F04516,webview_android
F04518,samsunginternet_android
F04519,edge
F04520,edge
F04520,opera
F04522,chrome
F04522,chrome_android
F04523,oculus
F04523,samsunginternet_android
F04524,safari
F04524,safari_ios
F04525,chrome
F04525,samsunginternet_android
F04527,firefox
F04527,firefox_android
F04528,chrome
F04528,chrome_android
F04530,safari
F04530,webview_ios
F04531,safari
F04531,safari_ios
F04531,webview_ios
F04532,firefox
F04533,safari
F04534,safari
F04534,webview_ios
F04535,firefox
F04536,safari
F04536,safari_ios
F04536,webview_ios
F04537,oculus
F04538,safari
F04539,safari
F04539,safari_ios
F04539,webview_ios
F04540,webview_ios
F04541,safari
F04541,safari_ios
F04541,webview_ios
F04542,firefox
F04543,edge
F04543,firefox
F04544,safari
F04544,safari_ios
F04544,webview_ios
F04545,chrome
F04545,opera_android
F04546,oculus
F04546,safari
F04547,chrome
F04548,safari
F04548,safari_ios
F04549,oculus
F04550,chrome
F04550,firefox_android
F04551,firefox_android
F04552,safari
F04552,safari_ios
F04552,webview_ios
F04553,chrome_android
F04554,opera
F04555,firefox
F04557,firefox
F04559,oculus
F04559,safari
F04560,edge
F04560,firefox
F04562,webview_android
F04563,safari
F04563,safari_ios
F04563,webview_ios
F04564,safari
F04564,safari_ios
F04564,webview_ios
F04566,safari
F04566,safari_ios
F04566,webview_ios
F04567,safari
F04567,safari_ios
F04567,webview_ios
F04568,samsunginternet_android
F04569,chrome
F04569,opera
F04570,opera
F04571,chrome_android
F04571,safari
F04573,safari
F04574,chrome
F04575,safari
F04575,safari_ios
F04575,webview_ios
F04577,chrome_android
F04578,firefox
F04578,firefox_android
F04579,firefox
F04581,chrome
F04581,opera_android
F04582,safari
F04585,safari
F04585,safari_ios
F04585,webview_ios
F04586,safari
F04586,safari_ios
F04586,webview_ios
F04587,samsunginternet_android
F04588,safari
F04588,safari_ios
F04588,webview_ios
F04589,chrome
F04589,chrome_android
F04590,webview_ios
F04591,firefox
F04592,chrome
F04592,edge
F04593,firefox
F04595,opera
F04596,chrome_android
F04596,firefox_android
F04602,firefox
F04602,firefox_android
F04603,safari
F04603,safari_ios
F04603,webview_ios
F04604,safari
F04604,safari_ios
F04604,webview_ios
F04606,chrome
F04607,chrome
F04607,opera_android
F04608,safari
F04609,safari
F04609,safari_ios
F04609,webview_ios
F04610,firefox
F04613,safari
F04613,safari_ios
F04613,webview_ios
F04614,safari
F04614,safari_ios
F04615,chrome_android
F04616,safari
F04616,webview_ios
F04617,firefox
F04617,firefox_android
F04618,safari
F04618,safari_ios
F04619,webview_ios
F04620,edge
F04620,opera
F04623,opera
F04623,webview_ios
F04625,webview_ios
F04626,safari_ios
F04627,chrome
F04627,opera
F04628,chrome
F04629,safari
F04629,webview_android
F04630,safari
F04630,safari_ios
F04630,webview_ios
F04631,chrome
F04632,safari
F04632,safari_ios
F04632,webview_ios
F04633,firefox
F04633,firefox_android
F04634,firefox
F04635,chrome
F04635,chrome_android
F04636,safari
F04636,safari_ios
F04636,webview_ios
F04637,firefox
F04637,firefox_android
F04638,safari
F04638,safari_ios
F04640,safari_ios
F04641,opera
F04641,samsunginternet_android
F04642,safari
F04643,safari
F04643,safari_ios
F04643,webview_ios
F04644,opera
F04644,webview_android
F04645,opera_android
F04646,firefox
F04646,webview_ios
F04647,safari
F04647,safari_ios
F04647,webview_ios
F04648,firefox_android
F04648,samsunginternet_android
F04650,safari
F04650,safari_ios
F04650,webview_ios
F04651,safari
F04651,safari_ios
F04651,webview_ios
F04652,safari
F04652,safari_ios
F04653,oculus
F04654,chrome
F04654,opera
F04655,firefox_android
F04656,chrome
F04657,firefox_android
F04657,safari_ios
F04660,firefox
F04661,chrome
F04661,opera_android
F04662,safari
F04662,webview_ios
F04663,chrome_android
F04665,firefox
F04666,safari
F04666,webview_ios
F04667,chrome_android
F04667,webview_android
F04669,firefox
F04670,opera
F04671,firefox
F04671,firefox_android
F04672,webview_android
F04673,opera
F04673,safari
F04675,chrome
F04675,webview_android
F04677,firefox_android
F04677,webview_android
F04678,safari
F04680,opera
F04680,opera_android
F04681,chrome
F04681,opera_android
F04683,firefox
F04684,safari
F04685,chrome_android
F04685,edge
F04686,safari
F04686,safari_ios
F04686,webview_ios
F04687,safari
F04687,safari_ios
F04687,webview_ios
F04688,safari
F04690,opera
F04691,chrome
F04691,webview_ios
F04692,safari
F04692,safari_ios
F04692,webview_ios
F04693,opera_android
F04693,safari
F04694,firefox_android
F04694,oculus
F04695,safari
F04695,safari_ios
F04695,webview_ios
F04697,opera
F04699,safari
F04699,samsunginternet_android
F04700,firefox
F04701,oculus
F04701,samsunginternet_android
F04703,edge
F04704,samsunginternet_android
F04705,opera
F04705,samsunginternet_android
F04707,oculus
F04708,edge
F04708,safari_ios
F04709,oculus
F04710,webview_ios
F04712,firefox
F04712,firefox_android
F04713,safari
F04713,safari_ios
F04713,webview_ios
F04715,firefox
F04717,firefox
F04717,firefox_android
F04720,firefox
F04721,opera
F04721,samsunginternet_android
F04723,firefox
F04723,firefox_android
F04724,chrome
F04724,opera
F04725,firefox
F04725,firefox_android
F04728,safari
F04728,safari_ios
F04728,webview_ios
F04730,samsunginternet_android
F04730,webview_ios
F04732,safari
F04732,webview_ios
F04733,chrome
F04734,safari
F04734,safari_ios
F04735,firefox
F04737,firefox
F04737,opera_android
F04740,safari
F04742,edge
F04743,chrome
F04744,edge
F04745,opera
F04745,safari_ios
F04746,safari
F04746,webview_ios
F04748,safari
F04748,safari_ios
F04748,webview_ios
F04749,safari
F04749,safari_ios
F04749,webview_ios
F04750,safari
F04751,safari
F04751,safari_ios
F04751,webview_ios
F04752,firefox
F04752,firefox_android
F04753,chrome
F04753,edge
F04754,safari
F04754,webview_ios
F04755,opera
F04756,chrome
F04756,opera_android
F04757,safari
F04760,firefox
F04760,safari
F04762,safari
F04762,safari_ios
F04763,safari
F04764,chrome
F04764,webview_android
F04765,webview_ios
F04766,chrome_android
F04766,firefox
F04768,edge
F04770,firefox_android
F04771,safari
F04771,safari_ios
F04771,webview_ios
F04772,safari_ios
F04773,safari
F04773,safari_ios
F04773,webview_ios
F04774,firefox
F04774,safari_ios
F04775,chrome
F04775,safari_ios
F04777,firefox
F04778,edge
F04779,firefox
F04779,firefox_android
F04781,safari
F04781,safari_ios
F04782,safari
F04783,firefox
F04783,firefox_android
F04785,safari
F04785,safari_ios
F04785,webview_ios
F04786,edge
F04787,safari
F04787,safari_ios
F04787,webview_ios
F04788,safari
F04788,safari_ios
F04788,webview_ios
F04789,webview_ios
F04790,chrome
F04791,firefox
F04791,firefox_android
F04794,firefox_android
F04796,safari
F04796,webview_ios
F04797,chrome_android
F04798,firefox
F04798,firefox_android
F04800,webview_android
F04801,chrome
F04802,edge
F04802,firefox
F04803,firefox
F04804,safari
F04804,safari_ios
F04804,webview_ios
F04805,safari
F04805,safari_ios
F04805,webview_ios
F04806,chrome
F04806,webview_android
F04807,firefox
F04807,firefox_android
F04809,safari
F04809,safari_ios
F04809,webview_ios
F04810,chrome_android
F04811,chrome_android
F04811,samsunginternet_android
F04812,firefox
F04813,chrome
F04813,oculus
F04814,samsunginternet_android
F04815,opera
F04816,safari
F04816,safari_ios
F04817,firefox
F04819,safari
F04819,safari_ios
F04819,webview_ios
F04821,firefox_android
F04821,safari_ios
F04823,firefox
F04824,chrome
F04824,oculus
F04825,webview_android
F04826,safari
F04826,webview_ios
F04827,firefox_android
F04828,firefox
F04829,safari
F04829,safari_ios
F04829,webview_ios
F04832,opera_android
F04833,firefox_android
F04833,webview_ios
F04834,chrome
F04834,opera
F04835,firefox
F04837,edge
F04837,oculus
F04838,safari
F04838,safari_ios
F04838,webview_ios
F04839,opera_android
F04840,opera
F04841,chrome
F04841,chrome_android
F04843,firefox
F04844,chrome
F04844,samsunginternet_android
F04845,firefox_android
F04847,firefox
F04848,chrome
F04849,safari
F04849,safari_ios
F04850,chrome_android
F04850,edge
F04851,safari
F04852,chrome
F04853,opera_android
F04855,firefox
F04858,opera
F04859,firefox
F04860,firefox
F04860,firefox_android
F04861,oculus
F04863,opera_android
F04864,firefox
F04864,firefox_android
F04865,firefox
F04867,safari
F04867,safari_ios
F04867,webview_ios
F04868,firefox
F04868,firefox_android
F04869,chrome
F04869,oculus
F04870,chrome
F04872,safari
F04872,safari_ios
F04872,webview_ios
F04875,firefox_android
F04879,chrome_android
F04880,opera
F04880,opera_android
F04882,safari
F04882,webview_ios
F04883,firefox_android
F04883,samsunginternet_android
F04884,safari
F04884,safari_ios
F04884,webview_ios
F04885,safari_ios
F04886,opera
F04886,webview_ios
F04888,safari
F04888,webview_ios
F04890,edge
F04890,safari
F04892,safari
F04892,safari_ios
F04892,webview_ios
F04895,safari
F04895,safari_ios
F04895,webview_ios
F04896,safari
F04896,safari_ios
F04896,webview_ios
F04898,safari_ios
F04900,chrome
F04900,chrome_android
F04901,firefox_android
F04902,safari
F04902,safari_ios
F04902,webview_ios
F04903,edge
F04904,safari
F04904,safari_ios
F04904,webview_ios
F04905,chrome
F04905,samsunginternet_android
F04906,safari
F04906,safari_ios
F04906,webview_ios
F04907,firefox
F04909,oculus
F04909,safari_ios
F04910,firefox
F04910,oculus
F04914,firefox
F04914,firefox_android
F04915,safari
F04915,safari_ios
F04917,firefox_android
F04919,firefox
F04920,safari
F04920,safari_ios
F04920,webview_ios
F04921,chrome
F04921,chrome_android
F04922,safari
F04922,webview_ios
F04923,safari
F04923,safari_ios
F04923,webview_ios
F04924,oculus
F04924,opera_android
F04925,opera
F04926,firefox
F04926,firefox_android
F04927,firefox
F04928,chrome
F04928,samsunginternet_android
F04930,chrome
F04930,edge
F04931,chrome
F04932,safari
F04932,safari_ios
F04932,webview_ios
F04933,safari
F04933,safari_ios
F04933,webview_ios
F04934,chrome_android
F04934,firefox
F04935,chrome
F04936,safari
F04937,safari
F04937,safari_ios
F04937,webview_ios
F04938,safari
F04938,safari_ios
F04938,webview_ios
F04939,firefox
F04939,firefox_android
F04940,samsunginternet_android
F04942,safari
F04942,safari_ios
F04942,webview_ios
F04943,opera
F04944,firefox
F04944,firefox_android
F04945,chrome
F04946,oculus
F04948,safari
F04948,safari_ios
F04948,webview_ios
F04950,safari
F04950,safari_ios
F04950,webview_ios
F04951,safari
F04953,safari
F04953,safari_ios
F04953,webview_ios
F04954,firefox
F04954,firefox_android
F04955,edge
F04956,chrome
F04956,edge
F04957,opera
F04958,samsunginternet_android
F04959,safari
F04959,webview_ios
F04960,safari
F04963,safari
F04963,safari_ios
F04963,webview_ios
F04964,safari
F04964,safari_ios
F04964,webview_ios
F04965,chrome
F04966,safari
F04966,safari_ios
F04966,webview_ios
F04967,safari
F04967,safari_ios
F04967,webview_ios
F04968,firefox
F04969,safari
F04969,safari_ios
F04969,webview_ios
F04970,firefox_android
F04972,safari_ios
F04972,samsunginternet_android
F04973,edge
F04974,firefox_android
F04974,webview_ios
F04977,chrome
F04977,oculus
F04979,chrome
F04979,opera
F04980,firefox
F04980,firefox_android
F04982,edge
F04982,webview_android
F04983,firefox
F04983,firefox_android
F04984,firefox_android
F04984,safari_ios
F04985,safari
F04985,safari_ios
F04985,webview_ios
F04986,oculus
F04987,webview_android
F04988,chrome
F04990,safari
F04990,safari_ios
F04990,webview_ios
F04991,webview_android
F04992,opera
F04993,safari
F04996,safari
F04997,chrome
F04998,safari
F04998,samsunginternet_android
F05000,chrome_android
F05001,oculus
F05001,opera
F05002,chrome
F05002,webview_android
F05003,webview_ios
F05004,chrome
F05005,oculus
F05005,safari
F05006,safari
F05006,safari_ios
F05006,webview_ios
F05007,safari
F05007,safari_ios
F05007,webview_ios
F05008,firefox
F05009,firefox_android
F05010,safari
F05011,opera_android
F05011,webview_android
F05012,safari
F05013,safari
F05014,firefox
F05014,firefox_android
F05015,chrome
F05015,chrome_android
F05016,edge
F05017,webview_ios
F05018,webview_android
F05019,chrome_android
F05019,webview_android
F05022,firefox
F05023,firefox
F05023,firefox_android
F05025,firefox
F05026,chrome
F05026,chrome_android
F05027,opera_android
F05028,safari
F05028,safari_ios
F05028,webview_ios
F05029,firefox
F05030,safari
F05030,safari_ios
F05031,edge
F05031,opera_android
F05032,safari
F05033,edge
F05034,firefox
F05034,firefox_android
F05035,edge
F05035,firefox
F05036,firefox
F05036,firefox_android
F05038,safari
F05038,webview_ios
F05039,firefox
F05040,safari
F05040,safari_ios
F05040,webview_ios
F05042,safari
F05042,safari_ios
F05042,webview_ios
F05043,edge
F05043,firefox
F05044,chrome
F05044,opera
F05045,chrome
F05046,chrome_android
F05047,webview_android
F05049,safari
F05049,safari_ios
F05049,webview_ios
F05052,opera
F05053,firefox_android
F05054,safari
F05054,safari_ios
F05054,webview_ios
F05056,safari
F05056,safari_ios
F05056,webview_ios
F05058,oculus
F05059,oculus
F05059,opera
F05061,opera_android
F05061,samsunginternet_android
F05063,safari
F05064,safari
F05064,webview_ios
F05066,firefox_android
F05068,safari
F05068,safari_ios
F05068,webview_ios
F05069,samsunginternet_android
F05070,safari
F05070,webview_ios
F05071,chrome
F05074,chrome
F05075,safari
F05075,safari_ios
F05075,webview_ios
F05078,firefox_android
F05079,safari
F05079,webview_ios
F05080,samsunginternet_android
F05082,safari
F05082,safari_ios
F05082,webview_ios
F05083,safari
F05083,safari_ios
F05083,webview_ios
F05084,safari
F05084,safari_ios
F05085,safari
F05085,safari_ios
F05085,webview_ios
F05086,firefox_android
F05086,webview_android
F05087,opera_android
F05087,safari_ios
F05088,opera
F05090,safari
F05090,safari_ios
F05090,webview_ios
F05091,edge
F05091,opera_android
F05092,edge
F05092,oculus
F05093,safari
F05093,safari_ios
F05093,webview_ios
F05095,chrome
F05096,chrome
F05096,edge
F05097,chrome
F05097,webview_android
F05098,opera
F05099,oculus
F05099,samsunginternet_android
F05100,oculus
F05100,opera_android
F05101,firefox
F05101,firefox_android
F05103,webview_ios
F05104,firefox
F05106,firefox
F05106,firefox_android
F05107,safari
F05107,safari_ios
F05109,safari
F05109,safari_ios
F05109,webview_ios
F05110,firefox
F05111,firefox
F05113,oculus
F05113,safari_ios
F05114,safari
F05114,webview_ios
F05115,samsunginternet_android
F05117,oculus
F05118,firefox
F05118,firefox_android
F05119,oculus
F05123,chrome_android
F05123,webview_android
F05124,safari
F05125,chrome_android
F05125,firefox_android
F05126,chrome
F05127,oculus
F05127,safari
F05128,edge
F05128,safari_ios
F05129,firefox
F05129,firefox_android
F05130,safari
F05131,firefox
F05132,edge
F05133,safari
F05134,firefox
F05135,edge
F05135,firefox_android
F05136,safari
F05137,chrome
F05137,samsunginternet_android
F05138,safari
F05138,safari_ios
F05138,webview_ios
F05139,edge
F05140,safari
F05141,safari
F05141,safari_ios
F05141,webview_ios
F05142,safari
F05142,safari_ios
F05143,firefox
F05144,safari
F05144,safari_ios
F05144,webview_ios
F05145,opera_android
F05146,safari
F05147,opera
F05148,safari
F05148,webview_ios
F05149,firefox
F05150,firefox
F05151,edge
F05151,firefox_android
F05152,firefox
F05153,safari
F05153,safari_ios
F05153,webview_ios
F05154,chrome_android
F05155,safari
F05155,safari_ios
F05155,webview_ios
F05157,chrome
F05158,chrome
F05159,opera_android
F05159,webview_ios
F05160,safari
F05160,safari_ios
F05160,webview_ios
F05162,safari
F05162,webview_ios
F05164,chrome
F05164,chrome_android
F05165,safari
F05165,safari_ios
F05165,webview_ios
F05166,firefox
F05167,safari
F05169,samsunginternet_android
F05170,safari
F05170,safari_ios
F05170,webview_ios
F05171,firefox
F05172,safari_ios
F05173,chrome
F05173,safari
F05174,safari
F05174,safari_ios
F05174,webview_ios
F05175,firefox
F05175,firefox_android
F05176,chrome_android
F05176,opera
F05177,safari
F05177,safari_ios
F05178,safari
F05178,safari_ios
F05178,webview_ios
F05179,safari
F05179,webview_ios
F05181,chrome_android
F05182,safari
F05182,safari_ios
F05183,safari
F05183,webview_ios
F05185,webview_android
F05186,safari
F05186,safari_ios
F05186,webview_ios
F05187,safari
F05188,chrome
F05188,samsunginternet_android
F05189,firefox
F05190,opera
F05191,safari
F05191,safari_ios
F05192,safari
F05192,safari_ios
F05192,webview_ios
F05193,safari
F05194,chrome
F05194,safari_ios
F05196,edge
F05196,webview_android
F05197,safari
F05197,webview_ios
F05199,firefox
F05200,firefox_android
F05201,safari
F05201,safari_ios
F05201,webview_ios
F05202,webview_android
F05202,webview_ios
F05203,firefox
F05204,chrome_android
F05204,webview_android
F05205,edge
F05206,safari
F05207,chrome
F05207,samsunginternet_android
F05211,samsunginternet_android
F05212,firefox
F05212,firefox_android
F05213,opera
F05216,opera_android
F05217,edge
F05217,webview_android
F05218,safari
F05218,safari_ios
F05218,webview_ios
F05219,safari
F05219,safari_ios
F05219,webview_ios
F05220,chrome
F05220,opera_android
F05222,safari
F05222,webview_ios
F05223,safari
F05224,chrome_android
F05226,webview_android
F05226,webview_ios
F05227,oculus
F05228,edge
F05229,oculus
F05230,oculus
F05230,safari_ios
F05231,webview_android
F05231,webview_ios
F05232,safari
F05232,webview_ios
F05233,chrome_android
F05233,webview_android
F05234,firefox
F05234,firefox_android
F05236,safari
F05236,safari_ios
F05237,opera
F05237,samsunginternet_android
F05240,safari
F05241,chrome
F05241,firefox
F05242,firefox
F05244,chrome
F05244,opera_android
F05246,firefox_android
F05247,safari
F05248,firefox_android
F05248,opera_android
F05249,chrome
F05250,edge
F05250,samsunginternet_android
F05251,firefox
F05251,firefox_android
F05252,safari
F05252,safari_ios
F05253,samsunginternet_android
F05254,chrome
F05254,edge
F05255,safari
F05255,safari_ios
F05255,webview_ios
F05256,webview_android
F05258,safari
F05258,webview_ios
F05260,firefox
F05263,firefox
F05263,firefox_android
F05264,firefox
F05266,firefox
F05266,firefox_android
F05267,chrome_android
F05267,firefox_android
F05268,webview_android
F05269,chrome
F05270,safari
F05270,safari_ios
F05271,safari
F05271,safari_ios
F05271,webview_ios
F05272,safari
F05272,safari_ios
F05272,webview_ios
F05273,safari
F05274,chrome
F05274,chrome_android
F05275,firefox
F05275,firefox_android
F05276,chrome
F05276,safari_ios
F05277,firefox
F05278,safari
F05278,safari_ios
F05278,webview_ios
F05279,chrome
F05279,edge
F05280,firefox
F05280,firefox_android
F05281,oculus
F05281,samsunginternet_android
F05283,chrome_android
F05286,chrome
F05290,safari
F05292,opera
F05293,edge
F05295,safari
F05295,safari_ios
F05295,webview_ios
F05296,safari
F05296,safari_ios
F05296,webview_ios
F05297,safari
F05300,chrome_android
F05300,safari
F05302,chrome
F05303,firefox
F05303,safari_ios
F05304,opera
F05305,chrome
F05305,samsunginternet_android
F05306,safari
F05306,safari_ios
F05306,webview_ios
F05307,firefox_android
F05307,samsunginternet_android
F05309,opera_android
F05311,safari
F05311,safari_ios
F05311,webview_ios
F05312,firefox
F05313,firefox
F05313,firefox_android
F05314,oculus
F05315,opera_android
F05318,firefox
F05318,firefox_android
F05319,chrome
F05319,opera
F05320,safari
F05320,safari_ios
F05322,chrome_android
F05323,opera_android
F05324,samsunginternet_android
F05325,opera_android
F05325,webview_ios
F05327,samsunginternet_android
F05330,firefox_android
F05331,opera
F05332,oculus
F05333,chrome_android
F05333,firefox
F05334,firefox
F05334,firefox_android
F05335,chrome_android
F05336,safari
F05337,safari
F05337,safari_ios
F05337,webview_ios
F05338,edge
F05339,opera
F05340,safari
F05340,safari_ios
F05340,webview_ios
F05342,safari
F05342,safari_ios
F05342,webview_ios
F05343,firefox
F05343,safari
F05344,chrome_android
F05344,samsunginternet_android
F05345,safari
F05345,safari_ios
F05345,webview_ios
F05346,edge
F05348,webview_android
F05349,firefox
F05349,firefox_android
F05351,chrome
F05351,samsunginternet_android
F05352,safari
F05352,safari_ios
F05352,webview_ios
F05353,safari
F05355,safari
F05356,chrome
F05356,webview_android
F05357,chrome_android
F05357,opera
F05358,webview_ios
F05359,firefox_android
F05360,firefox
F05361,safari
F05361,safari_ios
F05361,webview_ios
F05363,firefox
F05363,opera_android
F05364,chrome
F05365,oculus
F05366,webview_android
F05367,safari
F05367,safari_ios
F05367,webview_ios
F05368,opera_android
F05369,safari
F05369,safari_ios
F05370,opera
F05370,samsunginternet_android
F05371,safari
F05371,safari_ios
F05373,firefox
F05373,firefox_android
F05374,firefox
F05374,oculus
F05375,safari
F05375,safari_ios
F05375,webview_ios
F05377,safari
F05377,safari_ios
F05377,webview_ios
F05378,opera
F05379,webview_ios
F05381,webview_ios
F05382,safari
F05382,safari_ios
F05382,webview_ios
F05383,chrome
F05383,webview_ios
F05386,chrome_android
F05387,chrome
F05388,firefox
F05388,firefox_android
F05389,chrome
F05389,edge
F05391,webview_ios
F05392,edge
F05393,firefox
F05393,firefox_android
F05394,safari
F05395,chrome
F05395,edge
F05396,firefox
F05396,firefox_android
F05397,chrome
F05397,firefox
F05400,safari
F05400,safari_ios
F05400,webview_ios
F05402,safari
F05402,safari_ios
F05402,webview_ios
F05404,firefox
F05404,firefox_android
F05405,safari
F05405,safari_ios
F05405,webview_ios
F05406,safari
F05406,safari_ios
F05406,webview_ios
F05407,safari
F05407,safari_ios
F05407,webview_ios
F05408,safari
F05408,safari_ios
F05408,webview_ios
F05409,safari
F05409,safari_ios
F05409,webview_ios
F05410,opera_android
F05410,webview_android
F05411,safari
F05411,safari_ios
F05411,webview_ios
F05412,firefox
F05412,firefox_android
F05414,safari
F05414,safari_ios
F05415,safari
F05418,webview_ios
F05420,safari
F05420,safari_ios
F05420,webview_ios
F05422,chrome
F05423,webview_android
F05424,safari
F05424,safari_ios
F05424,webview_ios
F05427,edge
F05427,firefox
F05428,safari
F05428,safari_ios
F05429,firefox
F05430,safari
F05430,safari_ios
F05430,webview_ios
F05432,safari
F05432,safari_ios
F05432,webview_ios
F05433,chrome
F05435,safari
F05435,safari_ios
F05435,webview_ios
F05436,webview_ios
F05437,oculus
F05439,chrome_android
F05439,firefox_android
F05440,firefox
F05440,firefox_android
F05443,safari
F05443,safari_ios
F05443,webview_ios
F05444,chrome
F05444,firefox_android
F05445,oculus
F05445,webview_ios
F05446,chrome_android
F05446,firefox
F05449,safari
F05449,webview_ios
F05450,chrome_android
F05450,opera
F05451,safari
F05451,webview_ios
F05452,webview_android
F05453,safari
F05453,webview_android
F05454,safari
F05455,chrome_android
F05456,safari
F05458,firefox_android
F05458,safari
F05460,firefox
F05460,firefox_android
F05461,safari
F05461,safari_ios
F05462,safari
F05462,safari_ios
F05462,webview_ios
F05463,chrome
F05463,chrome_android
F05464,opera_android
F05464,samsunginternet_android
F05465,firefox
F05466,safari
F05469,samsunginternet_android
F05470,safari
F05470,safari_ios
F05470,webview_ios
F05473,safari
F05474,chrome
F05474,edge
F05476,chrome_android
F05476,edge
F05479,chrome
F05480,safari
F05480,safari_ios
F05480,webview_ios
F05481,safari
F05482,firefox
F05482,firefox_android
F05483,safari
F05483,safari_ios
F05483,webview_ios
F05486,chrome
F05487,safari
F05488,chrome
F05489,safari
F05490,firefox
F05490,firefox_android
F05491,safari_ios
F05493,chrome
F05493,oculus
F05494,safari
F05494,safari_ios
F05494,webview_ios
F05495,safari
F05495,safari_ios
F05495,webview_ios
F05497,chrome
F05497,samsunginternet_android
F05499,firefox
F05499,opera
F05500,edge
F05500,opera
F05502,firefox
F05502,firefox_android
F05503,safari
F05503,safari_ios
F05504,safari
F05504,safari_ios
F05504,webview_ios
F05507,opera_android
F05507,safari
F05514,chrome_android
F05514,samsunginternet_android
F05515,chrome
F05516,safari
F05516,webview_ios
F05517,chrome
F05518,opera
F05518,safari_ios
F05519,safari
F05520,chrome
F05521,chrome
F05522,samsunginternet_android
F05523,oculus
F05524,chrome
F05524,samsunginternet_android
F05528,safari
F05528,webview_ios
F05530,safari
F05530,webview_ios
F05531,safari
F05531,safari_ios
F05533,firefox_android
F05533,opera_android
F05534,safari
F05534,safari_ios
F05534,webview_ios
F05535,firefox
F05535,samsunginternet_android
F05536,samsunginternet_android
F05538,opera_android
F05539,edge
F05539,samsunginternet_android
F05541,webview_android
F05542,chrome_android
F05542,opera
F05543,firefox
F05544,safari
F05544,safari_ios
F05544,webview_ios
F05545,firefox
F05547,firefox_android
F05548,chrome
F05549,safari
F05549,safari_ios
F05549,webview_ios
F05552,firefox
F05552,firefox_android
F05554,oculus
F05554,webview_android
F05555,safari
F05556,safari
F05556,safari_ios
F05556,webview_ios
F05557,chrome
F05558,webview_android
F05559,opera_android
F05560,safari_ios
F05561,safari
F05561,safari_ios
F05562,safari
F05562,safari_ios
F05562,webview_ios
F05563,chrome
F05564,safari
F05564,safari_ios
F05564,webview_ios
F05565,safari
F05566,firefox
F05568,safari
F05569,firefox
F05569,firefox_android
F05571,chrome
F05574,firefox
F05575,safari_ios
F05576,safari
F05576,safari_ios
F05576,webview_ios
F05577,safari
F05577,safari_ios
F05577,webview_ios
F05578,firefox
F05578,safari_ios
F05579,firefox
F05580,safari
F05580,safari_ios
F05580,webview_ios
F05581,chrome
F05581,opera_android
F05582,samsunginternet_android
F05582,webview_android
F05583,safari
F05583,safari_ios
F05583,webview_ios
F05584,webview_android
F05585,webview_ios
F05587,chrome
F05589,safari
F05589,safari_ios
F05589,webview_ios
F05591,chrome
F05591,samsunginternet_android
F05593,firefox
F05594,chrome
F05594,edge
F05595,firefox
F05597,safari_ios
F05597,webview_android
F05598,firefox
F05598,firefox_android
F05599,safari
F05599,safari_ios
F05599,webview_ios
F05600,firefox
F05600,webview_android
F05601,firefox
F05602,chrome
F05602,chrome_android
F05603,samsunginternet_android
F05603,webview_ios
F05605,safari
F05605,safari_ios
F05605,webview_ios
F05606,samsunginternet_android
F05607,opera
F05608,opera
F05609,safari
F05609,safari_ios
F05609,webview_ios
F05610,safari
F05611,firefox
F05611,samsunginternet_android
F05612,safari
F05612,safari_ios
F05612,webview_ios
F05614,safari
F05614,webview_ios
F05615,webview_ios
F05616,chrome
F05617,samsunginternet_android
F05618,safari
F05618,safari_ios
F05619,safari
F05619,safari_ios
F05619,webview_ios
F05620,safari
F05620,safari_ios
F05620,webview_ios
F05621,chrome
F05621,opera_android
F05623,chrome
F05624,samsunginternet_android
F05625,safari
F05625,safari_ios
F05625,webview_ios
F05626,safari
F05626,safari_ios
F05627,chrome
F05627,oculus
F05628,safari
F05628,safari_ios
F05628,webview_ios
F05629,safari
F05629,safari_ios
F05629,webview_ios
F05630,safari
F05630,safari_ios
F05630,webview_ios
F05631,firefox
F05631,firefox_android
F05634,chrome
F05634,opera
F05637,safari
F05637,safari_ios
F05637,webview_ios
F05638,safari
F05638,webview_ios
F05639,firefox
F05639,firefox_android
F05641,safari
F05642,webview_ios
F05643,safari
F05643,safari_ios
F05644,chrome_android
F05644,samsunginternet_android
F05645,safari
F05646,safari
F05647,edge
F05647,safari
F05648,firefox
F05648,firefox_android
F05649,safari
F05649,safari_ios
F05649,webview_ios
F05650,firefox_android
F05651,firefox_android
F05651,webview_android
F05652,chrome_android
F05652,webview_android
F05653,chrome
F05654,oculus
F05654,safari
F05655,edge
F05655,samsunginternet_android
F05656,opera
F05656,opera_android
F05657,safari
F05658,safari
F05658,safari_ios
F05658,webview_ios
F05659,chrome_android
F05661,firefox
F05662,safari
F05662,safari_ios
F05662,webview_ios
F05663,safari
F05663,safari_ios
F05663,webview_ios
F05664,firefox
F05664,firefox_android
F05665,firefox
F05665,firefox_android
F05666,chrome_android
F05666,oculus
F05667,webview_ios
F05668,opera
F05668,safari_ios
F05670,chrome
F05671,chrome
F05672,edge
F05672,webview_android
F05673,webview_android
F05674,firefox_android
F05675,safari
F05675,webview_ios
F05677,opera_android
F05678,edge
F05678,webview_ios
F05679,chrome
F05679,edge
F05680,chrome
F05680,oculus
F05681,opera
F05681,opera_android
F05683,firefox
F05685,safari_ios
F05685,webview_ios
F05686,firefox
F05687,safari_ios
F05687,webview_ios
F05688,chrome_android
F05688,safari_ios
F05689,safari
F05690,opera_android
F05692,oculus
F05692,opera
F05693,safari
F05693,safari_ios
F05693,webview_ios
F05694,chrome
F05696,chrome
F05696,opera
F05697,firefox_android
F05697,webview_ios
F05699,oculus
F05702,firefox_android
F05703,firefox_android
F05704,safari
F05704,safari_ios
F05704,webview_ios
F05705,chrome
F05705,webview_android
F05706,safari_ios
F05707,safari
F05707,safari_ios
F05707,webview_ios
F05709,webview_android
F05710,chrome
F05710,opera
F05711,safari
F05711,webview_ios
F05713,chrome
F05714,chrome_android
F05716,opera_android
F05717,safari
F05717,safari_ios
F05717,webview_ios
F05718,chrome_android
F05720,safari
F05720,safari_ios
F05720,webview_ios
F05721,safari
F05721,safari_ios
F05721,webview_ios
F05723,firefox
F05724,chrome_android
F05724,webview_ios
F05725,chrome
F05725,edge
F05726,safari
F05726,safari_ios
F05726,webview_ios
F05727,safari
F05728,safari
F05729,safari
F05730,safari
F05731,chrome
F05733,safari
F05734,safari
F05735,chrome
F05735,chrome_android
F05737,firefox
F05738,samsunginternet_android
F05739,edge
F05739,firefox_android
F05740,safari
F05742,edge
F05743,chrome
F05743,opera
F05745,firefox_android
F05745,oculus
F05746,chrome
F05747,safari
F05748,chrome
F05748,samsunginternet_android
F05749,webview_android
F05750,safari
F05750,webview_ios
F05751,chrome
F05752,safari
F05752,safari_ios
F05752,webview_ios
F05753,webview_android
F05754,chrome
F05755,firefox
F05755,opera
F05756,safari_ios
F05757,safari
F05757,safari_ios
F05757,webview_ios
F05759,chrome_android
F05759,firefox_android
F05760,edge
F05761,chrome
F05762,firefox
F05762,firefox_android
F05763,safari
F05763,safari_ios
F05764,webview_ios
F05765,safari
F05765,safari_ios
F05765,webview_ios
F05766,opera_android
F05767,firefox
F05768,firefox
F05769,chrome
F05769,oculus
F05770,firefox
F05770,firefox_android
F05772,edge
F05773,safari
F05773,safari_ios
F05773,webview_ios
F05774,safari
F05774,safari_ios
F05774,webview_ios
F05775,chrome
F05775,webview_android
F05776,oculus
F05777,firefox
F05779,safari
F05779,safari_ios
F05780,firefox
F05781,chrome
F05782,firefox
F05783,firefox
F05783,firefox_android
F05784,safari
F05784,safari_ios
F05787,firefox_android
F05787,opera
F05788,chrome
F05788,safari
F05789,webview_android
F05790,chrome
F05790,oculus
F05791,edge
F05791,safari_ios
F05793,webview_android
F05794,chrome
F05794,edge
F05796,safari
F05797,safari
F05797,safari_ios
F05797,webview_ios
F05798,firefox
F05800,firefox
F05802,safari
F05802,safari_ios
F05802,webview_ios
F05804,opera
F05805,firefox
F05806,safari
F05806,webview_ios
F05807,opera
F05807,opera_android
F05808,firefox
F05809,safari
F05809,safari_ios
F05812,safari
F05812,safari_ios
F05814,safari_ios
F05814,samsunginternet_android
F05815,opera
F05815,opera_android
F05816,samsunginternet_android
F05816,webview_android
F05817,safari
F05817,safari_ios
F05817,webview_ios
F05818,safari
F05818,safari_ios
F05818,webview_ios
F05820,safari
F05820,safari_ios
F05820,webview_ios
F05821,safari
F05821,webview_ios
F05823,safari
F05823,safari_ios
F05825,safari
F05825,safari_ios
F05826,firefox
F05826,firefox_android
F05827,safari
F05827,safari_ios
F05828,firefox_android
F05828,safari
F05829,chrome
F05830,safari
F05830,safari_ios
F05830,webview_ios
F05831,safari
F05831,safari_ios
F05831,webview_ios
F05832,firefox_android
F05833,safari
F05833,safari_ios
F05833,webview_ios
F05834,safari
F05834,safari_ios
F05835,firefox
F05835,safari_ios
F05836,safari
F05836,safari_ios
F05836,webview_ios
F05838,safari
F05838,safari_ios
F05839,edge
F05839,oculus
F05841,samsunginternet_android
F05842,safari
F05842,safari_ios
F05842,webview_ios
F05844,safari
F05844,safari_ios
F05844,webview_ios
F05846,chrome
F05846,samsunginternet_android
F05847,firefox
F05847,firefox_android
F05848,safari
F05849,chrome
F05849,oculus
F05850,chrome
F05851,safari
F05851,safari_ios
F05851,webview_ios
F05853,chrome_android
F05853,samsunginternet_android
F05855,edge
F05856,safari
F05856,safari_ios
F05856,webview_ios
F05857,opera_android
F05857,safari_ios
F05858,firefox
F05859,chrome
F05860,chrome
F05860,samsunginternet_android
F05861,firefox_android
F05863,chrome
F05863,chrome_android
F05866,safari
F05866,safari_ios
F05866,webview_ios
F05867,safari
F05867,safari_ios
F05867,webview_ios
F05868,chrome_android
F05869,chrome
F05870,safari
F05870,webview_ios
F05871,opera_android
F05872,safari
F05872,safari_ios
F05872,webview_ios
F05873,firefox_android
F05873,oculus
F05874,safari
F05874,safari_ios
F05874,webview_ios
F05875,chrome
F05875,opera_android
F05877,chrome
F05878,opera_android
F05880,safari
F05880,safari_ios
F05880,webview_ios
F05881,chrome
F05886,safari
F05886,safari_ios
F05886,webview_ios
F05887,safari
F05887,safari_ios
F05888,firefox
F05888,firefox_android
F05889,opera
F05889,safari_ios
F05891,firefox_android
F05893,webview_android
F05894,safari
F05894,webview_ios
F05896,edge
F05896,webview_android
F05901,safari
F05901,safari_ios
F05901,webview_ios
F05902,edge
F05902,safari
F05903,firefox
F05903,samsunginternet_android
F05904,safari_ios
F05905,oculus
F05907,safari
F05907,safari_ios
F05907,webview_ios
F05908,firefox
F05908,firefox_android
F05909,opera
F05910,firefox
F05911,oculus
F05912,samsunginternet_android
F05912,webview_ios
F05913,safari
F05913,safari_ios
F05913,webview_ios
F05914,safari
F05914,safari_ios
F05916,safari
F05918,safari
F05918,safari_ios
F05918,webview_ios
F05920,firefox_android
F05920,samsunginternet_android
F05921,firefox
F05921,firefox_android
F05922,edge
F05923,edge
F05923,samsunginternet_android
F05924,firefox_android
F05925,safari
F05925,safari_ios
F05925,webview_ios
F05926,webview_android
F05928,opera
F05929,safari
F05930,firefox
F05930,samsunginternet_android
F05931,samsunginternet_android
F05932,firefox
F05933,safari
F05934,oculus
F05934,safari_ios
F05935,firefox
F05935,firefox_android
F05936,safari_ios
F05936,webview_ios
F05938,safari
F05940,safari
F05940,safari_ios
F05940,webview_ios
F05941,chrome
F05942,firefox
F05942,firefox_android
F05943,safari
F05943,safari_ios
F05943,webview_ios
F05944,chrome
F05944,opera_android
F05946,firefox_android
F05947,webview_ios
F05948,safari
F05948,safari_ios
F05949,safari
F05951,firefox
F05954,firefox
F05958,firefox_android
F05959,safari
F05961,chrome
F05961,samsunginternet_android
F05962,oculus
F05963,safari
F05963,safari_ios
F05963,webview_ios
F05964,chrome
F05965,chrome
F05965,edge
F05966,safari
F05966,safari_ios
F05966,webview_ios
F05967,safari
F05968,safari
F05968,safari_ios
F05969,samsunginternet_android
F05970,safari
F05970,safari_ios
F05971,samsunginternet_android
F05972,opera
F05973,safari
F05974,safari
F05974,safari_ios
F05974,webview_ios
F05975,safari
F05975,safari_ios
F05975,webview_ios
F05976,chrome
F05977,firefox
F05977,firefox_android
F05978,firefox
F05979,oculus
F05979,safari
F05981,safari
F05981,safari_ios
F05981,webview_ios
F05984,safari
F05984,safari_ios
F05984,webview_ios
F05985,safari
F05985,safari_ios
F05985,webview_ios
F05986,safari
F05988,firefox
F05988,oculus
F05989,safari
F05989,webview_ios
F05990,samsunginternet_android
F05993,safari_ios
F05993,webview_android
F05995,firefox
F05995,firefox_android
F05996,chrome_android
F05996,edge
F05997,firefox
F05998,chrome
F05999,safari
F05999,webview_ios
F06000,firefox
F06000,firefox_android
F06001,chrome
F06002,safari
F06002,webview_ios
F06004,chrome
F06004,edge
F06005,edge
F06005,opera_android
F06006,safari
F06006,webview_ios
F06007,safari
F06008,webview_android
F06009,firefox
F06010,firefox
F06010,firefox_android
F06011,firefox_android
F06012,chrome_android
F06018,safari
F06018,safari_ios
F06018,webview_ios
F06019,edge
F06020,chrome
F06020,opera
F06021,chrome
F06021,safari
F06022,chrome
F06022,webview_android
F06023,safari
F06023,safari_ios
F06023,webview_ios
F06025,firefox
F06026,opera
F06027,opera_android
F06028,safari
F06028,safari_ios
F06028,webview_ios
F06029,safari_ios
F06030,opera
F06031,firefox_android
F06031,webview_ios
F06032,firefox
F06032,firefox_android
F06033,safari
F06033,safari_ios
F06033,webview_ios
F06034,safari
F06034,webview_ios
F06035,safari
F06035,safari_ios
F06035,webview_ios
F06036,opera
F06036,samsunginternet_android
F06037,chrome_android
F06037,webview_android
F06038,safari
F06038,safari_ios
F06038,webview_ios
F06040,chrome
F06040,opera_android
F06041,chrome
F06041,edge
F06045,firefox
F06047,firefox
F06047,firefox_android
F06048,safari
F06048,safari_ios
F06048,webview_ios
F06049,samsunginternet_android
F06050,safari
F06051,safari
F06051,webview_ios
F06053,firefox
F06053,firefox_android
F06054,samsunginternet_android
F06055,safari
F06055,safari_ios
F06055,webview_ios
F06056,safari
F06056,webview_ios
F06057,safari
F06058,safari
F06059,safari
F06059,safari_ios
F06059,webview_ios
F06060,firefox
F06062,chrome
F06062,safari_ios
F06063,samsunginternet_android
F06064,safari_ios
F06064,webview_android
F06065,safari
F06065,safari_ios
F06065,webview_ios
F06066,chrome
F06066,opera_android
F06067,chrome_android
F06067,oculus
F06069,firefox_android
F06069,samsunginternet_android
F06070,safari
F06070,safari_ios
F06070,webview_ios
F06071,firefox
F06071,firefox_android
F06072,oculus
F06073,safari_ios
F06074,webview_android
F06075,opera
F06076,edge
F06076,webview_android
F06077,safari
F06077,safari_ios
F06077,webview_ios
F06079,safari
F06079,safari_ios
F06080,safari
F06081,chrome
F06081,opera
F06082,chrome
F06082,webview_android
F06084,safari
F06084,safari_ios
F06084,webview_ios
F06085,safari
F06087,chrome
F06088,opera
F06088,safari_ios
F06089,firefox
F06089,firefox_android
F06091,chrome
F06091,edge
F06092,opera_android
F06093,chrome
F06095,firefox
F06096,safari
F06096,safari_ios
F06096,webview_ios
F06097,firefox
F06098,firefox
F06098,firefox_android
F06100,firefox
F06103,firefox_android
F06104,chrome
F06104,samsunginternet_android
F06105,safari
F06105,safari_ios
F06105,webview_ios
F06106,webview_ios
F06107,chrome_android
F06108,firefox
F06109,firefox
F06109,firefox_android
F06110,firefox
F06110,firefox_android
F06112,edge
F06114,chrome
F06114,edge
F06116,safari
F06116,webview_ios
F06119,chrome
F06119,edge
F06120,safari
F06120,safari_ios
F06121,firefox
F06122,webview_android
F06123,webview_ios
F06124,chrome
F06124,chrome_android
F06125,safari
F06125,safari_ios
F06125,webview_ios
F06126,chrome_android
F06127,safari
F06127,safari_ios
F06127,webview_ios
F06128,opera
F06128,opera_android
F06129,safari
F06129,safari_ios
F06129,webview_ios
F06131,chrome
F06131,edge
F06132,safari
F06132,webview_ios
F06133,edge
F06133,safari_ios
F06134,firefox
F06135,opera
F06136,chrome
F06136,opera_android
F06137,chrome
F06137,oculus
F06139,firefox_android
F06139,webview_android
F06140,safari
F06140,safari_ios
F06140,webview_ios
F06141,safari_ios
F06141,webview_ios
F06142,safari
F06142,safari_ios
F06142,webview_ios
F06143,chrome
F06143,oculus
F06144,chrome
F06144,edge
F06145,chrome_android
F06145,samsunginternet_android
F06147,opera_android
F06148,safari
F06149,chrome_android
F06150,safari
F06150,safari_ios
F06150,webview_ios
F06151,webview_ios
F06152,oculus
F06153,firefox
F06153,firefox_android
F06154,firefox
F06154,firefox_android
F06155,safari
F06155,safari_ios
F06155,webview_ios
F06156,safari
F06156,safari_ios
F06156,webview_ios
F06157,edge
F06159,safari
F06159,webview_ios
F06160,firefox_android
F06160,opera
F06161,opera
F06161,webview_ios
F06162,safari
F06162,safari_ios
F06162,webview_ios
F06163,safari
F06163,safari_ios
F06163,webview_ios
F06165,safari_ios
F06165,samsunginternet_android
F06166,safari
F06167,safari
F06167,safari_ios
F06167,webview_ios
F06168,safari
F06168,safari_ios
F06168,webview_ios
F06169,firefox
F06170,opera_android
F06171,webview_ios
F06173,safari
F06173,safari_ios
F06173,webview_ios
F06174,firefox
F06176,firefox_android
F06177,firefox_android
F06179,safari
F06179,safari_ios
F06179,webview_ios
F06180,safari
F06180,webview_ios
F06181,chrome
F06181,opera_android
F06182,samsunginternet_android
F06182,webview_android
F06183,safari
F06183,safari_ios
F06183,webview_ios
F06184,chrome
F06185,firefox
F06185,webview_ios
F06186,safari
F06186,safari_ios
F06186,webview_ios
F06187,chrome
F06187,opera_android
F06188,firefox_android
F06189,safari
F06189,webview_ios
F06190,opera
F06191,firefox
F06191,firefox_android
F06192,safari
F06193,safari_ios
F06193,webview_android
F06194,webview_ios
F06197,oculus
F06198,opera_android
F06199,chrome_android
F06199,safari
F06200,opera
F06200,samsunginternet_android
F06201,webview_android
F06202,safari
F06202,safari_ios
F06202,webview_ios
F06203,safari
F06203,safari_ios
F06205,firefox
F06205,firefox_android
F06207,opera_android
F06207,webview_ios
F06208,firefox
F06208,opera_android
F06209,firefox
F06209,firefox_android
F06210,oculus
F06210,webview_ios
F06211,safari
F06212,safari
F06212,safari_ios
F06212,webview_ios
F06213,safari
F06213,safari_ios
F06214,firefox
F06214,webview_android
F06217,firefox
F06218,chrome
F06218,webview_android
F06219,firefox
F06219,firefox_android
F06220,safari
F06220,safari_ios
F06220,webview_ios
F06221,webview_ios
F06222,firefox
F06222,firefox_android
F06223,edge
F06223,opera_android
F06224,firefox
F06227,webview_android
F06228,chrome_android
F06229,safari
F06229,safari_ios
F06230,firefox
F06230,firefox_android
F06232,safari
F06232,safari_ios
F06232,webview_ios
F06235,firefox
F06237,safari
F06238,safari
F06239,safari
F06241,safari
F06241,webview_ios
F06242,safari
F06242,safari_ios
F06242,webview_ios
F06243,edge
F06243,opera_android
F06245,safari_ios
F06246,chrome_android
F06246,firefox
F06248,safari
F06248,safari_ios
F06248,webview_ios
F06249,firefox_android
F06250,safari
F06250,safari_ios
F06250,webview_ios
F06251,firefox
F06251,firefox_android
F06253,safari_ios
F06254,safari_ios
F06254,webview_ios
F06256,webview_ios
F06258,chrome
F06258,opera
F06260,opera_android
F06260,webview_ios
F06261,chrome
F06261,oculus
F06262,firefox
F06263,firefox
F06263,opera
F06264,edge
F06264,opera_android
F06265,chrome
F06265,opera
F06271,chrome
F06271,samsunginternet_android
F06272,firefox
F06272,firefox_android
F06273,oculus
F06273,opera_android
F06274,opera
F06274,safari
F06275,safari
F06276,firefox
F06276,opera
F06278,safari
F06278,safari_ios
F06278,webview_ios
F06279,safari
F06279,webview_ios
F06281,firefox
F06281,firefox_android
F06282,opera_android
F06282,safari_ios
F06283,opera_android
F06284,edge
F06285,firefox
F06285,opera_android
F06286,firefox
F06287,chrome_android
F06287,oculus
F06289,safari
F06289,safari_ios
F06290,chrome
F06291,safari
F06291,safari_ios
F06291,webview_ios
F06292,safari
F06292,safari_ios
F06292,webview_ios
F06293,opera_android
F06294,safari
F06294,safari_ios
F06294,webview_ios
F06295,firefox
F06296,safari
F06296,safari_ios
F06296,webview_ios
F06297,opera_android
F06298,firefox
F06298,firefox_android
F06299,oculus
F06299,webview_ios
F06300,safari
F06300,safari_ios
F06300,webview_ios
F06301,firefox
F06302,safari
F06302,safari_ios
F06302,webview_ios
F06306,firefox_android
F06307,safari
F06308,safari
F06308,safari_ios
F06308,webview_ios
F06309,firefox
F06310,oculus
F06311,chrome
F06312,chrome_android
F06313,safari
F06313,safari_ios
F06313,webview_ios
F06314,safari
F06314,webview_ios
F06315,chrome
F06315,webview_android
F06316,safari
F06316,safari_ios
F06316,webview_ios
F06317,firefox
F06317,firefox_android
F06318,safari
F06319,webview_android
F06321,chrome
F06321,opera_android
F06322,safari
F06322,safari_ios
F06322,webview_ios
F06323,safari
F06323,safari_ios
F06323,webview_ios
F06326,firefox
F06326,firefox_android
F06328,safari
F06328,safari_ios
F06328,webview_ios
F06330,safari
F06330,safari_ios
F06330,webview_ios
F06331,firefox
F06334,safari
F06334,safari_ios
F06334,webview_ios
F06336,firefox
F06337,firefox
F06338,edge
F06339,chrome
F06340,opera_android
F06341,safari
F06341,safari_ios
F06342,opera
F06343,oculus
F06343,samsunginternet_android
F06344,firefox
F06345,chrome
F06345,chrome_android
F06349,webview_android
F06350,safari_ios
F06350,samsunginternet_android
F06351,firefox
F06351,firefox_android
F06352,samsunginternet_android
F06353,chrome
F06353,edge
F06354,chrome
F06354,edge
F06355,safari
F06355,safari_ios
F06356,edge
F06356,opera
F06357,chrome
F06357,samsunginternet_android
F06358,safari
F06358,safari_ios
F06358,webview_ios
F06359,chrome
F06360,safari_ios
F06360,samsunginternet_android
F06362,safari
F06362,safari_ios
F06362,webview_ios
F06363,safari
F06363,webview_ios
F06364,opera_android
F06364,safari
F06365,safari
F06366,firefox
F06366,webview_android
F06367,firefox
F06368,safari
F06368,safari_ios
F06368,webview_ios
F06369,chrome
F06369,safari_ios
F06370,safari_ios
F06371,safari_ios
F06372,firefox_android
F06372,safari_ios
F06373,safari
F06373,safari_ios
F06373,webview_ios
F06374,webview_android
F06374,webview_ios
F06377,chrome
F06377,edge
F06378,safari
F06378,webview_ios
F06380,safari
F06380,webview_ios
F06383,safari
F06384,firefox
F06384,opera
F06385,safari
F06385,safari_ios
F06385,webview_ios
F06386,safari
F06386,webview_ios
F06387,samsunginternet_android
F06389,chrome
F06390,webview_ios
F06391,safari
F06391,safari_ios
F06391,webview_ios
F06393,safari
F06393,safari_ios
F06393,webview_ios
F06396,opera
F06398,chrome
F06398,samsunginternet_android
F06399,firefox
F06399,firefox_android
F06400,firefox
F06401,chrome
F06402,safari
F06402,safari_ios
F06402,webview_ios
F06403,chrome
F06404,firefox_android
F06404,webview_android
F06406,chrome
F06406,opera_android
F06407,opera
F06407,safari
F06409,safari
F06409,safari_ios
F06409,webview_ios
F06410,chrome
F06411,safari
F06411,safari_ios
F06412,opera_android
F06413,safari
F06413,safari_ios
F06413,webview_ios
F06414,webview_android
F06415,chrome_android
F06416,chrome
F06416,chrome_android
F06417,safari
F06417,webview_ios
F06419,opera_android
F06419,safari_ios
F06420,firefox
F06420,firefox_android
F06422,opera_android
F06422,safari_ios
F06423,firefox_android
F06423,safari
F06424,webview_android
F06425,firefox
F06425,firefox_android
F06426,safari
F06426,safari_ios
F06426,webview_ios
F06427,firefox
F06428,chrome_android
F06429,webview_ios
F06430,safari
F06430,safari_ios
F06430,webview_ios
F06431,safari
F06431,webview_ios
F06432,firefox
F06434,oculus
F06435,safari
F06435,safari_ios
F06435,webview_ios
F06436,safari
F06436,webview_ios
F06437,safari
F06437,safari_ios
F06438,chrome
F06438,webview_ios
F06439,firefox
F06439,webview_android
F06442,safari
F06442,safari_ios
F06444,firefox_android
F06445,chrome
F06445,firefox_android
F06447,firefox
F06447,firefox_android
F06448,chrome
F06448,opera_android
F06449,safari
F06449,safari_ios
F06450,safari
F06450,safari_ios
F06450,webview_ios
F06451,safari
F06451,safari_ios
F06451,webview_ios
F06452,opera_android
F06453,chrome
F06453,opera_android
F06454,safari
F06454,webview_ios
F06455,edge
F06455,oculus
F06456,safari
F06457,safari
F06457,safari_ios
F06458,chrome
F06459,firefox_android
F06464,safari
F06464,safari_ios
F06464,webview_ios
F06465,safari
F06465,safari_ios
F06467,webview_android
F06469,safari
F06469,safari_ios
F06469,webview_ios
F06470,chrome
F06471,firefox
F06471,opera
F06472,safari
F06472,safari_ios
F06472,webview_ios
F06473,safari
F06473,safari_ios
F06473,webview_ios
F06474,chrome
F06474,webview_android
F06475,opera
F06476,oculus
F06476,webview_ios
F06477,chrome
F06477,opera
F06479,safari
F06479,safari_ios
F06479,webview_ios
F06483,firefox
F06484,safari
F06484,safari_ios
F06484,webview_ios
F06486,safari
F06487,safari
F06487,safari_ios
F06487,webview_ios
F06489,safari
F06489,safari_ios
F06489,webview_ios
F06490,safari
F06490,safari_ios
F06490,webview_ios
F06493,chrome
F06493,edge
F06495,edge
F06495,oculus
F06496,safari
F06496,safari_ios
F06496,webview_ios
F06497,chrome
F06498,safari
F06498,safari_ios
F06498,webview_ios
F06499,safari
F06499,webview_ios
F06500,safari_ios
F06502,opera
F06502,webview_ios
F06503,chrome
F06506,safari
F06507,opera_android
F06507,webview_android
F06508,safari
F06508,safari_ios
F06508,webview_ios
F06509,oculus
F06509,safari_ios
F06510,safari
F06511,safari
F06511,safari_ios
F06511,webview_ios
F06512,chrome
F06512,safari_ios
F06513,safari
F06513,safari_ios
F06513,webview_ios
F06514,safari
F06514,safari_ios
F06514,webview_ios
F06515,chrome
F06515,opera_android
F06516,firefox
F06518,firefox
F06518,firefox_android
F06519,firefox
F06520,edge
F06522,chrome
F06522,safari_ios
F06525,firefox
F06525,firefox_android
F06526,chrome
F06526,opera
F06529,safari
F06532,chrome
F06533,safari
F06533,webview_ios
F06534,chrome
F06535,chrome
F06535,chrome_android
F06536,safari
F06536,safari_ios
F06538,chrome
F06539,webview_android
F06539,webview_ios
F06540,safari
F06541,edge
F06541,oculus
F06542,safari
F06542,safari_ios
F06542,webview_ios
F06543,chrome
F06544,webview_android
F06544,webview_ios
F06546,opera_android
F06547,safari
F06547,safari_ios
F06547,webview_ios
F06548,chrome
F06549,safari
F06550,chrome
F06551,chrome
F06551,firefox
F06552,firefox
F06552,firefox_android
F06553,chrome
F06554,chrome
F06554,webview_ios
F06555,firefox_android
F06555,opera_android
F06556,opera_android
F06556,webview_ios
F06557,firefox
F06557,firefox_android
F06558,chrome_android
F06559,edge
F06560,opera_android
F06561,safari
F06561,safari_ios
F06561,webview_ios
F06562,safari
F06562,safari_ios
F06562,webview_ios
F06563,chrome
F06565,chrome
F06565,webview_android
F06568,chrome
F06569,safari_ios
F06570,safari
F06570,safari_ios
F06570,webview_ios
F06572,edge
F06572,firefox_android
F06574,safari
F06575,safari
F06575,safari_ios
F06575,webview_ios
F06576,chrome
F06578,chrome_android
F06578,opera
F06580,firefox
F06581,chrome
F06581,safari
F06582,firefox
F06583,safari
F06583,safari_ios
F06584,chrome
F06584,webview_ios
F06585,opera_android
F06586,safari
F06586,safari_ios
F06587,safari
F06587,webview_android
F06588,edge
F06588,webview_android
F06589,firefox_android
F06591,chrome
F06591,oculus
F06592,chrome_android
F06593,samsunginternet_android
F06593,webview_ios
F06594,safari_ios
F06595,chrome
F06595,edge
F06596,safari
F06596,safari_ios
F06596,webview_ios
F06597,firefox
F06597,firefox_android
F06598,safari
F06598,safari_ios
F06598,webview_ios
F06600,chrome
F06600,opera
F06601,firefox
F06602,firefox
F06603,edge
F06604,safari
F06605,chrome_android
F06605,firefox_android
F06606,safari
F06606,safari_ios
F06606,webview_ios
F06608,webview_android
F06609,firefox_android
F06610,chrome
F06610,firefox
F06612,samsunginternet_android
F06614,firefox
F06614,firefox_android
F06616,chrome
F06618,firefox
F06619,opera
F06619,webview_android
F06620,chrome
F06621,firefox
F06622,safari
F06622,webview_ios
F06623,safari
F06624,edge
F06624,samsunginternet_android
F06625,safari
F06625,webview_ios
F06626,safari
F06626,safari_ios
F06626,webview_ios
F06627,safari
F06627,safari_ios
F06627,webview_ios
F06628,firefox
F06629,webview_ios
F06630,oculus
F06630,samsunginternet_android
F06631,edge
F06631,webview_ios
F06634,chrome
F06634,opera_android
F06635,firefox
F06636,safari
F06636,webview_ios
F06637,edge
F06637,firefox
F06638,firefox
F06638,firefox_android
F06639,edge
F06642,chrome
F06643,firefox
F06643,firefox_android
F06646,chrome
F06647,chrome
F06647,opera_android
F06650,webview_android
F06656,safari
F06658,firefox
F06659,oculus
F06660,chrome
F06661,safari
F06661,webview_ios
F06662,safari
F06662,safari_ios
F06662,webview_ios
F06663,safari
F06663,safari_ios
F06663,webview_ios
F06664,safari
F06664,safari_ios
F06664,webview_ios
F06665,oculus
F06665,safari_ios
F06666,chrome
F06666,webview_android
F06667,edge
F06667,webview_ios
F06668,firefox
F06669,safari_ios
F06670,safari
F06670,safari_ios
F06670,webview_ios
F06671,firefox
F06671,opera_android
F06673,chrome_android
F06673,opera_android
F06674,safari
F06674,safari_ios
F06674,webview_ios
F06676,safari
F06676,safari_ios
F06676,webview_ios
F06677,webview_android
F06678,safari
F06678,webview_ios
F06679,safari
F06680,safari
F06680,webview_ios
F06681,safari
F06681,safari_ios
F06681,webview_ios
F06682,safari
F06682,safari_ios
F06683,firefox
F06683,firefox_android
F06684,chrome
F06684,edge
F06688,chrome
F06689,chrome
F06689,webview_android
F06690,firefox
F06690,firefox_android
F06691,chrome
F06691,webview_android
F06692,safari
F06692,safari_ios
F06692,webview_ios
F06693,opera
F06694,chrome
F06694,oculus
F06696,safari
F06696,safari_ios
F06696,webview_ios
F06697,safari
F06697,webview_ios
F06698,oculus
F06698,safari_ios
F06699,chrome
F06699,chrome_android
F06702,safari
F06703,chrome
F06703,firefox_android
F06704,firefox
F06705,safari
F06705,safari_ios
F06706,safari
F06706,safari_ios
F06706,webview_ios
F06707,chrome_android
F06707,safari_ios
F06708,firefox_android
F06708,safari
F06715,safari
F06716,safari
F06716,safari_ios
F06716,webview_ios
F06717,chrome
F06718,webview_ios
F06719,edge
F06722,safari
F06722,safari_ios
F06723,safari
F06723,safari_ios
F06725,chrome
F06725,opera
F06726,firefox
F06727,chrome
F06728,oculus
F06728,webview_ios
F06729,safari
F06729,safari_ios
F06729,webview_ios
F06731,chrome
F06732,chrome
F06733,chrome
F06733,opera_android
F06734,opera
F06735,firefox
F06737,chrome
F06738,safari
F06738,safari_ios
F06738,webview_ios
F06739,firefox
F06740,safari
F06740,safari_ios
F06741,safari
F06741,safari_ios
F06741,webview_ios
F06742,safari_ios
F06742,samsunginternet_android
F06743,edge
F06743,safari
F06744,samsunginternet_android
F06745,firefox
F06745,firefox_android
F06746,firefox_android
F06746,oculus
F06747,firefox
F06747,opera
F06748,safari
F06748,safari_ios
F06749,opera
F06750,safari
F06750,safari_ios
F06750,webview_ios
F06751,oculus
F06751,safari_ios
F06752,edge
F06752,firefox_android
F06753,safari
F06753,safari_ios
F06753,webview_ios
F06754,oculus
F06755,safari
F06755,safari_ios
F06755,webview_ios
F06756,webview_ios
F06757,chrome
F06758,oculus
F06758,webview_ios
F06759,safari
F06759,safari_ios
F06759,webview_ios
F06761,webview_ios
F06762,opera
F06762,opera_android
F06763,safari
F06763,safari_ios
F06763,webview_ios
F06766,safari_ios
F06766,webview_ios
F06768,safari
F06768,safari_ios
F06768,webview_ios
F06770,safari
F06770,safari_ios
F06770,webview_ios
F06771,firefox_android
F06772,safari
F06772,safari_ios
F06772,webview_ios
F06773,chrome_android
F06773,edge
F06776,edge
F06776,webview_ios
F06777,safari
F06778,chrome
F06778,oculus
F06780,firefox
F06780,firefox_android
F06781,safari
F06782,opera
F06783,edge
F06783,safari
F06784,firefox
F06784,firefox_android
F06785,safari
F06785,safari_ios
F06785,webview_ios
F06787,chrome_android
F06787,samsunginternet_android
F06788,safari
F06788,safari_ios
F06788,webview_ios
F06789,safari
F06791,chrome_android
F06791,oculus
F06792,chrome
F06792,firefox
F06793,safari
F06793,safari_ios
F06793,webview_ios
F06794,webview_android
F06796,safari
F06796,safari_ios
F06796,webview_ios
F06797,safari
F06797,safari_ios
F06797,webview_ios
F06798,webview_android
F06799,chrome_android
F06800,chrome_android
F06801,chrome
F06801,chrome_android
F06802,firefox
F06802,firefox_android
F06804,chrome_android
F06804,edge
F06806,safari
F06807,firefox_android
F06808,firefox_android
F06808,oculus
F06809,safari
F06809,webview_android
F06810,safari
F06810,safari_ios
F06810,webview_ios
F06811,safari
F06811,safari_ios
F06811,webview_ios
F06812,safari
F06812,safari_ios
F06812,webview_ios
F06813,safari
F06813,safari_ios
F06813,webview_ios
F06814,safari
F06814,safari_ios
F06814,webview_ios
F06815,chrome_android
F06815,oculus
F06817,firefox
F06818,safari
F06818,safari_ios
F06818,webview_ios
F06819,opera
F06823,firefox
F06825,firefox
F06826,chrome_android
F06827,chrome
F06827,edge
F06830,chrome
F06830,webview_android
F06831,chrome_android
F06831,safari
F06832,oculus
F06833,safari
F06833,safari_ios
F06833,webview_ios
F06834,safari
F06834,safari_ios
F06835,safari
F06836,opera
F06837,oculus
F06837,safari
F06838,webview_ios
F06840,opera_android
F06842,chrome_android
F06842,samsunginternet_android
F06844,safari_ios
F06845,samsunginternet_android
F06846,chrome_android
F06846,webview_ios
F06847,safari
F06847,safari_ios
F06847,webview_ios
F06848,safari
F06848,safari_ios
F06848,webview_ios
F06849,chrome
F06851,opera_android
F06851,safari_ios
F06852,chrome_android
F06852,opera
F06854,oculus
F06854,safari
F06855,firefox
F06857,safari
F06857,safari_ios
F06857,webview_ios
F06858,chrome
F06859,opera
F06861,safari_ios
F06862,safari
F06863,oculus
F06864,edge
F06864,firefox
F06866,chrome
F06867,chrome
F06867,opera_android
F06868,firefox
F06868,firefox_android
F06869,firefox
F06869,opera_android
F06870,safari
F06871,safari
F06871,safari_ios
F06871,webview_ios
F06873,firefox
F06873,firefox_android
F06874,safari
F06875,oculus
F06876,safari
F06876,safari_ios
F06876,webview_ios
F06877,safari_ios
F06877,webview_android
F06878,samsunginternet_android
F06880,safari
F06881,chrome
F06882,safari
F06882,safari_ios
F06882,webview_ios
F06883,safari
F06883,safari_ios
F06883,webview_ios
F06884,safari
F06884,safari_ios
F06884,webview_ios
F06885,safari
F06885,safari_ios
F06885,webview_ios
F06886,chrome_android
F06886,oculus
F06887,chrome
F06887,webview_android
F06888,firefox
F06890,edge
F06890,safari_ios
F06892,safari
F06892,safari_ios
F06892,webview_ios
F06893,webview_ios
F06894,opera
F06894,opera_android
F06895,safari
F06895,safari_ios
F06895,webview_ios
F06896,safari
F06896,safari_ios
F06896,webview_ios
F06897,safari
F06897,safari_ios
F06897,webview_ios
F06898,chrome_android
F06898,opera_android
F06899,opera
F06901,safari
F06901,safari_ios
F06901,webview_ios
F06903,samsunginternet_android
F06904,chrome_android
F06904,firefox
F06905,chrome_android
F06906,safari
F06906,safari_ios
F06906,webview_ios
F06907,safari
F06908,safari
F06908,safari_ios
F06908,webview_ios
F06909,safari
F06909,safari_ios
F06910,safari
F06910,safari_ios
F06910,webview_ios
F06911,safari
F06911,safari_ios
F06911,webview_ios
F06912,safari_ios
F06912,samsunginternet_android
F06914,webview_android
F06914,webview_ios
F06916,chrome_android
F06916,firefox
F06917,oculus
F06918,safari
F06918,safari_ios
F06918,webview_ios
F06919,firefox
F06920,chrome_android
F06922,chrome
F06923,webview_android
F06924,firefox_android
F06924,samsunginternet_android
F06925,safari
F06925,safari_ios
F06925,webview_ios
F06926,safari
F06926,safari_ios
F06926,webview_ios
F06927,chrome
F06928,firefox
F06928,firefox_android
F06929,safari
F06929,safari_ios
F06929,webview_ios
F06930,edge
F06931,opera
F06932,chrome
F06932,samsunginternet_android
F06933,safari
F06935,safari
F06937,firefox
F06938,chrome
F06939,firefox
F06939,firefox_android
F06940,oculus
F06941,safari
F06941,safari_ios
F06941,webview_ios
F06942,safari
F06942,webview_ios
F06944,safari_ios
F06945,chrome
F06946,firefox
F06947,safari
F06947,safari_ios
F06948,safari
F06948,safari_ios
F06948,webview_ios
F06949,firefox
F06950,safari
F06950,webview_ios
F06951,firefox_android
F06952,safari
F06952,samsunginternet_android
F06953,firefox_android
F06953,oculus
F06954,opera
F06957,safari
F06957,safari_ios
F06957,webview_ios
F06958,safari
F06958,safari_ios
F06958,webview_ios
F06959,chrome_android
F06960,chrome
F06960,opera_android
F06961,firefox
F06961,webview_ios
F06964,oculus
F06965,safari
F06965,webview_ios
F06967,firefox_android
F06967,safari
F06968,chrome_android
F06969,firefox
F06970,safari
F06970,safari_ios
F06970,webview_ios
F06972,opera_android
F06973,opera_android
F06973,samsunginternet_android
F06974,firefox
F06976,chrome
F06976,chrome_android
F06978,edge
F06979,safari
F06980,firefox_android
F06981,safari
F06981,safari_ios
F06981,webview_ios
F06984,safari
F06985,firefox
F06986,chrome_android
F06987,firefox
F06987,firefox_android
F06988,chrome
F06988,opera
F06989,safari
F06989,safari_ios
F06990,chrome_android
F06990,firefox
F06991,safari
F06991,webview_ios
F06992,samsunginternet_android
F06993,firefox
F06993,firefox_android
F06995,safari
F06998,safari
F06998,safari_ios
F06998,webview_ios
F07000,firefox
F07001,firefox_android
F07003,chrome
F07004,safari
F07006,chrome
F07006,opera
F07007,firefox
F07007,firefox_android
F07008,firefox
F07008,firefox_android
F07009,safari
F07009,safari_ios
F07009,webview_ios
F07010,opera_android
F07011,safari
F07013,safari
F07013,webview_ios
F07014,chrome
F07014,oculus
F07015,safari
F07015,safari_ios
F07015,webview_ios
F07017,firefox
F07017,safari
F07018,firefox
F07018,firefox_android
F07019,chrome
F07020,firefox
F07022,oculus
F07022,webview_ios
F07023,chrome
F07024,chrome
F07026,edge
F07026,opera
F07028,safari
F07029,firefox_android
F07029,samsunginternet_android
F07030,firefox_android
F07033,firefox
F07033,firefox_android
F07034,safari
F07034,safari_ios
F07034,webview_ios
F07036,edge
F07036,samsunginternet_android
F07037,samsunginternet_android
F07039,webview_android
F07040,chrome_android
F07040,oculus
F07043,safari
F07043,safari_ios
F07043,webview_ios
F07044,webview_android
F07048,firefox
F07048,firefox_android
F07050,safari
F07050,webview_ios
F07051,firefox
F07051,firefox_android
F07052,safari
F07052,webview_ios
F07053,chrome_android
F07054,chrome_android
F07054,webview_ios
F07058,chrome_android
F07058,opera_android
F07059,safari
F07059,safari_ios
F07059,webview_ios
F07060,firefox_android
F07060,opera_android
F07061,safari
F07061,safari_ios
F07061,webview_ios
F07062,opera
F07063,firefox
F07063,safari
F07065,safari
F07065,safari_ios
F07065,webview_ios
F07066,firefox
F07066,firefox_android
F07067,firefox
F07067,firefox_android
F07069,safari
F07069,safari_ios
F07069,webview_ios
F07070,oculus
F07070,webview_ios
F07071,chrome
F07071,webview_android
F07074,safari
F07074,safari_ios
F07074,webview_ios
F07077,safari
F07077,webview_ios
F07078,chrome
F07079,firefox
F07079,firefox_android
F07080,chrome_android
F07081,safari
F07081,safari_ios
F07081,webview_ios
F07082,safari_ios
F07083,firefox
F07084,safari_ios
F07085,safari
F07085,safari_ios
F07085,webview_ios
F07086,firefox
F07088,opera_android
F07089,chrome
F07090,firefox
F07091,chrome
F07092,firefox
F07092,firefox_android
F07094,webview_ios
F07095,edge
F07095,firefox_android
F07096,safari
F07096,webview_ios
F07097,safari_ios
F07098,firefox_android
F07098,safari
F07099,firefox
F07099,samsunginternet_android
F07100,safari
F07100,safari_ios
F07101,chrome
F07101,opera_android
F07102,firefox
F07103,safari
F07105,firefox
F07105,firefox_android
F07106,chrome
F07108,firefox
F07109,opera_android
F07111,firefox
F07112,safari
F07113,firefox
F07113,firefox_android
F07115,safari
F07115,webview_ios
F07116,opera_android
F07117,safari
F07117,safari_ios
F07117,webview_ios
F07119,chrome
F07119,opera_android
F07120,firefox
F07120,firefox_android
F07122,opera
F07123,safari
F07123,webview_ios
F07124,chrome
F07124,webview_android
F07125,safari
F07125,safari_ios
F07125,webview_ios
F07126,webview_ios
F07127,firefox_android
F07128,opera_android
F07128,webview_android
F07129,oculus
F07129,webview_android
F07130,safari
F07130,safari_ios
F07130,webview_ios
F07131,safari
F07131,safari_ios
F07131,webview_ios
F07132,chrome
F07132,chrome_android
F07134,safari
F07134,safari_ios
F07134,webview_ios
F07136,safari
F07137,oculus
F07139,chrome
F07139,opera
F07140,safari
F07140,safari_ios
F07140,webview_ios
F07141,safari
F07141,safari_ios
F07141,webview_ios
F07142,chrome
F07143,safari
F07143,safari_ios
F07143,webview_ios
F07144,edge
F07144,opera_android
F07145,safari
F07146,safari
F07146,safari_ios
F07146,webview_ios
F07147,chrome
F07147,oculus
F07148,safari
F07151,firefox_android
F07152,chrome_android
F07152,samsunginternet_android
F07154,safari
F07154,safari_ios
F07154,webview_ios
F07155,webview_ios
F07156,safari
F07157,chrome
F07159,firefox
F07160,firefox
F07160,firefox_android
F07161,safari
F07161,safari_ios
F07161,webview_ios
F07162,firefox
F07163,safari
F07164,safari
F07164,safari_ios
F07165,safari
F07165,safari_ios
F07165,webview_ios
F07166,firefox
F07167,firefox
F07169,safari
F07169,safari_ios
F07170,webview_ios
F07171,opera_android
F07172,firefox
F07172,opera
F07173,safari
F07173,webview_ios
F07174,edge
F07175,chrome_android
F07176,safari
F07176,safari_ios
F07176,webview_ios
F07178,opera_android
F07178,samsunginternet_android
F07179,safari
F07179,safari_ios
F07180,edge
F07181,safari
F07181,safari_ios
F07181,webview_ios
F07184,opera_android
F07187,safari
F07187,safari_ios
F07187,webview_ios
F07188,safari
F07188,webview_ios
F07189,chrome
F07190,safari
F07190,safari_ios
F07190,webview_ios
F07191,opera_android
F07191,safari_ios
F07192,safari
F07192,safari_ios
F07192,webview_ios
F07194,firefox
F07194,firefox_android
F07195,safari_ios
F07196,opera_android
F07196,webview_android
F07198,webview_android
F07199,firefox
F07200,safari
F07200,safari_ios
F07200,webview_ios
F07202,oculus
F07204,firefox
F07204,firefox_android
F07205,chrome
F07207,safari
F07207,safari_ios
F07207,webview_ios
F07208,safari
F07208,safari_ios
F07208,webview_ios
F07209,samsunginternet_android
F07210,firefox_android
F07210,webview_android
F07211,chrome
F07211,opera
F07213,safari
F07214,chrome
F07215,chrome
F07215,oculus
F07216,safari
F07216,safari_ios
F07216,webview_ios
F07218,chrome
F07219,oculus
F07219,webview_ios
F07220,edge
F07220,firefox
F07222,samsunginternet_android
F07222,webview_ios
F07223,chrome
F07223,oculus
F07225,chrome
F07225,edge
F07227,firefox
F07227,firefox_android
F07228,firefox
F07228,safari
F07229,chrome
F07229,opera_android
F07230,webview_ios
F07231,safari_ios
F07233,webview_ios
F07234,firefox_android
F07234,safari
F07235,safari
F07235,safari_ios
F07236,safari
F07236,webview_ios
F07237,safari
F07237,safari_ios
F07237,webview_ios
F07238,safari
F07238,safari_ios
F07238,webview_ios
F07239,chrome
F07241,safari
F07244,firefox
F07244,webview_android
F07245,chrome
F07246,firefox
F07246,firefox_android
F07247,safari
F07247,safari_ios
F07247,webview_ios
F07248,safari
F07249,webview_ios
F07250,chrome
F07250,opera
F07252,firefox_android
F07253,chrome
F07253,samsunginternet_android
F07254,safari
F07254,webview_android
F07256,safari
F07256,webview_ios
F07258,safari
F07258,safari_ios
F07258,webview_ios
F07259,opera_android
F07261,webview_ios
F07264,firefox_android
F07265,chrome
F07266,safari
F07266,safari_ios
F07267,chrome
F07267,edge
F07268,chrome
F07268,chrome_android
F07269,chrome
F07269,chrome_android
F07271,safari
F07273,safari
F07273,safari_ios
F07274,safari
F07274,safari_ios
F07274,webview_ios
F07276,firefox
F07277,opera
F07279,safari
F07279,safari_ios
F07279,webview_ios
F07281,firefox
F07281,firefox_android
F07282,samsunginternet_android
F07282,webview_android
F07284,chrome_android
F07284,webview_ios
F07285,webview_android
F07286,safari
F07286,safari_ios
F07286,webview_ios
F07287,firefox
F07287,firefox_android
F07288,oculus
F07289,chrome_android
F07289,opera_android
F07291,firefox_android
F07291,oculus
F07293,samsunginternet_android
F07293,webview_android
F07294,firefox_android
F07296,webview_android
F07297,opera_android
F07298,firefox
F07299,safari
F07299,safari_ios
F07299,webview_ios
F07300,safari
F07302,chrome
F07302,opera
F07303,firefox
F07304,oculus
F07305,safari
F07305,safari_ios
F07305,webview_ios
F07306,firefox
F07306,firefox_android
F07307,safari
F07308,firefox
F07308,firefox_android
F07309,safari
F07309,safari_ios
F07309,webview_ios
F07310,safari
F07310,safari_ios
F07311,opera
F07313,opera_android
F07314,oculus
F07316,safari
F07317,chrome
F07317,webview_android
F07319,safari
F07320,safari
F07320,safari_ios
F07320,webview_ios
F07321,safari
F07321,safari_ios
F07322,chrome
F07322,edge
F07323,safari
F07323,safari_ios
F07323,webview_ios
F07324,safari
F07324,webview_ios
F07326,opera_android
F07326,safari_ios
F07327,safari
F07329,safari
F07329,safari_ios
F07329,webview_ios
F07330,safari
F07330,safari_ios
F07330,webview_ios
F07332,safari
F07333,safari
F07333,safari_ios
F07333,webview_ios
F07334,chrome
F07335,edge
F07336,safari
F07336,webview_ios
F07337,safari
F07337,safari_ios
F07339,safari
F07339,safari_ios
F07339,webview_ios
F07341,firefox
F07341,firefox_android
F07342,firefox
F07342,firefox_android
F07343,webview_ios
F07344,safari_ios
F07346,webview_ios
F07347,chrome
F07348,firefox
F07348,opera_android
F07349,edge
F07349,oculus
F07350,safari
F07352,chrome
F07353,safari
F07353,safari_ios
F07353,webview_ios
F07354,safari
F07354,safari_ios
F07354,webview_ios
F07355,safari
F07355,safari_ios
F07355,webview_ios
F07356,edge
F07356,safari
F07357,safari
F07358,firefox_android
F07358,webview_android
F07359,firefox
F07359,safari_ios
F07360,oculus
F07361,safari_ios
F07361,samsunginternet_android
F07362,chrome
F07362,oculus
F07363,chrome
F07363,chrome_android
F07364,oculus
F07365,chrome
F07366,firefox
F07367,webview_ios
F07368,firefox
F07369,safari
F07369,webview_ios
F07371,opera
F07373,safari
F07373,safari_ios
F07373,webview_ios
F07375,safari
F07375,safari_ios
F07375,webview_ios
F07376,safari
F07377,chrome
F07377,safari_ios
F07378,chrome
F07378,samsunginternet_android
F07379,safari
F07379,safari_ios
F07379,webview_ios
F07380,chrome
F07380,opera_android
F07382,firefox_android
F07382,webview_ios
F07383,safari
F07383,safari_ios
F07383,webview_ios
F07384,safari
F07384,safari_ios
F07384,webview_ios
F07386,opera
F07387,firefox
F07389,firefox
F07389,firefox_android
F07390,safari
F07390,safari_ios
F07390,webview_ios
F07391,oculus
F07392,edge
F07393,chrome
F07394,safari
F07394,safari_ios
F07394,webview_ios
F07395,chrome_android
F07395,firefox_android
F07396,safari
F07396,safari_ios
F07396,webview_ios
F07397,opera_android
F07398,safari
F07399,safari_ios
F07399,webview_ios
F07400,chrome
F07400,opera
F07401,chrome
F07402,firefox
F07403,firefox
F07405,samsunginternet_android
F07406,firefox_android
F07406,safari_ios
F07407,oculus
F07408,firefox
F07408,safari_ios
F07409,safari
F07409,webview_ios
F07410,safari
F07410,safari_ios
F07410,webview_ios
F07412,chrome
F07413,safari
F07414,chrome
F07414,edge
F07415,safari
F07417,edge
F07418,chrome
F07418,chrome_android
F07420,safari
F07420,safari_ios
F07420,webview_ios
F07421,safari
F07423,safari
F07424,safari
F07425,safari_ios
F07428,firefox
F07428,firefox_android
F07430,safari
F07431,safari
F07431,safari_ios
F07431,webview_ios
F07433,safari
F07433,safari_ios
F07434,safari
F07434,safari_ios
F07434,webview_ios
F07435,opera_android
F07435,safari_ios
F07436,firefox
F07436,firefox_android
F07438,safari
F07438,safari_ios
F07438,webview_ios
F07440,oculus
F07440,opera
F07441,safari
F07441,safari_ios
F07442,safari
F07442,safari_ios
F07442,webview_ios
F07443,safari_ios
F07445,firefox
F07446,webview_android
F07447,safari
F07447,webview_ios
F07448,chrome_android
F07449,firefox
F07449,samsunginternet_android
F07450,chrome
F07452,safari
F07452,safari_ios
F07452,webview_ios
F07453,chrome
F07454,chrome
F07454,edge
F07457,firefox
F07458,safari
F07460,firefox
F07460,firefox_android
F07461,safari_ios
F07462,chrome
F07463,opera_android
F07464,edge
F07464,webview_android
F07465,firefox
F07466,safari
F07467,chrome_android
F07467,edge
F07468,oculus
F07468,opera_android
F07469,safari
F07469,safari_ios
F07469,webview_ios
F07470,samsunginternet_android
F07471,safari
F07471,safari_ios
F07471,webview_ios
F07472,edge
F07473,safari
F07473,safari_ios
F07473,webview_ios
F07474,firefox_android
F07474,safari_ios
F07475,safari
F07475,safari_ios
F07475,webview_ios
F07476,firefox
F07476,firefox_android
F07477,chrome
F07477,chrome_android
F07478,chrome
F07478,opera
F07479,opera_android
F07482,chrome_android
F07483,chrome
F07485,samsunginternet_android
F07485,webview_ios
F07486,firefox_android
F07486,safari
F07487,safari
F07487,webview_ios
F07488,firefox
F07489,samsunginternet_android
F07489,webview_android
F07491,chrome
F07491,opera_android
F07492,safari
F07492,safari_ios
F07494,opera_android
F07494,webview_android
F07495,safari
F07495,safari_ios
F07495,webview_ios
F07496,firefox
F07497,chrome
F07497,chrome_android
F07499,safari
F07500,oculus
F07501,webview_ios
F07502,chrome
F07502,edge
F07503,safari
F07503,safari_ios
F07503,webview_ios
F07504,safari
F07504,webview_android
F07506,safari
F07506,safari_ios
F07506,webview_ios
F07507,safari
F07508,chrome_android
F07508,webview_android
F07509,samsunginternet_android
F07509,webview_android
F07512,firefox_android
F07512,oculus
F07513,safari
F07513,safari_ios
F07513,webview_ios
F07514,chrome_android
F07514,webview_android
F07516,chrome
F07517,chrome
F07518,safari
F07518,safari_ios
F07519,safari
F07519,webview_ios
F07520,safari
F07520,webview_ios
F07521,chrome_android
F07522,webview_android
F07524,firefox
F07525,safari
F07525,safari_ios
F07525,webview_ios
F07526,safari
F07527,safari
F07527,safari_ios
F07528,chrome
F07528,edge
F07529,firefox
F07529,firefox_android
F07530,safari
F07530,safari_ios
F07530,webview_ios
F07531,firefox
F07531,firefox_android
F07533,firefox_android
F07533,samsunginternet_android
F07534,firefox
F07534,firefox_android
F07535,firefox
F07535,firefox_android
F07537,safari_ios
F07537,webview_android
F07538,webview_ios
F07539,firefox
F07539,firefox_android
F07540,safari
F07540,safari_ios
F07540,webview_ios
F07541,safari
F07541,safari_ios
F07541,webview_ios
F07542,webview_android
F07543,safari
F07544,safari
F07545,safari
F07545,safari_ios
F07545,webview_ios
F07547,firefox
F07548,opera
F07548,safari
F07551,safari
F07551,safari_ios
F07551,webview_ios
F07552,chrome
F07552,chrome_android
F07553,edge
F07554,safari
F07554,safari_ios
F07554,webview_ios
F07555,chrome_android
F07555,safari_ios
F07556,safari
F07558,chrome
F07559,edge
F07559,webview_ios
F07560,firefox_android
F07560,safari
F07562,safari
F07562,safari_ios
F07562,webview_ios
F07563,edge
F07564,firefox
F07564,firefox_android
F07568,firefox_android
F07569,chrome_android
F07569,samsunginternet_android
F07570,firefox
F07570,firefox_android
F07571,safari
F07572,firefox_android
F07572,oculus
F07573,safari
F07574,chrome
F07575,oculus
F07575,webview_android
F07576,firefox
F07576,firefox_android
F07577,opera_android
F07577,webview_android
F07578,safari
F07578,safari_ios
F07578,webview_ios
F07579,edge
F07581,safari
F07581,safari_ios
F07581,webview_ios
F07582,chrome
F07583,chrome
F07584,chrome
F07584,opera_android
F07585,edge
F07586,safari
F07586,webview_ios
F07587,edge
F07587,webview_android
F07588,opera_android
F07589,firefox
F07589,firefox_android
F07590,firefox
F07591,safari
F07592,safari
F07592,safari_ios
F07594,webview_ios
F07595,chrome
F07595,chrome_android
F07596,chrome
F07596,edge
F07597,chrome
F07597,webview_android
F07598,firefox
F07600,edge
F07602,firefox
F07602,firefox_android
F07603,safari
F07603,safari_ios
F07604,firefox
F07604,firefox_android
F07605,chrome
F07605,safari
F07607,firefox
F07608,webview_ios
F07610,oculus
F07611,firefox
F07612,safari
F07612,safari_ios
F07612,webview_ios
F07613,edge
F07613,safari
F07614,chrome
F07614,chrome_android
F07615,chrome
F07616,firefox
F07616,firefox_android
F07617,webview_ios
F07618,firefox
F07619,firefox_android
F07619,samsunginternet_android
F07620,chrome
F07621,firefox
F07622,chrome_android
F07622,safari
F07624,oculus
F07624,opera
F07625,safari
F07625,safari_ios
F07625,webview_ios
F07626,chrome
F07627,safari
F07627,safari_ios
F07629,safari
F07629,safari_ios
F07629,webview_ios
F07630,safari
F07631,samsunginternet_android
F07632,safari
F07632,webview_ios
F07633,firefox
F07633,firefox_android
F07634,safari
F07635,firefox
F07635,samsunginternet_android
F07636,safari
F07636,safari_ios
F07637,edge
F07638,oculus
F07638,webview_ios
F07639,chrome
F07639,webview_android
F07641,webview_android
F07643,firefox_android
F07643,webview_ios
F07644,firefox
F07644,samsunginternet_android
F07645,oculus
F07647,safari
F07647,safari_ios
F07647,webview_ios
F07648,chrome
F07648,samsunginternet_android
F07649,edge
F07649,opera
F07650,edge
F07650,webview_android
F07652,chrome
F07652,opera_android
F07653,safari
F07653,safari_ios
F07653,webview_ios
F07655,firefox_android
F07656,chrome
F07656,opera
F07657,safari
F07657,webview_ios
F07658,chrome
F07659,chrome_android
F07659,webview_ios
F07660,safari
F07660,webview_ios
F07661,safari
F07662,safari
F07663,chrome
F07663,samsunginternet_android
F07664,opera_android
F07664,webview_ios
F07665,webview_android
F07666,safari
F07667,chrome_android
F07667,firefox_android
F07668,samsunginternet_android
F07669,edge
F07670,safari
F07670,safari_ios
F07670,webview_ios
F07671,chrome
F07674,safari
F07674,safari_ios
F07674,webview_ios
F07675,firefox
F07676,firefox
F07676,firefox_android
F07677,chrome
F07677,oculus
F07678,chrome_android
F07679,firefox
F07679,firefox_android
F07681,firefox
F07682,safari
F07682,safari_ios
F07682,webview_ios
F07684,chrome
F07684,webview_android
F07685,safari
F07685,safari_ios
F07685,webview_ios
F07686,chrome
F07686,edge
F07687,firefox
F07687,firefox_android
F07688,safari
F07688,safari_ios
F07688,webview_ios
F07690,edge
F07691,firefox_android
F07692,chrome
F07693,safari
F07693,safari_ios
F07693,webview_ios
F07694,safari_ios
F07695,opera_android
F07695,webview_ios
F07696,chrome_android
F07696,firefox_android
F07697,webview_ios
F07698,firefox_android
F07698,opera
F07699,firefox
F07702,safari
F07702,safari_ios
F07702,webview_ios
F07703,firefox
F07704,safari
F07705,safari_ios
F07707,samsunginternet_android
F07708,firefox
F07709,safari
F07710,safari
F07710,safari_ios
F07710,webview_ios
F07711,safari
F07712,oculus
F07712,samsunginternet_android
F07713,chrome
F07713,opera
F07714,firefox_android
F07714,opera
F07715,chrome_android
F07716,chrome_android
F07718,oculus
F07719,firefox_android
F07721,chrome
F07721,chrome_android
F07722,firefox
F07722,firefox_android
F07723,chrome_android
F07723,safari
F07724,opera
F07725,opera_android
F07725,webview_android
F07727,safari
F07727,safari_ios
F07727,webview_ios
F07728,firefox
F07728,firefox_android
F07729,firefox
F07729,samsunginternet_android
F07730,chrome
F07731,safari
F07731,safari_ios
F07732,chrome
F07732,opera
F07733,firefox
F07734,firefox
F07736,chrome_android
F07736,samsunginternet_android
F07737,firefox
F07738,chrome
F07739,safari
F07739,safari_ios
F07739,webview_ios
F07740,firefox
F07742,opera_android
F07743,safari
F07743,safari_ios
F07743,webview_ios
F07744,safari_ios
F07745,chrome_android
F07747,firefox
F07747,firefox_android
F07748,chrome
F07748,opera_android
F07749,firefox_android
F07749,safari
F07750,safari
F07750,safari_ios
F07750,webview_ios
F07751,chrome_android
F07751,firefox_android
F07752,chrome
F07752,opera
F07753,chrome
F07754,firefox
F07754,firefox_android
F07757,opera_android
F07757,safari
F07758,chrome
F07762,opera_android
F07762,webview_android
F07763,safari
F07763,safari_ios
F07763,webview_ios
F07764,firefox
F07765,chrome_android
F07765,opera
F07767,chrome
F07767,safari
F07768,chrome
F07768,opera
F07769,safari
F07770,chrome
F07770,opera
F07771,firefox_android
F07771,webview_android
F07773,opera_android
F07774,firefox_android
F07774,oculus
F07775,firefox
F07776,firefox_android
F07776,oculus
F07777,opera
F07778,firefox
F07778,firefox_android
F07780,webview_ios
F07781,safari
F07781,safari_ios
F07782,firefox
F07783,safari
F07783,safari_ios
F07783,webview_ios
F07784,chrome
F07784,edge
F07785,safari
F07785,safari_ios
F07786,oculus
F07788,safari
F07788,safari_ios
F07788,webview_ios
F07789,edge
F07790,firefox
F07791,webview_android
F07793,safari
F07793,safari_ios
F07793,webview_ios
F07794,safari
F07794,safari_ios
F07796,safari
F07796,safari_ios
F07796,webview_ios
F07797,opera_android
F07797,safari
F07799,firefox
F07800,chrome
F07800,edge
F07802,chrome
F07803,firefox
F07803,firefox_android
F07804,chrome
F07805,chrome_android
F07805,webview_android
F07806,chrome
F07806,chrome_android
F07807,chrome_android
F07809,firefox
F07810,edge
F07811,chrome
F07811,safari_ios
F07812,chrome
F07813,firefox_android
F07814,chrome
F07814,webview_android
F07815,safari_ios
F07816,webview_ios
F07817,webview_android
F07818,chrome_android
F07818,opera_android
F07819,webview_ios
F07821,safari
F07821,webview_ios
F07824,firefox
F07824,firefox_android
F07825,firefox_android
F07825,webview_ios
F07826,firefox
F07826,opera
F07827,safari
F07827,safari_ios
F07827,webview_ios
F07829,firefox
F07829,firefox_android
F07831,webview_android
F07832,oculus
F07833,firefox
F07834,safari
F07834,safari_ios
F07834,webview_ios
F07836,oculus
F07837,firefox_android
F07838,chrome
F07840,chrome
F07840,chrome_android
F07841,safari
F07841,safari_ios
F07841,webview_ios
F07842,opera_android
F07842,webview_ios
F07846,chrome_android
F07847,firefox
F07848,firefox
F07848,firefox_android
F07849,safari
F07849,safari_ios
F07849,webview_ios
F07850,firefox
F07850,firefox_android
F07853,safari
F07854,opera
F07856,firefox
F07856,firefox_android
F07859,chrome
F07860,chrome
F07861,safari
F07861,safari_ios
F07861,webview_ios
F07863,chrome
F07865,opera_android
F07866,chrome
F07867,samsunginternet_android
F07868,safari
F07868,safari_ios
F07868,webview_ios
F07869,chrome
F07870,opera
F07870,safari
F07871,safari
F07873,firefox_android
F07874,opera
F07876,chrome
F07876,edge
F07877,chrome
F07877,chrome_android
F07879,chrome
F07879,opera
F07880,edge
F07880,webview_ios
F07881,firefox
F07881,firefox_android
F07882,edge
F07883,chrome
F07884,safari
F07884,webview_android
F07885,firefox_android
F07886,safari
F07886,samsunginternet_android
F07888,safari
F07888,safari_ios
F07889,safari
F07889,safari_ios
F07889,webview_ios
F07890,opera_android
F07890,safari_ios
F07891,samsunginternet_android
F07892,safari
F07892,safari_ios
F07892,webview_ios
F07893,safari
F07895,firefox_android
F07896,chrome
F07896,edge
F07897,safari
F07897,webview_ios
F07898,edge
F07898,oculus
F07899,safari
F07899,safari_ios
F07899,webview_ios
F07900,safari
F07900,safari_ios
F07900,webview_ios
F07901,chrome
F07902,firefox
F07902,firefox_android
F07903,webview_android
F07904,webview_android
F07904,webview_ios
F07905,edge
F07905,safari
F07906,firefox
F07907,safari
F07908,safari
F07908,safari_ios
F07908,webview_ios
F07911,chrome
F07911,oculus
F07912,safari
F07912,safari_ios
F07914,samsunginternet_android
F07915,samsunginternet_android
F07916,firefox
F07916,firefox_android
F07917,oculus
F07917,webview_ios
F07918,safari
F07918,safari_ios
F07918,webview_ios
F07919,edge
F07921,opera_android
F07922,webview_android
F07923,firefox
F07923,firefox_android
F07924,samsunginternet_android
F07925,safari
F07926,chrome_android
F07926,firefox
F07928,chrome
F07928,oculus
F07929,chrome
F07929,opera
F07931,safari
F07931,webview_ios
F07933,webview_android
F07934,firefox_android
F07934,samsunginternet_android
F07935,chrome
F07935,chrome_android
F07936,chrome_android
F07936,edge
F07937,safari
F07937,safari_ios
F07937,webview_ios
F07938,chrome_android
F07939,opera
F07940,safari
F07941,edge
F07941,opera_android
F07942,firefox
F07943,chrome
F07943,edge
F07946,chrome
F07946,samsunginternet_android
F07947,safari
F07947,safari_ios
F07947,webview_ios
F07949,safari
F07949,webview_ios
F07950,oculus
F07951,oculus
F07951,safari_ios
F07952,edge
F07953,chrome
F07953,oculus
F07954,safari
F07954,safari_ios
F07954,webview_ios
F07955,chrome
F07955,opera
F07956,edge
F07957,firefox
F07959,safari
F07959,webview_ios
F07962,webview_android
F07962,webview_ios
F07963,firefox
F07964,safari_ios
F07964,webview_ios
F07965,safari
F07966,chrome
F07968,safari
F07968,safari_ios
F07968,webview_ios
F07971,samsunginternet_android
F07972,chrome_android
F07973,firefox
F07973,firefox_android
F07974,chrome
F07976,safari
F07978,opera
F07978,webview_ios
F07979,webview_android
F07980,firefox
F07982,safari
F07982,safari_ios
F07982,webview_ios
F07983,chrome
F07986,safari
F07988,safari_ios
F07989,opera
F07990,chrome
F07991,chrome
F07992,webview_ios
F07995,safari
F07995,safari_ios
F07995,webview_ios
F07996,chrome_android
F07997,safari
F07997,safari_ios
F07997,webview_ios
F07998,samsunginternet_android
F07999,chrome
F07999,webview_android
F08000,edge
F08000,webview_android
F08002,opera
F08003,safari
F08003,safari_ios
F08003,webview_ios
F08004,samsunginternet_android
F08005,safari
F08005,safari_ios
F08006,safari
F08006,safari_ios
F08006,webview_ios
F08007,chrome
F08007,opera
F08008,safari
F08008,safari_ios
F08010,chrome
F08010,opera
F08012,safari
F08013,opera
F08013,webview_ios
F08014,edge
F08014,webview_android
F08015,chrome
F08016,opera
F08018,safari
F08019,edge
F08020,opera
F08021,chrome
F08022,chrome_android
F08022,opera
F08023,chrome
F08023,oculus
F08024,safari
F08025,safari
F08028,firefox
F08028,webview_ios
F08029,chrome_android
F08029,edge
F08030,firefox_android
F08030,opera
F08031,edge
F08031,firefox_android
F08032,firefox
F08032,firefox_android
F08033,edge
F08034,safari
F08034,safari_ios
F08034,webview_ios
F08035,oculus
F08035,opera
F08036,safari
F08038,opera_android
F08038,webview_ios
F08039,samsunginternet_android
F08040,firefox
F08040,firefox_android
F08041,oculus
F08043,firefox_android
F08043,opera
F08044,chrome
F08044,edge
F08045,firefox
F08046,firefox
F08046,firefox_android
F08049,chrome
F08052,safari
F08052,safari_ios
F08052,webview_ios
F08054,safari
F08054,webview_ios
F08055,webview_ios
F08057,samsunginternet_android
F08060,chrome
F08062,webview_ios
F08063,safari
F08063,safari_ios
F08063,webview_ios
F08064,safari
F08064,safari_ios
F08064,webview_ios
F08065,chrome_android
F08066,safari
F08066,safari_ios
F08066,webview_ios
F08067,chrome
F08067,samsunginternet_android
F08069,webview_android
F08069,webview_ios
F08070,webview_ios
F08072,firefox
F08075,oculus
F08075,opera_android
F08076,firefox_android
F08077,safari
F08077,safari_ios
F08077,webview_ios
F08078,opera
F08079,safari
F08079,safari_ios
F08080,safari
F08080,safari_ios
F08080,webview_ios
F08083,oculus
F08084,chrome_android
F08084,oculus
F08085,chrome_android
F08088,opera
F08090,safari
F08090,safari_ios
F08090,webview_ios
F08091,chrome
F08093,safari
F08093,safari_ios
F08093,webview_ios
F08094,webview_android
F08095,safari
F08095,webview_ios
F08096,firefox
F08096,firefox_android
F08097,edge
F08098,samsunginternet_android
F08099,chrome
F08099,opera_android
F08100,firefox
F08100,firefox_android
F08101,firefox
F08101,firefox_android
F08102,firefox
F08102,firefox_android
F08106,safari
F08106,safari_ios
F08106,webview_ios
F08108,firefox
F08109,safari
F08109,safari_ios
F08109,webview_ios
F08110,safari_ios
F08111,safari
F08111,safari_ios
F08112,safari
F08112,safari_ios
F08112,webview_ios
F08114,chrome
F08114,oculus
F08116,safari
F08117,opera
F08119,safari
F08119,safari_ios
F08119,webview_ios
F08120,safari
F08120,webview_ios
F08121,safari_ios
F08122,webview_android
F08123,safari
F08123,webview_ios
F08125,safari
F08125,safari_ios
F08125,webview_ios
F08127,safari_ios
F08127,samsunginternet_android
F08128,safari
F08129,firefox
F08131,safari_ios
F08132,samsunginternet_android
F08135,firefox
F08135,safari
F08136,samsunginternet_android
F08138,chrome
F08138,oculus
F08139,chrome
F08139,webview_android
F08140,safari
F08140,safari_ios
F08141,safari
F08141,safari_ios
F08141,webview_ios
F08142,safari
F08143,webview_ios
F08144,chrome_android
F08145,chrome_android
F08145,webview_ios
F08146,webview_ios
F08147,chrome_android
F08149,safari
F08149,safari_ios
F08150,chrome_android
F08150,edge
F08151,safari_ios
F08152,chrome
F08153,safari
F08153,safari_ios
F08153,webview_ios
F08154,safari
F08154,safari_ios
F08154,webview_ios
F08155,chrome_android
F08156,safari
F08159,chrome_android
F08159,webview_android
F08160,chrome
F08160,firefox_android
F08162,firefox
F08162,firefox_android
F08163,safari
F08163,safari_ios
F08163,webview_ios
F08164,chrome
F08164,chrome_android
F08166,safari
F08166,webview_ios
F08168,safari
F08168,safari_ios
F08168,webview_ios
F08169,firefox
F08169,firefox_android
F08170,firefox
F08171,webview_android
F08172,chrome_android
F08173,safari
F08173,safari_ios
F08173,webview_ios
F08174,safari
F08174,webview_ios
F08175,firefox
F08176,edge
F08177,chrome
F08177,opera_android
F08178,webview_android
F08179,chrome
F08180,chrome
F08180,edge
F08181,samsunginternet_android
F08182,safari
F08182,safari_ios
F08182,webview_ios
F08183,chrome
F08183,oculus
F08184,firefox
F08185,oculus
F08185,safari_ios
F08186,safari
F08187,firefox
F08187,firefox_android
F08188,firefox
F08189,safari_ios
F08191,safari
F08191,safari_ios
F08191,webview_ios
F08192,opera
F08192,webview_android
F08193,safari
F08194,chrome
F08195,safari
F08195,safari_ios
F08196,firefox
F08196,firefox_android
F08199,chrome_android
F08200,safari
F08200,webview_ios
F08201,safari
F08201,safari_ios
F08201,webview_ios
F08202,safari
F08202,safari_ios
F08202,webview_ios
F08205,firefox
F08205,firefox_android
F08206,safari
F08206,safari_ios
F08206,webview_ios
F08207,opera_android
F08207,safari_ios
F08208,chrome_android
F08208,edge
F08209,safari
F08209,safari_ios
F08209,webview_ios
F08210,safari
F08210,safari_ios
F08210,webview_ios
F08211,chrome_android
F08211,webview_ios
F08212,safari
F08212,safari_ios
F08212,webview_ios
F08213,safari
F08213,safari_ios
F08214,safari
F08215,firefox
F08215,firefox_android
F08216,firefox
F08217,safari
F08217,safari_ios
F08217,webview_ios
F08218,safari
F08218,safari_ios
F08218,webview_ios
F08219,chrome
F08220,chrome
F08221,chrome
F08221,chrome_android
F08224,edge
F08225,safari
F08225,safari_ios
F08226,safari
F08226,safari_ios
F08226,webview_ios
F08227,chrome_android
F08227,webview_android
F08228,firefox
F08228,firefox_android
F08229,oculus
F08231,safari
F08231,webview_ios
F08233,chrome
F08233,safari
F08234,edge
F08235,samsunginternet_android
F08236,chrome
F08237,chrome
F08237,oculus
F08238,firefox_android
F08238,oculus
F08239,chrome_android
F08239,firefox
F08241,chrome
F08241,opera_android
F08242,opera_android
F08245,opera_android
F08247,firefox
F08248,chrome
F08248,opera
F08249,firefox
F08251,edge
F08251,oculus
F08253,firefox
F08253,opera_android
F08254,chrome
F08254,firefox
F08255,safari
F08256,webview_android
F08257,chrome_android
F08257,opera_android
F08259,safari
F08259,webview_ios
F08260,firefox_android
F08261,edge
F08262,safari
F08263,safari
F08263,safari_ios
F08263,webview_ios
F08264,samsunginternet_android
F08265,webview_ios
F08267,chrome
F08267,webview_android
F08268,firefox_android
F08268,safari
F08269,safari
F08269,safari_ios
F08269,webview_ios
F08271,safari_ios
F08271,samsunginternet_android
F08272,safari
F08272,webview_ios
F08273,safari
F08273,safari_ios
F08273,webview_ios
F08274,chrome
F08274,webview_android
F08275,safari
F08275,safari_ios
F08275,webview_ios
F08276,firefox
F08276,firefox_android
F08278,safari
F08278,safari_ios
F08278,webview_ios
F08279,chrome_android
F08280,chrome_android
F08281,safari
F08281,safari_ios
F08281,webview_ios
F08282,firefox
F08282,firefox_android
F08283,firefox
F08283,firefox_android
F08284,opera
F08284,webview_ios
F08285,samsunginternet_android
F08286,chrome
F08289,safari
F08290,chrome_android
F08290,opera
F08291,opera
F08291,opera_android
F08292,safari
F08292,samsunginternet_android
F08293,webview_android
F08294,chrome
F08294,samsunginternet_android
F08295,safari
F08295,safari_ios
F08295,webview_ios
F08296,safari
F08297,chrome_android
F08298,chrome
F08298,safari
F08300,firefox
F08300,opera
F08301,chrome_android
F08301,opera_android
F08302,firefox
F08304,safari
F08307,safari
F08309,safari
F08310,safari
F08311,chrome
F08312,safari
F08312,safari_ios
F08312,webview_ios
F08313,firefox
F08313,opera_android
F08314,safari
F08315,opera_android
F08316,safari
F08316,safari_ios
F08317,firefox
F08317,opera
F08318,safari
F08318,safari_ios
F08318,webview_ios
F08320,edge
F08320,firefox
F08321,firefox_android
F08321,safari
F08322,safari
F08323,chrome
F08324,safari
F08324,safari_ios
F08324,webview_ios
F08325,firefox
F08325,samsunginternet_android
F08327,safari
F08327,safari_ios
F08327,webview_ios
F08329,samsunginternet_android
F08330,safari
F08330,safari_ios
F08330,webview_ios
F08331,safari
F08331,webview_ios
F08332,chrome
F08332,oculus
F08333,safari
F08333,safari_ios
F08333,webview_ios
F08336,safari
F08336,webview_ios
F08337,chrome
F08337,edge
F08340,safari
F08341,firefox
F08341,firefox_android
F08343,safari
F08343,samsunginternet_android
F08344,firefox_android
F08344,samsunginternet_android
F08345,firefox
F08346,edge
F08347,oculus
F08347,opera
F08350,webview_android
F08350,webview_ios
F08351,chrome
F08351,samsunginternet_android
F08352,safari_ios
F08354,firefox
F08354,firefox_android
F08355,chrome
F08355,webview_android
F08357,safari
F08357,safari_ios
F08357,webview_ios
F08358,chrome
F08359,opera_android
F08360,oculus
F08362,chrome
F08363,firefox
F08365,webview_android
F08366,safari
F08366,safari_ios
F08366,webview_ios
F08368,oculus
F08369,opera_android
F08369,webview_ios
F08370,opera
F08371,firefox_android
F08372,safari
F08372,safari_ios
F08372,webview_ios
F08374,safari
F08374,webview_ios
F08376,firefox
F08377,firefox_android
F08377,oculus
F08378,safari
F08378,safari_ios
F08378,webview_ios
F08379,safari
F08379,safari_ios
F08379,webview_ios
F08380,oculus
F08381,safari
F08381,safari_ios
F08382,opera_android
F08383,edge
F08383,webview_ios
F08384,firefox
F08384,firefox_android
F08385,safari
F08386,safari_ios
F08387,safari_ios
F08388,webview_ios
F08389,firefox
F08389,firefox_android
F08390,firefox
F08391,chrome
F08391,samsunginternet_android
F08392,firefox
F08392,firefox_android
F08393,chrome
F08393,oculus
F08394,firefox_android
F08395,safari
F08395,safari_ios
F08395,webview_ios
F08397,safari
F08397,safari_ios
F08398,firefox
F08398,firefox_android
F08399,firefox
F08399,firefox_android
F08400,chrome
F08401,safari
F08401,safari_ios
F08401,webview_ios
F08403,firefox_android
F08403,samsunginternet_android
F08405,chrome
F08405,chrome_android
F08406,safari
F08406,safari_ios
F08406,webview_ios
F08408,edge
F08408,opera
F08409,safari
F08409,safari_ios
F08409,webview_ios
F08410,chrome
F08410,samsunginternet_android
F08412,webview_ios
F08413,safari
F08413,safari_ios
F08414,oculus
F08414,opera_android
F08418,safari
F08420,chrome
F08420,samsunginternet_android
F08421,firefox
F08421,firefox_android
F08422,firefox
F08423,safari
F08424,safari
F08426,chrome_android
F08427,edge
F08427,safari
F08429,safari
F08429,safari_ios
F08429,webview_ios
F08430,safari
F08430,safari_ios
F08430,webview_ios
F08431,opera
F08431,safari_ios
F08433,safari
F08433,safari_ios
F08433,webview_ios
F08434,edge
F08434,firefox_android
F08435,chrome
F08436,chrome
F08438,chrome
F08439,chrome
F08440,edge
F08442,firefox_android
F08442,webview_ios
F08443,safari
F08443,safari_ios
F08443,webview_ios
F08444,oculus
F08445,safari
F08445,safari_ios
F08445,webview_ios
F08446,webview_android
F08447,firefox
F08448,firefox
F08448,firefox_android
F08450,firefox
F08451,safari_ios
F08452,samsunginternet_android
F08455,firefox
F08455,opera_android
F08457,safari
F08457,safari_ios
F08458,samsunginternet_android
F08460,opera_android
F08461,safari
F08461,safari_ios
F08461,webview_ios
F08462,firefox
F08462,firefox_android
F08463,opera
F08463,samsunginternet_android
F08464,firefox
F08464,safari_ios
F08466,firefox
F08466,firefox_android
F08469,safari
F08469,safari_ios
F08469,webview_ios
F08470,chrome
F08470,webview_android
F08471,webview_android
F08472,chrome_android
F08473,opera
F08475,edge
F08475,opera
F08476,safari
F08476,safari_ios
F08476,webview_ios
F08478,chrome_android
F08478,oculus
F08479,safari
F08479,safari_ios
F08479,webview_ios
F08480,firefox
F08480,firefox_android
F08482,safari
F08482,webview_ios
F08483,chrome_android
F08483,oculus
F08484,opera
F08484,safari_ios
F08486,firefox_android
F08486,webview_ios
F08487,chrome_android
F08487,samsunginternet_android
F08489,safari
F08489,safari_ios
F08489,webview_ios
F08490,safari
F08490,safari_ios
F08490,webview_ios
F08491,firefox_android
F08491,safari
F08492,oculus
F08492,opera
F08493,chrome
F08494,safari
F08494,safari_ios
F08494,webview_ios
F08495,firefox
F08495,firefox_android
F08496,safari
F08498,safari
F08498,safari_ios
F08498,webview_ios
F08499,safari
F08499,safari_ios
F08499,webview_ios
F08502,safari
F08502,safari_ios
F08502,webview_ios
F08503,safari
F08503,safari_ios
F08503,webview_ios
F08504,safari
F08504,safari_ios
F08504,webview_ios
F08505,chrome
F08506,chrome_android
F08507,safari
F08509,chrome
F08510,firefox
F08511,firefox
F08511,firefox_android
F08512,safari
F08513,safari
F08513,webview_ios
F08514,chrome
F08514,oculus
F08515,safari
F08515,safari_ios
F08515,webview_ios
F08516,opera
F08519,firefox
F08519,firefox_android
F08520,firefox
F08521,firefox
F08521,firefox_android
F08522,oculus
F08523,webview_android
F08524,edge
F08524,webview_android
F08525,safari
F08525,safari_ios
F08525,webview_ios
F08526,firefox
F08526,samsunginternet_android
F08527,opera_android
F08528,safari
F08530,chrome
F08530,edge
F08531,safari
F08531,safari_ios
F08531,webview_ios
F08533,safari
F08533,safari_ios
F08534,safari_ios
F08534,samsunginternet_android
F08535,oculus
F08535,opera
F08536,safari
F08536,safari_ios
F08536,webview_ios
F08537,safari
F08537,safari_ios
F08537,webview_ios
F08538,edge
F08538,opera
F08540,safari
F08540,safari_ios
F08540,webview_ios
F08541,chrome
F08541,samsunginternet_android
F08542,safari
F08542,safari_ios
F08542,webview_ios
F08543,safari
F08543,safari_ios
F08543,webview_ios
F08544,safari
F08544,safari_ios
F08544,webview_ios
F08545,safari
F08545,webview_android
F08546,safari
F08547,safari
F08549,safari
F08549,safari_ios
F08550,webview_ios
F08551,safari
F08551,safari_ios
F08551,webview_ios
F08553,safari
F08553,webview_android
F08554,safari
F08554,webview_ios
F08555,safari
F08556,webview_android
F08557,safari
F08557,webview_ios
F08558,safari
F08558,webview_ios
F08560,safari
F08560,safari_ios
F08561,firefox
F08561,firefox_android
F08564,chrome
F08566,webview_ios
F08567,safari_ios
F08568,chrome
F08568,safari
F08569,webview_ios
F08570,firefox
F08571,oculus
F08571,webview_ios
F08572,safari
F08572,safari_ios
F08573,oculus
F08574,safari
F08574,safari_ios
F08574,webview_ios
F08575,safari
F08575,safari_ios
F08576,chrome
F08576,webview_android
F08577,safari
F08577,safari_ios
F08577,webview_ios
F08578,safari
F08578,webview_ios
F08579,chrome
F08580,chrome_android
F08580,oculus
F08581,safari
F08582,chrome_android
F08582,oculus
F08583,firefox
F08585,safari
F08585,safari_ios
F08585,webview_ios
F08586,safari_ios
F08587,opera
F08589,chrome_android
F08590,firefox_android
F08591,chrome
F08592,edge
F08592,safari_ios
F08593,chrome
F08593,safari_ios
F08594,safari
F08594,safari_ios
F08595,safari
F08595,safari_ios
F08596,firefox
F08596,opera
F08599,safari
F08599,safari_ios
F08599,webview_ios
F08600,safari
F08600,safari_ios
F08601,safari
F08601,safari_ios
F08601,webview_ios
F08602,safari_ios
F08603,safari
F08603,safari_ios
F08603,webview_ios
F08604,chrome
F08605,safari_ios
F08606,safari
F08606,safari_ios
F08606,webview_ios
F08607,samsunginternet_android
F08607,webview_android
F08608,safari
F08608,safari_ios
F08608,webview_ios
F08609,safari
F08609,safari_ios
F08609,webview_ios
F08612,chrome
F08613,safari
F08613,webview_ios
F08614,safari
F08614,safari_ios
F08614,webview_ios
F08616,safari
F08616,safari_ios
F08616,webview_ios
F08617,chrome
F08618,firefox
F08618,firefox_android
F08619,firefox
F08619,firefox_android
F08621,samsunginternet_android
F08622,samsunginternet_android
F08624,firefox_android
F08624,oculus
F08626,chrome
F08626,chrome_android
F08627,safari
F08627,safari_ios
F08627,webview_ios
F08628,oculus
F08630,chrome
F08630,firefox_android
F08631,samsunginternet_android
F08632,safari
F08632,safari_ios
F08632,webview_ios
F08633,chrome
F08634,safari
F08634,safari_ios
F08634,webview_ios
F08636,safari
F08636,safari_ios
F08636,webview_ios
F08637,chrome
F08637,opera
F08638,firefox_android
F08638,safari_ios
F08640,safari
F08640,webview_ios
F08641,webview_android
F08642,opera_android
F08643,edge
F08643,opera
F08644,chrome
F08645,safari
F08645,safari_ios
F08646,safari
F08646,safari_ios
F08646,webview_ios
F08647,chrome
F08647,opera
F08648,chrome
F08648,oculus
F08650,oculus
F08651,safari
F08651,safari_ios
F08651,webview_ios
F08652,chrome
F08653,safari
F08653,safari_ios
F08653,webview_ios
F08654,webview_ios
F08655,firefox
F08656,safari
F08656,webview_ios
F08657,chrome
F08659,safari
F08659,webview_ios
F08660,chrome
F08660,opera_android
F08662,safari
F08662,safari_ios
F08662,webview_ios
F08664,edge
F08664,samsunginternet_android
F08665,opera_android
F08666,samsunginternet_android
F08667,safari
F08667,webview_ios
F08668,safari
F08668,safari_ios
F08668,webview_ios
F08669,firefox_android
F08670,firefox
F08671,webview_ios
F08673,chrome
F08673,webview_android
F08675,safari
F08676,chrome
F08677,opera
F08677,safari
F08678,firefox
F08681,webview_ios
F08685,firefox_android
F08686,firefox_android
F08687,safari
F08687,samsunginternet_android
F08688,chrome
F08689,chrome
F08689,edge
F08690,safari
F08691,edge
F08691,firefox
F08692,chrome
F08693,samsunginternet_android
F08694,firefox_android
F08694,samsunginternet_android
F08696,safari
F08696,safari_ios
F08696,webview_ios
F08697,chrome
F08697,oculus
F08698,oculus
F08698,opera
F08699,edge
F08703,firefox
F08703,firefox_android
F08704,firefox_android
F08704,safari
F08705,samsunginternet_android
F08705,webview_android
F08706,safari
F08706,safari_ios
F08706,webview_ios
F08708,opera
F08710,chrome
F08710,chrome_android
F08712,firefox
F08713,firefox
F08713,firefox_android
F08714,chrome
F08715,safari_ios
F08716,samsunginternet_android
F08716,webview_android
F08719,samsunginternet_android
F08719,webview_android
F08721,safari
F08721,safari_ios
F08721,webview_ios
F08722,opera_android
F08723,safari
F08724,chrome
F08725,chrome_android
F08726,safari
F08726,safari_ios
F08726,webview_ios
F08727,chrome
F08727,opera_android
F08728,safari
F08729,safari
F08729,safari_ios
F08730,edge
F08730,firefox
F08731,samsunginternet_android
F08732,safari
F08732,safari_ios
F08732,webview_ios
F08733,firefox
F08734,safari
F08734,webview_ios
F08735,chrome
F08736,safari
F08736,safari_ios
F08736,webview_ios
F08737,safari
F08737,safari_ios
F08737,webview_ios
F08738,chrome
F08738,oculus
F08740,firefox
F08740,firefox_android
F08741,chrome_android
F08741,webview_android
F08742,safari
F08742,safari_ios
F08742,webview_ios
F08743,chrome
F08743,oculus
F08745,safari
F08746,firefox_android
F08746,webview_ios
F08749,safari_ios
F08750,safari
F08752,opera
F08753,firefox
F08754,safari
F08754,webview_ios
F08755,safari
F08755,safari_ios
F08755,webview_ios
F08756,webview_ios
F08759,safari
F08759,webview_ios
F08761,firefox
F08762,firefox
F08764,firefox
F08764,firefox_android
F08766,safari
F08766,safari_ios
F08766,webview_ios
F08767,chrome
F08768,opera_android
F08769,firefox
F08770,safari
F08770,safari_ios
F08770,webview_ios
F08771,safari_ios
F08772,opera
F08773,chrome
F08774,safari
F08774,safari_ios
F08774,webview_ios
F08775,firefox
F08775,firefox_android
F08776,opera_android
F08777,safari_ios
F08777,samsunginternet_android
F08778,chrome_android
F08779,safari
F08779,safari_ios
F08779,webview_ios
F08781,edge
F08782,edge
F08782,samsunginternet_android
F08785,safari
F08786,safari
F08786,safari_ios
F08786,webview_ios
F08787,safari
F08787,webview_ios
F08788,webview_ios
F08789,safari
F08789,safari_ios
F08789,webview_ios
F08790,opera_android
F08791,safari
F08793,opera_android
F08794,safari
F08794,safari_ios
F08794,webview_ios
F08795,safari
F08795,safari_ios
F08795,webview_ios
F08797,safari
F08797,webview_ios
F08798,safari
F08798,safari_ios
F08798,webview_ios
F08800,edge
F08800,oculus
F08801,firefox
F08802,edge
F08802,samsunginternet_android
F08803,safari
F08803,safari_ios
F08803,webview_ios
F08804,safari_ios
F08804,webview_ios
F08805,safari
F08805,safari_ios
F08806,safari
F08806,safari_ios
F08806,webview_ios
F08807,chrome
F08808,safari
F08808,safari_ios
F08808,webview_ios
F08809,safari
F08809,safari_ios
F08809,webview_ios
F08810,safari
F08810,safari_ios
F08810,webview_ios
F08811,firefox
F08811,firefox_android
F08812,samsunginternet_android
F08813,chrome_android
F08813,firefox
F08814,safari
F08814,safari_ios
F08814,webview_ios
F08815,chrome
F08815,opera_android
F08816,edge
F08816,safari_ios
F08817,firefox
F08817,firefox_android
F08818,safari
F08818,webview_ios
F08820,safari_ios
F08822,safari
F08822,safari_ios
F08825,safari
F08825,safari_ios
F08825,webview_ios
F08826,webview_android
F08827,safari
F08827,safari_ios
F08827,webview_ios
F08828,chrome_android
F08828,oculus
F08829,safari
F08829,webview_ios
F08830,safari
F08830,safari_ios
F08831,safari
F08831,safari_ios
F08831,webview_ios
F08834,firefox
F08834,firefox_android
F08835,firefox
F08836,firefox
F08838,safari
F08838,safari_ios
F08838,webview_ios
F08839,safari
F08839,safari_ios
F08840,chrome_android
F08841,safari
F08841,safari_ios
F08841,webview_ios
F08842,safari
F08842,safari_ios
F08843,safari
F08843,webview_ios
F08844,safari
F08844,safari_ios
F08844,webview_ios
F08845,safari
F08846,safari
F08846,safari_ios
F08846,webview_ios
F08848,chrome_android
F08848,firefox_android
F08849,firefox
F08850,chrome
F08850,samsunginternet_android
F08852,safari
F08852,safari_ios
F08852,webview_ios
F08853,samsunginternet_android
F08854,firefox
F08854,firefox_android
F08855,webview_ios
F08856,safari
F08856,webview_ios
F08857,opera
F08860,safari
F08860,safari_ios
F08860,webview_ios
F08861,safari
F08861,safari_ios
F08861,webview_ios
F08862,firefox
F08862,firefox_android
F08864,safari
F08864,safari_ios
F08864,webview_ios
F08866,chrome
F08866,edge
F08867,safari
F08867,safari_ios
F08867,webview_ios
F08868,safari
F08868,webview_ios
F08871,chrome
F08871,opera
F08872,safari
F08872,safari_ios
F08872,webview_ios
F08873,safari
F08873,safari_ios
F08873,webview_ios
F08875,safari
F08875,safari_ios
F08875,webview_ios
F08877,safari
F08877,safari_ios
F08877,webview_ios
F08878,chrome
F08879,chrome_android
F08879,webview_android
F08880,webview_ios
F08881,safari
F08881,webview_ios
F08882,webview_ios
F08883,safari
F08883,safari_ios
F08883,webview_ios
F08884,firefox
F08884,firefox_android
F08885,webview_android
F08886,edge
F08886,webview_android
F08887,safari
F08887,safari_ios
F08887,webview_ios
F08889,chrome_android
F08889,webview_ios
F08890,firefox
F08890,firefox_android
F08891,firefox
F08894,safari
F08895,edge
F08895,oculus
F08897,oculus
F08897,safari
F08898,safari
F08898,safari_ios
F08898,webview_ios
F08900,chrome
F08900,opera
F08901,firefox_android
F08902,chrome
F08905,safari
F08905,safari_ios
F08905,webview_ios
F08906,safari
F08907,safari
F08907,webview_ios
F08909,firefox
F08910,firefox
F08910,firefox_android
F08911,firefox
F08911,firefox_android
F08913,safari
F08915,safari
F08915,safari_ios
F08915,webview_ios
F08916,chrome_android
F08916,oculus
F08917,webview_ios
F08918,safari
F08918,safari_ios
F08918,webview_ios
F08919,safari
F08919,safari_ios
F08919,webview_ios
F08920,firefox
F08922,opera_android
F08922,samsunginternet_android
F08923,safari
F08924,firefox
F08925,firefox
F08925,firefox_android
F08926,edge
F08926,opera_android
F08927,safari
F08927,webview_ios
F08928,chrome
F08928,samsunginternet_android
F08929,chrome_android
F08929,webview_ios
F08930,safari
F08932,safari
F08933,samsunginternet_android
F08934,safari_ios
F08934,samsunginternet_android
F08935,firefox
F08935,opera
F08936,safari
F08936,safari_ios
F08936,webview_ios
F08938,webview_android
F08939,safari
F08939,safari_ios
F08939,webview_ios
F08940,chrome
F08941,samsunginternet_android
F08942,opera
F08943,safari
F08943,safari_ios
F08943,webview_ios
F08944,chrome
F08944,webview_android
F08945,firefox_android
F08945,opera_android
F08946,firefox
F08946,firefox_android
F08948,chrome
F08948,chrome_android
F08949,opera_android
F08950,safari
F08950,safari_ios
F08950,webview_ios
F08951,chrome
F08953,webview_ios
F08954,safari
F08954,safari_ios
F08954,webview_ios
F08955,chrome
F08955,webview_android
F08956,safari
F08956,safari_ios
F08956,webview_ios
F08957,safari
F08957,safari_ios
F08958,opera
F08958,samsunginternet_android
F08959,oculus
F08959,safari_ios
F08960,firefox
F08961,opera_android
F08963,firefox_android
F08964,safari
F08964,webview_ios
F08965,firefox_android
F08965,oculus
F08967,firefox
F08967,samsunginternet_android
F08969,firefox
F08969,firefox_android
F08970,safari
F08970,webview_ios
F08971,firefox
F08971,firefox_android
F08973,safari
F08975,firefox
F08975,samsunginternet_android
F08976,chrome
F08976,webview_android
F08977,safari
F08977,safari_ios
F08977,webview_ios
F08978,webview_ios
F08980,safari
F08980,safari_ios
F08980,webview_ios
F08981,chrome
F08981,chrome_android
F08982,opera
F08983,opera
F08984,safari
F08984,safari_ios
F08985,edge
F08986,firefox
F08986,firefox_android
F08987,safari
F08987,safari_ios
F08987,webview_ios
F08988,safari
F08988,safari_ios
F08988,webview_ios
F08990,edge
F08990,samsunginternet_android
F08991,safari
F08991,safari_ios
F08991,webview_ios
F08992,chrome_android
F08993,chrome
F08995,safari
F08995,safari_ios
F08995,webview_ios
F08996,firefox
F08996,firefox_android
F08997,safari
F09000,chrome
F09000,webview_android
F09002,samsunginternet_android
F09003,firefox
F09005,firefox
F09005,firefox_android
F09006,safari
F09006,safari_ios
F09006,webview_ios
F09007,safari_ios
F09008,chrome
F09009,firefox
F09010,safari
F09010,safari_ios
F09010,webview_ios
F09011,safari
F09011,webview_ios
F09012,oculus
F09012,samsunginternet_android
F09013,oculus
F09013,safari_ios
F09014,safari
F09015,firefox
F09015,firefox_android
F09016,safari
F09018,webview_ios
F09019,chrome
F09021,firefox_android
F09023,firefox_android
F09024,safari
F09024,safari_ios
F09024,webview_ios
F09025,chrome
F09025,opera_android
F09026,oculus
F09028,firefox_android
F09029,safari
F09029,webview_ios
F09030,oculus
F09031,firefox_android
F09032,chrome
F09032,opera
F09033,edge
F09036,firefox_android
F09036,opera
F09037,safari
F09037,webview_android
F09038,chrome
F09038,opera_android
F09039,safari_ios
F09040,firefox
F09041,safari
F09041,safari_ios
F09042,firefox
F09044,opera
F09044,safari
F09045,safari
F09045,safari_ios
F09045,webview_ios
F09047,firefox
F09047,firefox_android
F09048,webview_ios
F09049,safari
F09049,safari_ios
F09050,chrome
F09051,safari
F09052,webview_android
F09053,safari
F09053,safari_ios
F09053,webview_ios
F09054,chrome
F09054,edge
F09055,firefox
F09056,safari
F09056,safari_ios
F09056,webview_ios
F09057,firefox
F09059,chrome
F09059,webview_android
F09061,chrome
F09062,chrome
F09063,opera
F09064,safari
F09064,safari_ios
F09064,webview_ios
F09065,firefox
F09065,firefox_android
F09066,safari_ios
F09066,webview_ios
F09067,safari
F09067,safari_ios
F09068,chrome
F09070,firefox
F09071,firefox
F09071,firefox_android
F09076,chrome
F09076,safari
F09077,safari
F09077,safari_ios
F09077,webview_ios
F09078,safari
F09079,safari
F09079,safari_ios
F09079,webview_ios
F09081,safari
F09083,safari_ios
F09085,safari
F09085,safari_ios
F09085,webview_ios
F09086,safari
F09086,safari_ios
F09086,webview_ios
F09087,firefox
F09087,firefox_android
F09089,safari
F09090,safari
F09090,safari_ios
F09090,webview_ios
F09091,webview_ios
F09092,webview_ios
F09095,safari
F09095,safari_ios
F09095,webview_ios
F09096,samsunginternet_android
F09097,safari
F09097,webview_ios
F09099,webview_ios
F09100,chrome_android
F09100,opera_android
F09101,safari
F09102,firefox
F09102,firefox_android
F09103,safari
F09103,safari_ios
F09103,webview_ios
F09104,chrome_android
F09104,safari_ios
F09107,firefox_android
F09107,oculus
F09108,firefox_android
F09108,oculus
F09109,safari
F09109,safari_ios
F09109,webview_ios
F09110,edge
F09110,firefox
F09112,safari
F09112,webview_ios
F09114,chrome
F09114,oculus
F09115,opera_android
F09115,safari_ios
F09116,safari
F09116,safari_ios
F09117,edge
F09118,safari
F09118,safari_ios
F09118,webview_ios
F09119,firefox
F09119,firefox_android
F09120,firefox
F09120,safari_ios
F09121,safari
F09122,firefox
F09123,safari
F09123,safari_ios
F09123,webview_ios
F09125,opera
F09125,webview_ios
F09126,opera_android
F09126,samsunginternet_android
F09127,firefox_android
F09128,opera_android
F09128,safari
F09129,webview_ios
F09132,safari
F09132,webview_ios
F09133,chrome
F09133,oculus
F09134,firefox
F09135,opera_android
F09135,safari
F09136,firefox
F09137,chrome
F09137,chrome_android
F09138,safari
F09138,safari_ios
F09138,webview_ios
F09139,webview_ios
F09140,safari
F09140,webview_ios
F09141,chrome
F09141,edge
F09142,safari
F09142,safari_ios
F09142,webview_ios
F09143,chrome
F09144,webview_android
F09145,chrome
F09145,chrome_android
F09147,safari
F09147,webview_ios
F09148,safari
F09148,webview_android
F09149,safari
F09149,safari_ios
F09149,webview_ios
F09150,safari
F09150,safari_ios
F09150,webview_ios
F09152,oculus
F09152,safari_ios
F09153,firefox
F09153,firefox_android
F09155,chrome_android
F09156,opera_android
F09157,chrome
F09157,oculus
F09161,webview_ios
F09163,chrome
F09163,webview_android
F09164,safari
F09165,chrome
F09165,samsunginternet_android
F09166,safari
F09166,safari_ios
F09167,safari
F09167,safari_ios
F09167,webview_ios
F09168,chrome_android
F09168,webview_ios
F09170,opera_android
F09170,webview_android
F09171,chrome
F09171,opera
F09172,firefox
F09172,firefox_android
F09173,edge
F09173,samsunginternet_android
F09176,chrome
F09176,webview_android
F09177,chrome
F09178,chrome
F09178,samsunginternet_android
F09179,chrome
F09179,webview_android
F09180,safari
F09180,safari_ios
F09182,edge
F09183,safari
F09183,safari_ios
F09183,webview_ios
F09184,opera
F09184,safari
F09185,firefox
F09185,firefox_android
F09186,safari
F09186,safari_ios
F09186,webview_ios
F09188,firefox
F09189,safari
F09189,safari_ios
F09189,webview_ios
F09190,safari
F09190,webview_ios
F09193,safari
F09193,safari_ios
F09193,webview_ios
F09194,firefox
F09195,firefox
F09195,firefox_android
F09196,safari
F09196,safari_ios
F09196,webview_ios
F09197,samsunginternet_android
F09198,samsunginternet_android
F09198,webview_ios
F09200,safari
F09202,safari_ios
F09203,safari
F09203,safari_ios
F09203,webview_ios
F09205,opera_android
F09205,safari
F09206,webview_android
F09207,chrome
F09208,opera
F09209,safari_ios
F09211,firefox
F09211,firefox_android
F09212,safari
F09213,safari
F09213,safari_ios
F09213,webview_ios
F09214,safari
F09214,safari_ios
F09214,webview_ios
F09215,firefox
F09215,firefox_android
F09216,firefox
F09216,safari_ios
F09217,safari
F09217,safari_ios
F09217,webview_ios
F09218,oculus
F09218,webview_android
F09219,safari
F09219,safari_ios
F09219,webview_ios
F09220,firefox
F09221,chrome
F09221,webview_ios
F09222,edge
F09225,samsunginternet_android
F09226,chrome
F09226,opera_android
F09229,firefox
F09232,safari
F09232,safari_ios
F09232,webview_ios
F09233,chrome
F09233,opera
F09234,safari
F09234,safari_ios
F09234,webview_ios
F09236,edge
F09239,chrome
F09239,edge
F09240,chrome
F09242,edge
F09242,opera_android
F09244,firefox_android
F09244,webview_android
F09245,safari
F09245,safari_ios
F09245,webview_ios
F09246,firefox
F09247,opera
F09250,firefox
F09251,firefox
F09251,opera_android
F09252,chrome
F09252,oculus
F09255,safari
F09255,webview_ios
F09256,safari
F09256,safari_ios
F09256,webview_ios
F09257,safari
F09258,chrome_android
F09258,edge
F09260,chrome_android
F09260,safari
F09264,opera_android
F09264,webview_android
F09265,firefox
F09265,firefox_android
F09266,oculus
F09267,safari
F09268,firefox
F09268,firefox_android
F09269,firefox
F09269,firefox_android
F09270,oculus
F09271,safari
F09271,safari_ios
F09271,webview_ios
F09272,safari
F09272,safari_ios
F09275,samsunginternet_android
F09275,webview_ios
F09276,webview_android
F09278,safari
F09279,firefox
F09279,firefox_android
F09281,safari
F09281,safari_ios
F09281,webview_ios
F09283,webview_android
F09284,opera
F09285,firefox
F09285,safari_ios
F09286,chrome
F09287,chrome_android
F09287,opera_android
F09290,chrome
F09290,samsunginternet_android
F09291,safari
F09291,safari_ios
F09291,webview_ios
F09293,chrome
F09294,safari
F09295,firefox_android
F09295,opera
F09297,safari
F09298,firefox
F09298,oculus
F09299,chrome
F09299,safari_ios
F09300,safari
F09302,chrome_android
F09302,opera
F09303,safari
F09303,safari_ios
F09303,webview_ios
F09304,chrome_android
F09305,chrome
F09305,oculus
F09306,webview_ios
F09307,chrome
F09309,safari
F09309,safari_ios
F09309,webview_ios
F09310,opera
F09310,webview_ios
F09311,firefox
F09312,webview_android
F09313,firefox
F09313,firefox_android
F09314,firefox_android
F09315,chrome
F09315,edge
F09316,samsunginternet_android
F09316,webview_ios
F09317,safari
F09317,safari_ios
F09317,webview_ios
F09318,safari
F09318,safari_ios
F09318,webview_ios
F09319,safari
F09319,webview_ios
F09320,firefox
F09320,firefox_android
F09321,safari
F09321,safari_ios
F09321,webview_ios
F09322,safari
F09322,safari_ios
F09322,webview_ios
F09323,oculus
F09324,safari
F09324,samsunginternet_android
F09325,safari
F09325,safari_ios
F09325,webview_ios
F09326,safari
F09326,safari_ios
F09326,webview_ios
F09327,chrome
F09329,chrome
F09329,chrome_android
F09330,safari
F09330,webview_ios
F09331,webview_android
F09332,firefox
F09333,safari
F09333,safari_ios
F09335,safari
F09335,safari_ios
F09335,webview_ios
F09336,firefox
F09336,firefox_android
F09337,opera
F09337,safari
F09340,firefox
F09341,safari
F09343,edge
F09345,firefox
F09347,chrome
F09347,edge
F09348,firefox
F09349,safari
F09349,safari_ios
F09349,webview_ios
F09350,safari
F09350,safari_ios
F09350,webview_ios
F09352,safari
F09354,chrome_android
F09354,opera
F09355,firefox
F09355,firefox_android
F09356,chrome
F09356,chrome_android
F09357,safari
F09357,safari_ios
F09357,webview_ios
F09358,safari
F09358,safari_ios
F09358,webview_ios
F09359,firefox
F09359,opera_android
F09360,chrome
F09360,opera_android
F09361,firefox_android
F09361,samsunginternet_android
F09362,safari
F09362,safari_ios
F09362,webview_ios
F09363,safari
F09363,safari_ios
F09363,webview_ios
F09364,safari
F09364,safari_ios
F09364,webview_ios
F09366,safari
F09366,safari_ios
F09366,webview_ios
F09367,opera_android
F09368,safari_ios
F09370,safari
F09370,safari_ios
F09370,webview_ios
F09371,firefox
F09372,firefox
F09373,opera_android
F09375,safari
F09375,safari_ios
F09375,webview_ios
F09376,webview_android
F09377,safari
F09377,safari_ios
F09377,webview_ios
F09378,firefox
F09379,chrome
F09380,safari
F09380,safari_ios
F09380,webview_ios
F09381,firefox
F09381,safari
F09382,chrome
F09382,edge
F09383,firefox
F09385,safari
F09385,safari_ios
F09385,webview_ios
F09386,chrome
F09386,webview_ios
F09388,chrome
F09388,edge
F09390,firefox_android
F09390,samsunginternet_android
F09393,safari
F09394,safari_ios
F09395,safari
F09395,safari_ios
F09395,webview_ios
F09396,opera
F09396,webview_android
F09397,chrome_android
F09397,safari_ios
F09398,chrome
F09398,firefox
F09400,safari
F09400,safari_ios
F09400,webview_ios
F09401,firefox
F09402,firefox
F09402,webview_android
F09404,chrome_android
F09404,edge
F09405,chrome
F09405,webview_android
F09408,chrome_android
F09408,firefox_android
F09409,safari
F09409,safari_ios
F09409,webview_ios
F09410,safari
F09410,safari_ios
F09410,webview_ios
F09411,safari
F09412,chrome
F09412,safari_ios
F09413,chrome
F09413,chrome_android
F09414,safari_ios
F09415,safari
F09417,safari
F09417,safari_ios
F09417,webview_ios
F09420,safari
F09420,safari_ios
F09420,webview_ios
F09421,safari
F09421,safari_ios
F09421,webview_ios
F09422,oculus
F09422,opera_android
F09424,safari
F09425,chrome
F09425,opera_android
F09426,firefox
F09426,firefox_android
F09427,chrome_android
F09427,firefox
F09428,chrome
F09428,edge
F09430,opera_android
F09430,samsunginternet_android
F09433,safari
F09433,webview_ios
F09434,firefox
F09434,firefox_android
F09436,safari
F09436,safari_ios
F09436,webview_ios
F09438,chrome
F09438,oculus
F09439,firefox
F09440,samsunginternet_android
F09440,webview_ios
F09441,safari_ios
F09442,chrome
F09442,chrome_android
F09443,opera_android
F09444,opera
F09445,opera_android
F09446,safari
F09446,safari_ios
F09446,webview_ios
F09447,chrome
F09449,chrome_android
F09449,firefox_android
F09450,safari_ios
F09451,safari
F09452,firefox
F09452,firefox_android
F09453,edge
F09453,webview_android
F09454,firefox_android
F09456,chrome_android
F09457,safari_ios
F09458,safari
F09458,webview_ios
F09459,edge
F09459,safari
F09460,chrome_android
F09461,chrome
F09461,chrome_android
F09462,safari
F09462,safari_ios
F09462,webview_ios
F09463,safari
F09463,webview_ios
F09465,safari
F09466,chrome
F09467,webview_android
F09468,chrome
F09468,oculus
F09469,webview_ios
F09470,safari
F09470,safari_ios
F09470,webview_ios
F09471,firefox
F09473,chrome
F09473,opera_android
F09474,safari
F09475,safari
F09476,webview_android
F09477,samsunginternet_android
F09478,safari
F09479,opera_android
F09479,safari
F09480,safari
F09480,safari_ios
F09480,webview_ios
F09482,chrome_android
F09483,safari
F09483,safari_ios
F09483,webview_ios
F09484,chrome
F09485,firefox_android
F09486,chrome
F09487,opera
F09487,safari
F09488,oculus
F09488,safari
F09489,firefox
F09489,firefox_android
F09491,chrome
F09491,chrome_android
F09494,safari
F09494,safari_ios
F09494,webview_ios
F09495,safari_ios
F09496,safari
F09496,safari_ios
F09496,webview_ios
F09497,safari
F09497,safari_ios
F09497,webview_ios
F09498,oculus
F09498,opera
F09499,safari
F09500,safari
F09501,chrome
F09502,opera
F09503,edge
F09504,safari
F09504,safari_ios
F09504,webview_ios
F09506,chrome_android
F09507,chrome
F09507,safari
F09508,edge
F09509,edge
F09509,oculus
F09510,chrome
F09510,opera_android
F09511,firefox
F09513,firefox
F09513,firefox_android
F09514,firefox
F09514,firefox_android
F09516,edge
F09517,safari
F09518,chrome
F09518,opera
F09519,firefox_android
F09520,oculus
F09520,webview_ios
F09521,safari
F09521,safari_ios
F09521,webview_ios
F09522,firefox
F09522,firefox_android
F09526,chrome
F09527,edge
F09528,firefox_android
F09528,oculus
F09529,safari
F09529,safari_ios
F09529,webview_ios
F09532,safari
F09532,safari_ios
F09532,webview_ios
F09533,chrome
F09533,opera_android
F09535,safari
F09535,safari_ios
F09535,webview_ios
F09538,firefox
F09538,firefox_android
F09540,safari
F09540,safari_ios
F09540,webview_ios
F09541,safari
F09541,safari_ios
F09541,webview_ios
F09542,firefox_android
F09542,safari_ios
F09543,safari
F09543,safari_ios
F09543,webview_ios
F09544,safari
F09545,safari
F09545,safari_ios
F09545,webview_ios
F09546,edge
F09547,firefox
F09547,firefox_android
F09550,oculus
F09551,oculus
F09552,firefox
F09553,safari
F09554,oculus
F09555,safari
F09557,safari
F09557,safari_ios
F09557,webview_ios
F09558,firefox_android
F09559,chrome
F09559,chrome_android
F09560,chrome
F09562,safari_ios
F09563,chrome
F09564,oculus
F09565,firefox
F09565,firefox_android
F09566,chrome
F09566,chrome_android
F09567,safari
F09567,safari_ios
F09567,webview_ios
F09568,safari
F09569,firefox
F09569,firefox_android
F09570,firefox
F09570,firefox_android
F09572,opera
F09573,safari
F09573,safari_ios
F09573,webview_ios
F09574,firefox_android
F09576,edge
F09577,safari
F09578,safari
F09579,chrome
F09579,webview_ios
F09580,chrome
F09581,webview_android
F09582,safari
F09582,safari_ios
F09582,webview_ios
F09584,firefox
F09584,firefox_android
F09585,chrome
F09585,chrome_android
F09586,firefox
F09586,firefox_android
F09588,firefox
F09588,safari_ios
F09590,safari
F09590,webview_ios
F09592,chrome
F09592,opera
F09593,safari
F09593,safari_ios
F09593,webview_ios
F09594,safari
F09594,safari_ios
F09594,webview_ios
F09595,opera
F09596,safari
F09596,webview_ios
F09597,chrome_android
F09598,chrome
F09598,samsunginternet_android
F09599,safari
F09599,safari_ios
F09599,webview_ios
F09600,safari
F09601,chrome
F09602,edge
F09602,webview_android
F09603,chrome
F09603,webview_android
F09604,safari
F09604,safari_ios
F09604,webview_ios
F09607,firefox
F09609,safari
F09612,chrome
F09614,chrome_android
F09614,safari
F09616,firefox
F09616,firefox_android
F09617,chrome_android
F09617,samsunginternet_android
F09618,webview_ios
F09619,safari
F09619,safari_ios
F09619,webview_ios
F09620,edge
F09620,safari_ios
F09621,edge
F09621,webview_android
F09623,firefox
F09624,chrome
F09624,edge
F09625,safari
F09625,safari_ios
F09625,webview_ios
F09626,chrome
F09627,chrome
F09627,oculus
F09629,chrome
F09629,opera
F09630,safari
F09630,safari_ios
F09631,firefox
F09631,firefox_android
F09633,firefox_android
F09634,safari
F09634,safari_ios
F09634,webview_ios
F09635,safari
F09635,safari_ios
F09635,webview_ios
F09639,firefox
F09639,firefox_android
F09641,chrome
F09643,safari
F09644,firefox
F09645,chrome
F09648,safari
F09649,samsunginternet_android
F09650,firefox
F09651,firefox
F09651,opera_android
F09652,safari
F09652,safari_ios
F09653,safari
F09653,webview_ios
F09655,firefox
F09655,firefox_android
F09656,firefox
F09658,safari
F09658,safari_ios
F09658,webview_ios
F09659,chrome
F09661,chrome
F09663,safari
F09664,safari
F09664,safari_ios
F09664,webview_ios
F09665,safari
F09666,safari
F09666,safari_ios
F09666,webview_ios
F09667,chrome
F09667,edge
F09668,chrome
F09669,chrome
F09669,opera_android
F09670,chrome
F09671,chrome_android
F09671,samsunginternet_android
F09672,firefox
F09673,edge
F09673,opera
F09674,safari
F09674,safari_ios
F09674,webview_ios
F09676,firefox
F09676,oculus
F09677,safari
F09677,safari_ios
F09677,webview_ios
F09678,chrome_android
F09678,oculus
F09679,safari_ios
F09680,chrome
F09681,chrome
F09682,safari
F09682,safari_ios
F09682,webview_ios
F09683,safari_ios
F09684,webview_android
F09685,safari
F09685,safari_ios
F09685,webview_ios
F09686,opera_android
F09686,safari_ios
F09687,safari
F09687,safari_ios
F09687,webview_ios
F09688,firefox
F09688,safari_ios
F09689,firefox
F09690,safari_ios
F09692,firefox_android
F09694,firefox
F09695,safari_ios
F09695,webview_android
F09696,firefox
F09696,webview_android
F09697,samsunginternet_android
F09698,firefox_android
F09699,chrome
F09700,chrome
F09700,chrome_android
F09701,chrome_android
F09701,firefox
F09702,chrome
F09703,edge
F09704,firefox
F09704,firefox_android
F09705,opera_android
F09705,safari_ios
F09706,samsunginternet_android
F09707,safari_ios
F09707,samsunginternet_android
F09708,safari
F09708,safari_ios
F09708,webview_ios
F09709,safari_ios
F09709,samsunginternet_android
F09710,opera
F09710,safari_ios
F09711,chrome_android
F09711,oculus
F09712,firefox_android
F09713,chrome
F09713,webview_android
F09715,firefox
F09715,firefox_android
F09716,safari
F09716,safari_ios
F09716,webview_ios
F09717,chrome
F09717,edge
F09718,opera
F09718,safari_ios
F09719,chrome
F09719,webview_android
F09720,chrome
F09720,chrome_android
F09721,chrome_android
F09722,opera
F09722,safari_ios
F09723,safari
F09723,webview_ios
F09726,safari
F09728,safari
F09728,safari_ios
F09728,webview_ios
F09729,firefox_android
F09731,webview_ios
F09732,firefox
F09732,firefox_android
F09733,edge
F09733,firefox
F09736,safari
F09736,safari_ios
F09736,webview_ios
F09737,safari
F09737,safari_ios
F09737,webview_ios
F09739,opera
F09739,webview_android
F09740,firefox
F09742,safari
F09742,webview_ios
F09744,safari
F09748,firefox_android
F09748,safari
F09750,opera_android
F09751,safari
F09752,firefox
F09752,firefox_android
F09753,safari
F09753,webview_ios
F09754,safari
F09754,safari_ios
F09755,safari
F09755,safari_ios
F09757,edge
F09757,webview_android
F09758,firefox_android
F09758,oculus
F09760,edge
F09761,chrome
F09761,webview_android
F09762,opera_android
F09763,safari
F09764,safari
F09765,safari
F09766,firefox
F09766,firefox_android
F09768,firefox
F09768,firefox_android
F09769,safari
F09769,safari_ios
F09769,webview_ios
F09770,safari
F09770,safari_ios
F09770,webview_ios
F09771,chrome_android
F09772,oculus
F09772,samsunginternet_android
F09773,firefox_android
F09773,opera
F09774,firefox_android
F09774,webview_ios
F09775,webview_android
F09777,firefox
F09777,firefox_android
F09778,safari
F09778,samsunginternet_android
F09779,chrome_android
F09780,safari
F09780,safari_ios
F09782,chrome
F09782,samsunginternet_android
F09783,firefox
F09784,safari
F09784,safari_ios
F09784,webview_ios
F09785,firefox
F09786,safari
F09786,safari_ios
F09786,webview_ios
F09788,chrome_android
F09788,safari_ios
F09790,safari_ios
F09791,safari
F09792,chrome
F09794,webview_ios
F09795,safari
F09795,safari_ios
F09795,webview_ios
F09796,safari
F09796,safari_ios
F09796,webview_ios
F09797,safari
F09797,webview_ios
F09798,oculus
F09798,samsunginternet_android
F09799,firefox
F09800,chrome_android
F09802,firefox
F09803,safari
F09803,webview_ios
F09804,opera
F09804,samsunginternet_android
F09806,edge
F09807,safari
F09807,safari_ios
F09808,safari
F09808,safari_ios
F09808,webview_ios
F09811,safari
F09811,safari_ios
F09811,webview_ios
F09813,safari
F09813,safari_ios
F09813,webview_ios
F09814,chrome_android
F09815,firefox
F09815,samsunginternet_android
F09816,firefox
F09816,firefox_android
F09817,safari
F09817,safari_ios
F09817,webview_ios
F09818,edge
F09819,oculus
F09820,webview_android
F09821,edge
F09821,oculus
F09822,chrome
F09823,safari
F09824,opera_android
F09826,safari
F09826,webview_ios
F09827,opera_android
F09829,samsunginternet_android
F09830,chrome_android
F09831,chrome
F09831,safari_ios
F09833,chrome
F09833,oculus
F09835,chrome_android
F09835,safari
F09836,chrome
F09836,webview_android
F09838,safari
F09839,firefox_android
F09839,webview_ios
F09840,safari
F09841,safari
F09841,safari_ios
F09841,webview_ios
F09842,chrome
F09842,chrome_android
F09843,safari
F09843,safari_ios
F09843,webview_ios
F09847,chrome
F09848,samsunginternet_android
F09849,webview_android
F09850,firefox
F09850,firefox_android
F09852,edge
F09852,opera
F09853,chrome
F09855,safari
F09855,safari_ios
F09856,chrome
F09856,oculus
F09858,firefox
F09859,safari
F09859,safari_ios
F09859,webview_ios
F09860,safari
F09860,safari_ios
F09860,webview_ios
F09861,safari
F09861,safari_ios
F09861,webview_ios
F09864,firefox
F09864,firefox_android
F09865,opera
F09866,chrome
F09868,oculus
F09869,chrome
F09870,safari_ios
F09871,safari_ios
F09872,safari
F09872,safari_ios
F09873,safari
F09873,webview_ios
F09874,chrome
F09875,safari
F09875,safari_ios
F09875,webview_ios
F09876,webview_ios
F09877,chrome
F09878,safari
F09879,firefox
F09880,chrome_android
F09881,safari
F09881,safari_ios
F09881,webview_ios
F09882,safari
F09882,safari_ios
F09882,webview_ios
F09883,safari
F09883,webview_ios
F09884,opera
F09885,safari
F09885,samsunginternet_android
F09886,chrome
F09886,chrome_android
F09887,firefox
F09887,webview_android
F09888,safari
F09888,webview_ios
F09889,safari
F09889,safari_ios
F09889,webview_ios
F09890,firefox
F09891,safari
F09891,safari_ios
F09892,chrome
F09893,firefox
F09893,safari_ios
F09894,safari_ios
F09895,edge
F09895,opera
F09896,safari
F09896,safari_ios
F09896,webview_ios
F09897,chrome
F09898,safari
F09898,safari_ios
F09898,webview_ios
F09899,chrome
F09899,webview_ios
F09900,chrome
F09900,webview_android
F09903,opera_android
F09903,webview_android
F09904,edge
F09904,samsunginternet_android
F09905,safari
F09905,safari_ios
F09905,webview_ios
F09906,firefox
F09907,safari
F09907,safari_ios
F09907,webview_ios
F09908,firefox
F09908,firefox_android
F09909,oculus
F09909,webview_ios
F09910,chrome
F09910,oculus
F09911,firefox
F09912,safari
F09912,samsunginternet_android
F09913,safari
F09913,safari_ios
F09914,chrome
F09915,chrome
F09915,oculus
F09917,chrome
F09917,opera
F09918,firefox
F09918,firefox_android
F09919,opera_android
F09919,samsunginternet_android
F09920,safari
F09921,oculus
F09921,safari_ios
F09922,safari
F09922,safari_ios
F09922,webview_ios
F09923,safari
F09923,safari_ios
F09924,safari
F09925,safari_ios
F09925,webview_android
F09926,chrome
F09926,firefox_android
F09927,chrome
F09927,webview_android
F09930,firefox
F09930,firefox_android
F09931,edge
F09931,safari
F09932,firefox
F09933,safari
F09933,webview_ios
F09934,firefox
F09935,safari
F09936,safari
F09936,safari_ios
F09936,webview_ios
F09937,safari
F09937,webview_ios
F09939,chrome_android
F09940,safari
F09940,safari_ios
F09940,webview_ios
F09941,firefox
F09941,opera_android
F09942,edge
F09943,safari
F09943,safari_ios
F09943,webview_ios
F09944,oculus
F09945,opera_android
F09946,firefox
F09947,firefox
F09947,firefox_android
F09949,safari_ios
F09949,webview_android
F09950,safari
F09950,safari_ios
F09950,webview_ios
F09951,opera_android
F09951,webview_android
F09952,opera_android
F09953,chrome
F09955,chrome
F09956,webview_ios
F09957,edge
F09957,safari
F09958,safari
F09958,webview_ios
F09959,firefox_android
F09959,safari
F09960,chrome_android
F09961,opera
F09961,safari_ios
F09962,safari
F09962,webview_ios
F09963,safari
F09963,safari_ios
F09963,webview_ios
F09965,chrome
F09965,oculus
F09966,firefox
F09966,opera
F09967,safari
F09967,safari_ios
F09967,webview_ios
F09968,webview_android
F09969,firefox_android
F09970,samsunginternet_android
F09971,opera
F09971,webview_ios
F09972,firefox
F09972,firefox_android
F09973,chrome
F09973,webview_android
F09974,edge
F09974,safari_ios
F09975,opera_android
F09975,webview_ios
F09976,opera_android
F09977,oculus
F09978,safari
F09978,safari_ios
F09979,safari
F09979,webview_ios
F09980,opera
F09981,firefox
F09982,firefox
F09983,safari
F09983,safari_ios
F09983,webview_ios
F09985,safari
F09986,samsunginternet_android
F09987,safari
F09988,safari
F09988,safari_ios
F09988,webview_ios
F09989,safari
F09989,safari_ios
F09989,webview_ios
F09991,chrome
F09991,edge
F09992,safari
F09992,safari_ios
F09992,webview_ios
F09994,opera
F09994,safari_ios
F09996,samsunginternet_android
F09997,chrome_android
F09998,safari_ios
F09999,firefox_android
F09999,opera
F10000,edge
F10000,webview_ios
F10001,chrome
F10002,safari
F10002,safari_ios
F10002,webview_ios
F10004,firefox
F10006,chrome_android
F10008,safari
F10008,safari_ios
F10008,webview_ios
F10009,safari
F10009,safari_ios
F10010,edge
F10011,safari
F10011,safari_ios
F10011,webview_ios
F10013,firefox
F10016,safari
F10016,safari_ios
F10016,webview_ios
F10017,samsunginternet_android
F10017,webview_ios
F10018,safari
F10018,webview_ios
F10019,firefox_android
F10019,oculus
F10020,safari
F10020,safari_ios
F10020,webview_ios
F10022,chrome
F10022,opera
F10023,safari
F10023,safari_ios
F10023,webview_ios
F10024,firefox_android
F10024,oculus
F10025,safari
F10025,safari_ios
F10025,webview_ios
F10026,firefox_android
F10026,oculus
F10027,edge
F10029,webview_ios
F10030,opera_android
F10032,safari
F10032,safari_ios
F10032,webview_ios
F10033,safari
F10033,safari_ios
F10034,firefox
F10034,firefox_android
F10035,safari
F10035,safari_ios
F10036,chrome_android
F10037,safari
F10037,safari_ios
F10037,webview_ios
F10038,safari
F10039,oculus
F10041,webview_android
F10042,safari
F10042,safari_ios
F10043,safari
F10043,safari_ios
F10043,webview_ios
F10044,safari
F10044,safari_ios
F10044,webview_ios
F10045,firefox
F10048,chrome_android
F10048,samsunginternet_android
F10049,chrome
F10049,opera_android
F10050,firefox_android
F10052,opera_android
F10053,chrome
F10053,opera_android
F10054,safari
F10055,safari
F10055,safari_ios
F10055,webview_ios
F10056,safari
F10056,webview_ios
F10059,safari
F10059,safari_ios
F10059,webview_ios
F10061,firefox_android
F10061,webview_ios
F10062,oculus
F10063,safari
F10063,safari_ios
F10063,webview_ios
F10064,chrome
F10064,samsunginternet_android
F10066,safari
F10066,safari_ios
F10066,webview_ios
F10067,safari
F10067,safari_ios
F10067,webview_ios
F10068,opera
F10068,safari_ios
F10070,firefox_android
F10070,oculus
F10073,edge
F10073,firefox
F10074,firefox
F10075,safari
F10075,safari_ios
F10075,webview_ios
F10076,firefox
F10076,firefox_android
F10077,chrome
F10079,opera_android
F10080,firefox
F10080,firefox_android
F10082,safari
F10082,webview_ios
F10083,safari
F10083,webview_ios
F10084,chrome
F10084,safari
F10085,chrome
F10086,chrome
F10086,oculus
F10087,opera
F10088,webview_android
F10089,chrome
F10092,chrome_android
F10093,chrome
F10094,safari
F10094,safari_ios
F10094,webview_ios
F10095,safari
F10095,safari_ios
F10095,webview_ios
F10096,oculus
F10096,webview_android
F10097,safari
F10097,safari_ios
F10097,webview_ios
F10098,chrome
F10098,edge
F10099,chrome_android
F10099,edge
F10100,safari
F10100,safari_ios
F10100,webview_ios
F10102,chrome
F10103,chrome
F10103,samsunginternet_android
F10104,safari
F10104,safari_ios
F10104,webview_ios
F10105,firefox
F10106,firefox_android
F10107,firefox
F10107,firefox_android
F10108,edge
F10108,firefox_android
F10109,firefox_android
F10109,webview_ios
F10110,oculus
F10110,opera_android
F10112,safari
F10112,safari_ios
F10112,webview_ios
F10113,safari
F10113,safari_ios
F10113,webview_ios
F10114,opera_android
F10118,firefox
F10118,firefox_android
F10121,safari
F10121,safari_ios
F10121,webview_ios
F10122,chrome
F10123,safari
F10123,safari_ios
F10123,webview_ios
F10124,chrome
F10125,chrome
F10125,opera
F10126,chrome
F10127,safari
F10127,safari_ios
F10127,webview_ios
F10128,safari
F10128,safari_ios
F10128,webview_ios
F10129,safari
F10129,webview_ios
F10131,oculus
F10131,samsunginternet_android
F10132,safari
F10132,safari_ios
F10132,webview_ios
F10133,safari
F10133,safari_ios
F10133,webview_ios
F10134,safari
F10136,edge
F10138,opera
F10138,safari
F10139,firefox
F10139,firefox_android
F10140,safari_ios
F10142,firefox
F10143,chrome
F10143,samsunginternet_android
F10145,opera
F10145,safari_ios
F10146,chrome_android
F10148,chrome_android
F10149,samsunginternet_android
F10149,webview_ios
F10150,chrome
F10150,chrome_android
F10151,safari
F10151,webview_ios
F10153,firefox
F10153,samsunginternet_android
F10155,safari
F10155,safari_ios
F10155,webview_ios
F10156,chrome
F10156,opera_android
F10157,firefox
F10159,firefox
F10159,firefox_android
F10161,chrome_android
F10162,chrome
F10162,webview_android
F10163,chrome
F10163,opera_android
F10165,edge
F10165,firefox
F10166,samsunginternet_android
F10167,chrome
F10167,webview_android
F10168,oculus
F10168,safari_ios
F10169,samsunginternet_android
F10170,chrome
F10170,samsunginternet_android
F10171,firefox
F10171,opera
F10172,firefox
F10172,firefox_android
F10175,safari
F10176,safari
F10176,safari_ios
F10176,webview_ios
F10177,chrome
F10177,opera
F10178,chrome_android
F10178,oculus
F10179,firefox
F10181,safari
F10182,safari
F10182,safari_ios
F10182,webview_ios
F10183,safari
F10184,safari
F10184,safari_ios
F10184,webview_ios
F10185,oculus
F10186,chrome_android
F10187,chrome_android
F10188,webview_ios
F10189,firefox
F10189,firefox_android
F10192,safari
F10192,safari_ios
F10192,webview_ios
F10195,oculus
F10196,firefox
F10197,firefox_android
F10197,webview_android
F10201,safari
F10202,firefox
F10202,firefox_android
F10204,firefox
F10204,firefox_android
F10206,safari
F10206,webview_ios
F10207,oculus
F10208,safari_ios
F10208,webview_android
F10209,safari
F10209,safari_ios
F10209,webview_ios
F10210,chrome
F10210,opera
F10212,safari
F10212,safari_ios
F10212,webview_ios
F10213,safari
F10213,webview_android
F10214,firefox
F10215,firefox
F10217,firefox
F10217,safari_ios
F10221,safari
F10221,safari_ios
F10221,webview_ios
F10222,safari
F10223,chrome
F10223,opera
F10224,safari_ios
F10225,oculus
F10227,safari
F10227,safari_ios
F10227,webview_ios
F10228,firefox
F10231,safari
F10231,safari_ios
F10231,webview_ios
F10232,firefox
F10232,firefox_android
F10234,firefox
F10235,webview_android
F10239,safari
F10239,safari_ios
F10240,chrome
F10240,webview_ios
F10242,firefox
F10244,safari
F10245,firefox
F10245,firefox_android
F10246,safari
F10246,safari_ios
F10246,webview_ios
F10247,safari
F10247,safari_ios
F10247,webview_ios
F10248,chrome
F10249,chrome_android
F10253,opera
F10254,safari
F10254,safari_ios
F10254,webview_ios
F10257,webview_android
F10257,webview_ios
F10258,webview_android
F10258,webview_ios
F10259,chrome_android
F10259,firefox
F10260,firefox
F10261,safari
F10261,safari_ios
F10261,webview_ios
F10263,firefox_android
F10263,webview_android
F10266,samsunginternet_android
F10266,webview_android
F10267,chrome
F10268,safari
F10268,safari_ios
F10270,safari
F10271,safari
F10271,safari_ios
F10272,chrome_android
F10272,webview_android
F10273,chrome
F10273,safari_ios
F10276,safari
F10276,safari_ios
F10276,webview_ios
F10278,safari
F10279,oculus
F10281,safari
F10281,webview_ios
F10282,edge
F10283,oculus
F10284,safari
F10284,webview_ios
F10285,opera
F10286,safari
F10286,safari_ios
F10286,webview_ios
F10287,firefox
F10288,opera
F10289,safari
F10289,safari_ios
F10291,firefox
F10291,firefox_android
F10292,edge
F10293,chrome
F10293,samsunginternet_android
F10294,opera
F10294,safari_ios
F10295,safari_ios
F10295,webview_android
F10296,safari_ios
F10297,chrome
F10299,oculus
F10300,firefox_android
F10300,oculus
F10301,safari
F10301,safari_ios
F10301,webview_ios
F10302,firefox
F10302,opera_android
F10303,safari
F10303,safari_ios
F10303,webview_ios
F10304,firefox
F10304,oculus
F10305,safari
F10306,chrome
F10306,safari_ios
F10307,safari_ios
F10308,chrome_android
F10309,firefox
F10309,webview_android
F10311,opera
F10311,samsunginternet_android
F10312,oculus
F10313,safari
F10313,safari_ios
F10313,webview_ios
F10314,firefox
F10314,firefox_android
F10316,opera_android
F10316,safari_ios
F10318,firefox
F10319,webview_android
F10320,samsunginternet_android
F10321,opera_android
F10323,safari
F10323,safari_ios
F10323,webview_ios
F10324,firefox
F10324,firefox_android
F10327,safari
F10329,safari
F10330,opera_android
F10330,safari
F10331,safari
F10331,safari_ios
F10331,webview_ios
F10333,safari
F10333,safari_ios
F10333,webview_ios
F10334,chrome_android
F10336,firefox
F10338,safari
F10338,safari_ios
F10338,webview_ios
F10339,chrome_android
F10339,safari
F10340,safari
F10340,safari_ios
F10340,webview_ios
F10341,firefox
F10341,oculus
F10342,safari
F10342,safari_ios
F10342,webview_ios
F10343,firefox
F10344,firefox
F10345,chrome_android
F10347,safari
F10348,safari
F10348,safari_ios
F10348,webview_ios
F10349,safari
F10349,safari_ios
F10349,webview_ios
F10350,firefox
F10353,chrome
F10353,chrome_android
F10354,edge
F10355,chrome_android
F10356,chrome
F10357,samsunginternet_android
F10358,chrome
F10358,webview_ios
F10359,chrome
F10359,webview_android
F10361,safari
F10361,safari_ios
F10361,webview_ios
F10362,safari
F10362,webview_ios
F10363,chrome
F10363,opera_android
F10364,safari
F10364,safari_ios
F10364,webview_ios
F10365,safari
F10368,chrome
F10368,safari_ios
F10369,safari
F10369,safari_ios
F10369,webview_ios
F10370,edge
F10370,opera_android
F10371,firefox
F10372,edge
F10372,safari
F10373,opera
F10373,webview_ios
F10374,opera
F10375,oculus
F10375,safari
F10376,opera
F10380,safari
F10381,firefox_android
F10381,webview_ios
F10382,chrome
F10382,samsunginternet_android
F10384,safari
F10384,webview_ios
F10385,safari
F10386,firefox_android
F10386,oculus
F10387,edge
F10388,firefox
F10389,chrome
F10391,chrome
F10391,firefox_android
F10392,safari
F10392,safari_ios
F10392,webview_ios
F10393,chrome_android
F10394,firefox
F10394,firefox_android
F10395,safari
F10395,safari_ios
F10396,safari
F10396,safari_ios
F10397,chrome
F10398,webview_android
F10399,firefox
F10399,firefox_android
F10400,safari
F10400,safari_ios
F10400,webview_ios
F10401,firefox
F10401,firefox_android
F10402,safari_ios
F10402,webview_android
F10403,edge
F10403,safari
F10405,opera
F10406,chrome
F10407,opera_android
F10407,webview_ios
F10408,safari
F10408,safari_ios
F10410,firefox_android
F10410,webview_android
F10411,chrome
F10411,webview_android
F10412,firefox_android
F10413,safari
F10414,safari
F10414,safari_ios
F10414,webview_ios
F10415,safari
F10415,safari_ios
F10415,webview_ios
F10416,safari
F10416,safari_ios
F10416,webview_ios
F10418,chrome
F10419,safari
F10419,webview_ios
F10420,webview_android
F10421,firefox
F10422,chrome
F10423,safari
F10423,safari_ios
F10423,webview_ios
F10424,opera_android
F10425,safari
F10425,safari_ios
F10425,webview_ios
F10426,safari
F10426,safari_ios
F10426,webview_ios
F10428,firefox
F10429,edge
F10430,safari
F10430,safari_ios
F10430,webview_ios
F10431,safari
F10431,safari_ios
F10431,webview_ios
F10432,chrome
F10432,webview_android
F10433,oculus
F10434,edge
F10435,safari
F10435,safari_ios
F10436,safari
F10436,safari_ios
F10436,webview_ios
F10437,safari
F10437,safari_ios
F10437,webview_ios
F10439,oculus
F10440,safari
F10441,chrome
F10441,opera
F10442,edge
F10442,oculus
F10444,firefox
F10444,firefox_android
F10446,chrome
F10447,edge
F10447,opera
F10448,chrome_android
F10448,safari_ios
F10449,chrome_android
F10449,firefox_android
F10451,edge
F10452,firefox
F10452,firefox_android
F10454,safari
F10454,safari_ios
F10454,webview_ios
F10455,safari
F10458,oculus
F10458,safari_ios
F10459,safari
F10459,safari_ios
F10460,safari
F10460,safari_ios
F10461,chrome
F10462,firefox
F10463,firefox
F10463,firefox_android
F10464,safari
F10465,chrome
F10466,firefox
F10466,firefox_android
F10467,safari
F10468,opera_android
F10468,safari_ios
F10473,firefox
F10475,firefox
F10475,firefox_android
F10477,firefox
F10478,firefox
F10480,firefox
F10480,firefox_android
F10482,firefox
F10482,firefox_android
F10483,safari_ios
F10484,chrome
F10484,opera_android
F10485,chrome
F10485,samsunginternet_android
F10487,safari
F10487,webview_ios
F10488,webview_android
F10489,opera
F10490,webview_ios
F10491,chrome
F10491,oculus
F10492,chrome
F10493,edge
F10493,samsunginternet_android
F10494,safari
F10494,safari_ios
F10494,webview_ios
F10496,chrome
F10496,webview_android
F10498,safari
F10498,safari_ios
F10499,firefox
F10499,opera
F10500,safari
F10500,safari_ios
F10502,firefox
F10502,firefox_android
F10504,safari_ios
F10506,safari
F10506,safari_ios
F10506,webview_ios
F10507,safari
F10507,safari_ios
F10507,webview_ios
F10508,safari
F10508,safari_ios
F10513,firefox
F10514,safari
F10515,safari
F10515,safari_ios
F10515,webview_ios
F10516,safari
F10516,safari_ios
F10518,safari
F10518,safari_ios
F10518,webview_ios
F10519,safari
F10520,firefox
F10521,safari
F10522,safari_ios
F10524,edge
F10524,safari
F10525,safari
F10525,safari_ios
F10527,safari
F10527,webview_ios
F10528,chrome
F10528,oculus
F10529,safari
F10529,safari_ios
F10529,webview_ios
F10530,safari
F10530,webview_ios
F10531,firefox
F10531,firefox_android
F10532,firefox
F10534,safari
F10534,safari_ios
F10534,webview_ios
F10536,chrome_android
F10536,samsunginternet_android
F10537,webview_ios
F10538,edge
F10539,firefox
F10540,oculus
F10540,safari_ios
F10541,safari_ios
F10541,webview_ios
F10543,safari
F10543,safari_ios
F10543,webview_ios
F10544,safari
F10545,firefox
F10545,firefox_android
F10547,chrome
F10547,opera
F10548,chrome
F10548,oculus
F10549,safari
F10549,safari_ios
F10549,webview_ios
F10551,webview_ios
F10552,safari
F10552,safari_ios
F10552,webview_ios
F10553,webview_android
F10553,webview_ios
F10554,firefox
F10554,opera_android
F10555,firefox
F10555,firefox_android
F10556,chrome
F10556,webview_android
F10557,safari
F10557,safari_ios
F10557,webview_ios
F10558,safari
F10558,safari_ios
F10559,webview_android
F10559,webview_ios
F10560,chrome_android
F10560,safari_ios
F10561,safari
F10561,safari_ios
F10561,webview_ios
F10562,chrome
F10563,oculus
F10564,safari
F10565,safari
F10565,safari_ios
F10566,safari
F10566,safari_ios
F10566,webview_ios
F10568,chrome
F10569,firefox_android
F10569,oculus
F10571,safari
F10572,safari
F10572,safari_ios
F10572,webview_ios
F10573,firefox
F10574,firefox_android
F10575,edge
F10577,safari
F10577,safari_ios
F10577,webview_ios
F10578,opera
F10578,webview_android
F10579,safari
F10580,samsunginternet_android
F10580,webview_android
F10581,safari
F10581,safari_ios
F10581,webview_ios
F10582,chrome
F10582,oculus
F10583,firefox_android
F10584,firefox
F10585,safari
F10587,safari
F10587,webview_ios
F10588,chrome_android
F10588,oculus
F10589,samsunginternet_android
F10589,webview_ios
F10591,edge
F10593,firefox_android
F10594,firefox
F10594,oculus
F10595,chrome
F10595,webview_android
F10597,firefox
F10597,firefox_android
F10598,safari
F10598,safari_ios
F10598,webview_ios
F10599,chrome
F10600,safari
F10600,safari_ios
F10600,webview_ios
F10601,chrome
F10603,safari
F10604,firefox
F10604,opera_android
F10605,webview_ios
F10606,safari
F10606,safari_ios
F10609,edge
F10612,firefox
F10612,firefox_android
F10613,firefox
F10615,edge
F10615,opera_android
F10616,safari
F10616,safari_ios
F10616,webview_ios
F10617,firefox
F10619,chrome
F10620,safari
F10620,safari_ios
F10620,webview_ios
F10622,safari
F10623,firefox
F10623,oculus
F10624,chrome
F10625,firefox
F10625,firefox_android
F10626,chrome
F10626,samsunginternet_android
F10627,firefox
F10627,firefox_android
F10628,safari
F10629,firefox
F10629,firefox_android
F10631,oculus
F10631,opera_android
F10632,safari
F10632,safari_ios
F10632,webview_ios
F10633,chrome
F10633,opera
F10634,chrome
F10634,edge
F10635,safari
F10635,safari_ios
F10636,firefox
F10636,firefox_android
F10637,webview_ios
F10638,chrome
F10639,opera
F10640,firefox
F10641,safari
F10643,safari
F10643,safari_ios
F10643,webview_ios
F10645,opera
F10646,safari
F10647,webview_ios
F10648,firefox
F10649,edge
F10649,opera_android
F10650,safari
F10651,chrome
F10651,webview_android
F10653,safari
F10654,firefox_android
F10654,safari_ios
F10655,safari
F10656,safari
F10656,safari_ios
F10656,webview_ios
F10657,firefox
F10657,firefox_android
F10659,safari
F10659,safari_ios
F10659,webview_ios
F10660,safari
F10660,safari_ios
F10660,webview_ios
F10661,safari
F10662,safari
F10662,webview_ios
F10663,opera
F10665,safari
F10666,chrome
F10666,edge
F10669,opera_android
F10670,edge
F10670,opera_android
F10671,safari_ios
F10673,safari
F10673,safari_ios
F10673,webview_ios
F10674,firefox_android
F10674,opera
F10677,safari
F10677,safari_ios
F10677,webview_ios
F10680,oculus
F10681,firefox
F10681,firefox_android
F10682,firefox_android
F10683,safari
F10683,safari_ios
F10683,webview_ios
F10684,firefox
F10684,firefox_android
F10685,webview_android
F10686,chrome
F10686,safari
F10687,safari
F10687,safari_ios
F10687,webview_ios
F10688,firefox_android
F10688,opera
F10689,oculus
F10690,safari
F10690,safari_ios
F10690,webview_ios
F10692,safari
F10692,safari_ios
F10692,webview_ios
F10694,safari
F10694,safari_ios
F10694,webview_ios
F10695,oculus
F10695,safari_ios
F10697,firefox
F10697,firefox_android
F10698,oculus
F10698,safari
F10699,chrome
F10699,safari
F10700,safari
F10701,firefox
F10703,safari
F10704,firefox
F10705,safari
F10705,webview_ios
F10706,safari
F10706,safari_ios
F10708,chrome
F10709,edge
F10710,opera_android
F10710,webview_ios
F10712,safari
F10712,webview_ios
F10713,safari
F10713,safari_ios
F10713,webview_ios
F10714,chrome
F10715,safari
F10715,safari_ios
F10715,webview_ios
F10716,opera_android
F10716,samsunginternet_android
F10717,edge
F10717,oculus
F10719,chrome
F10719,chrome_android
F10720,chrome
F10720,opera
F10721,opera_android
F10722,safari
F10722,safari_ios
F10722,webview_ios
F10723,firefox
F10723,firefox_android
F10725,firefox
F10725,oculus
F10726,chrome_android
F10726,oculus
F10728,firefox
F10728,firefox_android
F10729,firefox
F10729,firefox_android
F10730,webview_android
F10731,safari
F10731,safari_ios
F10731,webview_ios
F10732,chrome
F10732,oculus
F10733,chrome
F10733,opera
F10734,safari
F10734,safari_ios
F10735,safari
F10735,safari_ios
F10735,webview_ios
F10737,firefox
F10737,webview_ios
F10738,opera
F10738,webview_ios
F10739,safari
F10739,safari_ios
F10739,webview_ios
F10741,chrome
F10741,samsunginternet_android
F10742,edge
F10743,safari
F10743,safari_ios
F10743,webview_ios
F10744,safari
F10744,safari_ios
F10744,webview_ios
F10746,chrome
F10747,webview_ios
F10749,safari
F10749,safari_ios
F10750,oculus
F10750,webview_ios
F10751,opera_android
F10752,safari
F10752,safari_ios
F10752,webview_ios
F10753,safari
F10753,safari_ios
F10753,webview_ios
F10754,firefox
F10755,firefox_android
F10756,chrome
F10756,opera_android
F10757,firefox
F10757,webview_ios
F10758,edge
F10758,samsunginternet_android
F10761,firefox
F10761,firefox_android
F10763,firefox
F10764,safari
F10764,safari_ios
F10764,webview_ios
F10765,samsunginternet_android
F10766,chrome
F10767,firefox_android
F10768,safari
F10768,webview_ios
F10770,chrome
F10770,opera
F10771,opera_android
F10773,firefox
F10773,firefox_android
F10774,safari
F10774,safari_ios
F10774,webview_ios
F10775,chrome
F10775,edge
F10777,firefox
F10779,samsunginternet_android
F10781,firefox
F10781,firefox_android
F10782,firefox
F10783,firefox
F10783,firefox_android
F10785,chrome
F10785,edge
F10787,oculus
F10787,opera
F10788,firefox
F10789,safari
F10789,webview_ios
F10791,edge
F10791,samsunginternet_android
F10793,oculus
F10794,opera
F10794,opera_android
F10795,safari
F10795,safari_ios
F10795,webview_ios
F10796,safari
F10796,safari_ios
F10796,webview_ios
F10797,samsunginternet_android
F10798,samsunginternet_android
F10799,oculus
F10799,webview_android
F10800,chrome
F10800,opera
F10801,opera_android
F10801,webview_android
F10802,opera
F10803,chrome_android
F10803,opera
F10806,safari
F10806,safari_ios
F10806,webview_ios
F10807,chrome
F10808,firefox
F10809,safari_ios
F10810,chrome
F10810,samsunginternet_android
F10812,chrome
F10812,safari_ios
F10814,edge
F10815,chrome
F10816,firefox_android
F10817,firefox
F10817,firefox_android
F10818,edge
F10819,opera
F10819,safari
F10820,safari_ios
F10821,edge
F10821,firefox_android
F10822,firefox
F10822,oculus
F10823,firefox_android
F10823,webview_ios
F10824,firefox
F10824,firefox_android
F10825,safari
F10825,safari_ios
F10825,webview_ios
F10826,chrome
F10827,oculus
F10828,firefox
F10829,chrome_android
F10829,webview_android
F10830,chrome
F10830,webview_android
F10832,firefox
F10833,chrome
F10833,safari_ios
F10834,chrome
F10834,chrome_android
F10835,firefox_android
F10836,firefox
F10836,firefox_android
F10837,firefox
F10837,webview_android
F10838,chrome
F10838,oculus
F10839,samsunginternet_android
F10842,safari
F10842,safari_ios
F10842,webview_ios
F10843,firefox
F10844,edge
F10845,safari
F10846,oculus
F10846,webview_ios
F10847,safari
F10847,safari_ios
F10848,chrome
F10849,chrome_android
F10849,webview_ios
F10850,firefox
F10850,firefox_android
F10851,safari_ios
F10852,webview_ios
F10853,safari
F10854,safari
F10854,safari_ios
F10854,webview_ios
F10855,safari_ios
F10855,webview_android
F10857,safari
F10857,safari_ios
F10857,webview_ios
F10858,chrome
F10859,chrome
F10860,firefox
F10860,firefox_android
F10861,chrome
F10861,edge
F10862,safari
F10862,safari_ios
F10862,webview_ios
F10863,chrome_android
F10863,firefox_android
F10864,edge
F10864,safari_ios
F10865,safari
F10865,safari_ios
F10865,webview_ios
F10866,safari
F10866,safari_ios
F10866,webview_ios
F10867,webview_android
F10868,firefox_android
F10869,safari
F10871,safari
F10871,safari_ios
F10873,firefox
F10873,firefox_android
F10874,safari
F10874,safari_ios
F10874,webview_ios
F10876,firefox
F10876,firefox_android
F10878,safari
F10878,safari_ios
F10878,webview_ios
F10879,chrome
F10880,safari
F10880,safari_ios
F10880,webview_ios
F10882,chrome
F10882,edge
F10883,safari
F10883,webview_ios
F10884,firefox
F10885,safari
F10885,safari_ios
F10885,webview_ios
F10886,webview_android
F10888,safari
F10888,safari_ios
F10888,webview_ios
F10889,chrome
F10889,oculus
F10891,safari
F10891,safari_ios
F10891,webview_ios
F10892,opera_android
F10892,webview_ios
F10893,opera_android
F10893,webview_android
F10894,safari
F10894,safari_ios
F10894,webview_ios
F10896,firefox
F10896,firefox_android
F10898,safari
F10898,webview_ios
F10899,safari
F10899,safari_ios
F10899,webview_ios
F10902,safari
F10902,safari_ios
F10905,firefox_android
F10906,oculus
F10906,opera
F10907,samsunginternet_android
F10908,oculus
F10909,oculus
F10910,chrome
F10910,chrome_android
F10912,firefox
F10913,samsunginternet_android
F10913,webview_android
F10914,chrome
F10914,opera
F10915,safari
F10915,safari_ios
F10915,webview_ios
F10916,safari
F10916,safari_ios
F10916,webview_ios
F10917,safari
F10918,firefox
F10918,firefox_android
F10919,edge
F10920,safari
F10920,webview_ios
F10921,chrome
F10922,safari
F10923,safari
F10923,safari_ios
F10923,webview_ios
F10924,safari_ios
F10924,webview_ios
F10925,firefox
F10927,safari
F10928,oculus
F10931,chrome
F10931,webview_ios
F10932,samsunginternet_android
F10933,firefox
F10934,chrome_android
F10935,safari
F10935,safari_ios
F10935,webview_ios
F10936,opera_android
F10937,chrome
F10938,samsunginternet_android
F10939,samsunginternet_android
F10940,samsunginternet_android
F10942,edge
F10944,firefox
F10944,firefox_android
F10947,edge
F10947,opera
F10948,edge
F10948,firefox_android
F10949,safari
F10949,safari_ios
F10949,webview_ios
F10950,firefox
F10950,opera_android
F10951,opera
F10952,opera_android
F10954,webview_ios
F10955,safari
F10955,safari_ios
F10956,firefox_android
F10956,oculus
F10957,samsunginternet_android
F10958,firefox_android
F10958,samsunginternet_android
F10959,firefox
F10959,firefox_android
F10960,firefox
F10961,oculus
F10963,chrome
F10963,webview_android
F10964,safari
F10964,safari_ios
F10965,firefox
F10965,firefox_android
F10966,safari
F10966,safari_ios
F10966,webview_ios
F10967,oculus
F10967,samsunginternet_android
F10969,safari
F10970,safari
F10970,safari_ios
F10971,safari
F10971,safari_ios
F10971,webview_ios
F10972,chrome_android
F10973,webview_ios
F10975,safari
F10976,safari
F10976,safari_ios
F10976,webview_ios
F10977,safari
F10977,safari_ios
F10977,webview_ios
F10978,safari
F10978,safari_ios
F10978,webview_ios
F10979,chrome
F10979,safari
F10980,safari
F10980,safari_ios
F10980,webview_ios
F10981,safari
F10981,safari_ios
F10981,webview_ios
F10982,chrome
F10984,chrome
F10984,oculus
F10987,firefox
F10987,firefox_android
F10988,firefox
F10988,webview_ios
F10989,firefox
F10991,firefox
F10991,firefox_android
F10992,chrome
F10992,chrome_android
F10993,edge
F10993,safari
F10995,safari
F10995,safari_ios
F10995,webview_ios
F10997,safari
F10997,safari_ios
F10997,webview_ios
F10999,safari
F10999,safari_ios
F10999,webview_ios
F11000,firefox
F11000,firefox_android
F11001,safari_ios
F11001,samsunginternet_android
F11002,safari
F11002,safari_ios
F11002,webview_ios
F11004,chrome
F11004,safari_ios
F11005,safari
F11006,safari
F11006,safari_ios
F11006,webview_ios
F11007,safari
F11008,chrome
F11011,safari
F11011,safari_ios
F11011,webview_ios
F11012,chrome
F11012,edge
F11013,edge
F11013,opera
F11014,safari
F11015,safari
F11016,safari
F11016,safari_ios
F11016,webview_ios
F11017,safari
F11019,safari
F11019,safari_ios
F11021,safari
F11022,chrome
F11024,safari_ios
F11025,chrome
F11026,safari
F11026,safari_ios
F11026,webview_ios
F11027,safari
F11027,webview_ios
F11029,chrome
F11029,chrome_android
F11030,safari
F11030,safari_ios
F11030,webview_ios
F11031,safari
F11031,webview_ios
F11032,firefox_android
F11032,opera_android
F11033,oculus
F11033,opera_android
F11035,safari
F11035,webview_ios
F11036,chrome
F11036,oculus
F11037,firefox
F11037,webview_ios
F11038,safari
F11038,safari_ios
F11039,opera_android
F11040,chrome
F11040,opera_android
F11041,firefox
F11041,firefox_android
F11042,safari
F11042,samsunginternet_android
F11043,safari
F11043,webview_ios
F11044,safari
F11044,safari_ios
F11044,webview_ios
F11045,webview_android
F11045,webview_ios
F11047,opera_android
F11048,opera
F11050,chrome
F11050,opera
F11051,safari
F11051,safari_ios
F11052,firefox
F11053,chrome
F11054,opera_android
F11054,safari_ios
F11055,chrome_android
F11056,opera_android
F11056,webview_ios
F11057,chrome
F11057,edge
F11058,safari
F11058,safari_ios
F11059,safari_ios
F11059,webview_android
F11060,chrome
F11062,safari
F11062,safari_ios
F11062,webview_ios
F11063,firefox
F11064,safari
F11064,safari_ios
F11064,webview_ios
F11065,firefox
F11065,firefox_android
F11066,safari
F11067,firefox
F11068,safari_ios
F11069,firefox
F11070,chrome
F11071,chrome
F11071,opera
F11073,safari
F11073,safari_ios
F11073,webview_ios
F11075,safari
F11076,safari
F11076,safari_ios
F11076,webview_ios
F11077,firefox
F11078,firefox_android
F11079,safari_ios
F11080,safari
F11080,safari_ios
F11080,webview_ios
F11081,edge
F11082,edge
F11082,webview_android
F11083,firefox
F11084,safari
F11084,safari_ios
F11084,webview_ios
F11085,samsunginternet_android
F11088,chrome
F11090,chrome
F11090,opera_android
F11091,opera
F11091,opera_android
F11092,firefox
F11092,firefox_android
F11093,safari
F11093,safari_ios
F11093,webview_ios
F11094,safari
F11094,webview_ios
F11095,webview_ios
F11097,chrome_android
F11098,chrome
F11098,samsunginternet_android
F11101,firefox_android
F11104,firefox
F11104,firefox_android
F11105,safari
F11105,safari_ios
F11107,chrome
F11108,chrome
F11110,chrome
F11110,opera
F11112,opera_android
F11113,safari
F11113,safari_ios
F11113,webview_ios
F11114,firefox
F11115,firefox
F11115,firefox_android
F11116,firefox
F11116,firefox_android
F11117,opera
F11118,webview_ios
F11121,chrome
F11121,samsunginternet_android
F11122,chrome_android
F11123,firefox_android
F11123,opera
F11124,oculus
F11125,firefox
F11125,firefox_android
F11126,safari
F11126,webview_ios
F11127,chrome
F11127,edge
F11129,webview_android
F11130,firefox
F11130,firefox_android
F11131,firefox
F11131,firefox_android
F11132,safari
F11132,safari_ios
F11132,webview_ios
F11133,safari
F11133,safari_ios
F11133,webview_ios
F11134,chrome_android
F11135,edge
F11135,oculus
F11140,chrome
F11140,opera
F11142,firefox
F11143,opera
F11144,opera_android
F11144,safari
F11145,oculus
F11145,samsunginternet_android
F11146,webview_android
F11147,chrome_android
F11147,oculus
F11148,opera_android
F11149,opera_android
F11152,chrome
F11152,chrome_android
F11153,oculus
F11154,edge
F11154,samsunginternet_android
F11156,opera_android
F11159,safari
F11161,samsunginternet_android
F11162,chrome_android
F11162,firefox_android
F11163,firefox
F11164,chrome
F11165,edge
F11165,opera
F11167,chrome
F11167,chrome_android
F11168,opera
F11168,samsunginternet_android
F11169,oculus
F11170,opera
F11170,webview_ios
F11171,safari
F11171,safari_ios
F11171,webview_ios
F11173,firefox
F11173,firefox_android
F11174,safari
F11174,safari_ios
F11175,opera_android
F11176,safari
F11176,safari_ios
F11176,webview_ios
F11177,chrome
F11177,edge
F11180,firefox
F11180,firefox_android
F11181,safari
F11181,safari_ios
F11182,firefox_android
F11182,webview_android
F11183,webview_android
F11184,oculus
F11185,opera_android
F11186,opera_android
F11186,webview_ios
F11187,firefox_android
F11188,safari
F11188,webview_ios
F11190,safari
F11190,safari_ios
F11194,oculus
F11194,samsunginternet_android
F11195,firefox
F11196,edge
F11196,opera
F11197,firefox_android
F11198,safari
F11198,safari_ios
F11198,webview_ios
F11199,safari
F11199,webview_ios
F11201,edge
F11201,firefox_android
F11203,chrome
F11203,oculus
F11204,chrome
F11205,opera_android
F11205,webview_ios
F11206,chrome
F11206,samsunginternet_android
F11208,firefox_android
F11208,opera
F11210,firefox
F11210,firefox_android
F11211,chrome
F11212,firefox
F11213,chrome
F11214,firefox
F11214,oculus
F11215,chrome
F11215,edge
F11216,chrome
F11216,opera_android
F11217,firefox
F11217,firefox_android
F11218,samsunginternet_android
F11219,safari
F11219,safari_ios
F11219,webview_ios
F11220,firefox
F11222,chrome
F11222,samsunginternet_android
F11223,chrome_android
F11223,opera_android
F11224,chrome
F11226,firefox_android
F11227,opera_android
F11227,webview_android
F11228,chrome
F11228,opera_android
F11229,safari
F11229,safari_ios
F11229,webview_ios
F11230,safari
F11230,safari_ios
F11230,webview_ios
F11231,chrome
F11231,opera_android
F11232,safari
F11232,safari_ios
F11232,webview_ios
F11233,chrome
F11235,safari
F11235,safari_ios
F11235,webview_ios
F11236,chrome
F11236,opera_android
F11237,safari
F11237,safari_ios
F11238,oculus
F11238,webview_ios
F11239,webview_android
F11240,safari
F11240,safari_ios
F11241,chrome
F11241,safari
F11242,firefox
F11242,firefox_android
F11243,safari
F11243,safari_ios
F11243,webview_ios
F11244,chrome
F11244,edge
F11245,edge
F11246,safari
F11246,safari_ios
F11246,webview_ios
F11247,firefox
F11247,firefox_android
F11249,safari
F11249,safari_ios
F11249,webview_ios
F11250,webview_android
F11251,chrome
F11254,safari
F11254,safari_ios
F11254,webview_ios
F11256,safari
F11256,safari_ios
F11256,webview_ios
F11257,safari
F11257,webview_ios
F11258,safari
F11258,safari_ios
F11258,webview_ios
F11259,safari
F11259,safari_ios
F11259,webview_ios
F11260,edge
F11261,chrome
F11263,safari
F11263,safari_ios
F11263,webview_ios
F11264,safari
F11264,webview_android
F11265,safari
F11266,oculus
F11267,safari
F11268,chrome_android
F11268,webview_android
F11269,chrome
F11269,webview_android
F11270,safari
F11270,safari_ios
F11270,webview_ios
F11271,webview_ios
F11272,firefox_android
F11272,oculus
F11273,samsunginternet_android
F11273,webview_android
F11275,safari
F11275,safari_ios
F11275,webview_ios
F11276,firefox
F11276,firefox_android
F11281,safari
F11281,safari_ios
F11281,webview_ios
F11282,safari
F11284,safari
F11285,safari
F11285,safari_ios
F11285,webview_ios
F11287,firefox
F11287,firefox_android
F11288,firefox
F11289,safari
F11289,safari_ios
F11289,webview_ios
F11291,safari
F11292,chrome
F11293,firefox
F11294,firefox
F11295,safari
F11295,safari_ios
F11295,webview_ios
F11296,safari
F11297,chrome_android
F11298,safari
F11298,safari_ios
F11298,webview_ios
F11299,safari
F11299,safari_ios
F11299,webview_ios
F11301,firefox
F11301,firefox_android
F11302,webview_android
F11303,opera
F11303,safari_ios
F11304,opera
F11306,safari
F11306,safari_ios
F11306,webview_ios
F11308,webview_android
F11308,webview_ios
F11309,webview_android
F11311,chrome
F11315,safari
F11315,safari_ios
F11315,webview_ios
F11316,firefox
F11317,safari_ios
F11318,safari
F11318,webview_ios
F11320,webview_ios
F11321,chrome_android
F11321,opera
F11322,safari
F11322,safari_ios
F11322,webview_ios
F11324,chrome_android
F11324,samsunginternet_android
F11326,safari
F11327,firefox
F11328,edge
F11330,safari
F11330,safari_ios
F11331,safari
F11332,edge
F11333,safari
F11333,safari_ios
F11333,webview_ios
F11334,safari
F11334,webview_ios
F11335,opera
F11336,webview_ios
F11337,safari
F11337,safari_ios
F11337,webview_ios
F11341,opera_android
F11342,firefox
F11342,firefox_android
F11343,chrome
F11343,opera
F11344,safari_ios
F11344,webview_ios
F11345,opera
F11348,safari
F11348,webview_ios
F11349,webview_android
F11350,chrome
F11350,opera
F11352,safari
F11352,safari_ios
F11352,webview_ios
F11353,webview_android
F11354,safari
F11354,safari_ios
F11354,webview_ios
F11356,chrome
F11357,safari
F11358,chrome_android
F11358,firefox_android
F11360,chrome
F11360,safari
F11361,edge
F11363,firefox_android
F11363,samsunginternet_android
F11364,chrome
F11364,samsunginternet_android
F11366,chrome
F11366,samsunginternet_android
F11367,oculus
F11368,firefox_android
F11368,safari_ios
F11369,safari
F11372,firefox_android
F11372,opera_android
F11374,firefox
F11374,firefox_android
F11376,webview_ios
F11377,samsunginternet_android
F11377,webview_android
F11378,safari
F11378,safari_ios
F11378,webview_ios
F11379,firefox
F11379,firefox_android
F11380,firefox_android
F11380,opera_android
F11383,opera
F11384,safari
F11384,safari_ios
F11384,webview_ios
F11385,chrome
F11385,webview_android
F11387,safari
F11387,safari_ios
F11387,webview_ios
F11390,safari
F11390,safari_ios
F11390,webview_ios
F11391,chrome
F11392,safari
F11392,safari_ios
F11392,webview_ios
F11393,chrome
F11394,oculus
F11394,opera
F11395,chrome
F11395,oculus
F11398,safari
F11400,chrome
F11401,safari
F11401,safari_ios
F11401,webview_ios
F11404,firefox
F11404,firefox_android
F11405,safari
F11405,safari_ios
F11405,webview_ios
F11406,firefox
F11407,opera
F11408,chrome
F11408,webview_android
F11409,oculus
F11410,safari
F11410,samsunginternet_android
F11411,firefox
F11411,firefox_android
F11412,opera
F11413,oculus
F11415,chrome_android
F11415,safari
F11416,chrome
F11416,oculus
F11417,firefox
F11417,firefox_android
F11418,firefox_android
F11419,safari
F11419,webview_ios
F11420,chrome_android
F11420,firefox
F11423,safari
F11423,safari_ios
F11423,webview_ios
F11424,safari
F11424,safari_ios
F11424,webview_ios
F11425,safari
F11425,safari_ios
F11425,webview_ios
F11426,chrome_android
F11426,firefox
F11427,chrome_android
F11427,safari
F11428,safari
F11428,webview_ios
F11429,chrome
F11429,chrome_android
F11430,chrome
F11431,firefox
F11431,firefox_android
F11432,chrome
F11432,opera_android
F11433,edge
F11433,firefox
F11434,firefox
F11435,safari
F11435,safari_ios
F11435,webview_ios
F11438,firefox
F11439,firefox
F11439,firefox_android
F11440,opera
F11441,chrome_android
F11443,chrome_android
F11443,edge
F11444,oculus
F11444,webview_ios
F11445,chrome
F11445,opera
F11446,chrome
F11446,samsunginternet_android
F11447,firefox
F11448,safari
F11448,webview_ios
F11450,chrome_android
F11450,safari
F11451,safari
F11453,firefox
F11455,firefox_android
F11456,safari_ios
F11457,firefox_android
F11459,chrome
F11462,firefox
F11462,opera
F11463,safari
F11463,safari_ios
F11463,webview_ios
F11464,oculus
F11465,chrome_android
F11467,firefox
F11467,webview_ios
F11469,firefox_android
F11469,samsunginternet_android
F11470,firefox
F11471,webview_ios
F11472,safari
F11472,safari_ios
F11472,webview_ios
F11473,safari
F11474,firefox
F11474,firefox_android
F11475,chrome
F11475,webview_android
F11476,firefox_android
F11476,safari_ios
F11477,safari
F11477,safari_ios
F11477,webview_ios
F11478,safari
F11478,safari_ios
F11478,webview_ios
F11479,safari
F11479,webview_ios
F11482,opera_android
F11483,chrome_android
F11483,edge
F11484,firefox_android
F11486,safari_ios
F11487,firefox
F11487,firefox_android
F11488,opera
F11489,chrome
F11489,chrome_android
F11490,safari_ios
F11490,samsunginternet_android
F11491,safari
F11491,safari_ios
F11491,webview_ios
F11492,safari
F11492,safari_ios
F11492,webview_ios
F11494,chrome
F11494,chrome_android
F11495,safari
F11495,safari_ios
F11495,webview_ios
F11496,safari_ios
F11496,webview_ios
F11497,chrome
F11497,oculus
F11498,safari_ios
F11500,chrome_android
F11501,safari
F11501,safari_ios
F11501,webview_ios
F11502,safari
F11504,firefox_android
F11506,webview_android
F11506,webview_ios
F11507,chrome
F11507,webview_android
F11508,safari
F11508,safari_ios
F11508,webview_ios
F11509,edge
F11509,opera
F11511,safari
F11511,safari_ios
F11511,webview_ios
F11513,safari
F11513,webview_ios
F11514,firefox_android
F11515,safari
F11515,webview_ios
F11516,edge
F11516,samsunginternet_android
F11517,safari
F11517,webview_android
F11518,firefox
F11518,samsunginternet_android
F11519,firefox
F11519,webview_android
F11520,firefox
F11521,safari
F11521,safari_ios
F11522,firefox
F11522,firefox_android
F11525,safari
F11525,safari_ios
F11526,chrome
F11527,opera
F11528,chrome
F11528,webview_android
F11529,firefox
F11532,safari
F11532,safari_ios
F11532,webview_ios
F11533,firefox
F11534,safari
F11534,safari_ios
F11534,webview_ios
F11535,opera_android
F11536,safari
F11536,safari_ios
F11536,webview_ios
F11537,safari
F11537,safari_ios
F11537,webview_ios
F11538,safari
F11538,safari_ios
F11538,webview_ios
F11539,safari
F11541,safari
F11543,chrome
F11543,samsunginternet_android
F11544,firefox
F11544,webview_ios
F11547,chrome_android
F11548,chrome_android
F11548,firefox_android
F11549,opera
F11550,safari
F11550,safari_ios
F11550,webview_ios
F11551,webview_android
F11552,safari
F11552,safari_ios
F11552,webview_ios
F11553,webview_android
F11554,firefox_android
F11556,firefox
F11556,firefox_android
F11558,safari
F11558,safari_ios
F11558,webview_ios
F11559,firefox
F11560,firefox
F11560,firefox_android
F11561,oculus
F11562,safari
F11564,oculus
F11565,samsunginternet_android
F11566,chrome
F11566,safari
F11567,opera
F11568,safari
F11568,safari_ios
F11569,safari
F11569,safari_ios
F11569,webview_ios
F11570,firefox
F11571,opera_android
F11571,safari
F11572,firefox
F11573,webview_android
F11575,chrome
F11575,samsunginternet_android
F11576,webview_ios
F11577,edge
F11577,safari
F11578,firefox
F11584,safari
F11584,safari_ios
F11584,webview_ios
F11585,safari
F11586,opera
F11588,safari
F11588,safari_ios
F11588,webview_ios
F11590,safari
F11590,safari_ios
F11590,webview_ios
F11591,safari
F11593,chrome
F11593,firefox
F11594,firefox
F11594,firefox_android
F11595,opera
F11596,edge
F11597,samsunginternet_android
F11598,firefox_android
F11601,chrome_android
F11601,webview_android
F11602,samsunginternet_android
F11603,safari
F11603,safari_ios
F11603,webview_ios
F11604,safari
F11604,safari_ios
F11605,safari
F11605,safari_ios
F11605,webview_ios
F11606,safari
F11606,webview_ios
F11607,chrome
F11607,samsunginternet_android
F11609,firefox
F11609,firefox_android
F11610,opera
F11611,opera
F11614,safari_ios
F11614,webview_android
F11615,webview_android
F11616,chrome
F11616,chrome_android
F11618,firefox
F11618,firefox_android
F11620,safari
F11620,safari_ios
F11620,webview_ios
F11621,safari
F11621,safari_ios
F11621,webview_ios
F11622,safari
F11623,edge
F11623,safari
F11625,firefox
F11626,oculus
F11626,webview_android
F11627,firefox_android
F11629,safari
F11629,safari_ios
F11629,webview_ios
F11630,edge
F11632,chrome
F11634,firefox_android
F11636,safari
F11636,safari_ios
F11636,webview_ios
F11637,chrome
F11637,opera_android
F11638,oculus
F11638,safari
F11639,chrome_android
F11640,chrome_android
F11640,firefox_android
F11642,firefox
F11642,firefox_android
F11646,chrome
F11648,safari
F11648,safari_ios
F11650,firefox
F11652,safari
F11652,safari_ios
F11653,firefox
F11654,safari
F11654,webview_ios
F11657,safari
F11657,webview_ios
F11659,oculus
F11660,safari
F11660,safari_ios
F11660,webview_ios
F11661,firefox
F11661,firefox_android
F11662,safari
F11663,firefox
F11663,oculus
F11664,firefox
F11665,firefox
F11665,firefox_android
F11666,chrome
F11666,opera
F11667,firefox
F11667,firefox_android
F11668,opera_android
F11669,safari
F11669,safari_ios
F11669,webview_ios
F11670,samsunginternet_android
F11671,oculus
F11672,firefox
F11672,firefox_android
F11673,opera_android
F11673,samsunginternet_android
F11674,chrome_android
F11674,samsunginternet_android
F11675,chrome_android
F11678,safari
F11678,safari_ios
F11678,webview_ios
F11680,edge
F11680,oculus
F11681,firefox_android
F11683,firefox
F11685,firefox
F11686,chrome
F11686,samsunginternet_android
F11687,safari
F11687,safari_ios
F11689,safari
F11690,oculus
F11690,opera
F11692,chrome
F11693,firefox_android
F11693,safari_ios
F11695,edge
F11695,webview_android
F11697,safari
F11697,safari_ios
F11697,webview_ios
F11699,chrome_android
F11699,opera
F11700,chrome
F11700,opera
F11701,opera_android
F11701,webview_ios
F11702,chrome_android
F11705,oculus
F11706,oculus
F11706,webview_android
F11707,safari
F11707,webview_android
F11711,chrome
F11711,opera
F11712,safari
F11712,webview_ios
F11713,safari
F11713,safari_ios
F11713,webview_ios
F11716,safari_ios
F11716,webview_android
F11717,firefox_android
F11717,samsunginternet_android
F11718,firefox
F11719,safari
F11719,safari_ios
F11719,webview_ios
F11720,firefox
F11720,firefox_android
F11721,safari
F11721,safari_ios
F11721,webview_ios
F11722,safari
F11722,safari_ios
F11723,safari
F11723,safari_ios
F11724,firefox
F11724,firefox_android
F11725,oculus
F11725,opera_android
F11726,opera_android
F11727,chrome
F11727,chrome_android
F11728,safari
F11728,safari_ios
F11728,webview_ios
F11729,safari
F11729,webview_ios
F11731,chrome_android
F11732,safari
F11733,chrome
F11733,samsunginternet_android
F11734,webview_android
F11735,opera
F11735,safari
F11736,chrome
F11736,chrome_android
F11737,firefox
F11737,safari
F11740,firefox_android
F11741,chrome_android
F11741,webview_ios
F11743,firefox_android
F11743,safari
F11744,chrome
F11745,firefox
F11745,safari_ios
F11747,chrome
F11748,firefox
F11748,firefox_android
F11750,firefox
F11750,safari
F11751,safari
F11751,safari_ios
F11751,webview_ios
F11752,safari
F11752,safari_ios
F11752,webview_ios
F11753,opera
F11754,safari
F11754,webview_android
F11755,chrome
F11756,chrome
F11757,safari
F11760,firefox
F11761,safari
F11761,webview_ios
F11762,safari
F11762,safari_ios
F11762,webview_ios
F11765,safari
F11765,safari_ios
F11765,webview_ios
F11766,chrome
F11766,webview_android
F11767,safari
F11768,webview_android
F11770,safari
F11771,safari
F11771,safari_ios
F11771,webview_ios
F11772,safari
F11772,safari_ios
F11772,webview_ios
F11774,firefox
F11774,firefox_android
F11775,firefox
F11777,safari
F11777,safari_ios
F11777,webview_ios
F11778,edge
F11778,samsunginternet_android
F11780,safari
F11781,safari
F11781,safari_ios
F11782,firefox
F11782,firefox_android
F11783,safari
F11783,safari_ios
F11783,webview_ios
F11784,chrome
F11785,safari
F11785,safari_ios
F11785,webview_ios
F11786,chrome
F11787,safari
F11787,safari_ios
F11787,webview_ios
F11788,chrome
F11790,firefox
F11791,webview_ios
F11792,chrome
F11792,chrome_android
F11793,safari_ios
F11794,safari
F11795,opera
F11795,safari_ios
F11796,webview_android
F11797,safari
F11797,safari_ios
F11797,webview_ios
F11798,safari
F11798,safari_ios
F11798,webview_ios
F11799,chrome
F11799,opera_android
F11800,opera
F11800,webview_android
F11801,safari
F11801,safari_ios
F11802,safari
F11802,safari_ios
F11802,webview_ios
F11803,webview_ios
F11804,safari
F11804,safari_ios
F11804,webview_ios
F11805,safari
F11805,webview_ios
F11806,safari
F11807,safari
F11808,samsunginternet_android
F11810,opera_android
F11811,oculus
F11811,safari
F11813,firefox
F11813,oculus
F11814,safari_ios
F11815,safari
F11815,safari_ios
F11815,webview_ios
F11816,oculus
F11816,safari_ios
F11817,firefox
F11817,firefox_android
F11818,safari
F11818,safari_ios
F11818,webview_ios
F11819,safari
F11820,webview_android
F11823,safari
F11823,safari_ios
F11823,webview_ios
F11824,samsunginternet_android
F11825,firefox_android
F11825,samsunginternet_android
F11826,opera_android
F11827,safari
F11827,safari_ios
F11828,safari
F11828,safari_ios
F11828,webview_ios
F11829,edge
F11830,safari
F11830,safari_ios
F11830,webview_ios
F11831,safari
F11831,safari_ios
F11831,webview_ios
F11832,safari
F11832,safari_ios
F11832,webview_ios
F11834,firefox_android
F11835,firefox
F11837,webview_android
F11838,firefox_android
F11839,opera
F11839,samsunginternet_android
F11840,safari
F11841,chrome_android
F11841,safari
F11842,safari
F11842,safari_ios
F11842,webview_ios
F11843,chrome
F11843,webview_android
F11844,firefox_android
F11844,oculus
F11845,safari
F11846,edge
F11847,safari_ios
F11848,safari
F11848,safari_ios
F11848,webview_ios
F11849,opera_android
F11849,safari_ios
F11850,safari
F11850,webview_ios
F11851,chrome
F11851,firefox
F11852,safari
F11852,safari_ios
F11852,webview_ios
F11854,firefox
F11854,firefox_android
F11857,chrome
F11857,webview_ios
F11858,safari
F11860,firefox
F11860,firefox_android
F11863,safari
F11863,safari_ios
F11863,webview_ios
F11864,webview_android
F11865,chrome
F11865,webview_android
F11866,firefox
F11866,firefox_android
F11867,firefox
F11867,firefox_android
F11870,edge
F11870,firefox_android
F11871,safari
F11871,safari_ios
F11871,webview_ios
F11872,chrome_android
F11872,webview_ios
F11873,safari
F11873,safari_ios
F11873,webview_ios
F11874,safari
F11875,chrome
F11875,safari_ios
F11876,safari
F11877,safari
F11877,webview_ios
F11878,opera_android
F11879,safari
F11879,safari_ios
F11879,webview_ios
F11880,oculus
F11881,safari
F11881,safari_ios
F11881,webview_ios
F11882,safari
F11882,safari_ios
F11882,webview_ios
F11883,safari
F11883,safari_ios
F11883,webview_ios
F11884,firefox
F11885,firefox_android
F11885,webview_android
F11886,chrome
F11886,webview_ios
F11887,safari_ios
F11888,safari
F11888,safari_ios
F11888,webview_ios
F11889,oculus
F11890,oculus
F11891,opera
F11891,safari_ios
F11892,safari
F11892,safari_ios
F11892,webview_ios
F11893,chrome
F11894,safari
F11894,safari_ios
F11894,webview_ios
F11895,oculus
F11895,safari
F11897,chrome
F11897,edge
F11898,firefox
F11900,samsunginternet_android
F11900,webview_ios
F11903,webview_ios
F11904,safari
F11904,safari_ios
F11904,webview_ios
F11905,chrome
F11905,chrome_android
F11906,firefox_android
F11906,webview_android
F11907,firefox
F11908,safari
F11908,safari_ios
F11908,webview_ios
F11909,firefox
F11910,safari
F11910,safari_ios
F11910,webview_ios
F11911,opera
F11911,safari_ios
F11912,chrome
F11912,samsunginternet_android
F11913,chrome
F11913,safari
F11914,safari
F11914,samsunginternet_android
F11915,chrome
F11918,safari
F11918,safari_ios
F11919,chrome
F11919,oculus
F11920,safari
F11920,safari_ios
F11920,webview_ios
F11922,chrome
F11922,chrome_android
F11923,firefox
F11924,webview_android
F11925,firefox
F11925,firefox_android
F11926,chrome
F11927,safari
F11927,safari_ios
F11927,webview_ios
F11928,safari
F11928,safari_ios
F11928,webview_ios
F11929,safari_ios
F11929,webview_ios
F11930,oculus
F11931,firefox
F11932,firefox_android
F11932,opera
F11934,safari
F11934,safari_ios
F11934,webview_ios
F11935,safari
F11935,safari_ios
F11935,webview_ios
F11936,chrome
F11936,edge
F11938,safari
F11938,safari_ios
F11938,webview_ios
F11939,opera_android
F11940,firefox
F11940,firefox_android
F11941,safari
F11941,webview_ios
F11942,chrome
F11942,oculus
F11943,edge
F11943,firefox_android
F11944,safari
F11944,safari_ios
F11944,webview_ios
F11945,edge
F11945,safari_ios
F11946,webview_ios
F11950,firefox_android
F11950,oculus
F11951,firefox_android
F11951,webview_android
F11952,safari
F11952,webview_ios
F11953,opera_android
F11955,safari
F11956,firefox
F11956,safari
F11957,firefox
F11957,firefox_android
F11961,safari
F11961,safari_ios
F11961,webview_ios
F11962,firefox_android
F11962,opera
F11963,firefox
F11963,firefox_android
F11965,safari
F11965,safari_ios
F11965,webview_ios
F11967,safari
F11967,safari_ios
F11967,webview_ios
F11968,chrome_android
F11969,chrome
F11971,opera
F11971,safari_ios
F11972,safari
F11972,safari_ios
F11972,webview_ios
F11977,safari
F11977,safari_ios
F11977,webview_ios
F11978,firefox
F11979,opera
F11979,samsunginternet_android
F11980,opera_android
F11980,safari_ios
F11981,safari
F11981,safari_ios
F11981,webview_ios
F11982,safari
F11984,firefox_android
F11984,safari_ios
F11985,chrome
F11986,chrome
F11986,opera_android
F11987,edge
F11988,chrome
F11988,chrome_android
F11989,webview_ios
F11990,chrome
F11990,oculus
F11993,safari
F11993,safari_ios
F11993,webview_ios
F11994,firefox
F11995,safari
F11995,safari_ios
F11995,webview_ios
F11996,firefox
F11996,firefox_android
F11997,oculus
F11997,opera
F11998,samsunginternet_android
F12000,firefox
F12000,firefox_android
F12002,safari
F12002,webview_ios
F12003,safari
F12003,safari_ios
F12004,chrome_android
F12005,firefox_android
F12006,chrome_android
F12006,firefox_android
F12008,opera_android
F12009,safari
F12010,safari_ios
F12011,firefox
F12011,opera
F12012,chrome
F12012,opera_android
F12013,edge
F12013,samsunginternet_android
F12014,safari
F12014,safari_ios
F12014,webview_ios
F12016,firefox
F12016,firefox_android
F12017,edge
F12017,oculus
F12018,firefox
F12018,firefox_android
F12019,safari
F12019,safari_ios
F12019,webview_ios
F12020,safari
F12020,safari_ios
F12020,webview_ios
F12021,chrome_android
F12022,chrome
F12022,samsunginternet_android
F12023,opera
F12026,safari
F12027,chrome
F12030,chrome
F12030,opera_android
F12031,chrome
F12031,webview_ios
F12032,opera
F12033,safari
F12033,safari_ios
F12033,webview_ios
F12035,firefox
F12035,firefox_android
F12036,safari
F12036,safari_ios
F12036,webview_ios
F12039,chrome
F12040,samsunginternet_android
F12040,webview_ios
F12041,safari
F12041,safari_ios
F12042,opera_android
F12043,safari
F12043,safari_ios
F12043,webview_ios
F12045,safari
F12045,safari_ios
F12045,webview_ios
F12046,safari
F12046,safari_ios
F12049,chrome
F12049,samsunginternet_android
F12050,chrome
F12051,firefox
F12053,chrome_android
F12054,safari
F12054,safari_ios
F12055,safari
F12055,webview_ios
F12056,safari
F12057,edge
F12057,webview_android
F12058,opera_android
F12058,webview_android
F12059,firefox_android
F12060,firefox
F12060,safari
F12062,firefox
F12062,firefox_android
F12063,chrome
F12064,safari
F12064,safari_ios
F12065,firefox_android
F12066,safari
F12069,webview_ios
F12070,safari
F12070,safari_ios
F12070,webview_ios
F12071,opera
F12071,samsunginternet_android
F12072,firefox
F12072,samsunginternet_android
F12073,firefox
F12073,firefox_android
F12074,safari
F12074,samsunginternet_android
F12075,samsunginternet_android
F12075,webview_ios
F12076,firefox_android
F12076,opera_android
F12077,safari
F12077,safari_ios
F12077,webview_ios
F12078,safari
F12078,safari_ios
F12078,webview_ios
F12079,safari
F12079,safari_ios
F12079,webview_ios
F12080,safari
F12080,webview_ios
F12081,safari
F12081,safari_ios
F12081,webview_ios
F12082,chrome
F12082,opera_android
F12084,firefox_android
F12084,webview_android
F12085,safari
F12085,safari_ios
F12086,safari
F12087,chrome
F12087,opera
F12088,samsunginternet_android
F12090,safari
F12090,safari_ios
F12090,webview_ios
F12092,chrome_android
F12092,webview_ios
F12093,safari
F12093,safari_ios
F12093,webview_ios
F12094,safari
F12095,safari
F12096,safari
F12097,safari
F12097,safari_ios
F12097,webview_ios
F12098,firefox
F12098,firefox_android
F12099,chrome
F12100,safari
F12100,safari_ios
F12100,webview_ios
F12101,safari
F12102,safari
F12102,safari_ios
F12102,webview_ios
F12104,firefox
F12105,safari
F12105,safari_ios
F12105,webview_ios
F12106,chrome
F12106,samsunginternet_android
F12107,opera
F12108,oculus
F12108,webview_ios
F12109,safari
F12109,safari_ios
F12109,webview_ios
F12110,safari
F12110,webview_ios
F12112,opera
F12112,webview_ios
F12113,opera
F12114,opera
F12115,webview_android
F12116,safari
F12117,firefox
F12117,firefox_android
F12118,firefox
F12118,firefox_android
F12119,edge
F12119,webview_ios
F12120,webview_android
F12121,safari_ios
F12121,webview_android
F12123,safari
F12123,safari_ios
F12123,webview_ios
F12124,safari
F12124,safari_ios
F12124,webview_ios
F12126,webview_ios
F12128,chrome
F12128,chrome_android
F12129,safari
F12130,firefox_android
F12130,safari
F12132,chrome_android
F12133,firefox
F12133,firefox_android
F12134,safari_ios
F12135,edge
F12135,firefox
F12136,safari
F12136,webview_ios
F12137,safari
F12137,safari_ios
F12137,webview_ios
F12138,safari
F12138,safari_ios
F12138,webview_ios
F12140,oculus
F12140,safari
F12141,safari
F12141,safari_ios
F12141,webview_ios
F12142,opera_android
F12143,safari
F12143,safari_ios
F12143,webview_ios
F12144,safari
F12144,safari_ios
F12144,webview_ios
F12146,safari
F12146,safari_ios
F12146,webview_ios
F12147,oculus
F12148,edge
F12149,oculus
F12150,firefox
F12150,firefox_android
F12151,chrome_android
F12151,samsunginternet_android
F12152,chrome
F12154,chrome
F12154,samsunginternet_android
F12155,oculus
F12157,safari
F12157,safari_ios
F12157,webview_ios
F12158,chrome
F12158,webview_android
F12160,safari
F12160,safari_ios
F12161,safari
F12161,safari_ios
F12162,firefox
F12163,safari
F12163,webview_ios
F12164,safari
F12164,webview_android
F12167,safari
F12167,safari_ios
F12167,webview_ios
F12168,oculus
F12169,safari
F12169,safari_ios
F12169,webview_ios
F12170,opera_android
F12170,safari_ios
F12171,chrome
F12172,safari_ios
F12173,safari
F12173,safari_ios
F12173,webview_ios
F12174,edge
F12174,webview_ios
F12175,firefox
F12176,chrome
F12177,firefox_android
F12178,chrome
F12179,firefox_android
F12179,samsunginternet_android
F12180,webview_android
F12181,firefox
F12181,opera
F12182,safari
F12182,webview_ios
F12183,safari
F12183,safari_ios
F12183,webview_ios
F12184,firefox_android
F12184,opera_android
F12185,edge
F12185,samsunginternet_android
F12186,firefox
F12186,firefox_android
F12187,safari
F12187,safari_ios
F12189,safari
F12189,safari_ios
F12189,webview_ios
F12190,webview_android
F12191,samsunginternet_android
F12193,webview_android
F12194,chrome_android
F12194,webview_android
F12196,webview_ios
F12198,opera_android
F12199,opera_android
F12200,safari
F12200,safari_ios
F12200,webview_ios
F12201,oculus
F12202,safari
F12202,safari_ios
F12202,webview_ios
F12204,safari
F12204,safari_ios
F12205,safari
F12205,safari_ios
F12205,webview_ios
F12206,safari
F12206,safari_ios
F12207,firefox
F12208,firefox
F12208,firefox_android
F12209,safari
F12209,safari_ios
F12209,webview_ios
F12210,chrome
F12211,chrome
F12213,safari
F12213,safari_ios
F12213,webview_ios
F12215,chrome_android
F12215,edge
F12216,safari
F12217,chrome
F12218,webview_ios
F12221,safari
F12222,safari
F12223,safari
F12223,safari_ios
F12223,webview_ios
F12224,safari
F12224,safari_ios
F12225,safari
F12227,safari
F12227,safari_ios
F12227,webview_ios
F12228,firefox
F12229,safari
F12229,safari_ios
F12229,webview_ios
F12231,firefox
F12232,chrome
F12232,webview_android
F12233,chrome_android
F12233,opera_android
F12234,chrome
F12235,webview_ios
F12238,opera
F12239,safari
F12241,safari
F12241,safari_ios
F12241,webview_ios
F12242,firefox_android
F12243,safari
F12243,webview_ios
F12244,chrome_android
F12244,edge
F12245,firefox
F12245,firefox_android
F12247,safari
F12248,chrome
F12248,oculus
F12250,firefox
F12251,safari
F12251,safari_ios
F12251,webview_ios
F12252,chrome
F12252,firefox
F12253,safari
F12253,safari_ios
F12253,webview_ios
F12254,edge
F12255,chrome
F12255,samsunginternet_android
F12257,safari
F12257,safari_ios
F12257,webview_ios
F12258,opera_android
F12259,safari
F12259,safari_ios
F12259,webview_ios
F12261,safari
F12261,webview_ios
F12262,safari
F12262,safari_ios
F12262,webview_ios
F12263,chrome_android
F12263,webview_android
F12264,firefox
F12264,opera
F12265,safari
F12266,safari
F12266,webview_ios
F12267,opera_android
F12267,safari_ios
F12270,oculus
F12273,chrome
F12273,edge
F12274,safari
F12274,safari_ios
F12274,webview_ios
F12275,safari
F12275,webview_ios
F12276,firefox
F12276,safari_ios
F12277,chrome
F12277,opera_android
F12278,oculus
F12279,firefox_android
F12280,safari
F12280,safari_ios
F12282,chrome
F12282,edge
F12283,oculus
F12285,chrome
F12286,safari
F12287,safari
F12287,safari_ios
F12287,webview_ios
F12288,opera_android
F12289,safari
F12290,opera
F12291,samsunginternet_android
F12292,safari
F12292,webview_ios
F12297,safari
F12297,safari_ios
F12297,webview_ios
F12299,firefox_android
F12301,safari
F12301,safari_ios
F12301,webview_ios
F12302,safari
F12302,safari_ios
F12302,webview_ios
F12303,chrome
F12303,edge
F12304,samsunginternet_android
F12307,safari
F12307,safari_ios
F12307,webview_ios
F12308,firefox
F12308,safari
F12309,chrome
F12310,chrome
F12311,safari
F12311,safari_ios
F12311,webview_ios
F12312,edge
F12312,webview_ios
F12314,firefox_android
F12315,chrome
F12315,chrome_android
F12319,firefox
F12320,edge
F12320,opera_android
F12321,chrome
F12322,opera
F12323,safari
F12323,safari_ios
F12324,oculus
F12324,webview_android
F12325,safari_ios
F12326,safari
F12326,safari_ios
F12328,safari
F12328,safari_ios
F12328,webview_ios
F12329,safari
F12330,safari
F12330,safari_ios
F12330,webview_ios
F12331,chrome
F12331,edge
F12332,opera
F12333,chrome
F12334,chrome_android
F12334,samsunginternet_android
F12335,safari
F12335,safari_ios
F12335,webview_ios
F12337,chrome
F12337,samsunginternet_android
F12338,firefox
F12339,safari
F12339,webview_ios
F12340,safari
F12340,webview_ios
F12342,safari
F12342,safari_ios
F12342,webview_ios
F12343,safari
F12343,safari_ios
F12343,webview_ios
F12344,opera
F12344,webview_android
F12346,firefox
F12346,opera_android
F12347,chrome
F12347,samsunginternet_android
F12348,webview_ios
F12349,samsunginternet_android
F12350,firefox
F12353,safari
F12353,webview_ios
F12355,chrome
F12356,chrome
F12356,safari
F12358,safari
F12358,safari_ios
F12358,webview_ios
F12359,chrome_android
F12359,webview_ios
F12361,edge
F12361,opera
F12364,safari
F12364,safari_ios
F12365,chrome
F12365,edge
F12366,opera
F12366,safari_ios
F12368,safari
F12368,safari_ios
F12368,webview_ios
F12369,firefox
F12369,firefox_android
F12371,chrome
F12371,opera_android
F12372,chrome_android
F12372,safari_ios
F12374,firefox
F12374,firefox_android
F12376,safari
F12376,safari_ios
F12376,webview_ios
F12377,webview_android
F12378,safari
F12378,safari_ios
F12379,safari
F12379,webview_ios
F12380,firefox
F12380,firefox_android
F12382,chrome
F12382,firefox
F12383,opera
F12384,safari
F12384,webview_ios
F12386,firefox
F12388,firefox
F12388,firefox_android
F12389,firefox
F12390,webview_android
F12392,edge
F12393,chrome
F12393,safari_ios
F12396,firefox_android
F12396,samsunginternet_android
F12397,chrome_android
F12397,oculus
F12398,chrome
F12399,safari
F12400,firefox
F12400,firefox_android
F12402,opera_android
F12406,firefox
F12407,oculus
F12408,safari
F12408,safari_ios
F12408,webview_ios
F12409,firefox
F12410,safari
F12410,safari_ios
F12410,webview_ios
F12411,firefox
F12411,firefox_android
F12412,safari
F12412,webview_ios
F12413,chrome
F12414,firefox
F12414,firefox_android
F12415,safari
F12417,safari_ios
F12417,webview_ios
F12418,chrome
F12418,samsunginternet_android
F12419,chrome
F12419,opera_android
F12420,firefox_android
F12421,chrome_android
F12422,webview_ios
F12423,safari
F12423,safari_ios
F12423,webview_ios
F12424,safari
F12424,safari_ios
F12424,webview_ios
F12425,safari
F12425,safari_ios
F12425,webview_ios
F12426,oculus
F12427,safari
F12427,safari_ios
F12429,safari
F12429,safari_ios
F12429,webview_ios
F12430,safari
F12431,chrome
F12431,edge
F12432,safari
F12432,safari_ios
F12432,webview_ios
F12433,chrome
F12433,edge
F12434,chrome
F12435,firefox
F12436,chrome_android
F12436,safari
F12438,firefox
F12439,safari
F12439,safari_ios
F12439,webview_ios
F12440,safari
F12440,safari_ios
F12440,webview_ios
F12441,firefox
F12442,safari
F12442,webview_ios
F12443,opera_android
F12444,safari_ios
F12444,webview_android
F12445,firefox_android
F12445,webview_ios
F12446,safari
F12446,safari_ios
F12446,webview_ios
F12448,oculus
F12449,webview_android
F12450,chrome
F12450,oculus
F12451,safari
F12451,safari_ios
F12451,webview_ios
F12452,safari
F12454,firefox
F12456,safari
F12456,safari_ios
F12456,webview_ios
F12457,chrome_android
F12460,safari
F12461,firefox
F12461,oculus
F12462,safari
F12462,safari_ios
F12462,webview_ios
F12463,opera_android
F12465,chrome
F12467,safari_ios
F12469,samsunginternet_android
F12471,webview_android
F12473,firefox
F12474,edge
F12476,webview_android
F12477,safari
F12477,safari_ios
F12477,webview_ios
F12478,safari_ios
F12478,webview_android
F12480,samsunginternet_android
F12481,chrome
F12481,chrome_android
F12483,webview_ios
F12485,safari
F12485,safari_ios
F12485,webview_ios
F12486,safari
F12486,safari_ios
F12486,webview_ios
F12487,chrome
F12487,samsunginternet_android
F12488,firefox
F12488,firefox_android
F12490,firefox
F12490,firefox_android
F12491,safari
F12491,webview_ios
F12492,chrome
F12492,edge
F12493,safari
F12498,safari
F12498,safari_ios
F12498,webview_ios
F12499,webview_ios
F12500,safari
F12500,safari_ios
F12500,webview_ios
F12501,firefox
F12501,firefox_android
F12502,chrome
F12502,chrome_android
F12503,safari
F12503,safari_ios
F12503,webview_ios
F12505,opera
F12505,opera_android
F12507,firefox
F12507,firefox_android
F12508,edge
F12508,opera
F12509,safari
F12509,safari_ios
F12509,webview_ios
F12510,firefox
F12511,safari
F12511,webview_ios
F12512,safari
F12513,safari
F12513,safari_ios
F12513,webview_ios
F12514,edge
F12514,firefox
F12516,firefox_android
F12518,safari
F12519,samsunginternet_android
F12520,safari
F12520,webview_android
F12522,chrome
F12522,safari
F12523,oculus
F12523,opera_android
F12525,opera_android
F12526,safari
F12526,safari_ios
F12526,webview_ios
F12527,firefox_android
F12528,chrome
F12529,chrome_android
F12529,samsunginternet_android
F12530,webview_android
F12531,firefox_android
F12533,safari_ios
F12533,webview_android
F12534,edge
F12535,safari_ios
F12535,webview_android
F12536,safari
F12536,safari_ios
F12536,webview_ios
F12538,chrome_android
F12540,firefox_android
F12541,safari
F12541,safari_ios
F12541,webview_ios
F12542,safari
F12542,safari_ios
F12543,oculus
F12543,webview_android
F12545,opera
F12545,safari
F12547,firefox
F12549,opera
F12549,safari_ios
F12551,firefox_android
F12552,samsunginternet_android
F12553,safari
F12553,safari_ios
F12553,webview_ios
F12554,safari
F12554,webview_ios
F12555,safari_ios
F12555,webview_ios
F12556,safari
F12556,safari_ios
F12558,safari
F12558,safari_ios
F12558,webview_ios
F12559,safari
F12559,safari_ios
F12559,webview_ios
F12560,oculus
F12561,firefox
F12561,firefox_android
F12562,firefox
F12564,firefox
F12564,firefox_android
F12567,chrome
F12568,chrome_android
F12570,oculus
F12570,safari_ios
F12571,safari
F12571,safari_ios
F12571,webview_ios
F12572,opera_android
F12574,firefox_android
F12574,opera_android
F12575,safari
F12575,safari_ios
F12575,webview_ios
F12577,firefox
F12577,firefox_android
F12578,chrome
F12578,oculus
F12579,chrome
F12579,opera_android
F12580,opera
F12580,safari_ios
F12581,opera
F12582,firefox
F12583,firefox
F12583,firefox_android
F12584,oculus
F12585,firefox
F12585,webview_ios
F12588,safari
F12588,safari_ios
F12588,webview_ios
F12589,firefox_android
F12590,chrome_android
F12591,chrome
F12592,chrome
F12592,opera_android
F12593,safari
F12593,safari_ios
F12593,webview_ios
F12594,safari_ios
F12596,safari
F12596,safari_ios
F12596,webview_ios
F12597,safari
F12597,safari_ios
F12597,webview_ios
F12598,safari
F12599,firefox
F12599,firefox_android
F12600,safari_ios
F12600,samsunginternet_android
F12601,safari
F12601,safari_ios
F12601,webview_ios
F12602,safari
F12603,chrome
F12604,safari
F12604,safari_ios
F12604,webview_ios
F12607,chrome
F12608,safari
F12608,safari_ios
F12608,webview_ios
F12609,chrome
F12610,chrome_android
F12610,edge
F12611,chrome
F12611,webview_ios
F12612,firefox
F12614,safari
F12614,safari_ios
F12615,safari
F12616,webview_ios
F12617,firefox_android
F12618,safari
F12620,chrome
F12620,webview_android
F12621,safari
F12621,safari_ios
F12621,webview_ios
F12622,webview_android
F12623,safari
F12623,safari_ios
F12623,webview_ios
F12626,chrome
F12626,chrome_android
F12627,chrome_android
F12628,chrome
F12628,edge
F12630,firefox_android
F12630,opera
F12631,chrome
F12632,webview_ios
F12635,safari
F12635,safari_ios
F12636,safari
F12636,webview_ios
F12637,opera
F12638,safari
F12638,safari_ios
F12638,webview_ios
F12640,firefox
F12641,chrome_android
F12642,firefox_android
F12643,safari
F12643,safari_ios
F12643,webview_ios
F12644,firefox
F12644,firefox_android
F12645,chrome
F12646,opera
F12647,chrome
F12647,webview_android
F12648,safari
F12649,firefox
F12649,firefox_android
F12650,firefox
F12651,firefox_android
F12652,safari
F12652,safari_ios
F12652,webview_ios
F12654,safari
F12654,safari_ios
F12654,webview_ios
F12655,edge
F12655,firefox_android
F12656,firefox
F12656,firefox_android
F12657,firefox_android
F12657,opera
F12659,samsunginternet_android
F12659,webview_android
F12660,samsunginternet_android
F12661,firefox
F12661,firefox_android
F12662,safari
F12662,safari_ios
F12662,webview_ios
F12663,safari
F12663,safari_ios
F12664,safari
F12665,safari
F12667,safari_ios
F12668,webview_android
F12669,safari
F12669,safari_ios
F12669,webview_ios
F12670,firefox
F12670,firefox_android
F12671,edge
F12672,opera
F12672,safari_ios
F12673,opera
F12675,firefox_android
F12675,webview_android
F12676,chrome
F12676,opera
F12677,safari
F12677,safari_ios
F12677,webview_ios
F12678,chrome
F12678,opera_android
F12679,opera_android
F12681,edge
F12682,chrome_android
F12682,safari_ios
F12684,safari
F12684,safari_ios
F12684,webview_ios
F12685,firefox
F12685,firefox_android
F12687,safari
F12687,webview_ios
F12688,firefox_android
F12688,webview_android
F12689,safari
F12689,safari_ios
F12689,webview_ios
F12690,chrome_android
F12690,firefox_android
F12691,safari
F12691,safari_ios
F12691,webview_ios
F12692,chrome
F12692,edge
F12693,safari
F12693,webview_ios
F12694,safari
F12695,chrome
F12696,safari
F12696,safari_ios
F12697,safari
F12698,safari
F12698,safari_ios
F12698,webview_ios
F12699,safari
F12699,safari_ios
F12699,webview_ios
F12700,safari
F12700,safari_ios
F12700,webview_ios
F12702,firefox_android
F12704,firefox
F12705,firefox
F12705,firefox_android
F12706,firefox
F12707,webview_android
F12707,webview_ios
F12708,opera
F12709,safari
F12709,safari_ios
F12709,webview_ios
F12710,safari
F12710,safari_ios
F12710,webview_ios
F12711,safari
F12712,safari
F12712,safari_ios
F12712,webview_ios
F12713,firefox_android
F12713,opera_android
F12714,samsunginternet_android
F12715,firefox_android
F12716,safari
F12716,webview_ios
F12717,safari
F12717,safari_ios
F12717,webview_ios
F12718,opera_android
F12719,firefox
F12720,safari_ios
F12721,edge
F12721,webview_android
F12722,safari
F12722,safari_ios
F12722,webview_ios
F12724,safari
F12724,safari_ios
F12724,webview_ios
F12725,chrome_android
F12725,oculus
F12726,edge
F12726,opera_android
F12727,firefox
F12728,safari
F12728,safari_ios
F12728,webview_ios
F12729,safari
F12729,safari_ios
F12729,webview_ios
F12730,oculus
F12730,opera
F12732,samsunginternet_android
F12733,safari_ios
F12733,samsunginternet_android
F12734,chrome
F12734,safari_ios
F12735,safari
F12735,safari_ios
F12735,webview_ios
F12736,safari
F12736,safari_ios
F12738,chrome
F12738,webview_ios
F12739,opera
F12742,opera_android
F12743,safari
F12743,safari_ios
F12743,webview_ios
F12744,safari
F12744,safari_ios
F12745,safari
F12746,safari
F12746,safari_ios
F12747,safari
F12747,safari_ios
F12748,safari
F12752,safari
F12752,safari_ios
F12752,webview_ios
F12753,safari
F12753,safari_ios
F12753,webview_ios
F12756,opera
F12756,webview_android
F12757,chrome
F12757,edge
F12759,chrome
F12759,samsunginternet_android
F12760,oculus
F12760,opera
F12762,safari_ios
F12765,firefox
F12766,safari
F12766,safari_ios
F12766,webview_ios
F12767,oculus
F12767,opera
F12768,safari
F12768,safari_ios
F12768,webview_ios
F12769,firefox_android
F12770,firefox
F12771,safari
F12771,safari_ios
F12771,webview_ios
F12773,safari
F12773,safari_ios
F12773,webview_ios
F12774,opera_android
F12774,webview_android
F12775,safari
F12776,firefox
F12776,firefox_android
F12778,safari_ios
F12779,firefox
F12779,firefox_android
F12781,safari
F12781,webview_ios
F12782,chrome
F12783,chrome
F12783,webview_android
F12785,opera_android
F12786,safari
F12786,safari_ios
F12786,webview_ios
F12787,chrome
F12787,firefox
F12788,safari
F12788,safari_ios
F12788,webview_ios
F12789,safari
F12789,safari_ios
F12789,webview_ios
F12790,opera
F12791,opera
F12791,webview_ios
F12792,edge
F12793,firefox
F12794,webview_ios
F12795,safari
F12795,safari_ios
F12795,webview_ios
F12796,safari
F12799,firefox
F12799,firefox_android
F12800,firefox
F12800,webview_android
F12801,safari
F12801,safari_ios
F12801,webview_ios
F12803,edge
F12804,webview_android
F12804,webview_ios
F12805,firefox
F12807,firefox
F12807,webview_ios
F12808,safari
F12808,safari_ios
F12808,webview_ios
F12810,webview_android
F12811,firefox
F12812,edge
F12813,firefox
F12814,edge
F12814,webview_ios
F12816,edge
F12817,edge
F12817,webview_ios
F12818,edge
F12818,firefox_android
F12819,chrome_android
F12821,safari
F12821,safari_ios
F12821,webview_ios
F12822,safari
F12822,safari_ios
F12822,webview_ios
F12823,oculus
F12824,webview_ios
F12825,safari
F12827,chrome
F12828,webview_ios
F12829,safari
F12829,safari_ios
F12829,webview_ios
F12830,opera
F12830,webview_ios
F12832,firefox
F12832,firefox_android
F12833,safari
F12833,safari_ios
F12833,webview_ios
F12834,firefox
F12834,firefox_android
F12835,safari
F12836,safari
F12836,safari_ios
F12836,webview_ios
F12837,opera
F12838,chrome_android
F12839,opera_android
F12840,webview_ios
F12841,edge
F12841,safari_ios
F12842,firefox_android
F12844,firefox
F12844,firefox_android
F12845,safari
F12845,safari_ios
F12845,webview_ios
F12847,chrome
F12847,oculus
F12848,firefox
F12848,samsunginternet_android
F12849,opera
F12849,opera_android
F12850,safari
F12850,safari_ios
F12850,webview_ios
F12851,safari
F12851,safari_ios
F12851,webview_ios
F12852,safari
F12852,safari_ios
F12852,webview_ios
F12853,firefox
F12853,firefox_android
F12854,safari
F12854,safari_ios
F12854,webview_ios
F12855,firefox
F12856,safari
F12856,safari_ios
F12856,webview_ios
F12857,safari
F12858,firefox
F12858,firefox_android
F12859,firefox_android
F12859,opera_android
F12860,webview_android
F12860,webview_ios
F12861,chrome
F12861,samsunginternet_android
F12863,safari
F12863,safari_ios
F12864,edge
F12864,opera_android
F12866,oculus
F12867,safari
F12867,safari_ios
F12867,webview_ios
F12869,chrome
F12871,chrome_android
F12872,chrome_android
F12872,samsunginternet_android
F12873,webview_ios
F12874,webview_ios
F12875,edge
F12875,samsunginternet_android
F12876,samsunginternet_android
F12877,safari
F12877,safari_ios
F12877,webview_ios
F12878,safari
F12878,safari_ios
F12878,webview_ios
F12879,chrome_android
F12880,chrome_android
F12881,safari
F12881,safari_ios
F12881,webview_ios
F12882,firefox
F12882,oculus
F12883,safari_ios
F12885,firefox_android
F12886,safari
F12886,webview_ios
F12887,firefox
F12887,firefox_android
F12888,safari
F12889,edge
F12889,opera
F12891,oculus
F12892,webview_android
F12893,oculus
F12894,opera_android
F12895,firefox_android
F12896,chrome_android
F12896,samsunginternet_android
F12897,safari
F12897,safari_ios
F12897,webview_ios
F12898,opera_android
F12898,webview_android
F12899,safari
F12901,safari
F12902,firefox_android
F12902,samsunginternet_android
F12903,chrome_android
F12903,oculus
F12904,safari
F12905,safari
F12905,safari_ios
F12906,firefox
F12907,safari
F12907,safari_ios
F12907,webview_ios
F12908,chrome_android
F12909,firefox
F12910,safari
F12910,safari_ios
F12910,webview_ios
F12911,opera_android
F12912,firefox
F12912,firefox_android
F12913,safari
F12913,safari_ios
F12913,webview_ios
F12914,firefox
F12914,firefox_android
F12916,safari
F12916,safari_ios
F12916,webview_ios
F12917,safari
F12917,safari_ios
F12917,webview_ios
F12918,safari
F12918,safari_ios
F12918,webview_ios
F12919,safari
F12919,webview_ios
F12922,chrome
F12922,opera
F12926,safari
F12926,safari_ios
F12927,safari
F12927,safari_ios
F12927,webview_ios
F12928,safari
F12928,safari_ios
F12929,chrome
F12931,oculus
F12932,chrome_android
F12932,safari
F12933,safari
F12933,safari_ios
F12933,webview_ios
F12934,safari
F12934,webview_ios
F12935,samsunginternet_android
F12935,webview_android
F12936,firefox
F12937,firefox_android
F12938,opera
F12939,oculus
F12939,samsunginternet_android
F12940,edge
F12941,webview_ios
F12942,safari
F12942,safari_ios
F12942,webview_ios
F12944,safari
F12944,safari_ios
F12944,webview_ios
F12945,chrome
F12946,firefox_android
F12947,safari_ios
F12948,safari
F12948,webview_ios
F12949,safari
F12949,safari_ios
F12949,webview_ios
F12950,safari
F12950,safari_ios
F12950,webview_ios
F12951,chrome
F12952,safari
F12952,safari_ios
F12954,edge
F12955,firefox
F12955,opera_android
F12956,firefox
F12956,firefox_android
F12959,safari
F12960,safari
F12960,safari_ios
F12960,webview_ios
F12961,firefox
F12961,firefox_android
F12962,safari
F12963,safari
F12963,safari_ios
F12963,webview_ios
F12964,safari
F12964,safari_ios
F12965,firefox
F12965,firefox_android
F12966,edge
F12966,webview_ios
F12967,safari
F12967,safari_ios
F12967,webview_ios
F12968,safari
F12968,safari_ios
F12969,edge
F12969,firefox_android
F12970,firefox
F12970,firefox_android
F12971,chrome
F12971,edge
F12974,firefox
F12976,oculus
F12976,safari
F12977,samsunginternet_android
F12978,safari_ios
F12979,chrome
F12979,webview_android
F12981,safari
F12981,safari_ios
F12981,webview_ios
F12982,safari
F12983,chrome
F12983,webview_android
F12984,firefox_android
F12984,webview_android
F12986,firefox_android
F12987,firefox
F12987,firefox_android
F12988,firefox
F12988,firefox_android
F12989,firefox
F12991,chrome
F12992,edge
F12992,opera_android
F12993,webview_ios
F12994,chrome
F12994,firefox_android
F12995,safari
F12995,safari_ios
F12996,firefox_android
F12996,opera
F12998,chrome
F12999,chrome_android
F13001,opera
F13002,safari
F13002,safari_ios
F13003,opera_android
F13003,samsunginternet_android
F13004,opera_android
F13005,oculus
F13006,samsunginternet_android
F13007,opera_android
F13008,firefox
F13009,safari
F13009,safari_ios
F13009,webview_ios
F13010,edge
F13010,safari_ios
F13012,firefox
F13013,firefox
F13013,firefox_android
F13014,chrome
F13014,opera
F13015,chrome
F13015,opera_android
F13016,safari
F13016,safari_ios
F13016,webview_ios
F13017,edge
F13018,safari
F13018,safari_ios
F13018,webview_ios
F13019,safari
F13020,firefox
F13020,firefox_android
F13021,safari
F13021,safari_ios
F13021,webview_ios
F13022,opera_android
F13025,firefox
F13028,firefox
F13029,safari_ios
F13030,chrome
F13030,opera_android
F13031,safari
F13033,safari
F13033,safari_ios
F13033,webview_ios
F13034,opera_android
F13034,samsunginternet_android
F13035,safari
F13035,safari_ios
F13035,webview_ios
F13036,chrome
F13036,oculus
F13037,chrome_android
F13037,oculus
F13038,safari
F13038,safari_ios
F13038,webview_ios
F13039,safari
F13039,safari_ios
F13041,safari_ios
F13042,chrome
F13043,oculus
F13043,safari
F13044,chrome_android
F13045,safari
F13045,webview_ios
F13046,firefox
F13048,firefox
F13048,firefox_android
F13049,safari
F13050,opera
F13051,safari
F13051,webview_ios
F13052,safari
F13052,safari_ios
F13052,webview_ios
F13053,samsunginternet_android
F13054,chrome_android
F13055,chrome
F13055,chrome_android
F13056,oculus
F13056,safari_ios
F13057,safari
F13057,webview_ios
F13058,safari
F13059,chrome_android
F13059,firefox_android
F13061,safari
F13061,safari_ios
F13062,opera_android
F13062,samsunginternet_android
F13063,chrome
F13065,safari
F13065,safari_ios
F13065,webview_ios
F13066,safari
F13066,safari_ios
F13068,safari
F13068,webview_ios
F13069,safari
F13070,safari
F13070,safari_ios
F13070,webview_ios
F13071,safari
F13071,safari_ios
F13071,webview_ios
F13072,webview_android
F13073,safari
F13073,safari_ios
F13073,webview_ios
F13074,safari
F13075,safari
F13075,safari_ios
F13075,webview_ios
F13076,opera
F13076,safari
F13077,safari
F13077,safari_ios
F13077,webview_ios
F13078,firefox
F13078,firefox_android
F13079,safari_ios
F13081,safari
F13081,safari_ios
F13081,webview_ios
F13083,safari
F13083,webview_ios
F13087,safari
F13087,samsunginternet_android
F13088,chrome
F13088,opera
F13089,safari
F13089,safari_ios
F13089,webview_ios
F13090,chrome
F13090,oculus
F13091,webview_ios
F13092,chrome
F13092,oculus
F13094,chrome
F13095,opera
F13096,firefox_android
F13096,samsunginternet_android
F13097,firefox
F13098,edge
F13098,samsunginternet_android
F13099,safari
F13099,safari_ios
F13099,webview_ios
F13100,firefox
F13100,firefox_android
F13101,chrome_android
F13101,samsunginternet_android
F13102,chrome_android
F13103,firefox
F13103,firefox_android
F13104,firefox
F13104,firefox_android
F13105,chrome
F13105,opera
F13106,chrome
F13107,firefox
F13107,firefox_android
F13108,safari
F13108,safari_ios
F13108,webview_ios
F13109,opera_android
F13109,webview_android
F13110,firefox
F13112,firefox
F13113,firefox
F13113,firefox_android
F13114,samsunginternet_android
F13115,edge
F13115,webview_android
F13116,firefox
F13118,firefox_android
F13118,safari_ios
F13119,chrome
F13119,safari_ios
F13120,safari
F13120,safari_ios
F13120,webview_ios
F13121,firefox_android
F13123,safari_ios
F13123,webview_android
F13124,firefox
F13124,opera
F13125,safari
F13125,safari_ios
F13126,safari
F13127,safari
F13127,safari_ios
F13127,webview_ios
F13128,safari_ios
F13130,firefox
F13130,firefox_android
F13131,safari
F13132,firefox_android
F13132,webview_ios
F13135,chrome
F13135,chrome_android
F13137,chrome
F13138,firefox
F13138,firefox_android
F13139,firefox
F13141,safari
F13141,safari_ios
F13142,chrome
F13142,chrome_android
F13143,webview_ios
F13144,safari
F13144,safari_ios
F13144,webview_ios
F13145,chrome_android
F13146,safari
F13146,safari_ios
F13146,webview_ios
F13150,opera_android
F13151,oculus
F13151,opera_android
F13153,firefox
F13153,oculus
F13154,safari
F13154,safari_ios
F13155,safari
F13155,safari_ios
F13157,webview_ios
F13158,safari
F13158,webview_ios
F13159,firefox_android
F13160,safari
F13160,safari_ios
F13160,webview_ios
F13161,chrome_android
F13161,opera
F13163,safari
F13163,webview_ios
F13164,oculus
F13165,oculus
F13166,edge
F13166,opera_android
F13167,safari
F13167,safari_ios
F13168,firefox
F13169,safari
F13169,safari_ios
F13169,webview_ios
F13170,oculus
F13170,webview_ios
F13172,opera
F13172,webview_android
F13173,chrome
F13173,edge
F13174,firefox
F13175,firefox
F13177,safari
F13177,safari_ios
F13177,webview_ios
F13178,chrome
F13179,chrome_android
F13179,samsunginternet_android
F13180,chrome
F13180,webview_ios
F13181,firefox
F13182,opera_android
F13184,safari
F13184,safari_ios
F13185,safari
F13185,safari_ios
F13185,webview_ios
F13186,edge
F13186,opera
F13187,safari
F13188,oculus
F13188,webview_android
F13189,firefox
F13189,firefox_android
F13190,firefox
F13191,safari
F13191,safari_ios
F13192,firefox
F13192,opera_android
F13193,webview_android
F13194,safari
F13194,safari_ios
F13194,webview_ios
F13195,oculus
F13195,webview_android
F13196,opera_android
F13197,safari
F13197,safari_ios
F13197,webview_ios
F13198,edge
F13198,oculus
F13199,firefox_android
F13200,safari
F13200,safari_ios
F13200,webview_ios
F13201,safari
F13203,firefox
F13203,firefox_android
F13204,firefox
F13205,opera_android
F13206,chrome_android
F13207,opera_android
F13208,chrome_android
F13208,firefox_android
F13209,safari
F13209,safari_ios
F13209,webview_ios
F13210,chrome_android
F13211,safari
F13212,safari
F13212,safari_ios
F13212,webview_ios
F13214,firefox_android
F13216,firefox
F13217,safari
F13217,webview_ios
F13219,firefox
F13219,firefox_android
F13220,firefox
F13221,opera_android
F13221,safari_ios
F13222,firefox
F13223,safari
F13223,safari_ios
F13223,webview_ios
F13225,firefox
F13225,firefox_android
F13226,chrome
F13226,oculus
F13227,chrome
F13227,safari_ios
F13229,safari
F13229,safari_ios
F13229,webview_ios
F13233,firefox_android
F13233,webview_android
F13235,safari
F13236,oculus
F13237,safari
F13237,safari_ios
F13237,webview_ios
F13239,oculus
F13239,safari
F13242,safari
F13242,safari_ios
F13242,webview_ios
F13244,safari
F13244,safari_ios
F13245,safari
F13245,safari_ios
F13245,webview_ios
F13246,safari
F13246,safari_ios
F13246,webview_ios
F13247,chrome_android
F13247,opera
F13248,firefox
F13248,firefox_android
F13249,safari
F13251,firefox_android
F13253,safari
F13253,webview_ios
F13254,safari
F13254,safari_ios
F13254,webview_ios
F13255,opera
F13255,webview_android
F13256,safari
F13256,safari_ios
F13256,webview_ios
F13257,safari
F13257,safari_ios
F13257,webview_ios
F13258,firefox
F13259,safari
F13259,safari_ios
F13259,webview_ios
F13260,opera_android
F13260,webview_ios
F13261,opera
F13261,webview_ios
F13262,safari
F13262,safari_ios
F13262,webview_ios
F13263,firefox
F13263,opera_android
F13264,chrome
F13265,safari_ios
F13265,webview_ios
F13268,safari
F13268,safari_ios
F13268,webview_ios
F13269,chrome
F13270,edge
F13270,opera_android
F13271,safari
F13272,firefox
F13273,opera_android
F13273,safari
F13274,safari
F13274,webview_android
F13276,chrome
F13276,edge
F13277,chrome
F13278,chrome
F13278,edge
F13281,chrome
F13281,samsunginternet_android
F13283,firefox
F13283,firefox_android
F13284,oculus
F13284,webview_android
F13285,edge
F13287,webview_ios
F13288,opera_android
F13291,safari
F13291,safari_ios
F13291,webview_ios
F13292,safari
F13292,safari_ios
F13292,webview_ios
F13293,firefox
F13294,opera
F13295,opera
F13296,safari_ios
F13296,webview_ios
F13297,firefox
F13298,chrome_android
F13299,firefox
F13299,firefox_android
F13300,safari
F13300,safari_ios
F13300,webview_ios
F13301,firefox
F13302,firefox_android
F13303,safari
F13303,safari_ios
F13303,webview_ios
F13304,chrome
F13304,opera_android
F13306,chrome_android
F13306,oculus
F13307,chrome
F13309,webview_android
F13310,webview_android
F13311,chrome
F13311,chrome_android
F13313,firefox
F13313,firefox_android
F13314,oculus
F13314,samsunginternet_android
F13315,safari_ios
F13316,firefox_android
F13316,opera_android
F13317,safari
F13318,chrome
F13318,opera_android
F13319,firefox
F13319,firefox_android
F13320,chrome_android
F13320,webview_ios
F13321,chrome
F13321,opera
F13323,safari
F13323,safari_ios
F13323,webview_ios
F13324,firefox
F13324,firefox_android
F13325,opera_android
F13325,webview_android
F13327,chrome
F13328,webview_android
F13330,chrome
F13330,oculus
F13331,safari
F13331,safari_ios
F13331,webview_ios
F13335,opera
F13337,safari_ios
F13337,webview_ios
F13338,safari
F13338,safari_ios
F13338,webview_ios
F13339,firefox
F13339,safari
F13340,chrome
F13340,opera_android
F13341,safari_ios
F13341,webview_android
F13342,safari
F13342,safari_ios
F13342,webview_ios
F13343,chrome
F13346,safari
F13346,webview_ios
F13347,firefox_android
F13347,webview_android
F13348,safari
F13348,safari_ios
F13348,webview_ios
F13349,oculus
F13350,chrome
F13353,chrome
F13353,chrome_android
F13354,chrome
F13354,oculus
F13355,safari
F13355,safari_ios
F13355,webview_ios
F13356,samsunginternet_android
F13358,safari
F13359,safari_ios
F13360,safari
F13360,safari_ios
F13360,webview_ios
F13362,samsunginternet_android
F13363,webview_ios
F13364,firefox
F13365,webview_ios
F13366,chrome
F13366,chrome_android
F13367,safari
F13367,safari_ios
F13367,webview_ios
F13368,safari
F13368,safari_ios
F13368,webview_ios
F13369,safari
F13369,webview_ios
F13370,chrome_android
F13370,samsunginternet_android
F13371,chrome
F13372,safari
F13372,webview_ios
F13373,firefox
F13373,firefox_android
F13375,opera
F13375,opera_android
F13376,chrome
F13376,oculus
F13377,safari
F13377,webview_ios
F13378,chrome_android
F13378,safari_ios
F13379,webview_ios
F13380,safari
F13380,safari_ios
F13380,webview_ios
F13381,safari
F13381,safari_ios
F13381,webview_ios
F13382,firefox
F13382,firefox_android
F13383,firefox
F13383,firefox_android
F13384,firefox
F13384,firefox_android
F13386,safari
F13386,safari_ios
F13386,webview_ios
F13387,safari
F13387,webview_ios
F13389,safari
F13390,samsunginternet_android
F13391,chrome
F13391,opera
F13392,edge
F13392,samsunginternet_android
F13393,safari
F13395,firefox
F13395,firefox_android
F13396,chrome
F13396,edge
F13399,safari
F13400,edge
F13402,chrome_android
F13403,chrome_android
F13403,firefox_android
F13404,edge
F13404,samsunginternet_android
F13405,firefox
F13406,safari
F13406,safari_ios
F13406,webview_ios
F13407,chrome
F13408,edge
F13410,chrome
F13411,opera
F13411,opera_android
F13412,safari
F13412,safari_ios
F13412,webview_ios
F13413,safari
F13413,safari_ios
F13413,webview_ios
F13414,safari
F13414,safari_ios
F13414,webview_ios
F13415,firefox
F13417,firefox
F13418,safari
F13418,safari_ios
F13421,firefox
F13421,firefox_android
F13422,safari
F13423,firefox
F13423,safari_ios
F13424,edge
F13424,safari
F13425,chrome
F13426,chrome_android
F13426,opera
F13427,chrome
F13427,edge
F13428,safari
F13428,safari_ios
F13428,webview_ios
F13430,webview_android
F13431,safari
F13431,webview_ios
F13433,webview_android
F13433,webview_ios
F13434,firefox
F13435,safari
F13435,webview_ios
F13436,firefox_android
F13437,chrome
F13437,safari
F13439,oculus
F13440,chrome_android
F13440,opera_android
F13441,webview_android
F13442,safari
F13442,safari_ios
F13443,chrome
F13444,safari
F13444,safari_ios
F13444,webview_ios
F13445,safari
F13445,safari_ios
F13445,webview_ios
F13446,chrome
F13447,safari
F13447,safari_ios
F13447,webview_ios
F13448,safari
F13449,safari
F13449,safari_ios
F13449,webview_ios
F13450,chrome
F13452,safari
F13452,safari_ios
F13452,webview_ios
F13454,safari
F13456,safari
F13456,webview_android
F13458,webview_ios
F13459,safari
F13459,safari_ios
F13460,safari
F13460,safari_ios
F13460,webview_ios
F13461,safari
F13461,safari_ios
F13461,webview_ios
F13463,safari
F13463,safari_ios
F13463,webview_ios
F13464,oculus
F13464,webview_android
F13465,webview_ios
F13466,webview_ios
F13467,firefox
F13469,chrome_android
F13469,safari
F13470,firefox
F13470,safari_ios
F13471,firefox_android
F13472,chrome
F13473,opera
F13473,opera_android
F13474,webview_android
F13475,firefox
F13475,opera
F13476,chrome
F13476,edge
F13479,firefox
F13479,firefox_android
F13481,safari
F13482,chrome_android
F13483,firefox_android
F13484,safari
F13485,oculus
F13485,samsunginternet_android
F13486,safari
F13486,safari_ios
F13486,webview_ios
F13487,firefox
F13488,edge
F13491,opera
F13491,samsunginternet_android
F13492,firefox
F13493,opera
F13495,safari
F13496,safari
F13496,safari_ios
F13496,webview_ios
F13497,chrome
F13497,webview_ios
F13498,chrome
F13498,opera_android
F13499,safari
F13499,safari_ios
F13499,webview_ios
F13500,safari
F13500,safari_ios
F13502,opera
F13502,opera_android
F13503,chrome
F13503,oculus
F13504,chrome
F13504,safari_ios
F13505,chrome
F13505,opera
F13506,opera_android
F13506,webview_ios
F13507,safari
F13507,safari_ios
F13507,webview_ios
F13509,chrome
F13509,oculus
F13510,firefox
F13510,firefox_android
F13512,safari
F13512,safari_ios
F13512,webview_ios
F13513,safari
F13513,safari_ios
F13514,firefox
F13515,firefox
F13515,firefox_android
F13516,safari_ios
F13516,webview_ios
F13517,opera
F13518,chrome_android
F13519,safari
F13519,safari_ios
F13519,webview_ios
F13520,oculus
F13520,safari_ios
F13521,safari
F13523,edge
F13523,opera
F13524,firefox
F13526,safari
F13526,webview_ios
F13527,chrome
F13529,edge
F13530,opera_android
F13531,safari
F13531,safari_ios
F13533,edge
F13534,chrome
F13535,chrome
F13535,oculus
F13536,webview_ios
F13537,safari
F13537,safari_ios
F13537,webview_ios
F13538,safari
F13538,safari_ios
F13538,webview_ios
F13539,chrome
F13540,oculus
F13542,safari
F13542,webview_ios
F13543,chrome
F13543,opera
F13544,oculus
F13545,opera
F13546,firefox
F13547,chrome
F13548,firefox_android
F13548,webview_android
F13549,webview_android
F13550,opera
F13552,opera
F13554,samsunginternet_android
F13556,chrome
F13556,edge
F13558,edge
F13558,firefox_android
F13559,safari
F13559,webview_ios
F13560,safari
F13561,chrome
F13561,samsunginternet_android
F13563,safari
F13563,safari_ios
F13564,safari
F13565,firefox
F13566,safari
F13566,safari_ios
F13566,webview_ios
F13568,safari_ios
F13569,safari
F13569,safari_ios
F13569,webview_ios
F13570,safari
F13570,safari_ios
F13570,webview_ios
F13571,opera
F13572,chrome
F13573,safari
F13573,safari_ios
F13573,webview_ios
F13574,chrome_android
F13574,samsunginternet_android
F13575,oculus
F13576,edge
F13576,opera_android
F13577,safari
F13577,safari_ios
F13577,webview_ios
F13578,opera
F13579,safari
F13579,safari_ios
F13579,webview_ios
F13580,safari
F13580,safari_ios
F13581,safari
F13581,webview_ios
F13583,safari
F13583,safari_ios
F13583,webview_ios
F13584,safari
F13584,safari_ios
F13584,webview_ios
F13585,opera_android
F13585,safari
F13586,safari
F13586,webview_android
F13587,opera_android
F13589,safari
F13589,safari_ios
F13589,webview_ios
F13590,chrome
F13590,opera_android
F13591,safari
F13591,safari_ios
F13591,webview_ios
F13592,opera_android
F13593,chrome
F13593,edge
F13594,chrome
F13597,opera_android
F13598,chrome
F13599,firefox
F13600,chrome
F13600,opera
F13601,firefox
F13602,safari
F13602,safari_ios
F13602,webview_ios
F13603,safari
F13603,safari_ios
F13603,webview_ios
F13606,chrome_android
F13606,safari
F13607,oculus
F13609,firefox_android
F13612,chrome
F13612,opera
F13613,chrome
F13614,opera_android
F13614,safari
F13615,safari
F13616,safari
F13616,safari_ios
F13616,webview_ios
F13617,firefox
F13618,oculus
F13619,safari
F13619,safari_ios
F13619,webview_ios
F13620,safari
F13620,webview_ios
F13621,chrome_android
F13622,firefox
F13624,firefox
F13624,firefox_android
F13625,safari
F13626,safari
F13626,webview_ios
F13627,firefox
F13629,safari_ios
F13629,webview_ios
F13630,samsunginternet_android
F13631,safari
F13632,chrome
F13633,safari
F13633,safari_ios
F13633,webview_ios
F13634,chrome
F13635,chrome_android
F13636,chrome_android
F13636,oculus
F13637,chrome
F13637,samsunginternet_android
F13638,safari
F13638,safari_ios
F13638,webview_ios
F13639,safari_ios
F13639,samsunginternet_android
F13640,chrome_android
F13640,webview_android
F13641,firefox
F13641,firefox_android
F13643,firefox
F13643,firefox_android
F13644,chrome
F13644,webview_android
F13646,firefox
F13647,chrome_android
F13647,oculus
F13648,firefox
F13650,chrome
F13650,opera_android
F13651,safari
F13651,safari_ios
F13651,webview_ios
F13652,oculus
F13652,webview_ios
F13653,firefox
F13654,chrome
F13654,edge
F13656,samsunginternet_android
F13658,safari
F13659,edge
F13660,chrome
F13660,opera
F13664,chrome
F13664,opera_android
F13665,safari
F13665,safari_ios
F13665,webview_ios
F13666,safari
F13666,safari_ios
F13667,safari
F13667,safari_ios
F13667,webview_ios
F13669,edge
F13670,chrome
F13671,chrome
F13671,firefox_android
F13672,chrome
F13672,oculus
F13673,chrome
F13673,firefox_android
F13674,opera
F13675,chrome
F13675,samsunginternet_android
F13676,safari
F13676,safari_ios
F13676,webview_ios
F13677,safari
F13677,safari_ios
F13678,safari
F13679,chrome_android
F13679,firefox
F13680,chrome
F13681,firefox
F13682,firefox
F13684,opera
F13685,safari_ios
F13685,webview_android
F13687,opera_android
F13687,webview_ios
F13688,edge
F13690,chrome
F13691,safari
F13691,safari_ios
F13691,webview_ios
F13692,samsunginternet_android
F13693,safari
F13693,webview_ios
F13694,safari
F13694,safari_ios
F13694,webview_ios
F13695,chrome
F13695,webview_ios
F13696,firefox
F13696,opera_android
F13697,firefox
F13698,safari
F13699,firefox
F13699,webview_ios
F13700,firefox_android
F13700,samsunginternet_android
F13701,edge
F13702,safari
F13702,safari_ios
F13702,webview_ios
F13703,opera
F13703,webview_ios
F13704,safari
F13707,chrome
F13707,edge
F13709,firefox
F13711,webview_android
F13712,safari
F13712,safari_ios
F13712,webview_ios
F13713,chrome_android
F13714,edge
F13714,safari
F13715,firefox
F13715,firefox_android
F13716,opera
F13716,safari_ios
F13717,chrome_android
F13717,samsunginternet_android
F13718,safari
F13718,safari_ios
F13718,webview_ios
F13722,opera_android
F13723,firefox
F13723,firefox_android
F13724,chrome
F13724,opera_android
F13725,firefox
F13726,edge
F13728,firefox_android
F13728,opera
F13729,chrome
F13729,opera_android
F13730,firefox
F13731,safari
F13731,safari_ios
F13731,webview_ios
F13734,chrome_android
F13734,oculus
F13735,opera_android
F13736,chrome
F13736,oculus
F13737,safari
F13738,firefox
F13738,firefox_android
F13739,chrome
F13740,opera_android
F13741,chrome
F13741,opera
F13742,safari
F13742,webview_ios
F13743,safari
F13743,samsunginternet_android
F13744,safari
F13744,safari_ios
F13746,chrome
F13746,firefox_android
F13747,safari
F13748,edge
F13749,safari
F13749,safari_ios
F13749,webview_ios
F13750,safari
F13750,safari_ios
F13750,webview_ios
F13751,safari
F13751,samsunginternet_android
F13752,safari
F13752,safari_ios
F13753,safari
F13753,safari_ios
F13753,webview_ios
F13754,firefox
F13754,opera
F13756,chrome
F13756,oculus
F13757,edge
F13757,safari_ios
F13761,chrome
F13761,samsunginternet_android
F13762,chrome
F13763,webview_ios
F13766,safari
F13767,chrome_android
F13767,oculus
F13768,chrome_android
F13768,samsunginternet_android
F13769,oculus
F13769,webview_android
F13770,oculus
F13770,webview_ios
F13773,safari
F13773,safari_ios
F13774,oculus
F13776,safari
F13777,firefox
F13779,chrome_android
F13779,samsunginternet_android
F13780,opera
F13780,opera_android
F13782,chrome_android
F13783,opera
F13783,safari_ios
F13784,webview_android
F13785,firefox
F13785,firefox_android
F13787,safari
F13787,webview_ios
F13788,safari
F13788,webview_ios
F13790,safari
F13791,chrome_android
F13792,safari
F13792,safari_ios
F13792,webview_ios
F13793,safari
F13793,safari_ios
F13793,webview_ios
F13794,chrome_android
F13794,safari_ios
F13795,safari
F13795,safari_ios
F13797,samsunginternet_android
F13798,chrome
F13798,edge
F13799,safari
F13799,webview_ios
F13800,firefox
F13800,webview_android
F13801,firefox
F13801,samsunginternet_android
F13802,chrome
F13802,edge
F13804,edge
F13805,webview_android
F13807,firefox
F13808,chrome
F13809,opera
F13810,chrome
F13811,safari
F13812,firefox
F13813,firefox
F13816,webview_android
F13817,safari
F13817,safari_ios
F13817,webview_ios
F13819,safari
F13819,safari_ios
F13819,webview_ios
F13820,safari
F13820,safari_ios
F13820,webview_ios
F13821,opera_android
F13821,samsunginternet_android
F13822,edge
F13823,chrome
F13823,webview_android
F13824,firefox
F13825,chrome
F13825,opera_android
F13827,edge
F13828,safari
F13828,safari_ios
F13828,webview_ios
F13830,edge
F13830,webview_ios
F13831,firefox
F13831,webview_ios
F13832,chrome
F13832,samsunginternet_android
F13833,firefox_android
F13833,samsunginternet_android
F13835,oculus
F13836,firefox
F13836,firefox_android
F13839,oculus
F13839,safari
F13840,safari
F13840,webview_ios
F13841,safari
F13843,opera
F13844,chrome
F13844,oculus
F13845,safari
F13845,safari_ios
F13845,webview_ios
F13846,firefox
F13847,safari
F13848,firefox
F13848,firefox_android
F13850,firefox
F13850,webview_android
F13851,firefox_android
F13852,safari
F13853,firefox_android
F13853,safari_ios
F13855,firefox
F13856,safari
F13856,safari_ios
F13856,webview_ios
F13857,firefox_android
F13859,safari
F13860,safari_ios
F13860,webview_android
F13861,safari
F13861,webview_ios
F13862,edge
F13863,samsunginternet_android
F13864,safari
F13864,safari_ios
F13865,opera
F13865,webview_android
F13867,opera_android
F13868,firefox
F13868,webview_android
F13869,webview_ios
F13870,safari
F13870,safari_ios
F13870,webview_ios
F13872,firefox_android
F13877,firefox
F13877,firefox_android
F13879,chrome
F13879,samsunginternet_android
F13882,chrome
F13882,samsunginternet_android
F13884,chrome_android
F13884,webview_android
F13886,firefox_android
F13886,samsunginternet_android
F13888,safari
F13888,safari_ios
F13888,webview_ios
F13889,firefox
F13890,safari
F13890,safari_ios
F13890,webview_ios
F13891,edge
F13892,chrome_android
F13893,safari
F13895,safari
F13895,webview_ios
F13896,safari_ios
F13897,oculus
F13898,oculus
F13899,opera_android
F13900,oculus
F13901,edge
F13901,webview_ios
F13902,safari
F13902,webview_ios
F13903,oculus
F13904,samsunginternet_android
F13905,firefox
F13905,firefox_android
F13906,opera_android
F13906,webview_ios
F13907,firefox_android
F13908,safari
F13910,firefox
F13911,safari
F13912,chrome
F13912,webview_android
F13913,safari_ios
F13914,safari
F13915,chrome_android
F13916,safari
F13916,safari_ios
F13916,webview_ios
F13917,samsunginternet_android
F13918,safari
F13918,webview_ios
F13919,safari
F13919,safari_ios
F13919,webview_ios
F13920,chrome_android
F13920,webview_ios
F13921,chrome
F13921,edge
F13922,opera
F13924,oculus
F13926,chrome
F13927,safari
F13927,safari_ios
F13927,webview_ios
F13928,edge
F13928,firefox
F13929,edge
F13930,chrome
F13930,edge
F13932,safari
F13932,safari_ios
F13932,webview_ios
F13933,safari
F13934,firefox
F13934,firefox_android
F13935,firefox
F13936,chrome
F13936,edge
F13937,firefox
F13938,safari
F13938,safari_ios
F13939,safari
F13939,webview_ios
F13940,firefox
F13940,firefox_android
F13941,chrome
F13942,firefox
F13942,firefox_android
F13943,safari
F13944,opera
F13944,safari
F13946,safari
F13946,safari_ios
F13946,webview_ios
F13947,safari
F13947,safari_ios
F13947,webview_ios
F13948,safari
F13948,safari_ios
F13948,webview_ios
F13949,edge
F13951,safari_ios
F13952,opera_android
F13952,safari
F13953,chrome
F13954,opera_android
F13954,safari_ios
F13955,chrome
F13955,edge
F13956,safari
F13956,safari_ios
F13956,webview_ios
F13958,safari_ios
F13958,webview_android
F13959,safari
F13959,safari_ios
F13959,webview_ios
F13960,firefox
F13960,firefox_android
F13961,firefox
F13962,safari
F13962,safari_ios
F13962,webview_ios
F13964,safari
F13964,safari_ios
F13964,webview_ios
F13965,chrome
F13965,samsunginternet_android
F13967,safari
F13969,firefox
F13970,safari
F13970,safari_ios
F13970,webview_ios
F13972,chrome
F13972,opera_android
F13974,firefox
F13974,firefox_android
F13975,safari
F13975,safari_ios
F13975,webview_ios
F13977,firefox
F13977,firefox_android
F13978,chrome
F13979,chrome
F13980,safari
F13980,safari_ios
F13980,webview_ios
F13982,safari
F13982,safari_ios
F13982,webview_ios
F13983,webview_ios
F13988,safari
F13989,opera
F13989,webview_ios
F13990,safari
F13990,safari_ios
F13990,webview_ios
F13991,edge
F13991,opera_android
F13992,safari
F13992,safari_ios
F13992,webview_ios
F13995,edge
F13998,oculus
F13999,safari
F13999,safari_ios
F14000,safari
F14000,webview_android
F14002,safari
F14003,safari
F14003,safari_ios
F14003,webview_ios
F14006,safari
F14006,safari_ios
F14006,webview_ios
F14007,firefox_android
F14007,opera
F14009,firefox
F14009,firefox_android
F14010,safari
F14010,safari_ios
F14010,webview_ios
F14011,chrome
F14011,opera_android
F14012,opera_android
F14013,safari
F14013,safari_ios
F14013,webview_ios
F14014,edge
F14014,firefox
F14015,chrome
F14015,firefox
F14016,opera
F14016,webview_ios
F14017,safari
F14017,safari_ios
F14017,webview_ios
F14018,firefox
F14018,firefox_android
F14019,opera_android
F14020,chrome_android
F14020,firefox_android
F14021,safari_ios
F14023,chrome
F14023,edge
F14024,safari
F14024,safari_ios
F14024,webview_ios
F14025,chrome
F14026,chrome_android
F14026,safari
F14027,opera
F14028,safari
F14028,safari_ios
F14028,webview_ios
F14029,firefox
F14029,firefox_android
F14030,safari
F14030,safari_ios
F14030,webview_ios
F14031,firefox_android
F14031,samsunginternet_android
F14032,chrome
F14033,firefox
F14034,safari_ios
F14034,webview_android
F14035,chrome_android
F14035,firefox
F14036,chrome
F14037,firefox_android
F14037,samsunginternet_android
F14038,chrome
F14038,firefox
F14039,firefox
F14039,safari_ios
F14040,edge
F14040,safari_ios
F14041,safari
F14041,safari_ios
F14041,webview_ios
F14042,oculus
F14044,firefox
F14044,firefox_android
F14045,webview_ios
F14047,firefox
F14049,chrome
F14049,safari_ios
F14050,safari
F14050,safari_ios
F14050,webview_ios
F14052,webview_ios
F14053,chrome
F14053,opera_android
F14054,safari
F14054,safari_ios
F14054,webview_ios
F14055,chrome
F14055,opera_android
F14056,oculus
F14057,opera_android
F14057,webview_ios
F14058,safari
F14059,safari
F14059,webview_ios
F14060,chrome
F14060,chrome_android
F14061,chrome
F14061,webview_ios
F14062,firefox
F14063,safari
F14063,webview_ios
F14065,safari
F14065,safari_ios
F14065,webview_ios
F14067,firefox
F14067,firefox_android
F14068,safari
F14068,safari_ios
F14068,webview_ios
F14069,firefox
F14069,firefox_android
F14071,opera
F14071,safari
F14072,samsunginternet_android
F14074,safari
F14075,opera_android
F14075,samsunginternet_android
F14076,chrome
F14077,safari
F14077,safari_ios
F14077,webview_ios
F14078,opera
F14079,firefox
F14080,chrome
F14082,safari
F14082,safari_ios
F14082,webview_ios
F14085,firefox
F14086,safari
F14086,safari_ios
F14086,webview_ios
F14087,chrome_android
F14087,safari
F14089,safari
F14089,safari_ios
F14089,webview_ios
F14090,chrome
F14091,chrome
F14092,opera
F14093,safari
F14093,safari_ios
F14093,webview_ios
F14094,safari_ios
F14095,safari_ios
F14096,chrome
F14097,firefox_android
F14097,samsunginternet_android
F14098,chrome_android
F14100,oculus
F14100,samsunginternet_android
F14101,firefox
F14102,safari
F14102,webview_ios
F14103,safari
F14104,safari
F14104,safari_ios
F14105,safari
F14106,oculus
F14106,safari
F14107,chrome_android
F14108,chrome
F14109,oculus
F14109,safari
F14110,safari_ios
F14110,samsunginternet_android
F14113,safari_ios
F14113,webview_ios
F14114,safari
F14114,safari_ios
F14114,webview_ios
F14116,firefox
F14117,opera
F14118,safari
F14118,safari_ios
F14118,webview_ios
F14119,chrome
F14120,safari_ios
F14121,safari
F14121,webview_ios
F14124,chrome
F14124,oculus
F14125,safari
F14125,safari_ios
F14125,webview_ios
F14126,chrome_android
F14126,firefox
F14127,safari
F14127,safari_ios
F14127,webview_ios
F14128,firefox
F14128,safari_ios
F14129,chrome_android
F14130,safari
F14130,webview_ios
F14131,webview_android
F14133,safari
F14133,safari_ios
F14133,webview_ios
F14134,safari
F14134,webview_ios
F14135,opera_android
F14136,chrome
F14138,edge
F14139,opera_android
F14139,safari_ios
F14140,chrome_android
F14141,safari
F14141,safari_ios
F14141,webview_ios
F14143,edge
F14143,opera_android
F14144,edge
F14145,webview_android
F14146,opera_android
F14146,webview_android
F14149,firefox
F14150,webview_android
F14151,firefox
F14151,firefox_android
F14152,chrome
F14152,chrome_android
F14153,safari_ios
F14154,safari
F14155,safari
F14155,safari_ios
F14155,webview_ios
F14156,opera_android
F14157,firefox
F14157,firefox_android
F14159,safari
F14159,safari_ios
F14159,webview_ios
F14161,edge
F14161,firefox
F14162,firefox
F14162,firefox_android
F14163,chrome
F14163,chrome_android
F14164,chrome
F14164,chrome_android
F14165,firefox
F14168,safari
F14168,safari_ios
F14168,webview_ios
F14170,chrome
F14170,safari_ios
F14171,safari
F14172,safari
F14172,safari_ios
F14172,webview_ios
F14173,safari
F14173,safari_ios
F14173,webview_ios
F14176,chrome
F14177,chrome
F14178,safari
F14178,webview_ios
F14179,safari
F14179,safari_ios
F14179,webview_ios
F14180,safari_ios
F14181,safari
F14181,webview_ios
F14182,chrome
F14182,oculus
F14184,safari
F14184,safari_ios
F14184,webview_ios
F14185,safari
F14185,webview_ios
F14186,safari
F14187,firefox_android
F14188,firefox
F14188,samsunginternet_android
F14189,chrome
F14189,edge
F14190,firefox
F14193,firefox
F14195,edge
F14197,safari
F14197,safari_ios
F14197,webview_ios
F14198,webview_android
F14199,safari
F14199,safari_ios
F14201,chrome
F14201,edge
F14202,chrome
F14202,edge
F14203,chrome
F14203,safari_ios
F14204,safari
F14204,safari_ios
F14204,webview_ios
F14205,chrome
F14205,opera
F14206,safari
F14207,firefox_android
F14207,opera
F14208,safari
F14208,safari_ios
F14208,webview_ios
F14209,opera_android
F14209,safari
F14210,opera
F14211,firefox
F14212,safari
F14212,safari_ios
F14213,opera_android
F14214,webview_android
F14215,chrome
F14215,samsunginternet_android
F14216,safari_ios
F14217,chrome
F14217,opera
F14218,oculus
F14218,webview_android
F14219,safari
F14219,safari_ios
F14219,webview_ios
F14221,chrome_android
F14221,webview_ios
F14223,chrome_android
F14223,oculus
F14224,firefox
F14224,firefox_android
F14225,firefox
F14227,edge
F14228,webview_ios
F14229,chrome_android
F14231,safari
F14231,safari_ios
F14231,webview_ios
F14232,safari
F14232,safari_ios
F14232,webview_ios
F14233,chrome
F14233,safari
F14234,firefox_android
F14234,opera
F14235,safari_ios
F14236,opera
F14236,webview_android
F14237,opera_android
F14238,chrome
F14239,webview_android
F14239,webview_ios
F14241,safari
F14241,safari_ios
F14241,webview_ios
F14244,chrome
F14246,oculus
F14246,safari_ios
F14247,firefox
F14247,firefox_android
F14248,webview_android
F14250,firefox
F14250,firefox_android
F14251,safari
F14251,webview_ios
F14252,chrome
F14253,chrome
F14253,oculus
F14254,chrome
F14254,webview_android
F14255,samsunginternet_android
F14256,edge
F14258,edge
F14258,safari
F14260,safari
F14261,samsunginternet_android
F14262,edge
F14262,opera_android
F14263,safari
F14266,firefox_android
F14266,safari_ios
F14267,safari
F14267,safari_ios
F14267,webview_ios
F14268,opera
F14268,webview_android
F14269,firefox
F14270,firefox
F14270,firefox_android
F14271,safari
F14272,chrome
F14272,chrome_android
F14273,firefox
F14273,firefox_android
F14274,firefox
F14275,chrome
F14275,samsunginternet_android
F14276,samsunginternet_android
F14277,chrome
F14277,oculus
F14278,safari
F14278,webview_ios
F14279,firefox
F14279,firefox_android
F14281,chrome
F14282,safari
F14282,safari_ios
F14282,webview_ios
F14284,chrome
F14286,chrome
F14286,oculus
F14287,safari
F14287,safari_ios
F14287,webview_ios
F14288,safari
F14288,safari_ios
F14288,webview_ios
F14290,safari
F14291,safari
F14291,safari_ios
F14291,webview_ios
F14294,safari
F14294,safari_ios
F14294,webview_ios
F14295,safari
F14295,safari_ios
F14295,webview_ios
F14296,safari
F14296,safari_ios
F14296,webview_ios
F14297,webview_android
F14299,chrome
F14299,opera
F14300,safari
F14301,safari
F14301,safari_ios
F14301,webview_ios
F14302,oculus
F14303,safari
F14303,safari_ios
F14303,webview_ios
F14304,safari
F14305,opera_android
F14307,firefox
F14308,safari
F14308,safari_ios
F14308,webview_ios
F14309,chrome
F14309,oculus
F14310,safari
F14310,safari_ios
F14310,webview_ios
F14311,firefox_android
F14311,webview_android
F14312,firefox_android
F14312,opera_android
F14313,safari_ios
F14314,safari
F14315,safari_ios
F14316,firefox
F14318,safari
F14318,safari_ios
F14318,webview_ios
F14319,edge
F14319,oculus
F14320,firefox
F14320,firefox_android
F14321,firefox
F14321,firefox_android
F14322,firefox
F14323,safari_ios
F14323,webview_android
F14324,chrome
F14325,edge
F14326,firefox
F14326,firefox_android
F14327,chrome
F14327,chrome_android
F14329,safari
F14329,safari_ios
F14329,webview_ios
F14330,chrome_android
F14331,opera
F14332,oculus
F14332,samsunginternet_android
F14333,safari
F14334,chrome
F14334,oculus
F14335,chrome
F14335,firefox_android
F14336,opera
F14336,safari_ios
F14337,safari
F14337,safari_ios
F14339,safari
F14339,safari_ios
F14339,webview_ios
F14340,firefox
F14340,firefox_android
F14341,safari
F14341,webview_ios
F14342,opera
F14343,opera
F14344,safari
F14344,safari_ios
F14344,webview_ios
F14346,chrome
F14346,chrome_android
F14348,chrome
F14348,opera_android
F14349,firefox
F14349,opera
F14350,safari
F14351,safari
F14351,safari_ios
F14351,webview_ios
F14352,safari
F14352,safari_ios
F14352,webview_ios
F14353,firefox
F14353,firefox_android
F14355,safari
F14356,chrome_android
F14357,chrome
F14358,edge
F14359,chrome
F14360,firefox
F14361,chrome
F14361,samsunginternet_android
F14362,opera_android
F14364,safari
F14364,safari_ios
F14365,safari
F14365,safari_ios
F14365,webview_ios
F14366,firefox
F14369,edge
F14369,firefox_android
F14370,chrome
F14370,chrome_android
F14373,safari
F14374,chrome
F14374,opera_android
F14375,safari
F14375,safari_ios
F14375,webview_ios
F14376,safari
F14377,edge
F14377,samsunginternet_android
F14378,safari
F14378,safari_ios
F14378,webview_ios
F14379,safari
F14379,safari_ios
F14379,webview_ios
F14380,safari
F14380,safari_ios
F14380,webview_ios
F14381,chrome_android
F14381,webview_android
F14382,chrome_android
F14382,samsunginternet_android
F14383,chrome_android
F14384,safari
F14384,safari_ios
F14384,webview_ios
F14385,safari
F14385,safari_ios
F14385,webview_ios
F14386,firefox
F14386,webview_android
F14387,safari
F14388,firefox
F14388,firefox_android
F14390,firefox
F14390,firefox_android
F14391,safari
F14391,safari_ios
F14391,webview_ios
F14392,safari
F14392,safari_ios
F14392,webview_ios
F14393,firefox
F14393,firefox_android
F14394,safari
F14394,safari_ios
F14394,webview_ios
F14395,safari
F14395,safari_ios
F14397,chrome
F14397,chrome_android
F14398,firefox
F14398,firefox_android
F14399,chrome
F14400,safari
F14400,safari_ios
F14400,webview_ios
F14403,chrome
F14403,opera_android
F14404,firefox_android
F14406,firefox
F14408,firefox
F14409,firefox
F14409,firefox_android
F14410,chrome
F14411,opera
F14414,opera
F14415,firefox
F14415,firefox_android
F14416,opera_android
F14417,firefox
F14418,firefox_android
F14419,safari
F14419,safari_ios
F14419,webview_ios
F14420,opera
F14421,chrome_android
F14421,opera_android
F14422,safari
F14422,safari_ios
F14422,webview_ios
F14423,samsunginternet_android
F14424,oculus
F14426,firefox
F14426,webview_ios
F14427,firefox
F14429,safari
F14429,safari_ios
F14429,webview_ios
F14430,samsunginternet_android
F14430,webview_android
F14432,chrome
F14432,samsunginternet_android
F14433,safari
F14434,webview_ios
F14435,chrome
F14436,firefox
F14436,firefox_android
F14437,safari
F14437,safari_ios
F14437,webview_ios
F14438,opera_android
F14439,oculus
F14439,opera_android
F14440,safari
F14440,safari_ios
F14440,webview_ios
F14441,safari
F14441,safari_ios
F14442,safari
F14442,safari_ios
F14442,webview_ios
F14443,firefox
F14443,safari
F14444,chrome
F14444,oculus
F14445,firefox
F14445,firefox_android
F14446,firefox
F14447,chrome
F14449,safari
F14449,safari_ios
F14449,webview_ios
F14450,chrome_android
F14450,webview_ios
F14451,safari
F14451,safari_ios
F14451,webview_ios
F14452,chrome_android
F14452,opera
F14454,firefox
F14454,firefox_android
F14455,edge
F14455,firefox
F14456,edge
F14457,firefox
F14458,edge
F14459,chrome
F14461,opera_android
F14461,webview_ios
F14462,safari
F14462,safari_ios
F14464,firefox
F14464,firefox_android
F14465,chrome
F14465,chrome_android
F14466,edge
F14466,oculus
F14467,chrome
F14468,safari
F14468,safari_ios
F14468,webview_ios
F14469,safari_ios
F14470,chrome
F14472,firefox
F14474,chrome
F14476,safari
F14477,safari
F14477,safari_ios
F14478,chrome
F14478,samsunginternet_android
F14480,chrome
F14481,safari
F14481,webview_ios
F14482,chrome
F14482,opera
F14483,safari
F14483,safari_ios
F14483,webview_ios
F14484,safari
F14484,webview_ios
F14485,chrome_android
F14487,chrome
F14488,chrome_android
F14488,oculus
F14489,firefox
F14490,safari_ios
F14492,chrome
F14495,opera
F14496,firefox
F14496,webview_android
F14497,firefox
F14498,safari
F14498,safari_ios
F14498,webview_ios
F14500,chrome
F14500,webview_android
F14501,oculus
F14501,safari_ios
F14502,safari
F14502,safari_ios
F14502,webview_ios
F14503,firefox
F14503,firefox_android
F14504,opera_android
F14505,safari
F14505,safari_ios
F14505,webview_ios
F14506,chrome_android
F14506,oculus
F14507,safari
F14511,chrome
F14511,chrome_android
F14512,edge
F14513,firefox
F14513,firefox_android
F14514,edge
F14514,firefox_android
F14515,safari
F14515,safari_ios
F14515,webview_ios
F14516,chrome
F14516,edge
F14517,chrome
F14518,safari
F14524,chrome
F14525,chrome
F14525,oculus
F14527,safari
F14527,samsunginternet_android
F14528,chrome
F14528,webview_ios
F14529,safari
F14529,safari_ios
F14529,webview_ios
F14530,chrome
F14531,firefox
F14532,safari
F14533,firefox_android
F14533,opera
F14536,chrome
F14537,safari
F14537,webview_ios
F14538,firefox
F14539,edge
F14539,webview_android
F14541,firefox
F14542,chrome_android
F14542,safari_ios
F14543,chrome_android
F14543,webview_ios
F14544,safari
F14544,safari_ios
F14544,webview_ios
F14545,firefox_android
F14546,chrome
F14546,opera
F14547,safari
F14547,safari_ios
F14547,webview_ios
F14549,chrome
F14549,opera_android
F14550,chrome
F14551,opera
F14552,safari_ios
F14554,safari
F14554,safari_ios
F14555,safari
F14557,firefox
F14557,firefox_android
F14558,firefox
F14559,samsunginternet_android
F14560,chrome
F14562,safari
F14564,firefox
F14564,samsunginternet_android
F14565,firefox_android
F14565,webview_android
F14566,firefox
F14566,firefox_android
F14567,safari
F14567,safari_ios
F14567,webview_ios
F14568,webview_android
F14569,chrome
F14569,edge
F14571,edge
F14572,firefox
F14573,safari
F14577,chrome
F14577,opera
F14578,safari
F14579,safari
F14579,safari_ios
F14579,webview_ios
F14580,firefox
F14581,safari
F14581,safari_ios
F14582,firefox
F14582,firefox_android
F14583,samsunginternet_android
F14584,firefox
F14584,webview_ios
F14586,safari_ios
F14587,chrome
F14588,edge
F14588,safari_ios
F14589,edge
F14589,opera_android
F14592,firefox
F14592,firefox_android
F14595,chrome
F14596,opera
F14596,webview_android
F14597,safari
F14598,safari
F14600,firefox
F14600,firefox_android
F14601,firefox
F14602,firefox
F14602,firefox_android
F14603,safari
F14603,safari_ios
F14603,webview_ios
F14604,oculus
F14606,samsunginternet_android
F14607,chrome
F14607,samsunginternet_android
F14608,safari
F14609,chrome_android
F14610,safari
F14610,webview_ios
F14611,opera
F14612,edge
F14612,firefox_android
F14613,oculus
F14614,edge
F14615,chrome
F14615,safari
F14616,safari
F14617,webview_android
F14619,safari
F14619,safari_ios
F14619,webview_ios
F14621,chrome_android
F14621,oculus
F14622,chrome
F14623,firefox
F14624,safari
F14625,firefox
F14625,firefox_android
F14626,opera
F14627,chrome
F14627,oculus
F14628,chrome
F14628,opera
F14629,chrome
F14629,webview_android
F14630,opera
F14631,chrome
F14632,safari
F14632,safari_ios
F14632,webview_ios
F14634,safari
F14634,safari_ios
F14634,webview_ios
F14635,chrome
F14635,chrome_android
F14636,firefox
F14636,firefox_android
F14637,firefox
F14638,oculus
F14639,safari
F14639,safari_ios
F14639,webview_ios
F14640,chrome
F14641,chrome
F14641,chrome_android
F14642,chrome
F14642,opera_android
F14644,safari
F14644,safari_ios
F14644,webview_ios
F14645,firefox
F14645,firefox_android
F14646,firefox
F14646,opera_android
F14647,safari
F14647,safari_ios
F14647,webview_ios
F14648,safari
F14649,chrome
F14650,safari
F14651,safari
F14651,safari_ios
F14651,webview_ios
F14652,chrome
F14652,oculus
F14653,opera_android
F14653,webview_ios
F14654,safari
F14654,safari_ios
F14654,webview_ios
F14655,safari
F14655,safari_ios
F14655,webview_ios
F14657,chrome
F14657,edge
F14658,firefox
F14659,safari
F14659,safari_ios
F14660,safari
F14660,safari_ios
F14660,webview_ios
F14661,safari
F14661,safari_ios
F14661,webview_ios
F14662,firefox
F14662,samsunginternet_android
F14663,chrome
F14663,samsunginternet_android
F14664,safari
F14664,webview_ios
F14665,chrome
F14665,samsunginternet_android
F14666,webview_ios
F14667,firefox
F14667,firefox_android
F14668,firefox_android
F14669,firefox
F14669,safari_ios
F14670,firefox
F14670,webview_android
F14671,safari
F14671,safari_ios
F14671,webview_ios
F14672,firefox
F14672,firefox_android
F14673,firefox
F14674,safari
F14674,safari_ios
F14674,webview_ios
F14675,safari_ios
F14677,safari
F14677,safari_ios
F14677,webview_ios
F14678,webview_ios
F14679,firefox
F14680,oculus
F14682,safari
F14683,webview_android
F14684,safari
F14684,safari_ios
F14684,webview_ios
F14685,safari
F14685,webview_ios
F14686,chrome
F14687,firefox_android
F14688,safari
F14688,safari_ios
F14689,safari
F14689,safari_ios
F14689,webview_ios
F14691,edge
F14691,firefox
F14692,safari
F14692,safari_ios
F14693,firefox
F14694,safari
F14694,webview_ios
F14695,chrome_android
F14695,opera_android
F14696,safari
F14696,safari_ios
F14696,webview_ios
F14697,safari
F14698,safari
F14698,safari_ios
F14699,oculus
F14699,webview_android
F14702,safari
F14702,webview_ios
F14703,chrome
F14704,safari
F14704,safari_ios
F14704,webview_ios
F14705,firefox
F14707,opera_android
F14708,safari
F14708,safari_ios
F14709,chrome
F14710,safari
F14710,webview_ios
F14711,safari
F14711,webview_ios
F14712,safari
F14712,webview_ios
F14713,safari
F14713,webview_ios
F14714,chrome
F14714,opera
F14715,edge
F14715,firefox
F14716,chrome
F14716,opera_android
F14717,opera
F14717,safari
F14718,chrome
F14718,opera_android
F14719,firefox_android
F14719,safari
F14720,safari
F14720,safari_ios
F14720,webview_ios
F14721,opera
F14722,safari
F14722,safari_ios
F14722,webview_ios
F14723,firefox_android
F14725,opera
F14727,edge
F14727,oculus
F14728,safari
F14729,webview_android
F14730,edge
F14730,firefox
F14733,safari
F14734,webview_ios
F14735,oculus
F14735,samsunginternet_android
F14736,safari
F14736,safari_ios
F14736,webview_ios
F14737,firefox
F14738,opera
F14741,safari
F14741,safari_ios
F14741,webview_ios
F14742,safari
F14742,safari_ios
F14742,webview_ios
F14743,samsunginternet_android
F14744,webview_android
F14745,safari
F14745,safari_ios
F14745,webview_ios
F14746,chrome
F14746,opera
F14748,opera
F14748,samsunginternet_android
F14749,safari
F14749,safari_ios
F14749,webview_ios
F14750,chrome
F14751,safari
F14751,webview_ios
F14752,safari
F14752,safari_ios
F14753,oculus
F14755,chrome
F14756,safari
F14756,safari_ios
F14756,webview_ios
F14757,chrome
F14758,safari
F14758,safari_ios
F14758,webview_ios
F14759,firefox
F14759,safari_ios
F14760,oculus
F14760,webview_android
F14762,chrome
F14764,chrome
F14764,oculus
F14765,webview_android
F14766,safari
F14767,chrome
F14767,samsunginternet_android
F14768,safari
F14770,safari
F14770,safari_ios
F14770,webview_ios
F14772,safari
F14772,webview_ios
F14773,opera_android
F14775,edge
F14775,webview_android
F14778,chrome_android
F14779,firefox_android
F14779,safari
F14782,firefox
F14782,firefox_android
F14783,safari
F14783,safari_ios
F14783,webview_ios
F14784,chrome_android
F14784,edge
F14785,safari
F14786,safari
F14786,safari_ios
F14787,samsunginternet_android
F14787,webview_android
F14788,safari
F14788,safari_ios
F14788,webview_ios
F14789,safari
F14789,safari_ios
F14789,webview_ios
F14790,firefox_android
F14792,firefox
F14793,safari
F14793,webview_ios
F14795,safari
F14795,webview_ios
F14796,safari
F14796,safari_ios
F14796,webview_ios
F14797,samsunginternet_android
F14798,safari
F14799,chrome
F14802,safari
F14802,safari_ios
F14803,safari
F14803,safari_ios
F14804,firefox_android
F14806,safari_ios
F14807,firefox
F14809,chrome_android
F14809,safari_ios
F14810,opera_android
F14812,opera_android
F14812,webview_android
F14813,chrome
F14813,edge
F14815,oculus
F14815,samsunginternet_android
F14816,oculus
F14816,opera_android
F14817,chrome
F14818,samsunginternet_android
F14819,safari
F14819,safari_ios
F14819,webview_ios
F14820,webview_android
F14821,chrome
F14821,chrome_android
F14823,chrome
F14825,safari
F14825,webview_ios
F14826,opera_android
F14828,safari
F14828,safari_ios
F14828,webview_ios
F14829,safari
F14829,safari_ios
F14829,webview_ios
F14830,edge
F14830,webview_ios
F14831,safari
F14831,safari_ios
F14831,webview_ios
F14833,safari
F14833,safari_ios
F14834,safari
F14834,safari_ios
F14834,webview_ios
F14835,chrome
F14836,chrome
F14836,opera_android
F14837,safari
F14839,safari
F14839,safari_ios
F14839,webview_ios
F14840,safari
F14840,safari_ios
F14840,webview_ios
F14841,safari
F14842,chrome
F14842,webview_ios
F14843,safari_ios
F14843,webview_android
F14844,opera
F14845,safari
F14845,webview_ios
F14846,safari
F14847,safari
F14847,safari_ios
F14850,chrome
F14850,oculus
F14851,chrome
F14851,samsunginternet_android
F14853,chrome
F14853,samsunginternet_android
F14854,safari_ios
F14854,samsunginternet_android
F14856,safari
F14856,safari_ios
F14856,webview_ios
F14857,chrome
F14858,firefox
F14858,firefox_android
F14859,opera
F14860,safari
F14860,safari_ios
F14860,webview_ios
F14861,chrome_android
F14862,firefox_android
F14862,safari
F14863,chrome
F14863,webview_ios
F14864,chrome_android
F14864,samsunginternet_android
F14865,safari
F14865,safari_ios
F14866,chrome
F14866,oculus
F14868,safari_ios
F14869,chrome
F14869,chrome_android
F14870,firefox
F14870,firefox_android
F14872,oculus
F14872,webview_ios
F14873,safari
F14874,edge
F14875,chrome
F14875,webview_android
F14876,safari
F14876,safari_ios
F14877,safari
F14877,safari_ios
F14878,firefox_android
F14878,safari
F14880,safari
F14880,safari_ios
F14881,safari
F14882,chrome
F14883,webview_ios
F14884,samsunginternet_android
F14885,chrome
F14886,firefox
F14887,firefox
F14887,firefox_android
F14888,safari
F14892,webview_ios
F14893,firefox
F14893,safari_ios
F14894,chrome
F14894,chrome_android
F14896,safari
F14896,safari_ios
F14896,webview_ios
F14899,safari
F14899,safari_ios
F14899,webview_ios
F14902,firefox_android
F14902,opera
F14903,firefox_android
F14903,opera
F14908,chrome
F14909,edge
F14910,safari
F14911,safari
F14911,safari_ios
F14911,webview_ios
F14913,safari
F14914,chrome
F14914,safari
F14915,chrome_android
F14917,opera_android
F14918,safari
F14918,safari_ios
F14918,webview_ios
F14919,safari
F14919,safari_ios
F14919,webview_ios
F14921,firefox
F14923,chrome
F14924,safari
F14926,firefox
F14927,chrome_android
F14928,edge
F14929,chrome
F14930,safari
F14930,safari_ios
F14930,webview_ios
F14931,firefox
F14931,firefox_android
F14933,opera_android
F14935,chrome_android
F14935,samsunginternet_android
F14936,oculus
F14936,opera_android
F14937,safari
F14937,safari_ios
F14937,webview_ios
F14938,chrome
F14938,webview_android
F14940,webview_ios
F14943,safari
F14943,safari_ios
F14943,webview_ios
F14944,chrome
F14944,opera_android
F14946,safari
F14946,safari_ios
F14946,webview_ios
F14947,webview_android
F14949,chrome
F14950,firefox
F14951,opera
F14952,safari
F14952,safari_ios
F14952,webview_ios
F14953,chrome_android
F14954,opera_android
F14954,webview_ios
F14955,firefox
F14955,firefox_android
F14956,firefox
F14956,safari_ios
F14958,oculus
F14958,opera
F14959,chrome
F14959,firefox_android
F14960,safari
F14960,safari_ios
F14961,safari
F14961,safari_ios
F14961,webview_ios
F14962,chrome
F14963,edge
F14964,edge
F14964,webview_android
F14965,opera
F14966,firefox
F14966,safari_ios
F14967,safari
F14967,safari_ios
F14968,firefox
F14969,chrome
F14969,chrome_android
F14970,safari
F14970,safari_ios
F14970,webview_ios
F14971,edge
F14971,samsunginternet_android
F14972,safari_ios
F14973,safari
F14973,safari_ios
F14974,edge
F14975,firefox
F14976,safari
F14977,safari
F14977,safari_ios
F14978,chrome
F14980,opera
F14980,safari
F14981,opera
F14982,edge
F14982,safari_ios
F14983,edge
F14983,firefox_android
F14986,chrome
F14986,opera_android
F14987,firefox
F14987,firefox_android
F14988,safari
F14988,safari_ios
F14988,webview_ios
F14989,chrome
F14989,edge
F14992,safari_ios
F14992,webview_android
F14993,chrome_android
F14993,firefox_android
F14995,opera_android
F14996,firefox
F14997,safari
F14997,safari_ios
F14997,webview_ios
F14998,safari
F14998,webview_ios
F14999,webview_android
F15000,firefox
F15000,firefox_android
F15001,firefox
F15003,safari
F15003,safari_ios
F15003,webview_ios
F15004,chrome
F15005,chrome_android
F15005,edge
F15008,safari
F15009,safari
F15011,firefox
F15013,safari
F15013,safari_ios
F15013,webview_ios
F15014,edge
F15016,safari_ios
F15016,webview_android
F15017,edge
F15017,webview_android
F15018,chrome
F15018,webview_ios
F15019,safari
F15021,edge
F15021,webview_android
F15022,chrome_android
F15023,chrome_android
F15024,webview_android
F15025,webview_android
F15026,chrome_android
F15027,safari
F15027,safari_ios
F15027,webview_ios
F15028,firefox_android
F15029,firefox_android
F15029,oculus
F15030,chrome_android
F15030,webview_ios
F15031,safari
F15031,webview_ios
F15034,firefox
F15034,firefox_android
F15035,chrome
F15035,safari
F15036,chrome
F15037,edge
F15037,safari_ios
F15038,edge
F15038,oculus
F15039,chrome
F15041,chrome
F15041,samsunginternet_android
F15042,safari
F15042,safari_ios
F15042,webview_ios
F15044,firefox
F15044,firefox_android
F15045,firefox_android
F15046,safari
F15046,webview_ios
F15047,safari_ios
F15050,firefox_android
F15051,firefox
F15051,firefox_android
F15052,firefox
F15052,firefox_android
F15053,webview_android
F15054,chrome
F15054,oculus
F15055,safari
F15055,safari_ios
F15055,webview_ios
F15056,chrome
F15056,webview_android
F15057,chrome
F15059,chrome_android
F15059,oculus
F15060,samsunginternet_android
F15061,chrome_android
F15061,safari
F15062,opera
F15063,chrome
F15063,webview_android
F15064,safari
F15065,safari
F15065,webview_ios
F15066,opera_android
F15066,safari_ios
F15067,firefox
F15067,firefox_android
F15068,chrome
F15068,opera
F15070,webview_ios
F15071,safari
F15071,webview_ios
F15072,opera_android
F15073,chrome
F15073,webview_android
F15074,edge
F15074,oculus
F15075,safari
F15075,webview_ios
F15076,safari
F15077,opera
F15077,webview_android
F15078,chrome_android
F15078,safari
F15079,firefox
F15080,chrome
F15080,chrome_android
F15081,chrome
F15082,firefox
F15082,firefox_android
F15083,safari
F15084,opera_android
F15086,safari
F15086,safari_ios
F15086,webview_ios
F15087,safari
F15087,safari_ios
F15087,webview_ios
F15090,edge
F15090,webview_android
F15091,firefox
F15091,firefox_android
F15092,chrome
F15093,safari
F15094,firefox
F15094,firefox_android
F15096,chrome
F15097,safari
F15098,edge
F15098,webview_ios
F15099,safari
F15099,safari_ios
F15100,firefox
F15101,firefox_android
F15104,chrome
F15105,safari
F15105,safari_ios
F15105,webview_ios
F15106,firefox
F15107,safari
F15108,safari
F15108,safari_ios
F15108,webview_ios
F15110,oculus
F15110,webview_android
F15111,safari
F15111,safari_ios
F15113,firefox
F15113,firefox_android
F15114,safari
F15115,safari
F15115,safari_ios
F15115,webview_ios
F15116,chrome
F15116,safari
F15117,safari
F15117,safari_ios
F15117,webview_ios
F15118,safari
F15118,safari_ios
F15118,webview_ios
F15119,safari
F15119,safari_ios
F15120,safari
F15120,safari_ios
F15120,webview_ios
F15121,webview_ios
F15122,safari
F15122,safari_ios
F15122,webview_ios
F15123,samsunginternet_android
F15124,opera_android
F15126,opera
F15127,webview_ios
F15128,chrome_android
F15129,safari
F15133,safari
F15133,safari_ios
F15133,webview_ios
F15134,oculus
F15135,safari
F15135,safari_ios
F15135,webview_ios
F15137,safari
F15137,safari_ios
F15137,webview_ios
F15138,firefox
F15142,chrome
F15142,samsunginternet_android
F15143,firefox
F15143,oculus
F15144,safari
F15144,safari_ios
F15144,webview_ios
F15145,firefox
F15145,firefox_android
F15146,chrome
F15146,webview_android
F15147,safari
F15147,safari_ios
F15147,webview_ios
F15148,safari_ios
F15149,safari
F15149,safari_ios
F15149,webview_ios
F15150,webview_android
F15150,webview_ios
F15151,edge
F15151,oculus
F15153,safari
F15154,webview_android
F15155,firefox
F15155,firefox_android
F15156,oculus
F15156,opera_android
F15157,firefox
F15158,safari
F15158,safari_ios
F15159,safari
F15160,safari
F15161,firefox
F15162,firefox
F15164,safari_ios
F15164,samsunginternet_android
F15165,opera_android
F15166,samsunginternet_android
F15167,firefox_android
F15167,oculus
F15168,opera_android
F15169,safari_ios
F15171,edge
F15171,oculus
F15172,safari
F15173,opera
F15174,safari
F15176,chrome
F15176,firefox_android
F15177,safari
F15177,safari_ios
F15177,webview_ios
F15179,safari_ios
F15180,safari_ios
F15181,firefox
F15181,firefox_android
F15182,oculus
F15183,edge
F15185,firefox
F15185,firefox_android
F15186,firefox
F15186,firefox_android
F15187,safari
F15188,chrome
F15191,firefox
F15192,safari_ios
F15193,webview_android
F15194,safari
F15194,safari_ios
F15194,webview_ios
F15195,edge
F15195,webview_ios
F15196,oculus
F15197,firefox
F15197,firefox_android
F15198,firefox
F15198,firefox_android
F15199,oculus
F15201,oculus
F15204,safari
F15205,firefox
F15206,safari
F15206,safari_ios
F15206,webview_ios
F15207,safari_ios
F15207,webview_ios
F15208,chrome
F15209,firefox_android
F15209,oculus
F15210,safari
F15210,safari_ios
F15210,webview_ios
F15211,firefox_android
F15211,webview_android
F15212,safari
F15212,safari_ios
F15214,edge
F15214,safari_ios
F15216,firefox
F15216,firefox_android
F15217,chrome
F15217,webview_android
F15218,opera
F15218,safari
F15219,safari
F15219,safari_ios
F15219,webview_ios
F15220,safari
F15221,chrome
F15222,firefox_android
F15222,safari
F15223,oculus
F15223,webview_android
F15224,firefox
F15225,chrome
F15225,samsunginternet_android
F15226,firefox
F15226,firefox_android
F15228,chrome
F15229,safari
F15229,safari_ios
F15230,firefox_android
F15230,webview_android
F15231,firefox
F15233,chrome
F15234,chrome
F15234,opera
F15235,safari
F15237,opera_android
F15237,safari_ios
F15238,chrome
F15238,opera_android
F15239,samsunginternet_android
F15242,opera_android
F15243,chrome
F15243,opera_android
F15244,safari
F15244,safari_ios
F15244,webview_ios
F15245,firefox_android
F15246,chrome
F15246,chrome_android
F15247,safari
F15247,webview_ios
F15248,edge
F15248,opera
F15249,safari
F15249,safari_ios
F15249,webview_ios
F15250,safari
F15250,safari_ios
F15250,webview_ios
F15252,firefox
F15252,opera
F15253,edge
F15253,firefox_android
F15254,safari
F15255,firefox
F15255,firefox_android
F15257,safari
F15257,safari_ios
F15257,webview_ios
F15258,chrome
F15258,samsunginternet_android
F15259,firefox
F15259,firefox_android
F15260,firefox
F15260,firefox_android
F15261,chrome
F15261,opera_android
F15262,firefox_android
F15262,samsunginternet_android
F15263,chrome
F15265,safari
F15265,safari_ios
F15265,webview_ios
F15266,safari
F15267,firefox_android
F15267,samsunginternet_android
F15269,safari
F15270,samsunginternet_android
F15271,chrome_android
F15272,opera_android
F15272,webview_ios
F15273,safari
F15275,safari
F15276,firefox
F15276,samsunginternet_android
F15278,safari
F15279,chrome
F15279,firefox_android
F15281,firefox
F15281,firefox_android
F15282,safari
F15282,safari_ios
F15282,webview_ios
F15283,chrome
F15283,samsunginternet_android
F15284,chrome
F15284,chrome_android
F15285,chrome
F15285,opera
F15286,safari
F15286,safari_ios
F15287,safari
F15287,safari_ios
F15288,samsunginternet_android
F15288,webview_ios
F15290,oculus
F15290,webview_ios
F15291,safari
F15291,safari_ios
F15291,webview_ios
F15293,safari_ios
F15294,safari
F15294,safari_ios
F15294,webview_ios
F15296,safari
F15296,safari_ios
F15296,webview_ios
F15297,chrome
F15298,oculus
F15298,webview_ios
F15299,safari
F15299,safari_ios
F15300,chrome_android
F15300,safari
F15303,opera
F15304,opera
F15305,safari
F15307,safari
F15308,chrome
F15308,safari_ios
F15309,safari_ios
F15311,safari
F15311,safari_ios
F15311,webview_ios
F15312,chrome
F15313,chrome_android
F15315,edge
F15315,firefox_android
F15316,safari
F15316,safari_ios
F15318,safari
F15318,safari_ios
F15318,webview_ios
F15320,safari
F15320,safari_ios
F15320,webview_ios
F15321,chrome
F15321,webview_android
F15322,safari
F15322,safari_ios
F15322,webview_ios
F15323,safari
F15323,safari_ios
F15323,webview_ios
F15326,chrome_android
F15326,opera_android
F15327,safari
F15327,safari_ios
F15327,webview_ios
F15328,safari
F15328,safari_ios
F15328,webview_ios
F15329,safari
F15329,safari_ios
F15330,samsunginternet_android
F15330,webview_android
F15331,firefox
F15333,oculus
F15334,chrome
F15335,firefox
F15336,chrome
F15337,opera
F15339,chrome
F15339,chrome_android
F15340,safari
F15341,oculus
F15342,opera_android
F15342,webview_android
F15343,safari
F15343,safari_ios
F15343,webview_ios
F15345,webview_ios
F15349,firefox_android
F15351,chrome
F15352,firefox
F15352,webview_android
F15353,safari
F15353,safari_ios
F15353,webview_ios
F15354,safari
F15355,safari
F15355,safari_ios
F15355,webview_ios
F15356,safari
F15356,safari_ios
F15356,webview_ios
F15357,opera
F15358,firefox
F15358,firefox_android
F15359,safari
F15359,safari_ios
F15359,webview_ios
F15362,safari
F15362,safari_ios
F15363,safari
F15363,safari_ios
F15363,webview_ios
F15365,chrome
F15365,oculus
F15366,chrome
F15366,edge
F15367,safari
F15368,firefox
F15370,safari_ios
F15370,webview_ios
F15371,safari
F15371,safari_ios
F15371,webview_ios
F15372,webview_ios
F15373,safari
F15373,safari_ios
F15374,oculus
F15375,safari_ios
F15376,safari_ios
F15377,safari
F15377,safari_ios
F15377,webview_ios
F15378,safari
F15378,safari_ios
F15378,webview_ios
F15379,edge
F15380,safari
F15381,safari
F15381,webview_ios
F15382,safari
F15382,safari_ios
F15382,webview_ios
F15384,opera_android
F15385,safari
F15385,safari_ios
F15385,webview_ios
F15386,safari
F15386,webview_ios
F15387,safari
F15387,safari_ios
F15388,oculus
F15388,webview_android
F15389,chrome
F15390,safari
F15390,safari_ios
F15390,webview_ios
F15391,safari
F15391,safari_ios
F15391,webview_ios
F15392,samsunginternet_android
F15392,webview_ios
F15395,chrome
F15395,edge
F15396,edge
F15396,opera
F15397,safari
F15398,chrome_android
F15399,samsunginternet_android
F15400,chrome
F15400,samsunginternet_android
F15403,webview_android
F15404,chrome
F15404,oculus
F15405,edge
F15405,webview_ios
F15406,safari
F15406,safari_ios
F15406,webview_ios
F15407,safari
F15407,safari_ios
F15407,webview_ios
F15408,safari
F15408,safari_ios
F15408,webview_ios
F15409,oculus
F15409,webview_android
F15410,safari
F15410,safari_ios
F15410,webview_ios
F15414,safari
F15414,safari_ios
F15414,webview_ios
F15415,safari
F15415,safari_ios
F15416,safari_ios
F15420,opera
F15422,oculus
F15422,safari_ios
F15423,safari
F15424,safari
F15428,safari
F15428,safari_ios
F15428,webview_ios
F15429,firefox
F15430,firefox_android
F15430,safari
F15431,safari
F15431,safari_ios
F15431,webview_ios
F15432,safari
F15432,safari_ios
F15432,webview_ios
F15433,chrome
F15436,chrome_android
F15436,webview_android
F15437,firefox
F15437,firefox_android
F15439,firefox
F15439,opera
F15440,safari
F15440,safari_ios
F15440,webview_ios
F15441,safari
F15442,chrome
F15442,chrome_android
F15443,chrome_android
F15444,samsunginternet_android
F15444,webview_ios
F15445,opera
F15445,safari_ios
F15446,chrome
F15449,webview_android
F15450,safari
F15450,safari_ios
F15450,webview_ios
F15451,safari
F15452,edge
F15453,chrome_android
F15454,oculus
F15455,firefox_android
F15456,firefox_android
F15457,chrome_android
F15458,safari
F15458,safari_ios
F15459,chrome
F15460,safari
F15460,safari_ios
F15460,webview_ios
F15463,opera_android
F15464,safari
F15464,safari_ios
F15464,webview_ios
F15465,safari
F15465,safari_ios
F15465,webview_ios
F15466,safari
F15466,safari_ios
F15466,webview_ios
F15467,safari_ios
F15468,edge
F15471,chrome
F15471,chrome_android
F15473,safari
F15474,firefox_android
F15475,chrome
F15475,samsunginternet_android
F15477,chrome
F15478,safari
F15478,safari_ios
F15478,webview_ios
F15480,chrome
F15481,safari
F15481,safari_ios
F15481,webview_ios
F15483,safari
F15483,safari_ios
F15483,webview_ios
F15484,oculus
F15484,samsunginternet_android
F15485,chrome
F15485,safari_ios
F15486,opera
F15487,safari
F15487,safari_ios
F15487,webview_ios
F15488,samsunginternet_android
F15489,chrome_android
F15491,chrome
F15492,safari_ios
F15493,firefox
F15494,chrome
F15494,webview_android
F15495,safari
F15495,safari_ios
F15495,webview_ios
F15496,edge
F15497,firefox_android
F15498,firefox
F15499,safari
F15499,safari_ios
F15499,webview_ios
F15500,chrome
F15500,oculus
F15501,opera_android
F15504,safari
F15504,safari_ios
F15504,webview_ios
F15505,chrome
F15506,chrome
F15508,opera_android
F15509,firefox
F15509,firefox_android
F15511,chrome
F15511,webview_android
F15512,safari
F15512,safari_ios
F15512,webview_ios
F15513,chrome
F15514,firefox
F15515,chrome_android
F15515,opera
F15516,safari
F15516,webview_ios
F15517,edge
F15517,samsunginternet_android
F15518,chrome_android
F15518,firefox
F15519,chrome
F15519,webview_android
F15520,opera_android
F15521,edge
F15521,oculus
F15522,chrome_android
F15523,chrome
F15523,opera
F15524,edge
F15525,safari
F15525,safari_ios
F15525,webview_ios
F15526,safari
F15526,webview_ios
F15528,safari
F15530,chrome_android
F15530,opera_android
F15531,oculus
F15532,chrome
F15532,edge
F15533,oculus
F15535,safari
F15535,safari_ios
F15535,webview_ios
F15536,safari
F15536,webview_android
F15538,safari
F15538,safari_ios
F15539,safari
F15540,chrome
F15540,safari_ios
F15546,firefox
F15546,firefox_android
F15548,edge
F15549,safari
F15549,safari_ios
F15550,safari
F15550,safari_ios
F15550,webview_ios
F15551,oculus
F15552,oculus
F15552,samsunginternet_android
F15553,firefox
F15553,samsunginternet_android
F15554,safari
F15554,safari_ios
F15554,webview_ios
F15555,safari
F15555,safari_ios
F15555,webview_ios
F15557,chrome_android
F15557,safari
F15558,chrome_android
F15558,webview_ios
F15559,edge
F15560,safari
F15560,safari_ios
F15560,webview_ios
F15561,chrome
F15561,opera_android
F15564,firefox
F15565,oculus
F15565,samsunginternet_android
F15566,chrome_android
F15566,safari
F15567,chrome
F15570,safari
F15571,chrome
F15571,webview_android
F15573,safari
F15573,safari_ios
F15573,webview_ios
F15576,oculus
F15576,safari
F15577,firefox
F15577,firefox_android
F15578,safari
F15578,safari_ios
F15580,oculus
F15580,safari_ios
F15581,firefox_android
F15583,webview_ios
F15584,safari
F15584,safari_ios
F15584,webview_ios
F15585,firefox_android
F15585,samsunginternet_android
F15587,safari
F15587,safari_ios
F15587,webview_ios
F15588,safari
F15588,safari_ios
F15588,webview_ios
F15589,chrome
F15589,chrome_android
F15590,firefox
F15592,safari
F15592,safari_ios
F15592,webview_ios
F15593,chrome
F15593,opera_android
F15594,safari
F15595,firefox_android
F15595,oculus
F15597,safari
F15597,safari_ios
F15597,webview_ios
F15598,chrome
F15598,edge
F15599,oculus
F15600,webview_android
F15601,firefox_android
F15601,opera_android
F15603,safari
F15603,safari_ios
F15604,safari
F15604,safari_ios
F15604,webview_ios
F15605,chrome
F15605,opera_android
F15606,safari
F15606,safari_ios
F15608,firefox
F15608,opera_android
F15609,safari
F15609,safari_ios
F15609,webview_ios
F15610,safari
F15610,safari_ios
F15610,webview_ios
F15611,firefox
F15614,chrome
F15614,edge
F15615,edge
F15616,samsunginternet_android
F15618,firefox
F15618,firefox_android
F15619,chrome
F15619,opera_android
F15621,opera
F15622,chrome_android
F15624,safari
F15624,safari_ios
F15624,webview_ios
F15625,chrome
F15625,webview_android
F15626,webview_ios
F15627,safari
F15629,oculus
F15629,opera_android
F15630,firefox_android
F15631,firefox
F15631,firefox_android
F15632,firefox
F15632,firefox_android
F15633,safari
F15633,webview_ios
F15635,safari
F15637,safari
F15637,safari_ios
F15637,webview_ios
F15638,firefox_android
F15638,webview_android
F15640,safari
F15640,safari_ios
F15642,edge
F15643,safari
F15645,safari
F15646,chrome
F15646,opera
F15649,chrome
F15650,chrome
F15652,firefox
F15652,firefox_android
F15653,opera_android
F15654,safari
F15654,safari_ios
F15654,webview_ios
F15655,safari
F15655,safari_ios
F15655,webview_ios
F15656,firefox
F15657,safari
F15657,webview_ios
F15658,firefox_android
F15658,safari
F15659,firefox
F15659,safari
F15660,opera
F15660,samsunginternet_android
F15662,safari
F15662,safari_ios
F15662,webview_ios
F15663,safari
F15663,samsunginternet_android
F15665,firefox_android
F15666,safari_ios
F15667,safari
F15667,safari_ios
F15667,webview_ios
F15669,chrome
F15669,opera_android
F15670,safari
F15670,webview_ios
F15671,firefox
F15672,safari
F15672,safari_ios
F15675,firefox
F15676,safari
F15676,safari_ios
F15676,webview_ios
F15677,webview_ios
F15679,chrome_android
F15679,samsunginternet_android
F15680,safari
F15681,safari
F15681,safari_ios
F15681,webview_ios
F15682,safari
F15682,webview_ios
F15683,firefox
F15684,chrome_android
F15685,safari
F15685,safari_ios
F15685,webview_ios
F15686,safari
F15688,safari
F15689,safari
F15689,safari_ios
F15689,webview_ios
F15690,oculus
F15690,webview_ios
F15691,safari
F15691,safari_ios
F15691,webview_ios
F15692,opera
F15693,firefox
F15693,firefox_android
F15694,oculus
F15694,samsunginternet_android
F15696,safari
F15696,safari_ios
F15696,webview_ios
F15697,safari
F15697,safari_ios
F15697,webview_ios
F15701,chrome
F15701,opera
F15702,safari
F15702,safari_ios
F15702,webview_ios
F15703,chrome_android
F15703,opera
F15704,chrome
F15704,oculus
F15705,webview_ios
F15706,firefox
F15707,firefox
F15707,firefox_android
F15708,oculus
F15710,firefox
F15710,firefox_android
F15711,firefox
F15711,firefox_android
F15712,firefox
F15713,safari
F15713,safari_ios
F15713,webview_ios
F15714,safari
F15714,safari_ios
F15715,chrome_android
F15715,firefox
F15716,firefox
F15716,firefox_android
F15717,safari
F15717,safari_ios
F15717,webview_ios
F15719,safari
F15721,safari_ios
F15722,safari
F15722,safari_ios
F15722,webview_ios
F15723,opera_android
F15723,webview_android
F15724,safari
F15724,safari_ios
F15724,webview_ios
F15725,safari
F15725,safari_ios
F15725,webview_ios
F15726,safari
F15726,safari_ios
F15726,webview_ios
F15727,chrome
F15728,safari
F15728,safari_ios
F15728,webview_ios
F15729,edge
F15730,chrome
F15731,safari
F15732,chrome
F15733,edge
F15735,safari
F15735,webview_ios
F15736,chrome_android
F15736,oculus
F15738,webview_ios
F15739,safari
F15739,safari_ios
F15739,webview_ios
F15741,webview_ios
F15742,oculus
F15743,chrome
F15745,safari
F15745,webview_ios
F15746,edge
F15747,firefox
F15748,firefox
F15748,firefox_android
F15749,safari
F15749,webview_ios
F15752,safari
F15752,safari_ios
F15752,webview_ios
F15754,safari_ios
F15755,oculus
F15755,webview_ios
F15756,oculus
F15758,safari
F15758,safari_ios
F15758,webview_ios
F15759,safari_ios
F15759,webview_android
F15760,safari
F15760,safari_ios
F15760,webview_ios
F15761,chrome
F15761,opera
F15762,safari
F15762,safari_ios
F15762,webview_ios
F15763,webview_android
F15765,chrome_android
F15765,edge
F15766,safari
F15766,safari_ios
F15767,firefox_android
F15769,oculus
F15769,safari
F15770,safari
F15770,safari_ios
F15770,webview_ios
F15771,safari
F15772,safari
F15772,safari_ios
F15772,webview_ios
F15773,firefox
F15773,firefox_android
F15774,safari
F15775,safari
F15775,safari_ios
F15777,chrome
F15777,samsunginternet_android
F15778,safari
F15779,oculus
F15779,webview_android
F15781,oculus
F15781,webview_android
F15782,oculus
F15783,firefox
F15783,firefox_android
F15784,oculus
F15786,safari
F15786,safari_ios
F15786,webview_ios
F15787,samsunginternet_android
F15788,chrome
F15790,oculus
F15791,safari
F15791,safari_ios
F15791,webview_ios
F15792,chrome
F15792,oculus
F15793,safari
F15793,safari_ios
F15794,firefox
F15795,chrome
F15795,opera
F15796,safari
F15796,webview_ios
F15797,webview_android
F15797,webview_ios
F15798,safari
F15798,webview_ios
F15802,opera_android
F15802,samsunginternet_android
F15803,opera_android
F15804,firefox
F15805,edge
F15811,chrome
F15811,opera
F15812,webview_ios
F15815,safari
F15815,safari_ios
F15815,webview_ios
F15816,firefox
F15816,firefox_android
F15817,firefox
F15818,safari
F15818,safari_ios
F15818,webview_ios
F15821,safari
F15821,safari_ios
F15821,webview_ios
F15823,webview_android
F15824,firefox
F15824,webview_android
F15825,safari
F15825,safari_ios
F15825,webview_ios
F15827,safari
F15827,webview_ios
F15828,opera_android
F15829,chrome
F15832,firefox
F15833,chrome
F15833,opera
F15835,safari_ios
F15836,opera
F15837,firefox
F15837,firefox_android
F15838,safari
F15838,safari_ios
F15838,webview_ios
F15839,safari
F15839,safari_ios
F15839,webview_ios
F15840,webview_ios
F15841,safari
F15841,safari_ios
F15841,webview_ios
F15842,firefox
F15842,firefox_android
F15843,safari
F15843,safari_ios
F15843,webview_ios
F15844,safari
F15846,edge
F15846,oculus
F15848,firefox_android
F15848,opera
F15849,oculus
F15850,safari
F15851,safari
F15852,safari
F15854,firefox
F15854,firefox_android
F15855,samsunginternet_android
F15855,webview_android
F15856,safari
F15856,safari_ios
F15856,webview_ios
F15857,chrome
F15857,safari_ios
F15858,opera
F15860,firefox_android
F15860,webview_ios
F15861,firefox
F15862,firefox
F15863,safari
F15863,safari_ios
F15863,webview_ios
F15864,opera_android
F15870,safari
F15870,safari_ios
F15870,webview_ios
F15874,webview_android
F15875,opera
F15876,chrome
F15876,webview_android
F15878,samsunginternet_android
F15878,webview_ios
F15879,firefox
F15879,firefox_android
F15880,safari
F15880,safari_ios
F15880,webview_ios
F15881,safari
F15881,safari_ios
F15881,webview_ios
F15882,chrome
F15885,samsunginternet_android
F15887,firefox_android
F15887,safari
F15888,edge
F15888,opera_android
F15889,oculus
F15890,firefox
F15890,firefox_android
F15892,firefox
F15892,safari_ios
F15893,safari
F15893,safari_ios
F15893,webview_ios
F15894,firefox
F15894,safari
F15896,safari
F15896,safari_ios
F15896,webview_ios
F15897,firefox
F15898,samsunginternet_android
F15899,chrome
F15899,firefox
F15901,safari
F15901,safari_ios
F15901,webview_ios
F15902,safari
F15905,safari
F15905,safari_ios
F15905,webview_ios
F15906,edge
F15906,opera_android
F15908,opera
F15908,webview_android
F15909,safari_ios
F15909,webview_android
F15911,safari_ios
F15912,chrome
F15912,opera_android
F15915,chrome
F15916,chrome
F15916,opera_android
F15917,chrome_android
F15917,opera_android
F15918,chrome_android
F15918,edge
F15919,chrome
F15919,firefox_android
F15921,opera
F15922,safari
F15923,firefox
F15923,firefox_android
F15925,safari
F15925,safari_ios
F15925,webview_ios
F15926,safari
F15926,webview_android
F15927,firefox
F15928,firefox_android
F15928,safari_ios
F15929,chrome
F15929,edge
F15930,chrome
F15930,safari_ios
F15932,safari
F15934,firefox
F15934,firefox_android
F15935,safari
F15935,safari_ios
F15935,webview_ios
F15937,safari
F15937,safari_ios
F15937,webview_ios
F15938,edge
F15938,samsunginternet_android
F15939,safari_ios
F15940,safari
F15940,safari_ios
F15940,webview_ios
F15941,safari_ios
F15942,safari
F15943,opera_android
F15943,safari_ios
F15944,safari
F15944,safari_ios
F15944,webview_ios
F15945,firefox
F15946,safari
F15946,safari_ios
F15946,webview_ios
F15947,firefox
F15947,firefox_android
F15948,oculus
F15948,opera
F15949,safari
F15949,safari_ios
F15949,webview_ios
F15950,safari
F15950,webview_ios
F15951,firefox
F15951,firefox_android
F15952,safari
F15952,webview_ios
F15954,edge
F15954,firefox_android
F15955,oculus
F15957,safari
F15957,safari_ios
F15957,webview_ios
F15959,edge
F15959,samsunginternet_android
F15960,opera_android
F15961,safari
F15961,webview_ios
F15963,safari
F15963,safari_ios
F15963,webview_ios
F15964,opera_android
F15964,webview_ios
F15965,firefox
F15966,chrome
F15966,samsunginternet_android
F15967,safari
F15967,safari_ios
F15967,webview_ios
F15969,safari
F15969,safari_ios
F15969,webview_ios
F15970,firefox
F15970,firefox_android
F15971,safari
F15971,safari_ios
F15971,webview_ios
F15972,opera_android
F15973,edge
F15973,oculus
F15974,firefox_android
F15974,webview_ios
F15975,chrome_android
F15976,safari
F15976,safari_ios
F15976,webview_ios
F15977,oculus
F15977,safari_ios
F15980,opera_android
F15980,safari
F15982,safari
F15982,safari_ios
F15982,webview_ios
F15983,opera
F15983,safari
F15985,safari
F15985,webview_ios
F15987,edge
F15987,webview_android
F15988,safari
F15988,safari_ios
F15988,webview_ios
F15989,safari
F15990,safari_ios
F15991,firefox
F15991,firefox_android
F15992,firefox
F15993,safari
F15993,safari_ios
F15993,webview_ios
F15996,safari
F15996,safari_ios
F15996,webview_ios
F15997,firefox
F15997,firefox_android
F15999,chrome
F15999,webview_android
F16001,edge
F16002,firefox
F16004,safari
F16004,safari_ios
F16004,webview_ios
F16005,chrome_android
F16005,oculus
F16006,opera_android
F16007,safari
F16007,safari_ios
F16007,webview_ios
F16008,safari
F16008,safari_ios
F16008,webview_ios
F16009,webview_ios
F16010,safari
F16010,safari_ios
F16011,opera_android
F16012,opera_android
F16012,samsunginternet_android
F16014,firefox
F16014,webview_android
F16016,safari
F16016,webview_ios
F16017,firefox
F16018,samsunginternet_android
F16019,firefox
F16019,firefox_android
F16020,firefox
F16021,chrome_android
F16022,oculus
F16022,safari_ios
F16023,chrome
F16024,chrome
F16026,safari
F16028,webview_ios
F16029,firefox
F16029,firefox_android
F16030,webview_ios
F16032,firefox
F16033,webview_ios
F16034,safari
F16034,safari_ios
F16034,webview_ios
F16035,samsunginternet_android
F16036,firefox_android
F16036,safari_ios
F16037,opera_android
F16037,safari
F16038,safari
F16038,safari_ios
F16038,webview_ios
F16040,safari
F16040,webview_ios
F16041,opera_android
F16041,safari
F16042,safari
F16042,safari_ios
F16042,webview_ios
F16043,safari
F16043,safari_ios
F16043,webview_ios
F16045,safari
F16045,safari_ios
F16045,webview_ios
F16046,chrome
F16046,opera
F16047,chrome
F16047,opera_android
F16048,safari
F16048,safari_ios
F16048,webview_ios
F16049,chrome
F16049,firefox_android
F16051,safari
F16051,safari_ios
F16052,safari
F16052,safari_ios
F16052,webview_ios
F16054,safari
F16056,safari
F16056,safari_ios
F16056,webview_ios
F16057,samsunginternet_android
F16058,chrome
F16058,samsunginternet_android
F16059,safari
F16059,safari_ios
F16059,webview_ios
F16060,chrome
F16061,safari
F16062,samsunginternet_android
F16063,safari
F16063,safari_ios
F16063,webview_ios
F16064,edge
F16064,safari
F16065,firefox
F16065,safari
F16066,safari
F16066,safari_ios
F16066,webview_ios
F16067,chrome
F16067,safari
F16068,safari
F16068,safari_ios
F16068,webview_ios
F16069,safari
F16069,safari_ios
F16069,webview_ios
F16070,opera_android
F16071,safari
F16071,safari_ios
F16072,samsunginternet_android
F16073,firefox
F16073,firefox_android
F16075,firefox
F16076,safari
F16076,safari_ios
F16076,webview_ios
F16077,safari
F16078,safari
F16078,safari_ios
F16078,webview_ios
F16079,safari
F16079,safari_ios
F16079,webview_ios
F16080,firefox_android
F16080,oculus
F16081,firefox
F16082,firefox
F16083,chrome_android
F16083,safari
F16084,safari
F16084,safari_ios
F16084,webview_ios
F16086,safari
F16087,chrome
F16087,opera_android
F16088,safari
F16090,edge
F16090,firefox
F16091,opera_android
F16091,webview_ios
F16092,firefox
F16093,chrome
F16093,oculus
F16096,safari
F16096,webview_ios
F16098,chrome
F16099,safari
F16099,safari_ios
F16099,webview_ios
F16100,chrome_android
F16100,webview_ios
F16103,safari_ios
F16104,safari
F16105,edge
F16106,safari
F16106,safari_ios
F16106,webview_ios
F16107,firefox
F16108,samsunginternet_android
F16110,safari
F16110,safari_ios
F16110,webview_ios
F16111,chrome
F16112,opera_android
F16113,safari
F16115,chrome
F16115,chrome_android
F16116,safari
F16116,safari_ios
F16116,webview_ios
F16117,safari
F16117,safari_ios
F16117,webview_ios
F16119,firefox
F16119,firefox_android
F16120,firefox
F16120,firefox_android
F16121,firefox_android
F16121,opera_android
F16122,firefox
F16122,firefox_android
F16124,firefox
F16124,firefox_android
F16125,firefox
F16129,chrome
F16129,opera
F16130,safari
F16130,safari_ios
F16130,webview_ios
F16131,firefox
F16131,firefox_android
F16133,safari
F16133,safari_ios
F16133,webview_ios
F16134,opera_android
F16134,webview_android
F16135,safari
F16135,safari_ios
F16135,webview_ios
F16136,webview_ios
F16137,safari
F16138,chrome_android
F16138,firefox
F16139,safari
F16139,safari_ios
F16139,webview_ios
F16140,safari
F16140,safari_ios
F16141,opera
F16141,samsunginternet_android
F16142,chrome
F16143,firefox
F16143,firefox_android
F16144,chrome_android
F16144,edge
F16146,safari
F16147,firefox
F16148,firefox
F16150,firefox
F16150,firefox_android
F16151,safari
F16151,webview_ios
F16152,safari
F16152,safari_ios
F16152,webview_ios
F16153,chrome
F16153,webview_android
F16154,safari
F16154,safari_ios
F16154,webview_ios
F16155,opera
F16155,webview_android
F16157,chrome
F16157,oculus
F16158,chrome_android
F16158,firefox
F16159,safari
F16159,safari_ios
F16159,webview_ios
F16160,firefox
F16162,safari
F16163,firefox
F16163,firefox_android
F16164,webview_ios
F16165,safari
F16165,safari_ios
F16165,webview_ios
F16167,firefox
F16169,firefox
F16171,firefox
F16172,safari
F16172,safari_ios
F16172,webview_ios
F16173,safari_ios
F16174,edge
F16174,oculus
F16176,opera
F16177,safari
F16177,webview_ios
F16178,safari
F16178,safari_ios
F16178,webview_ios
F16179,safari
F16180,safari
F16180,safari_ios
F16180,webview_ios
F16181,safari
F16182,firefox
F16182,safari
F16183,safari
F16183,safari_ios
F16183,webview_ios
F16184,chrome
F16184,edge
F16185,safari
F16185,webview_ios
F16186,safari
F16186,safari_ios
F16186,webview_ios
F16187,samsunginternet_android
F16188,samsunginternet_android
F16189,firefox
F16191,chrome
F16192,samsunginternet_android
F16194,firefox_android
F16195,firefox
F16195,firefox_android
F16196,webview_ios
F16197,firefox_android
F16197,opera
F16198,oculus
F16198,webview_android
F16199,safari
F16199,safari_ios
F16199,webview_ios
F16200,webview_ios
F16201,firefox
F16202,webview_android
F16203,safari
F16203,safari_ios
F16204,safari
F16204,webview_ios
F16207,firefox
F16208,safari
F16208,safari_ios
F16208,webview_ios
F16209,safari
F16209,safari_ios
F16211,safari
F16212,safari
F16213,safari
F16213,safari_ios
F16215,safari
F16215,safari_ios
F16215,webview_ios
F16217,opera
F16218,safari
F16218,safari_ios
F16218,webview_ios
F16219,safari
F16219,safari_ios
F16219,webview_ios
F16220,safari
F16220,webview_ios
F16221,opera_android
F16223,safari
F16223,safari_ios
F16223,webview_ios
F16224,edge
F16224,webview_android
F16225,chrome_android
F16225,firefox
F16226,safari
F16227,edge
F16227,firefox
F16230,chrome
F16230,webview_android
F16231,safari
F16232,safari
F16232,safari_ios
F16232,webview_ios
F16235,safari
F16235,webview_ios
F16236,webview_ios
F16237,safari
F16237,safari_ios
F16237,webview_ios
F16238,safari
F16238,safari_ios
F16238,webview_ios
F16239,safari_ios
F16242,chrome
F16243,chrome
F16243,chrome_android
F16244,chrome
F16244,webview_android
F16245,chrome
F16245,chrome_android
F16246,safari
F16246,safari_ios
F16247,firefox
F16247,firefox_android
F16248,safari
F16248,safari_ios
F16248,webview_ios
F16249,opera_android
F16251,safari
F16251,safari_ios
F16251,webview_ios
F16252,safari
F16253,safari_ios
F16254,oculus
F16254,opera
F16255,safari
F16255,safari_ios
F16256,safari
F16257,chrome_android
F16257,webview_ios
F16259,firefox_android
F16259,opera_android
F16260,safari
F16260,webview_ios
F16262,safari
F16262,safari_ios
F16262,webview_ios
F16263,safari
F16263,safari_ios
F16263,webview_ios
F16265,safari
F16265,safari_ios
F16266,firefox
F16266,firefox_android
F16268,chrome
F16268,chrome_android
F16269,opera
F16270,firefox
F16270,firefox_android
F16271,chrome
F16271,safari_ios
F16272,safari_ios
F16273,firefox
F16273,safari
F16274,safari
F16274,safari_ios
F16275,webview_ios
F16276,safari
F16276,safari_ios
F16276,webview_ios
F16277,safari
F16277,safari_ios
F16277,webview_ios
F16278,safari
F16278,safari_ios
F16278,webview_ios
F16279,safari
F16283,safari
F16283,safari_ios
F16283,webview_ios
F16284,safari_ios
F16285,chrome
F16285,safari
F16286,firefox
F16286,firefox_android
F16287,firefox
F16290,safari
F16290,safari_ios
F16290,webview_ios
F16291,chrome
F16291,webview_android
F16292,firefox
F16292,firefox_android
F16294,chrome
F16295,firefox
F16296,safari
F16296,webview_ios
F16297,safari
F16297,safari_ios
F16299,samsunginternet_android
F16300,chrome
F16300,chrome_android
F16301,safari
F16301,safari_ios
F16301,webview_ios
F16302,oculus
F16303,webview_android
F16304,chrome_android
F16304,firefox
F16306,firefox
F16306,firefox_android
F16307,chrome
F16307,chrome_android
F16308,firefox
F16308,opera_android
F16309,samsunginternet_android
F16310,chrome_android
F16311,edge
F16311,opera
F16313,safari
F16313,safari_ios
F16313,webview_ios
F16314,safari
F16314,safari_ios
F16314,webview_ios
F16315,firefox
F16315,webview_ios
F16316,opera
F16318,safari
F16318,safari_ios
F16318,webview_ios
F16321,safari
F16321,safari_ios
F16322,firefox
F16322,firefox_android
F16323,chrome
F16323,opera
F16324,webview_android
F16325,safari
F16325,safari_ios
F16327,safari
F16327,safari_ios
F16328,safari
F16328,safari_ios
F16328,webview_ios
F16329,safari
F16329,webview_ios
F16331,firefox
F16331,firefox_android
F16334,safari
F16334,safari_ios
F16335,opera_android
F16338,edge
F16338,firefox
F16339,webview_android
F16340,firefox
F16340,firefox_android
F16342,chrome
F16343,safari
F16344,firefox
F16344,firefox_android
F16345,samsunginternet_android
F16346,edge
F16346,firefox_android
F16347,firefox
F16347,opera
F16348,firefox
F16349,chrome
F16349,oculus
F16350,safari
F16350,safari_ios
F16350,webview_ios
F16351,chrome
F16352,safari
F16352,safari_ios
F16352,webview_ios
F16353,safari
F16353,safari_ios
F16354,safari
F16354,safari_ios
F16355,webview_android
F16356,firefox
F16359,oculus
F16360,firefox
F16360,firefox_android
F16361,oculus
F16361,opera_android
F16362,opera
F16362,safari_ios
F16363,samsunginternet_android
F16364,chrome
F16365,opera
F16365,webview_android
F16366,safari
F16368,safari
F16368,safari_ios
F16368,webview_ios
F16369,firefox
F16369,firefox_android
F16372,safari
F16372,safari_ios
F16372,webview_ios
F16374,safari
F16374,webview_ios
F16375,chrome
F16376,safari
F16376,webview_ios
F16377,opera
F16379,safari
F16379,safari_ios
F16379,webview_ios
F16380,webview_android
F16382,safari
F16382,webview_ios
F16383,safari
F16384,oculus
F16385,safari
F16385,safari_ios
F16386,safari
F16386,safari_ios
F16386,webview_ios
F16387,chrome_android
F16388,safari
F16388,safari_ios
F16388,webview_ios
F16389,samsunginternet_android
F16390,chrome
F16391,chrome
F16392,firefox
F16392,firefox_android
F16393,chrome
F16393,samsunginternet_android
F16394,firefox
F16394,firefox_android
F16395,firefox_android
F16395,oculus
F16396,firefox
F16397,safari
F16398,opera
F16398,opera_android
F16399,firefox
F16400,edge
F16400,firefox_android
F16403,firefox
F16403,firefox_android
F16404,safari
F16404,safari_ios
F16405,chrome_android
F16405,edge
F16406,edge
F16408,chrome
F16409,safari
F16409,safari_ios
F16409,webview_ios
F16411,firefox_android
F16411,oculus
F16412,safari
F16412,safari_ios
F16414,webview_android
F16415,oculus
F16416,firefox_android
F16417,chrome
F16417,samsunginternet_android
F16419,safari
F16419,safari_ios
F16419,webview_ios
F16420,firefox_android
F16421,safari_ios
F16422,chrome_android
F16422,edge
F16423,firefox_android
F16423,opera_android
F16424,chrome
F16424,chrome_android
F16425,opera_android
F16426,chrome
F16429,safari
F16430,edge
F16430,firefox_android
F16432,safari
F16432,safari_ios
F16432,webview_ios
F16433,safari
F16433,safari_ios
F16433,webview_ios
F16434,safari
F16434,safari_ios
F16435,samsunginternet_android
F16435,webview_ios
F16436,firefox
F16436,firefox_android
F16437,chrome
F16437,oculus
F16438,firefox
F16438,firefox_android
F16439,safari
F16439,safari_ios
F16439,webview_ios
F16440,firefox
F16441,safari
F16441,safari_ios
F16441,webview_ios
F16446,firefox
F16448,chrome_android
F16448,safari
F16449,safari
F16449,safari_ios
F16449,webview_ios
F16451,opera
F16453,firefox
F16455,chrome
F16455,samsunginternet_android
F16456,safari
F16456,safari_ios
F16457,safari
F16458,safari
F16458,safari_ios
F16458,webview_ios
F16459,safari_ios
F16460,safari
F16460,webview_ios
F16461,safari
F16461,safari_ios
F16461,webview_ios
F16462,safari
F16462,safari_ios
F16462,webview_ios
F16463,firefox_android
F16464,safari
F16465,samsunginternet_android
F16465,webview_ios
F16466,chrome_android
F16466,safari_ios
F16470,safari
F16471,oculus
F16472,firefox
F16474,chrome
F16474,opera_android
F16475,edge
F16476,firefox
F16477,safari
F16478,safari
F16478,safari_ios
F16478,webview_ios
F16482,safari
F16482,safari_ios
F16482,webview_ios
F16483,safari
F16483,safari_ios
F16483,webview_ios
F16484,safari
F16484,safari_ios
F16484,webview_ios
F16485,samsunginternet_android
F16487,firefox
F16488,samsunginternet_android
F16489,firefox
F16490,chrome
F16490,opera_android
F16491,safari
F16493,safari
F16493,safari_ios
F16493,webview_ios
F16494,safari
F16494,safari_ios
F16494,webview_ios
F16495,safari
F16495,safari_ios
F16495,webview_ios
F16496,safari
F16496,safari_ios
F16496,webview_ios
F16497,safari
F16497,safari_ios
F16497,webview_ios
F16501,chrome
F16501,oculus
F16502,chrome_android
F16502,samsunginternet_android
F16503,firefox
F16504,chrome_android
F16505,webview_android
F16505,webview_ios
F16506,safari
F16506,safari_ios
F16506,webview_ios
F16507,safari
F16507,webview_ios
F16508,safari
F16508,safari_ios
F16508,webview_ios
F16510,webview_ios
F16511,safari
F16511,safari_ios
F16512,opera
F16514,safari
F16514,safari_ios
F16515,edge
F16515,firefox
F16516,chrome
F16516,webview_ios
F16517,safari
F16517,webview_ios
F16518,edge
F16519,chrome_android
F16519,firefox
F16520,firefox
F16521,safari
F16522,opera
F16524,opera_android
F16524,safari
F16525,safari
F16525,safari_ios
F16526,safari
F16526,safari_ios
F16526,webview_ios
F16529,chrome
F16529,edge
F16530,safari_ios
F16530,samsunginternet_android
F16531,chrome
F16532,safari
F16532,safari_ios
F16532,webview_ios
F16533,firefox
F16533,firefox_android
F16534,samsunginternet_android
F16535,safari
F16535,safari_ios
F16535,webview_ios
F16536,safari
F16536,safari_ios
F16537,chrome_android
F16537,safari_ios
F16538,safari
F16538,webview_android
F16539,safari
F16539,webview_ios
F16540,firefox
F16540,opera_android
F16541,safari
F16541,safari_ios
F16542,chrome
F16542,samsunginternet_android
F16543,safari
F16543,webview_ios
F16544,webview_android
F16546,safari
F16546,webview_ios
F16553,firefox_android
F16554,safari
F16554,safari_ios
F16554,webview_ios
F16555,chrome
F16555,oculus
F16556,opera
F16558,chrome
F16558,opera_android
F16559,opera
F16559,opera_android
F16561,safari
F16561,webview_ios
F16562,safari
F16562,safari_ios
F16562,webview_ios
F16563,oculus
F16564,edge
F16564,webview_ios
F16565,safari_ios
F16566,firefox
F16566,firefox_android
F16568,safari
F16568,safari_ios
F16568,webview_ios
F16569,firefox
F16572,firefox
F16572,webview_android
F16574,firefox
F16575,safari
F16575,safari_ios
F16575,webview_ios
F16576,firefox
F16576,opera
F16579,safari
F16580,firefox
F16581,safari
F16581,safari_ios
F16581,webview_ios
F16582,opera_android
F16582,webview_android
F16583,chrome
F16584,firefox_android
F16584,webview_ios
F16585,samsunginternet_android
F16586,edge
F16587,safari
F16587,safari_ios
F16588,webview_android
F16589,safari
F16589,safari_ios
F16589,webview_ios
F16590,safari
F16590,safari_ios
F16590,webview_ios
F16591,safari
F16591,safari_ios
F16591,webview_ios
F16592,edge
F16592,oculus
F16596,firefox
F16596,samsunginternet_android
F16599,safari
F16599,webview_ios
F16600,safari
F16600,safari_ios
F16600,webview_ios
F16601,safari
F16601,safari_ios
F16601,webview_ios
F16602,safari
F16602,webview_ios
F16604,safari
F16604,webview_ios
F16605,edge
F16606,firefox
F16607,opera_android
F16607,samsunginternet_android
F16608,oculus
F16609,samsunginternet_android
F16609,webview_ios
F16610,oculus
F16610,samsunginternet_android
F16611,oculus
F16611,opera_android
F16613,safari
F16613,safari_ios
F16613,webview_ios
F16614,firefox
F16618,safari
F16618,safari_ios
F16620,chrome
F16621,firefox_android
F16622,firefox_android
F16623,safari
F16623,webview_ios
F16625,safari
F16625,webview_ios
F16626,chrome
F16626,samsunginternet_android
F16627,safari
F16627,safari_ios
F16627,webview_ios
F16628,safari_ios
F16629,chrome
F16629,webview_android
F16630,firefox
F16631,webview_android
F16632,oculus
F16633,safari
F16633,safari_ios
F16633,webview_ios
F16634,firefox
F16634,firefox_android
F16636,chrome_android
F16637,chrome
F16637,webview_android
F16639,firefox
F16640,chrome
F16640,webview_android
F16641,safari
F16641,webview_ios
F16644,safari
F16644,safari_ios
F16644,webview_ios
F16645,samsunginternet_android
F16646,safari
F16646,webview_ios
F16647,chrome_android
F16647,oculus
F16648,safari_ios
F16650,safari
F16651,edge
F16651,firefox
F16652,safari
F16653,firefox
F16654,safari
F16654,webview_ios
F16657,safari
F16657,safari_ios
F16657,webview_ios
F16658,safari
F16659,oculus
F16660,safari
F16660,safari_ios
F16660,webview_ios
F16662,safari
F16662,safari_ios
F16663,chrome
F16663,samsunginternet_android
F16664,oculus
F16667,opera_android
F16667,safari
F16668,chrome
F16669,safari
F16670,oculus
F16671,safari_ios
F16672,chrome
F16672,opera_android
F16673,safari
F16673,safari_ios
F16673,webview_ios
F16674,firefox
F16675,safari
F16675,safari_ios
F16675,webview_ios
F16676,chrome
F16676,chrome_android
F16677,safari
F16677,safari_ios
F16677,webview_ios
F16679,safari
F16679,safari_ios
F16679,webview_ios
F16680,safari
F16680,safari_ios
F16680,webview_ios
F16681,safari
F16682,safari
F16682,webview_ios
F16683,chrome
F16683,chrome_android
F16684,chrome
F16686,firefox_android
F16687,opera_android
F16691,chrome
F16691,firefox_android
F16693,safari
F16693,webview_ios
F16694,chrome
F16694,samsunginternet_android
F16696,safari
F16696,safari_ios
F16698,firefox
F16701,firefox
F16701,firefox_android
F16703,firefox
F16703,firefox_android
F16704,chrome
F16704,opera
F16705,safari
F16705,safari_ios
F16705,webview_ios
F16706,safari
F16706,safari_ios
F16706,webview_ios
F16709,chrome
F16709,webview_ios
F16711,safari
F16711,safari_ios
F16711,webview_ios
F16712,safari
F16712,safari_ios
F16713,firefox
F16713,safari_ios
F16714,safari
F16714,safari_ios
F16714,webview_ios
F16715,webview_ios
F16716,safari
F16720,safari
F16720,safari_ios
F16720,webview_ios
F16721,chrome
F16722,firefox
F16722,firefox_android
F16723,chrome_android
F16724,opera
F16726,firefox
F16726,firefox_android
F16728,safari
F16728,safari_ios
F16728,webview_ios
F16729,chrome
F16729,chrome_android
F16730,safari
F16731,chrome
F16733,chrome
F16733,webview_android
F16734,safari
F16735,safari
F16735,safari_ios
F16736,chrome
F16736,edge
F16737,safari_ios
F16738,firefox
F16738,firefox_android
F16739,firefox
F16739,samsunginternet_android
F16740,firefox
F16740,firefox_android
F16741,firefox
F16742,opera
F16742,safari
F16743,chrome_android
F16743,safari
F16744,chrome_android
F16745,safari
F16745,safari_ios
F16745,webview_ios
F16746,firefox
F16746,firefox_android
F16747,firefox
F16747,firefox_android
F16748,safari
F16748,safari_ios
F16748,webview_ios
F16749,safari
F16749,safari_ios
F16750,firefox_android
F16752,opera
F16753,firefox
F16753,firefox_android
F16754,opera
F16755,firefox
F16757,safari
F16757,safari_ios
F16757,webview_ios
F16758,webview_android
F16759,safari
F16760,safari
F16760,safari_ios
F16760,webview_ios
F16762,safari
F16764,chrome
F16764,firefox
F16765,samsunginternet_android
F16767,safari
F16767,safari_ios
F16767,webview_ios
F16768,webview_android
F16769,chrome
F16770,safari
F16770,safari_ios
F16772,chrome
F16772,firefox
F16773,chrome
F16773,samsunginternet_android
F16774,chrome_android
F16775,firefox
F16775,safari_ios
F16776,firefox
F16777,edge
F16778,safari_ios
F16779,firefox
F16779,firefox_android
F16780,samsunginternet_android
F16781,opera_android
F16782,webview_ios
F16784,safari
F16784,webview_ios
F16785,chrome_android
F16785,oculus
F16786,safari
F16787,safari
F16788,chrome
F16788,opera_android
F16789,firefox
F16790,safari
F16790,safari_ios
F16790,webview_ios
F16792,safari
F16792,safari_ios
F16793,firefox
F16793,firefox_android
F16794,chrome
F16794,safari
F16795,webview_ios
F16796,firefox
F16796,safari_ios
F16797,edge
F16798,safari
F16798,safari_ios
F16798,webview_ios
F16799,safari
F16799,safari_ios
F16799,webview_ios
F16800,opera
F16802,oculus
F16803,edge
F16804,firefox
F16804,firefox_android
F16805,safari
F16805,safari_ios
F16805,webview_ios
F16806,edge
F16810,samsunginternet_android
F16812,firefox
F16812,opera_android
F16814,firefox
F16814,webview_android
F16815,firefox
F16815,firefox_android
F16816,chrome
F16816,edge
F16817,firefox_android
F16817,webview_ios
F16819,safari
F16819,safari_ios
F16819,webview_ios
F16821,samsunginternet_android
F16822,safari
F16825,firefox
F16826,oculus
F16826,safari
F16827,firefox
F16827,firefox_android
F16828,safari
F16828,safari_ios
F16831,chrome
F16831,edge
F16832,webview_android
F16834,safari_ios
F16835,firefox
F16836,firefox
F16838,chrome
F16838,chrome_android
F16840,firefox
F16840,firefox_android
F16841,safari
F16841,safari_ios
F16842,chrome_android
F16843,safari
F16843,safari_ios
F16843,webview_ios
F16845,edge
F16845,opera
F16846,safari
F16846,safari_ios
F16846,webview_ios
F16848,edge
F16849,firefox
F16850,chrome_android
F16851,firefox
F16852,safari
F16852,safari_ios
F16852,webview_ios
F16853,firefox
F16854,chrome
F16854,opera
F16855,safari
F16855,safari_ios
F16855,webview_ios
F16857,oculus
F16858,opera_android
F16859,chrome
F16860,safari
F16860,samsunginternet_android
F16862,chrome
F16862,oculus
F16863,oculus
F16865,firefox
F16865,firefox_android
F16866,firefox
F16866,opera_android
F16867,safari
F16868,safari
F16868,safari_ios
F16868,webview_ios
F16869,safari
F16869,safari_ios
F16869,webview_ios
F16870,chrome
F16871,webview_android
F16872,opera
F16872,safari_ios
F16873,chrome
F16874,firefox_android
F16876,opera
F16877,chrome
F16878,chrome
F16879,chrome_android
F16879,oculus
F16881,safari
F16882,firefox
F16882,firefox_android
F16884,edge
F16885,firefox_android
F16885,opera_android
F16886,opera
F16886,opera_android
F16887,firefox_android
F16887,webview_ios
F16889,safari
F16889,safari_ios
F16889,webview_ios
F16890,safari
F16890,safari_ios
F16891,firefox
F16891,firefox_android
F16892,opera
F16892,safari_ios
F16893,chrome
F16894,safari
F16894,safari_ios
F16894,webview_ios
F16895,firefox
F16895,firefox_android
F16896,safari
F16898,samsunginternet_android
F16899,firefox
F16900,safari
F16900,safari_ios
F16900,webview_ios
F16901,firefox_android
F16903,safari
F16903,safari_ios
F16903,webview_ios
F16904,opera_android
F16904,samsunginternet_android
F16905,safari
F16905,safari_ios
F16905,webview_ios
F16907,firefox_android
F16908,chrome
F16908,webview_android
F16909,safari_ios
F16909,webview_android
F16910,chrome_android
F16910,safari
F16912,safari
F16913,chrome
F16913,chrome_android
F16914,chrome_android
F16914,safari
F16916,safari
F16916,safari_ios
F16916,webview_ios
F16917,chrome
F16917,samsunginternet_android
F16919,opera
F16920,samsunginternet_android
F16921,chrome_android
F16921,oculus
F16922,safari
F16922,webview_ios
F16923,chrome
F16924,safari
F16924,safari_ios
F16924,webview_ios
F16926,samsunginternet_android
F16926,webview_android
F16927,safari
F16927,safari_ios
F16927,webview_ios
F16928,firefox
F16928,firefox_android
F16929,safari
F16931,firefox
F16931,firefox_android
F16932,safari
F16932,safari_ios
F16933,chrome
F16935,firefox
F16935,firefox_android
F16936,safari
F16936,safari_ios
F16936,webview_ios
F16937,firefox
F16938,firefox
F16939,firefox_android
F16939,oculus
F16940,firefox
F16941,chrome
F16941,webview_android
F16942,webview_android
F16943,safari
F16943,safari_ios
F16944,webview_ios
F16946,firefox
F16947,oculus
F16947,opera_android
F16948,safari
F16948,safari_ios
F16948,webview_ios
F16950,safari
F16950,safari_ios
F16950,webview_ios
F16951,safari
F16951,safari_ios
F16951,webview_ios
F16953,opera_android
F16953,webview_ios
F16954,edge
F16954,safari_ios
F16955,chrome_android
F16955,safari
F16957,opera_android
F16957,safari_ios
F16958,safari
F16958,webview_ios
F16959,safari
F16959,safari_ios
F16959,webview_ios
F16960,safari
F16960,safari_ios
F16960,webview_ios
F16961,safari
F16961,webview_ios
F16962,chrome
F16962,opera_android
F16963,safari
F16964,edge
F16965,safari
F16965,safari_ios
F16965,webview_ios
F16966,safari
F16966,safari_ios
F16966,webview_ios
F16967,safari
F16967,safari_ios
F16968,safari
F16971,firefox
F16971,firefox_android
F16972,webview_android
F16973,firefox
F16974,edge
F16974,safari_ios
F16976,firefox
F16976,firefox_android
F16978,chrome_android
F16978,opera_android
F16979,firefox
F16980,safari
F16980,safari_ios
F16980,webview_ios
F16981,safari
F16981,safari_ios
F16981,webview_ios
F16983,chrome
F16983,samsunginternet_android
F16985,opera_android
F16986,firefox
F16988,safari
F16988,safari_ios
F16988,webview_ios
F16989,safari
F16989,safari_ios
F16990,oculus
F16991,chrome
F16991,webview_android
F16992,safari
F16992,safari_ios
F16992,webview_ios
F16994,safari_ios
F16995,chrome
F16996,opera_android
F16996,webview_ios
F16997,webview_android
F16997,webview_ios
F16998,opera_android
F16999,safari
F16999,webview_ios
F17000,safari
F17000,safari_ios
F17000,webview_ios
F17001,webview_android
F17002,chrome_android
F17002,samsunginternet_android
F17003,firefox
F17003,firefox_android
F17004,firefox_android
F17004,webview_android
F17006,samsunginternet_android
F17008,webview_android
F17009,safari
F17009,safari_ios
F17009,webview_ios
F17010,chrome
F17010,samsunginternet_android
F17011,safari
F17011,safari_ios
F17011,webview_ios
F17012,safari_ios
F17013,safari
F17014,firefox_android
F17017,safari
F17017,webview_android
F17018,chrome
F17019,chrome
F17019,samsunginternet_android
F17020,webview_ios
F17022,firefox
F17022,firefox_android
F17023,chrome
F17024,safari
F17024,safari_ios
F17024,webview_ios
F17026,opera_android
F17028,chrome
F17029,chrome
F17029,chrome_android
F17030,chrome
F17030,webview_android
F17031,safari
F17031,webview_ios
F17033,firefox
F17034,edge
F17035,firefox
F17035,safari
F17036,edge
F17036,opera
F17038,safari
F17038,safari_ios
F17038,webview_ios
F17039,safari
F17039,safari_ios
F17040,firefox
F17042,safari
F17044,edge
F17044,opera
F17045,chrome
F17046,safari
F17046,safari_ios
F17046,webview_ios
F17047,safari
F17047,safari_ios
F17048,firefox
F17048,safari_ios
F17049,safari
F17049,safari_ios
F17049,webview_ios
F17050,safari
F17050,safari_ios
F17050,webview_ios
F17051,firefox
F17052,chrome
F17052,edge
F17053,safari_ios
F17054,chrome
F17057,firefox
F17057,firefox_android
F17059,chrome
F17059,samsunginternet_android
F17060,safari
F17060,safari_ios
F17060,webview_ios
F17061,edge
F17061,safari
F17062,safari
F17062,safari_ios
F17062,webview_ios
F17064,safari
F17064,safari_ios
F17064,webview_ios
F17066,safari_ios
F17066,samsunginternet_android
F17067,chrome
F17067,webview_android
F17068,edge
F17068,firefox_android
F17069,chrome_android
F17069,firefox
F17070,safari
F17070,safari_ios
F17070,webview_ios
F17071,firefox
F17071,firefox_android
F17073,chrome_android
F17073,opera
F17075,safari
F17075,safari_ios
F17075,webview_ios
F17076,firefox_android
F17078,webview_ios
F17079,chrome
F17079,edge
F17080,chrome
F17081,safari
F17081,webview_android
F17082,firefox
F17082,firefox_android
F17083,chrome
F17083,firefox
F17084,safari
F17084,safari_ios
F17084,webview_ios
F17085,firefox_android
F17087,safari
F17087,safari_ios
F17088,chrome
F17089,chrome
F17089,edge
F17091,safari
F17091,safari_ios
F17091,webview_ios
F17092,chrome_android
F17094,webview_android
F17095,firefox
F17095,firefox_android
F17096,safari
F17096,safari_ios
F17097,safari
F17097,safari_ios
F17097,webview_ios
F17098,safari
F17098,safari_ios
F17098,webview_ios
F17099,safari
F17099,safari_ios
F17099,webview_ios
F17100,oculus
F17100,safari
F17101,safari
F17101,safari_ios
F17101,webview_ios
F17102,chrome
F17103,firefox
F17106,chrome_android
F17107,safari
F17108,safari
F17110,chrome_android
F17111,chrome
F17111,opera_android
F17112,safari
F17112,safari_ios
F17112,webview_ios
F17114,safari
F17116,webview_android
F17117,safari
F17117,safari_ios
F17117,webview_ios
F17118,safari
F17118,webview_ios
F17119,firefox
F17120,safari
F17120,safari_ios
F17120,webview_ios
F17121,chrome_android
F17121,opera_android
F17123,edge
F17124,firefox
F17124,opera_android
F17125,oculus
F17126,firefox
F17126,opera
F17127,chrome
F17127,chrome_android
F17128,safari_ios
F17129,safari
F17130,edge
F17130,samsunginternet_android
F17131,safari
F17131,safari_ios
F17131,webview_ios
F17132,edge
F17133,safari_ios
F17134,safari
F17134,safari_ios
F17135,chrome_android
F17135,opera_android
F17136,chrome
F17136,opera_android
F17138,firefox
F17139,chrome_android
F17140,opera
F17141,chrome
F17141,opera
F17142,firefox
F17142,opera_android
F17143,firefox_android
F17143,oculus
F17144,firefox
F17144,firefox_android
F17145,opera
F17145,opera_android
F17146,chrome
F17146,webview_android
F17147,firefox
F17147,firefox_android
F17149,safari
F17149,safari_ios
F17149,webview_ios
F17150,chrome
F17150,oculus
F17151,firefox
F17151,firefox_android
F17152,safari
F17152,safari_ios
F17152,webview_ios
F17153,webview_android
F17154,firefox_android
F17154,opera
F17155,safari
F17155,safari_ios
F17155,webview_ios
F17156,safari
F17156,safari_ios
F17156,webview_ios
F17158,chrome
F17159,safari
F17159,safari_ios
F17159,webview_ios
F17160,opera
F17161,chrome_android
F17161,safari_ios
F17162,opera_android
F17162,webview_android
F17163,safari
F17163,safari_ios
F17163,webview_ios
F17165,safari
F17165,safari_ios
F17165,webview_ios
F17167,chrome
F17170,chrome_android
F17170,firefox_android
F17171,safari
F17171,safari_ios
F17171,webview_ios
F17172,firefox
F17173,opera
F17174,chrome_android
F17174,opera
F17177,safari
F17177,safari_ios
F17177,webview_ios
F17178,chrome
F17178,opera
F17179,firefox
F17182,safari
F17182,safari_ios
F17182,webview_ios
F17183,chrome
F17183,opera_android
F17184,chrome
F17184,safari
F17185,safari
F17185,safari_ios
F17185,webview_ios
F17188,edge
F17189,safari
F17189,safari_ios
F17191,opera
F17193,safari
F17193,safari_ios
F17193,webview_ios
F17194,safari
F17195,chrome
F17195,samsunginternet_android
F17197,firefox_android
F17197,webview_ios
F17198,samsunginternet_android
F17200,safari
F17200,safari_ios
F17202,webview_ios
F17203,chrome
F17204,edge
F17205,safari
F17205,safari_ios
F17206,webview_ios
F17207,edge
F17208,safari
F17208,safari_ios
F17208,webview_ios
F17211,firefox
F17211,firefox_android
F17213,oculus
F17213,opera_android
F17215,safari
F17215,webview_ios
F17218,opera
F17218,opera_android
F17219,safari
F17219,safari_ios
F17219,webview_ios
F17220,samsunginternet_android
F17221,safari
F17221,safari_ios
F17221,webview_ios
F17222,chrome
F17222,oculus
F17223,firefox_android
F17223,samsunginternet_android
F17224,opera
F17224,webview_ios
F17225,firefox
F17225,firefox_android
F17227,chrome
F17227,edge
F17228,safari
F17228,webview_ios
F17230,chrome
F17230,oculus
F17231,webview_android
F17232,firefox_android
F17233,firefox
F17234,chrome
F17235,firefox
F17236,firefox
F17236,opera
F17238,safari
F17238,safari_ios
F17238,webview_ios
F17239,opera
F17239,safari
F17240,opera
F17241,firefox
F17241,firefox_android
F17242,safari
F17243,firefox
F17244,safari
F17244,safari_ios
F17244,webview_ios
F17246,opera_android
F17247,safari
F17247,safari_ios
F17247,webview_ios
F17248,opera
F17249,opera
F17250,safari
F17250,safari_ios
F17250,webview_ios
F17251,safari
F17251,safari_ios
F17252,webview_android
F17253,oculus
F17254,safari
F17255,firefox
F17255,firefox_android
F17258,safari
F17258,safari_ios
F17258,webview_ios
F17259,chrome
F17259,chrome_android
F17260,firefox
F17260,firefox_android
F17261,oculus
F17262,safari
F17262,safari_ios
F17262,webview_ios
F17263,opera
F17264,firefox
F17264,firefox_android
F17265,webview_ios
F17266,opera
F17268,firefox
F17269,firefox_android
F17270,safari
F17270,safari_ios
F17270,webview_ios
F17272,chrome
F17272,chrome_android
F17273,chrome
F17273,opera_android
F17274,chrome
F17275,safari
F17275,safari_ios
F17275,webview_ios
F17276,firefox
F17277,webview_ios
F17278,chrome
F17278,edge
F17279,chrome
F17279,safari
F17280,safari
F17280,safari_ios
F17280,webview_ios
F17281,webview_ios
F17282,safari
F17282,safari_ios
F17283,chrome
F17284,opera_android
F17284,webview_android
F17285,firefox_android
F17285,safari_ios
F17286,safari
F17286,safari_ios
F17286,webview_ios
F17287,firefox
F17290,safari
F17290,safari_ios
F17291,safari
F17291,safari_ios
F17294,safari
F17294,safari_ios
F17294,webview_ios
F17295,safari
F17296,chrome
F17297,firefox
F17297,firefox_android
F17299,safari
F17299,safari_ios
F17300,chrome
F17301,edge
F17301,opera_android
F17302,chrome
F17303,firefox
F17305,firefox
F17306,oculus
F17307,safari
F17307,safari_ios
F17307,webview_ios
F17308,safari
F17308,webview_ios
F17310,chrome_android
F17311,safari
F17311,safari_ios
F17311,webview_ios
F17312,webview_ios
F17313,chrome
F17316,webview_ios
F17317,chrome_android
F17318,safari
F17318,safari_ios
F17318,webview_ios
F17319,safari
F17320,chrome_android
F17320,samsunginternet_android
F17321,firefox
F17321,firefox_android
F17322,samsunginternet_android
F17324,opera
F17324,safari
F17325,firefox
F17325,firefox_android
F17326,safari
F17326,safari_ios
F17327,chrome
F17328,safari
F17328,safari_ios
F17330,firefox
F17330,webview_ios
F17331,webview_ios
F17332,opera
F17332,webview_ios
F17333,safari
F17333,safari_ios
F17333,webview_ios
F17334,safari
F17334,safari_ios
F17334,webview_ios
F17336,chrome_android
F17336,edge
F17337,edge
F17338,safari
F17339,opera
F17340,safari
F17341,safari
F17341,safari_ios
F17341,webview_ios
F17342,safari
F17342,safari_ios
F17342,webview_ios
F17343,safari
F17343,safari_ios
F17343,webview_ios
F17344,safari
F17344,safari_ios
F17344,webview_ios
F17345,firefox
F17347,webview_ios
F17348,chrome
F17348,opera
F17349,safari
F17349,safari_ios
F17349,webview_ios
F17350,chrome_android
F17350,samsunginternet_android
F17351,chrome
F17352,oculus
F17352,samsunginternet_android
F17355,firefox
F17355,firefox_android
F17356,opera
F17357,opera
F17358,chrome
F17358,chrome_android
F17359,oculus
F17361,oculus
F17361,webview_ios
F17362,firefox
F17362,firefox_android
F17364,opera_android
F17365,oculus
F17366,chrome
F17366,samsunginternet_android
F17367,safari
F17367,safari_ios
F17367,webview_ios
F17368,chrome
F17368,webview_android
F17372,edge
F17373,safari_ios
F17373,webview_android
F17374,safari
F17375,chrome_android
F17376,safari
F17376,webview_ios
F17377,webview_ios
F17378,chrome
F17378,chrome_android
F17379,firefox
F17380,opera_android
F17380,webview_ios
F17381,safari_ios
F17382,safari
F17382,safari_ios
F17383,firefox_android
F17383,samsunginternet_android
F17384,safari
F17384,safari_ios
F17384,webview_ios
F17385,edge
F17386,opera
F17386,webview_android
F17387,safari_ios
F17388,safari
F17388,safari_ios
F17388,webview_ios
F17389,oculus
F17389,safari
F17391,chrome
F17392,safari
F17392,safari_ios
F17392,webview_ios
F17393,safari
F17393,safari_ios
F17393,webview_ios
F17394,webview_ios
F17395,edge
F17396,opera
F17397,firefox
F17397,opera
F17398,firefox
F17400,chrome
F17400,oculus
F17403,chrome
F17403,safari
F17406,edge
F17407,safari
F17407,safari_ios
F17407,webview_ios
F17408,firefox
F17408,firefox_android
F17409,chrome
F17411,samsunginternet_android
F17414,safari
F17414,safari_ios
F17414,webview_ios
F17415,safari
F17415,safari_ios
F17415,webview_ios
F17416,chrome
F17417,firefox_android
F17418,safari
F17418,safari_ios
F17418,webview_ios
F17419,safari
F17419,safari_ios
F17419,webview_ios
F17420,chrome_android
F17420,safari
F17421,opera_android
F17421,safari_ios
F17422,safari
F17422,webview_ios
F17423,safari
F17423,webview_ios
F17424,chrome
F17425,oculus
F17425,webview_android
F17427,firefox_android
F17427,webview_android
F17428,opera_android
F17429,firefox_android
F17429,safari_ios
F17430,firefox
F17431,safari
F17432,chrome
F17432,webview_android
F17434,opera_android
F17434,webview_android
F17435,webview_android
F17435,webview_ios
F17436,safari_ios
F17437,chrome
F17438,safari
F17438,webview_ios
F17439,safari
F17439,safari_ios
F17439,webview_ios
F17440,safari
F17441,safari
F17441,safari_ios
F17441,webview_ios
F17442,safari
F17443,firefox
F17443,firefox_android
F17444,firefox
F17446,firefox
F17446,firefox_android
F17447,firefox
F17450,safari
F17450,safari_ios
F17450,webview_ios
F17451,chrome
F17451,opera
F17452,safari
F17452,safari_ios
F17452,webview_ios
F17453,safari
F17453,safari_ios
F17453,webview_ios
F17454,firefox_android
F17454,safari_ios
F17455,chrome
F17457,safari
F17457,safari_ios
F17457,webview_ios
F17458,chrome_android
F17458,opera_android
F17459,safari
F17459,safari_ios
F17459,webview_ios
F17460,safari
F17464,firefox
F17464,firefox_android
F17468,firefox
F17469,safari
F17469,safari_ios
F17469,webview_ios
F17470,firefox
F17471,edge
F17472,firefox
F17473,chrome
F17474,chrome
F17475,edge
F17476,firefox
F17477,chrome
F17477,chrome_android
F17478,safari
F17478,safari_ios
F17479,chrome
F17479,edge
F17483,firefox
F17483,firefox_android
F17484,oculus
F17485,safari
F17485,webview_ios
F17489,safari
F17489,safari_ios
F17489,webview_ios
F17490,safari
F17490,safari_ios
F17490,webview_ios
F17492,safari
F17492,safari_ios
F17492,webview_ios
F17493,safari
F17493,webview_ios
F17494,firefox_android
F17496,webview_ios
F17497,opera_android
F17497,webview_ios
F17499,safari
F17499,safari_ios
F17500,safari
F17500,safari_ios
F17500,webview_ios
F17501,safari
F17502,opera
F17502,samsunginternet_android
F17503,safari
F17503,safari_ios
F17503,webview_ios
F17504,firefox_android
F17504,safari
F17505,firefox
F17505,firefox_android
F17506,oculus
F17506,safari_ios
F17507,safari
F17507,safari_ios
F17507,webview_ios
F17508,safari_ios
F17509,safari
F17510,safari
F17510,safari_ios
F17510,webview_ios
F17511,chrome
F17511,chrome_android
F17512,chrome
F17512,edge
F17513,safari
F17513,safari_ios
F17513,webview_ios
F17514,safari
F17514,safari_ios
F17514,webview_ios
F17515,safari
F17515,safari_ios
F17515,webview_ios
F17516,firefox_android
F17517,firefox
F17518,chrome_android
F17519,firefox_android
F17520,firefox
F17520,firefox_android
F17521,firefox
F17521,firefox_android
F17522,firefox_android
F17523,safari
F17523,safari_ios
F17523,webview_ios
F17524,opera
F17525,safari
F17525,safari_ios
F17525,webview_ios
F17527,safari
F17527,safari_ios
F17528,safari
F17528,webview_ios
F17529,firefox
F17530,chrome_android
F17530,oculus
F17531,chrome_android
F17532,chrome
F17532,opera_android
F17533,chrome_android
F17533,oculus
F17535,safari
F17536,opera
F17537,firefox
F17537,firefox_android
F17538,chrome
F17538,firefox
F17540,chrome
F17541,chrome
F17542,safari
F17542,safari_ios
F17542,webview_ios
F17543,firefox_android
F17543,webview_ios
F17544,webview_ios
F17545,safari
F17545,safari_ios
F17545,webview_ios
F17547,chrome
F17548,webview_android
F17548,webview_ios
F17549,firefox
F17549,firefox_android
F17550,opera
F17550,webview_android
F17552,safari
F17553,opera
F17554,chrome
F17556,safari
F17556,safari_ios
F17556,webview_ios
F17557,safari
F17557,safari_ios
F17557,webview_ios
F17559,webview_ios
F17560,safari
F17560,safari_ios
F17560,webview_ios
F17561,safari
F17561,safari_ios
F17561,webview_ios
F17563,firefox
F17564,firefox
F17564,oculus
F17566,firefox
F17567,firefox
F17567,firefox_android
F17571,safari
F17571,safari_ios
F17571,webview_ios
F17572,edge
F17572,samsunginternet_android
F17573,safari
F17573,safari_ios
F17573,webview_ios
F17574,firefox
F17574,firefox_android
F17576,safari
F17576,safari_ios
F17576,webview_ios
F17577,safari
F17578,samsunginternet_android
F17579,firefox
F17580,chrome
F17580,opera_android
F17581,oculus
F17582,firefox
F17582,firefox_android
F17583,chrome
F17583,chrome_android
F17584,opera_android
F17586,firefox
F17586,firefox_android
F17588,firefox_android
F17589,firefox_android
F17589,safari
F17590,oculus
F17592,safari
F17592,safari_ios
F17592,webview_ios
F17594,firefox
F17595,oculus
F17595,opera
F17596,firefox
F17596,firefox_android
F17597,safari
F17597,safari_ios
F17597,webview_ios
F17599,firefox_android
F17599,opera_android
F17600,chrome
F17601,safari
F17601,safari_ios
F17601,webview_ios
F17603,firefox
F17604,firefox
F17605,chrome_android
F17605,opera
F17606,safari
F17606,safari_ios
F17606,webview_ios
F17607,edge
F17607,opera_android
F17608,chrome
F17609,safari
F17609,safari_ios
F17609,webview_ios
F17610,webview_android
F17611,firefox
F17611,firefox_android
F17612,safari
F17612,safari_ios
F17612,webview_ios
F17613,safari
F17613,safari_ios
F17613,webview_ios
F17614,chrome
F17615,firefox
F17616,firefox
F17617,firefox
F17619,firefox
F17619,webview_android
F17624,safari
F17625,opera_android
F17626,firefox
F17626,firefox_android
F17628,firefox
F17628,firefox_android
F17629,webview_android
F17630,firefox
F17630,firefox_android
F17631,webview_android
F17633,opera
F17634,safari
F17634,safari_ios
F17635,firefox
F17637,chrome
F17637,samsunginternet_android
F17638,safari
F17638,safari_ios
F17638,webview_ios
F17639,opera_android
F17640,opera_android
F17640,safari
F17641,samsunginternet_android
F17642,chrome
F17642,opera_android
F17643,safari
F17643,safari_ios
F17645,opera
F17645,safari
F17646,firefox
F17646,opera_android
F17647,webview_android
F17648,samsunginternet_android
F17649,webview_android
F17650,safari
F17650,safari_ios
F17650,webview_ios
F17651,chrome
F17652,safari
F17652,safari_ios
F17652,webview_ios
F17653,safari
F17653,safari_ios
F17654,safari
F17654,safari_ios
F17654,webview_ios
F17656,chrome_android
F17656,oculus
F17657,safari
F17657,safari_ios
F17657,webview_ios
F17659,firefox_android
F17659,safari_ios
F17660,safari
F17660,safari_ios
F17660,webview_ios
F17661,safari
F17661,webview_ios
F17662,firefox_android
F17663,opera_android
F17664,edge
F17665,safari
F17665,safari_ios
F17665,webview_ios
F17666,opera
F17668,oculus
F17669,firefox
F17669,firefox_android
F17670,safari
F17670,webview_ios
F17671,safari
F17672,firefox
F17672,firefox_android
F17673,safari
F17673,safari_ios
F17673,webview_ios
F17674,firefox
F17674,firefox_android
F17675,safari
F17676,chrome_android
F17677,firefox
F17677,firefox_android
F17678,safari
F17678,safari_ios
F17678,webview_ios
F17680,safari
F17680,safari_ios
F17680,webview_ios
F17682,webview_ios
F17683,safari
F17683,webview_ios
F17684,safari
F17686,opera_android
F17688,oculus
F17690,safari
F17690,safari_ios
F17692,firefox
F17694,firefox
F17695,chrome
F17695,chrome_android
F17696,chrome_android
F17697,oculus
F17698,chrome
F17698,chrome_android
F17699,edge
F17699,safari_ios
F17700,safari
F17700,safari_ios
F17700,webview_ios
F17701,firefox
F17701,firefox_android
F17702,firefox_android
F17704,firefox
F17705,chrome
F17707,edge
F17708,safari
F17708,safari_ios
F17708,webview_ios
F17711,safari
F17712,oculus
F17712,opera_android
F17713,safari_ios
F17715,chrome_android
F17716,chrome
F17717,chrome
F17717,samsunginternet_android
F17720,chrome
F17721,chrome_android
F17724,firefox
F17724,firefox_android
F17725,safari
F17725,safari_ios
F17725,webview_ios
F17727,safari
F17728,oculus
F17728,safari_ios
F17729,chrome
F17729,samsunginternet_android
F17730,chrome
F17732,safari
F17732,webview_ios
F17733,opera_android
F17733,samsunginternet_android
F17734,firefox
F17734,firefox_android
F17735,webview_android
F17736,chrome
F17738,samsunginternet_android
F17739,chrome_android
F17740,oculus
F17741,edge
F17741,safari
F17742,safari
F17742,safari_ios
F17742,webview_ios
F17745,safari
F17745,webview_android
F17746,opera_android
F17747,firefox
F17748,edge
F17748,safari
F17749,safari
F17751,safari
F17751,safari_ios
F17751,webview_ios
F17753,firefox
F17753,firefox_android
F17755,safari
F17755,webview_ios
F17756,safari
F17756,safari_ios
F17756,webview_ios
F17757,safari
F17757,safari_ios
F17757,webview_ios
F17758,edge
F17759,safari
F17759,safari_ios
F17759,webview_ios
F17762,firefox
F17765,safari
F17765,safari_ios
F17765,webview_ios
F17766,safari
F17769,firefox
F17770,samsunginternet_android
F17771,safari
F17771,safari_ios
F17771,webview_ios
F17773,firefox
F17775,chrome_android
F17775,safari_ios
F17777,firefox
F17778,safari
F17778,safari_ios
F17778,webview_ios
F17779,safari
F17780,chrome
F17780,chrome_android
F17781,safari
F17781,safari_ios
F17782,chrome
F17783,safari
F17783,safari_ios
F17783,webview_ios
F17784,safari
F17785,webview_ios
F17786,safari
F17786,safari_ios
F17788,safari
F17788,safari_ios
F17788,webview_ios
F17790,chrome
F17790,opera
F17792,chrome
F17792,edge
F17793,chrome_android
F17793,samsunginternet_android
F17794,safari
F17794,webview_ios
F17795,firefox
F17796,chrome
F17796,chrome_android
F17798,chrome_android
F17798,oculus
F17800,firefox_android
F17800,webview_android
F17801,opera
F17802,safari
F17802,safari_ios
F17802,webview_ios
F17803,safari
F17803,safari_ios
F17804,safari
F17805,chrome
F17806,safari
F17806,safari_ios
F17806,webview_ios
F17807,edge
F17807,opera_android
F17808,chrome
F17811,opera
F17811,safari_ios
F17812,edge
F17812,firefox_android
F17814,safari
F17814,safari_ios
F17814,webview_ios
F17815,firefox_android
F17816,firefox_android
F17817,firefox_android
F17818,firefox
F17818,firefox_android
F17819,oculus
F17819,webview_ios
F17820,safari
F17820,safari_ios
F17820,webview_ios
F17821,firefox_android
F17821,samsunginternet_android
F17822,safari
F17822,safari_ios
F17822,webview_ios
F17823,webview_android
F17823,webview_ios
F17824,firefox
F17824,firefox_android
F17826,safari
F17826,safari_ios
F17826,webview_ios
F17828,safari
F17828,safari_ios
F17828,webview_ios
F17830,chrome_android
F17830,opera_android
F17831,safari
F17831,safari_ios
F17831,webview_ios
F17832,safari
F17832,webview_ios
F17833,chrome
F17833,oculus
F17835,safari
F17836,safari
F17836,safari_ios
F17836,webview_ios
F17837,chrome
F17839,opera_android
F17842,safari
F17842,safari_ios
F17842,webview_ios
F17843,samsunginternet_android
F17844,webview_android
F17845,safari
F17845,safari_ios
F17845,webview_ios
F17846,firefox
F17846,firefox_android
F17847,safari
F17847,safari_ios
F17847,webview_ios
F17848,opera_android
F17848,safari_ios
F17850,safari
F17850,webview_android
F17851,chrome_android
F17851,safari_ios
F17852,firefox
F17853,chrome
F17854,webview_ios
F17855,chrome
F17855,oculus
F17856,chrome
F17857,safari
F17858,firefox_android
F17859,safari
F17859,safari_ios
F17859,webview_ios
F17860,webview_android
F17861,chrome_android
F17861,edge
F17862,safari
F17862,safari_ios
F17863,chrome
F17863,samsunginternet_android
F17864,firefox
F17866,webview_android
F17868,safari
F17868,safari_ios
F17868,webview_ios
F17870,safari
F17870,safari_ios
F17870,webview_ios
F17872,safari_ios
F17872,webview_android
F17874,chrome
F17875,chrome
F17875,oculus
F17877,firefox_android
F17878,firefox
F17878,firefox_android
F17879,firefox
F17879,firefox_android
F17880,opera_android
F17880,samsunginternet_android
F17882,safari
F17882,safari_ios
F17882,webview_ios
F17883,safari
F17883,safari_ios
F17883,webview_ios
F17884,safari
F17884,safari_ios
F17885,safari
F17885,safari_ios
F17885,webview_ios
F17886,safari
F17886,safari_ios
F17886,webview_ios
F17887,chrome
F17888,firefox
F17888,firefox_android
F17889,firefox
F17889,firefox_android
F17890,opera_android
F17890,webview_ios
F17891,webview_android
F17892,samsunginternet_android
F17893,safari
F17893,safari_ios
F17893,webview_ios
F17894,safari
F17894,safari_ios
F17894,webview_ios
F17895,firefox
F17896,firefox
F17898,firefox
F17898,firefox_android
F17902,firefox
F17902,oculus
F17904,opera_android
F17904,safari_ios
F17907,oculus
F17909,chrome_android
F17909,webview_ios
F17910,chrome
F17910,edge
F17911,chrome
F17911,firefox
F17912,edge
F17912,opera
F17913,safari
F17913,webview_android
F17914,safari
F17914,safari_ios
F17915,safari
F17917,safari
F17917,webview_ios
F17918,chrome
F17918,firefox
F17919,firefox
F17919,safari_ios
F17920,safari
F17920,safari_ios
F17921,safari
F17922,safari
F17922,safari_ios
F17922,webview_ios
F17923,chrome
F17923,oculus
F17924,safari
F17924,safari_ios
F17924,webview_ios
F17925,firefox_android
F17925,webview_ios
F17926,edge
F17926,opera
F17927,safari
F17927,samsunginternet_android
F17928,safari
F17928,webview_ios
F17929,safari
F17929,safari_ios
F17929,webview_ios
F17930,safari_ios
F17930,samsunginternet_android
F17931,safari
F17931,webview_ios
F17932,firefox
F17934,firefox
F17935,firefox
F17936,safari
F17937,safari
F17937,safari_ios
F17937,webview_ios
F17938,chrome
F17940,webview_ios
F17942,firefox
F17942,firefox_android
F17944,chrome
F17944,edge
F17945,webview_android
F17946,chrome
F17947,safari
F17948,chrome
F17948,webview_android
F17949,safari
F17949,webview_ios
F17950,safari
F17950,samsunginternet_android
F17951,edge
F17951,firefox
F17954,safari
F17956,webview_android
F17956,webview_ios
F17957,safari
F17958,firefox
F17959,safari_ios
F17959,webview_ios
F17960,samsunginternet_android
F17960,webview_ios
F17961,opera_android
F17961,safari
F17962,chrome_android
F17963,safari
F17963,safari_ios
F17963,webview_ios
F17964,safari
F17964,safari_ios
F17964,webview_ios
F17965,chrome
F17965,samsunginternet_android
F17966,oculus
F17966,opera
F17967,chrome
F17968,edge
F17968,oculus
F17969,safari
F17969,safari_ios
F17969,webview_ios
F17971,safari_ios
F17972,firefox
F17972,firefox_android
F17973,safari_ios
F17977,firefox_android
F17978,chrome
F17979,firefox
F17979,firefox_android
F17982,chrome
F17982,opera_android
F17983,samsunginternet_android
F17983,webview_android
F17984,chrome_android
F17984,firefox
F17985,chrome
F17986,safari
F17986,safari_ios
F17986,webview_ios
F17989,safari
F17989,safari_ios
F17989,webview_ios
F17990,firefox
F17990,firefox_android
F17991,edge
F17991,firefox
F17992,firefox_android
F17992,safari
F17994,safari
F17994,safari_ios
F17994,webview_ios
F17997,chrome
F17997,opera_android
F17998,safari
F17998,safari_ios
F17998,webview_ios
F17999,safari
F17999,safari_ios
F17999,webview_ios
F18000,firefox_android
F18000,webview_ios
F18002,firefox
F18003,safari
F18006,firefox
F18007,safari
F18007,safari_ios
F18008,firefox
F18009,chrome
F18009,oculus
F18010,firefox
F18011,safari
F18011,webview_ios
F18012,firefox
F18012,firefox_android
F18013,oculus
F18013,samsunginternet_android
F18014,safari
F18014,webview_android
F18015,chrome
F18015,opera_android
F18016,webview_android
F18018,safari
F18018,safari_ios
F18019,safari_ios
F18019,webview_android
F18020,chrome
F18020,opera_android
F18022,safari
F18022,safari_ios
F18022,webview_ios
F18023,firefox
F18023,firefox_android
F18024,edge
F18026,chrome
F18026,webview_android
F18027,chrome_android
F18028,opera_android
F18028,webview_ios
F18029,samsunginternet_android
F18032,safari
F18033,edge
F18033,firefox_android
F18034,edge
F18036,opera
F18037,firefox
F18037,firefox_android
F18038,firefox
F18039,opera
F18040,chrome
F18040,chrome_android
F18041,chrome
F18041,opera
F18042,safari
F18043,chrome_android
F18044,oculus
F18045,safari
F18046,safari_ios
F18047,safari
F18047,safari_ios
F18048,safari
F18048,webview_ios
F18049,chrome_android
F18049,webview_ios
F18050,safari
F18050,safari_ios
F18051,opera
F18051,webview_ios
F18052,safari
F18052,safari_ios
F18052,webview_ios
F18053,chrome
F18053,webview_android
F18054,safari
F18055,chrome
F18057,firefox
F18058,oculus
F18058,safari_ios
F18059,opera_android
F18059,safari_ios
F18060,firefox_android
F18061,safari
F18061,safari_ios
F18061,webview_ios
F18062,firefox_android
F18062,safari
F18063,edge
F18063,opera_android
F18064,oculus
F18064,opera_android
F18065,edge
F18065,webview_ios
F18066,safari
F18066,webview_ios
F18067,firefox
F18068,chrome_android
F18068,firefox
F18069,safari
F18070,safari_ios
F18071,oculus
F18072,chrome
F18072,opera_android
F18073,webview_ios
F18076,firefox
F18076,firefox_android
F18077,chrome
F18077,chrome_android
F18078,firefox_android
F18079,safari
F18079,safari_ios
F18079,webview_ios
F18080,firefox
F18081,chrome
F18082,safari
F18082,safari_ios
F18083,oculus
F18084,safari
F18084,safari_ios
F18084,webview_ios
F18085,safari
F18085,safari_ios
F18085,webview_ios
F18089,chrome
F18090,opera
F18091,firefox
F18093,edge
F18093,safari
F18094,oculus
F18095,oculus
F18096,safari
F18096,safari_ios
F18096,webview_ios
F18097,firefox_android
F18100,chrome
F18100,opera
F18101,safari
F18101,safari_ios
F18101,webview_ios
F18102,opera
F18102,safari
F18103,chrome
F18105,firefox
F18105,firefox_android
F18106,safari
F18106,safari_ios
F18106,webview_ios
F18108,firefox_android
F18109,safari
F18109,safari_ios
F18112,chrome
F18113,safari
F18113,safari_ios
F18113,webview_ios
F18114,safari
F18114,safari_ios
F18114,webview_ios
F18116,safari
F18116,safari_ios
F18116,webview_ios
F18117,chrome
F18118,safari
F18119,firefox
F18119,firefox_android
F18120,safari
F18120,safari_ios
F18120,webview_ios
F18123,safari
F18123,safari_ios
F18124,safari
F18125,chrome
F18125,safari_ios
F18127,safari
F18127,safari_ios
F18127,webview_ios
F18129,edge
F18130,safari
F18130,safari_ios
F18130,webview_ios
F18131,safari
F18131,safari_ios
F18131,webview_ios
F18132,safari
F18132,safari_ios
F18132,webview_ios
F18133,webview_android
F18134,firefox
F18134,opera_android
F18135,firefox
F18135,firefox_android
F18136,opera
F18137,webview_ios
F18139,safari
F18139,safari_ios
F18139,webview_ios
F18140,chrome
F18141,safari
F18141,safari_ios
F18141,webview_ios
F18142,webview_android
F18143,safari
F18143,safari_ios
F18143,webview_ios
F18144,samsunginternet_android
F18144,webview_android
F18145,chrome_android
F18146,safari
F18147,samsunginternet_android
F18149,safari_ios
F18151,safari
F18151,safari_ios
F18151,webview_ios
F18152,safari
F18152,safari_ios
F18152,webview_ios
F18154,safari
F18154,safari_ios
F18154,webview_ios
F18155,safari
F18156,firefox
F18156,firefox_android
F18157,safari
F18157,safari_ios
F18157,webview_ios
F18158,firefox
F18158,firefox_android
F18160,safari
F18160,safari_ios
F18160,webview_ios
F18161,opera
F18161,samsunginternet_android
F18162,safari
F18162,safari_ios
F18162,webview_ios
F18164,edge
F18165,firefox_android
F18166,firefox
F18166,firefox_android
F18167,firefox
F18167,firefox_android
F18168,safari
F18169,firefox
F18170,opera_android
F18170,webview_android
F18171,firefox_android
F18171,opera
F18172,chrome
F18172,opera
F18173,firefox_android
F18173,webview_android
F18174,safari
F18174,webview_ios
F18175,firefox
F18177,opera
F18177,safari_ios
F18178,opera
F18179,chrome
F18180,firefox
F18180,firefox_android
F18182,safari
F18182,safari_ios
F18182,webview_ios
F18183,firefox
F18184,firefox
F18184,opera
F18185,edge
F18186,safari
F18186,safari_ios
F18186,webview_ios
F18188,safari_ios
F18189,chrome
F18189,opera_android
F18190,safari
F18190,safari_ios
F18191,safari
F18191,safari_ios
F18191,webview_ios
F18193,safari
F18193,safari_ios
F18193,webview_ios
F18194,samsunginternet_android
F18195,chrome_android
F18195,opera_android
F18196,safari
F18196,safari_ios
F18197,safari
F18197,safari_ios
F18197,webview_ios
F18198,opera
F18200,safari
F18200,safari_ios
F18200,webview_ios
F18202,opera_android
F18202,safari
F18204,safari
F18204,safari_ios
F18204,webview_ios
F18205,firefox
F18205,firefox_android
F18207,chrome
F18208,safari
F18208,safari_ios
F18208,webview_ios
F18209,safari
F18209,webview_ios
F18211,edge
F18212,opera_android
F18212,safari
F18214,firefox_android
F18215,safari
F18215,safari_ios
F18217,chrome
F18217,samsunginternet_android
F18218,safari
F18218,safari_ios
F18219,firefox_android
F18220,safari_ios
F18222,webview_ios
F18223,opera_android
F18224,opera_android
F18224,webview_android
F18225,safari_ios
F18226,firefox
F18226,firefox_android
F18227,safari
F18227,safari_ios
F18227,webview_ios
F18228,safari
F18229,webview_android
F18230,chrome
F18230,oculus
F18231,chrome_android
F18233,safari
F18233,samsunginternet_android
F18235,safari
F18235,safari_ios
F18235,webview_ios
F18236,safari
F18236,safari_ios
F18236,webview_ios
F18237,chrome_android
F18237,opera_android
F18238,safari
F18238,webview_ios
F18239,oculus
F18239,samsunginternet_android
F18241,safari
F18241,safari_ios
F18241,webview_ios
F18243,chrome
F18245,edge
F18246,opera
F18246,samsunginternet_android
F18247,samsunginternet_android
F18249,chrome
F18249,webview_android
F18250,safari
F18252,chrome
F18253,chrome
F18253,chrome_android
F18254,safari
F18254,safari_ios
F18254,webview_ios
F18255,safari
F18255,safari_ios
F18255,webview_ios
F18257,samsunginternet_android
F18258,chrome_android
F18258,safari
F18259,webview_ios
F18260,safari
F18261,safari
F18261,safari_ios
F18262,chrome_android
F18264,chrome_android
F18264,oculus
F18265,chrome
F18267,samsunginternet_android
F18269,chrome_android
F18269,webview_ios
F18271,safari
F18271,webview_ios
F18273,chrome
F18274,safari
F18274,safari_ios
F18274,webview_ios
F18275,webview_ios
F18277,safari
F18277,safari_ios
F18277,webview_ios
F18278,chrome
F18279,chrome
F18279,samsunginternet_android
F18280,firefox
F18281,edge
F18281,opera
F18282,safari
F18283,samsunginternet_android
F18285,chrome_android
F18286,chrome
F18286,safari_ios
F18288,chrome
F18290,safari
F18290,webview_ios
F18291,firefox
F18291,firefox_android
F18293,safari
F18293,safari_ios
F18294,safari
F18294,safari_ios
F18294,webview_ios
F18295,safari
F18295,safari_ios
F18295,webview_ios
F18297,safari
F18297,safari_ios
F18297,webview_ios
F18298,firefox
F18299,firefox
F18300,firefox
F18301,firefox
F18301,webview_android
F18302,firefox
F18302,firefox_android
F18303,opera_android
F18303,safari_ios
F18305,edge
F18306,chrome
F18307,chrome
F18309,safari
F18309,safari_ios
F18309,webview_ios
F18310,safari
F18310,webview_ios
F18311,firefox
F18311,firefox_android
F18313,samsunginternet_android
F18314,safari
F18314,safari_ios
F18314,webview_ios
F18315,safari
F18315,safari_ios
F18316,firefox
F18316,safari_ios
F18317,chrome
F18318,firefox
F18318,firefox_android
F18319,firefox
F18319,firefox_android
F18320,chrome
F18320,oculus
F18321,firefox_android
F18321,oculus
F18322,chrome_android
F18322,webview_ios
F18323,safari
F18323,safari_ios
F18324,firefox
F18324,firefox_android
F18325,firefox_android
F18325,safari
F18329,safari
F18329,safari_ios
F18330,safari
F18330,safari_ios
F18331,chrome
F18331,samsunginternet_android
F18332,safari
F18332,safari_ios
F18332,webview_ios
F18334,safari
F18334,safari_ios
F18334,webview_ios
F18336,firefox
F18337,safari
F18337,safari_ios
F18337,webview_ios
F18338,safari
F18338,safari_ios
F18338,webview_ios
F18340,firefox_android
F18340,webview_ios
F18341,safari
F18342,webview_android
F18342,webview_ios
F18343,chrome
F18344,edge
F18345,firefox_android
F18346,oculus
F18346,samsunginternet_android
F18347,firefox_android
F18348,edge
F18348,webview_android
F18349,safari
F18349,safari_ios
F18349,webview_ios
F18350,safari
F18351,safari_ios
F18352,firefox
F18352,firefox_android
F18353,safari
F18353,safari_ios
F18353,webview_ios
F18354,safari
F18354,safari_ios
F18354,webview_ios
F18355,chrome
F18355,oculus
F18356,opera_android
F18357,safari
F18357,safari_ios
F18357,webview_ios
F18358,firefox_android
F18358,opera_android
F18359,safari
F18360,firefox
F18360,safari
F18361,chrome
F18363,safari_ios
F18364,opera
F18366,safari
F18366,safari_ios
F18367,chrome
F18368,firefox
F18369,samsunginternet_android
F18370,chrome
F18370,webview_android
F18372,safari
F18372,safari_ios
F18373,firefox
F18374,safari
F18374,safari_ios
F18374,webview_ios
F18376,firefox
F18376,safari
F18377,chrome_android
F18377,firefox
F18378,safari
F18378,safari_ios
F18379,opera
F18379,safari
F18380,samsunginternet_android
F18380,webview_android
F18381,chrome
F18382,opera
F18383,chrome
F18383,chrome_android
F18384,safari
F18384,safari_ios
F18385,safari
F18386,opera
F18386,webview_ios
F18388,edge
F18389,safari
F18389,safari_ios
F18389,webview_ios
F18390,firefox
F18390,oculus
F18391,chrome
F18392,firefox
F18393,firefox
F18393,firefox_android
F18395,edge
F18395,safari_ios
F18396,firefox_android
F18397,chrome
F18399,firefox
F18400,safari
F18400,safari_ios
F18400,webview_ios
F18401,safari
F18401,webview_ios
F18402,safari
F18402,safari_ios
F18402,webview_ios
F18405,chrome
F18406,firefox
F18406,firefox_android
F18407,oculus
F18407,opera_android
F18410,chrome
F18410,edge
F18411,edge
F18411,webview_ios
F18412,safari
F18412,safari_ios
F18412,webview_ios
F18413,opera
F18413,opera_android
F18414,safari
F18414,safari_ios
F18414,webview_ios
F18415,firefox
F18415,firefox_android
F18419,safari_ios
F18421,firefox_android
F18421,opera
F18422,webview_ios
F18423,safari
F18423,safari_ios
F18423,webview_ios
F18424,edge
F18425,firefox
F18426,safari
F18427,safari
F18429,chrome_android
F18429,firefox_android
F18430,chrome
F18431,chrome
F18431,webview_android
F18432,firefox
F18434,samsunginternet_android
F18434,webview_android
F18435,safari
F18435,safari_ios
F18435,webview_ios
F18437,firefox
F18438,chrome_android
F18439,edge
F18439,webview_ios
F18440,firefox
F18441,safari
F18441,safari_ios
F18441,webview_ios
F18442,safari
F18442,safari_ios
F18442,webview_ios
F18443,safari
F18443,safari_ios
F18443,webview_ios
F18444,firefox
F18444,firefox_android
F18445,chrome
F18445,webview_android
F18446,firefox
F18447,firefox
F18447,firefox_android
F18448,opera_android
F18449,chrome
F18449,edge
F18450,safari_ios
F18451,safari
F18451,safari_ios
F18451,webview_ios
F18452,samsunginternet_android
F18452,webview_ios
F18453,webview_android
F18454,safari
F18454,safari_ios
F18454,webview_ios
F18455,oculus
F18457,webview_ios
F18458,safari
F18458,safari_ios
F18458,webview_ios
F18459,safari
F18459,safari_ios
F18459,webview_ios
F18460,opera_android
F18461,firefox
F18461,firefox_android
F18462,safari
F18462,safari_ios
F18462,webview_ios
F18463,edge
F18463,safari
F18464,chrome
F18465,chrome
F18465,firefox_android
F18467,opera_android
F18468,chrome
F18469,safari
F18469,safari_ios
F18470,samsunginternet_android
F18471,firefox
F18471,firefox_android
F18472,safari
F18472,safari_ios
F18472,webview_ios
F18473,firefox
F18477,chrome
F18479,chrome_android
F18479,oculus
F18480,firefox
F18480,samsunginternet_android
F18481,safari
F18482,firefox_android
F18482,samsunginternet_android
F18483,edge
F18484,firefox
F18484,firefox_android
F18486,samsunginternet_android
F18487,firefox
F18487,firefox_android
F18488,firefox
F18488,firefox_android
F18489,safari
F18489,safari_ios
F18489,webview_ios
F18490,edge
F18490,safari
F18491,safari
F18491,safari_ios
F18491,webview_ios
F18492,safari
F18492,safari_ios
F18492,webview_ios
F18493,chrome_android
F18494,firefox
F18496,oculus
F18497,edge
F18497,opera_android
F18498,safari
F18498,safari_ios
F18498,webview_ios
F18499,firefox
F18499,firefox_android
F18501,edge
F18502,samsunginternet_android
F18502,webview_ios
F18503,firefox
F18504,firefox
F18505,safari
F18505,webview_ios
F18506,safari
F18506,webview_ios
F18507,chrome
F18508,webview_android
F18510,safari
F18510,safari_ios
F18510,webview_ios
F18512,chrome
F18514,chrome_android
F18514,edge
F18516,samsunginternet_android
F18516,webview_ios
F18517,safari
